customer_id,company_name,industry,region,annual_revenue,contract_value,services_used,num_services,tenure_months,satisfaction_score,is_active,shipment_frequency,avg_shipment_value,payment_reliability,growth_potential
CUST-10000,Company_0,Retail,Midwest,37842675.78872711,89694.62231271811,"Supply Chain Solutions,Fleet Maintenance",2,29,6.435687390763248,True,Monthly,24739.11941210141,87.70827163308658,Medium
CUST-10001,Company_1,Technology,Southwest,1387781.9827247486,13841.968601524411,"Fleet Maintenance,Freight Management",2,20,7.987006963663767,True,Weekly,4845.26993104431,75.31838486034255,Medium
CUST-10002,Company_2,Manufacturing,Midwest,35072983.530702055,129132.40952495918,Dedicated Contract Carriage,1,4,7.142467700206584,False,Weekly,1082.8473639080955,76.38018030013554,Medium
CUST-10003,Company_3,Food & Beverage,West,140591616.04439402,1404422.4229374877,Fleet Maintenance,1,19,7.033582951170107,True,Daily,2506.009822867378,74.63447258703135,Low
CUST-10004,Company_4,Consumer Goods,Northeast,336871072.6848327,1421881.7152093758,"Supply Chain Solutions,Fleet Maintenance",2,1,9.01266712829066,True,Daily,6273.141636985384,85.29005010573385,High
CUST-10005,Company_5,E-commerce,Southwest,150900183.8406331,2637528.3612062293,"Distribution Center Management,Freight Management,Supply Chain Solutions",3,58,6.2973963431939435,True,Weekly,10789.264387443867,78.69892503306541,Medium
CUST-10006,Company_6,Automotive,Southeast,84987065.78997663,525233.6104196975,Distribution Center Management,1,3,5.604013407416175,False,Weekly,1818.679961391437,84.54230973184967,Low
CUST-10007,Company_7,Technology,Southeast,92303016.25085175,947226.2114357272,Fleet Maintenance,1,17,7.931882019034147,False,Weekly,870.3389013664108,89.4187793636542,High
CUST-10008,Company_8,Healthcare,Southeast,2079790.0183316118,11050.184491882279,"Distribution Center Management,Transportation Management,Dedicated Contract Carriage",3,65,9.697229426458161,True,Weekly,629.3009481379928,96.05209741222237,Low
CUST-10009,Company_9,Healthcare,Southeast,5700055.963496639,85494.34369770202,"Transportation Management,Fleet Maintenance",2,23,8.10528599214083,True,Daily,11448.658542677635,97.54026909910112,Low
CUST-10010,Company_10,Healthcare,West,303797449.76418996,1400038.096152694,"Distribution Center Management,Dedicated Contract Carriage,Freight Management",3,40,7.464353481593346,True,Weekly,1859.954285223904,87.69095420815253,Low
CUST-10011,Company_11,Food & Beverage,Northeast,2800498.974466248,47461.63489842312,Freight Management,1,11,4.8489676356856,True,Weekly,7072.420405836003,95.30651179622419,Low
CUST-10012,Company_12,E-commerce,Southwest,5807741605.935025,61016791.87645455,"Dedicated Contract Carriage,Supply Chain Solutions",2,6,6.6662302034068315,True,Monthly,1689.1493561234818,90.32297242502297,High
CUST-10013,Company_13,Consumer Goods,Southeast,84574887.8407173,1261608.0793831397,Fleet Maintenance,1,31,7.92711859121401,True,Monthly,18202.85174942035,86.98249414171063,Low
CUST-10014,Company_14,Technology,Southeast,116409949.77696715,260642.10439746833,Supply Chain Solutions,1,17,9.118492482361495,False,Weekly,4544.453141810928,94.96340718311163,Medium
CUST-10015,Company_15,E-commerce,West,24911721.95710017,328375.23706720804,"Supply Chain Solutions,Distribution Center Management",2,12,6.371761804806795,True,Monthly,2675.305675752108,82.36429158391485,Low
CUST-10016,Company_16,Consumer Goods,Northeast,179271159.81564844,2331692.4118896597,Supply Chain Solutions,1,57,7.2832730090830395,True,Weekly,8144.736131583414,57.683837791468974,Medium
CUST-10017,Company_17,Manufacturing,Northeast,564313440.4712908,6710008.814476146,Transportation Management,1,0,7.81195281345468,True,Weekly,1414.6993638956103,72.71261698101553,Low
CUST-10018,Company_18,Healthcare,West,19385841.012509014,167432.89393610787,"Dedicated Contract Carriage,Distribution Center Management,Freight Management",3,7,10.0,True,Weekly,17260.51399536577,71.41138932963551,Medium
CUST-10019,Company_19,Technology,Midwest,33165361.392798588,580907.2502110259,Distribution Center Management,1,19,6.31349724892985,True,Monthly,2505.0465111224353,79.04491624394801,High
CUST-10020,Company_20,Food & Beverage,Northeast,15293632.044759937,292949.6644618664,Supply Chain Solutions,1,37,7.345254453568252,True,Weekly,3644.668742851256,73.66976338765369,Medium
CUST-10021,Company_21,Technology,Northwest,11750374.06793976,50234.634043733975,Transportation Management,1,16,8.2354316868526,True,Daily,6976.668772724075,76.40154859719964,Low
CUST-10022,Company_22,Healthcare,Northwest,287810855.3759546,4579309.675606066,Transportation Management,1,9,9.577087699356214,True,Daily,1467.4827077867662,93.98313355382831,High
CUST-10023,Company_23,Automotive,Midwest,136773188.98086914,1691096.455631683,"Distribution Center Management,Supply Chain Solutions",2,0,8.975833231010458,True,Weekly,8776.212826781588,95.9773228994446,Low
CUST-10024,Company_24,Healthcare,West,178630327.02261093,2519465.6899264287,Distribution Center Management,1,7,7.837635365631774,True,Monthly,3688.441765318296,95.8900253550958,Medium
CUST-10025,Company_25,Healthcare,West,352936166.6150515,6184314.8297945205,"Fleet Maintenance,Transportation Management,Distribution Center Management,Supply Chain Solutions",4,15,8.894321717165196,True,Weekly,1467.8809062950622,81.30469141966631,Low
CUST-10026,Company_26,Consumer Goods,Southwest,25719565.064461686,38139.86824375209,"Fleet Maintenance,Supply Chain Solutions",2,43,10.0,True,Daily,6001.345894779898,73.3681023721254,Low
CUST-10027,Company_27,Manufacturing,Southwest,493038113.8203676,2887300.1722908067,Transportation Management,1,16,7.360044765991586,True,Monthly,2323.9336778772754,77.35906544168914,Low
CUST-10028,Company_28,Automotive,West,120347919.73419422,1343885.3413538402,"Dedicated Contract Carriage,Distribution Center Management",2,2,6.219961313078908,False,Weekly,9273.051496290278,93.93259128951617,High
CUST-10029,Company_29,Retail,West,4875942.228008042,54340.51899951353,Freight Management,1,33,6.963276543433233,True,Weekly,3299.3929262634147,92.05353281346285,High
CUST-10030,Company_30,Food & Beverage,Midwest,66113446.89478512,774506.9541163569,"Transportation Management,Fleet Maintenance",2,38,4.723479135089317,True,Weekly,2667.3553547092524,83.91685493723385,High
CUST-10031,Company_31,Manufacturing,Southeast,4468151.493674534,62085.09282133809,"Distribution Center Management,Supply Chain Solutions,Dedicated Contract Carriage",3,25,8.728354513911796,True,Weekly,212.2933096193971,77.20720330331721,High
CUST-10032,Company_32,Healthcare,Southwest,1040150142.6251702,18962213.11731652,"Dedicated Contract Carriage,Freight Management",2,151,5.383044850175683,True,Daily,784.0771019912602,64.67593268818702,Medium
CUST-10033,Company_33,Automotive,Southwest,4990336.378207089,94358.60692226223,Dedicated Contract Carriage,1,9,8.06601923713805,True,Daily,1529.8392541211276,63.24470892814562,Medium
CUST-10034,Company_34,Consumer Goods,Southeast,75729111.3579961,609037.6844812586,"Distribution Center Management,Transportation Management,Fleet Maintenance,Dedicated Contract Carriage",4,26,6.744623592476183,True,Weekly,8390.761602318576,93.33461866257609,High
CUST-10035,Company_35,Food & Beverage,Midwest,41896654.2976733,336300.05047875847,Distribution Center Management,1,86,6.349852420435639,True,Monthly,10017.995742198957,89.48485522088589,Medium
CUST-10036,Company_36,Consumer Goods,Northwest,31556607.106094595,95107.93983868198,"Transportation Management,Fleet Maintenance",2,14,10.0,False,Monthly,1688.4165521389982,79.26579190963318,High
CUST-10037,Company_37,Consumer Goods,Northeast,31834790.60811723,303757.5564222705,"Transportation Management,Freight Management,Supply Chain Solutions",3,54,6.452411756458551,True,Weekly,2497.728787730983,82.72925044162342,Medium
CUST-10038,Company_38,Technology,Northeast,7902961.727338209,39342.13969381038,"Fleet Maintenance,Supply Chain Solutions",2,28,5.752253407025203,True,Weekly,5149.687737310172,97.50562924715716,Low
CUST-10039,Company_39,Consumer Goods,Southeast,244646097.6093646,344309.48337869236,Freight Management,1,52,5.877039871720909,True,Weekly,19686.76621658609,62.6581748616652,Low
CUST-10040,Company_40,E-commerce,Northwest,13618070.10275335,248999.5681527482,"Supply Chain Solutions,Freight Management",2,4,8.73599240257525,True,Weekly,1272.365307976735,87.76230208843492,Medium
CUST-10041,Company_41,Healthcare,Southwest,57738217.466084324,833758.758150699,"Distribution Center Management,Fleet Maintenance,Transportation Management",3,28,5.40777901382741,True,Weekly,9294.204623563324,85.22750067054966,Low
CUST-10042,Company_42,E-commerce,Midwest,305824338.7429331,6001203.503722502,Distribution Center Management,1,32,4.289718121762732,True,Weekly,16484.428185337016,84.11440875259308,Medium
CUST-10043,Company_43,Consumer Goods,Northwest,330250179.1588564,4927037.747351461,"Supply Chain Solutions,Freight Management",2,56,7.345746013830701,True,Monthly,16279.765177899222,68.74549226226861,Medium
CUST-10044,Company_44,Healthcare,Midwest,20745711.1369277,393459.4747676352,Freight Management,1,35,7.020527719496249,True,Weekly,4227.952130640674,78.29114244173545,Low
CUST-10045,Company_45,Automotive,West,623379012.9690773,5237244.009648535,Distribution Center Management,1,5,7.312507952062386,True,Monthly,636.3072227123671,88.8150489901763,Low
CUST-10046,Company_46,Healthcare,Northwest,492541853.07492435,813856.2069839231,Supply Chain Solutions,1,21,9.955100335245566,True,Weekly,3323.84592611848,64.59371880534319,Medium
CUST-10047,Company_47,Consumer Goods,Midwest,54774505.74363478,335274.1567005748,Freight Management,1,17,8.487543181959444,True,Monthly,3073.6354375973096,78.78539538930407,Medium
CUST-10048,Company_48,E-commerce,West,9659653.578871189,191916.50199300767,Fleet Maintenance,1,9,9.022905348216682,True,Weekly,2424.9540791311892,87.84542868302422,High
CUST-10049,Company_49,Automotive,Southwest,20452629.70277459,54216.04596818544,Freight Management,1,25,2.0564622596650253,True,Weekly,19303.91827614527,89.9540145566312,High
CUST-10050,Company_50,E-commerce,Southwest,357610556.171807,6059278.2704985645,Distribution Center Management,1,13,5.10121109299836,True,Monthly,8640.263135924406,89.2005929216731,Low
CUST-10051,Company_51,Automotive,West,36197022.43875994,567655.3040671785,"Supply Chain Solutions,Transportation Management,Dedicated Contract Carriage",3,1,6.806199935602844,True,Weekly,2354.3146128848553,81.08886035865494,Low
CUST-10052,Company_52,Healthcare,Northwest,526337662.1307763,6883181.89190876,Dedicated Contract Carriage,1,43,4.594118214765031,True,Monthly,6360.21624689258,80.19644790665411,Medium
CUST-10053,Company_53,Manufacturing,Northeast,58999590.00075104,550952.2389418295,Transportation Management,1,16,7.894462870156596,True,Weekly,549.5301667978703,94.15137930517274,Medium
CUST-10054,Company_54,Technology,Southeast,43559367.703944266,146236.26185408203,Fleet Maintenance,1,34,7.3882334029332,True,Weekly,1659.5695367433161,93.14899138848862,High
CUST-10055,Company_55,Healthcare,Southeast,247704351.26712352,4666173.086802234,"Freight Management,Transportation Management,Fleet Maintenance,Dedicated Contract Carriage",4,24,6.480888874189207,True,Daily,9069.638833196923,73.18427968032725,Medium
CUST-10056,Company_56,Manufacturing,Northeast,140485016.1044723,2070459.5276316043,"Freight Management,Distribution Center Management",2,18,8.493030392209477,True,Daily,7339.906517374449,81.50056678199618,Medium
CUST-10057,Company_57,Consumer Goods,West,160792440.65005904,1278416.0158346475,"Freight Management,Dedicated Contract Carriage,Supply Chain Solutions",3,3,7.278885476606521,True,Weekly,2257.550304003785,89.94297287130298,Medium
CUST-10058,Company_58,Consumer Goods,Northeast,4311689.942086537,30184.802601034535,Dedicated Contract Carriage,1,5,9.58352805701897,True,Weekly,7375.065914501617,77.69089007983257,High
CUST-10059,Company_59,Automotive,Northeast,623417926.0570141,7687517.507443824,"Transportation Management,Freight Management",2,39,5.898309687535866,True,Weekly,6535.891962487535,88.97949672329837,Low
CUST-10060,Company_60,E-commerce,Southwest,111939640.62796885,404256.0804886421,Distribution Center Management,1,6,5.877206577336722,True,Weekly,28192.901499415668,73.6333153027005,Medium
CUST-10061,Company_61,Food & Beverage,Midwest,131710239.72543079,693096.2709436861,"Dedicated Contract Carriage,Transportation Management",2,27,7.681553162451219,True,Weekly,1797.0516205884774,98.25319088745857,High
CUST-10062,Company_62,Automotive,Northwest,125893042.27426176,779385.1414484734,Distribution Center Management,1,8,5.965613418812104,True,Daily,1387.319665172378,81.305090627258,High
CUST-10063,Company_63,Technology,Southeast,29101568.47322406,336737.5746122384,"Distribution Center Management,Transportation Management,Fleet Maintenance",3,14,5.809807618732544,True,Daily,3989.4216774793513,82.57434240391215,Low
CUST-10064,Company_64,Technology,Midwest,181309429.6456794,843019.3564850289,"Freight Management,Supply Chain Solutions,Dedicated Contract Carriage",3,9,5.769133869641379,True,Weekly,6717.482933560849,92.4292283120496,Low
CUST-10065,Company_65,Manufacturing,Northeast,551222593.6417327,5126393.553228557,"Distribution Center Management,Transportation Management,Freight Management",3,12,8.880828058640382,True,Daily,5661.213676842831,89.77309992293596,Low
CUST-10066,Company_66,Manufacturing,Northeast,236761180.26437637,1842206.2913438107,"Supply Chain Solutions,Transportation Management,Distribution Center Management",3,19,6.551943249391262,False,Weekly,18237.4522146243,74.56314534421412,Medium
CUST-10067,Company_67,Healthcare,Southeast,7032757.396703495,137458.73470613337,Freight Management,1,15,8.48639918934056,True,Weekly,904.4565371623619,75.56178853469812,Medium
CUST-10068,Company_68,Manufacturing,Midwest,85488003.44728866,290751.487028663,"Distribution Center Management,Fleet Maintenance,Freight Management",3,14,6.356894827019637,True,Weekly,580.5199333525999,95.39564256339854,High
CUST-10069,Company_69,Technology,Northeast,290876430.9993497,4184174.85863106,"Fleet Maintenance,Distribution Center Management,Freight Management",3,20,5.950988558943433,True,Monthly,3743.883327177544,90.60799034531311,Medium
CUST-10070,Company_70,Healthcare,Southwest,120479652.95725052,642571.5573197682,Dedicated Contract Carriage,1,36,5.997228022729271,True,Daily,583.7857250878058,76.23924203204933,Medium
CUST-10071,Company_71,Healthcare,Southwest,1282405503.381591,4526945.781749617,"Supply Chain Solutions,Transportation Management,Fleet Maintenance",3,47,5.567970099854406,True,Weekly,1150.9726024751608,80.30472186353322,Low
CUST-10072,Company_72,Automotive,Southeast,81408964.12617269,949340.3414901017,"Transportation Management,Dedicated Contract Carriage,Freight Management",3,16,5.146465393641625,True,Weekly,1388.6829662769655,59.64907890240294,Medium
CUST-10073,Company_73,Technology,Southeast,290723285.2033354,1698083.0603651493,"Freight Management,Dedicated Contract Carriage",2,28,8.900823164611023,True,Daily,18764.262495204366,75.01666164516415,Low
CUST-10074,Company_74,Retail,Southwest,350429695.1799616,665775.4007964199,"Dedicated Contract Carriage,Supply Chain Solutions,Distribution Center Management,Transportation Management",4,67,4.8571942189106405,True,Daily,1091.6776254776914,79.65156029878297,High
CUST-10075,Company_75,Manufacturing,West,530734469.2014292,6528119.1109385835,Freight Management,1,24,7.943814772904356,True,Monthly,5726.1098079175745,70.30734471967807,Low
CUST-10076,Company_76,Manufacturing,Southeast,13688182.83894257,145249.8444277137,Transportation Management,1,2,8.079313744036385,False,Weekly,3154.8806699950087,77.10799510464473,Medium
CUST-10077,Company_77,Food & Beverage,West,554352428.2850198,7552189.933637347,"Fleet Maintenance,Freight Management",2,21,8.062671382190086,True,Daily,364.0472679068634,69.14589603183276,Medium
CUST-10078,Company_78,Automotive,Southwest,16029371.902691655,94957.9930031915,Dedicated Contract Carriage,1,5,7.739394935740033,False,Weekly,3059.7544236656026,75.1753701323521,Medium
CUST-10079,Company_79,E-commerce,Northeast,42043737.01110877,310027.57929029065,Dedicated Contract Carriage,1,6,10.0,True,Weekly,3316.4870755914576,74.4489277361906,Medium
CUST-10080,Company_80,E-commerce,West,80783437.90298098,263724.7421715581,"Supply Chain Solutions,Fleet Maintenance",2,22,5.847254709586079,True,Daily,2338.879370490079,96.13680788534808,Low
CUST-10081,Company_81,Technology,Midwest,806625494.9246193,12429597.130247105,"Dedicated Contract Carriage,Freight Management",2,0,7.9423858736761455,False,Daily,4622.241413378051,93.15808404240124,Medium
CUST-10082,Company_82,Healthcare,West,433144762.6587753,8047065.997472475,"Transportation Management,Fleet Maintenance,Supply Chain Solutions",3,1,6.958653265554678,True,Weekly,1060.6502725049393,85.37936119151675,Medium
CUST-10083,Company_83,Automotive,Southwest,14274831.2442826,188712.21485978877,"Fleet Maintenance,Transportation Management",2,2,8.858582455850257,True,Weekly,10116.938519906684,92.80827197061544,Medium
CUST-10084,Company_84,Technology,Northwest,42778602.40084224,497029.29426716146,"Transportation Management,Distribution Center Management,Fleet Maintenance",3,15,7.463899650532767,True,Weekly,2153.3381960805086,70.91816604572746,Low
CUST-10085,Company_85,Automotive,Southeast,416513403.6031945,2536313.2870805524,Supply Chain Solutions,1,18,9.587529730756298,True,Daily,4440.852892180573,88.04928637347842,Low
CUST-10086,Company_86,Healthcare,West,42775240.17902185,268513.319246379,"Distribution Center Management,Supply Chain Solutions,Transportation Management,Dedicated Contract Carriage",4,1,9.10570458457273,True,Daily,449.117335103266,71.90321770865069,High
CUST-10087,Company_87,Consumer Goods,Northeast,32060107.217704225,576630.7482254087,Transportation Management,1,17,6.139283802503334,True,Daily,1150.6008130067873,91.953181396634,Medium
CUST-10088,Company_88,Technology,West,10438269.620284002,115265.07370144349,Distribution Center Management,1,16,7.891708942011412,True,Daily,2029.8496627483082,82.54278486236075,Medium
CUST-10089,Company_89,Consumer Goods,West,80830011.29250073,683987.6032918356,"Freight Management,Supply Chain Solutions",2,9,8.635027383181164,True,Monthly,3326.4226770501627,88.54766656451726,Medium
CUST-10090,Company_90,Automotive,West,69461023.13404067,850008.1880666098,Distribution Center Management,1,12,7.029115812307428,False,Monthly,5823.91222478981,85.50548270005163,Medium
CUST-10091,Company_91,Food & Beverage,Southeast,349273420.5032831,1962996.746221314,Dedicated Contract Carriage,1,25,8.616234950009448,True,Weekly,319.3927492423592,92.62747443889397,Low
CUST-10092,Company_92,Manufacturing,West,241522615.52991682,4614363.564961528,Supply Chain Solutions,1,76,8.790065947873948,True,Weekly,4721.91475835811,94.41356553562431,Medium
CUST-10093,Company_93,Consumer Goods,Southeast,21781517.228334833,411350.34823898564,"Transportation Management,Freight Management",2,17,7.147920192939841,True,Weekly,3657.8097706813924,91.52573903784668,Medium
CUST-10094,Company_94,Consumer Goods,Southeast,193372253.22788852,3366807.3910626615,"Supply Chain Solutions,Distribution Center Management",2,3,5.698322914639409,True,Weekly,5322.208357452761,60.781138097659884,Medium
CUST-10095,Company_95,Manufacturing,Southwest,50336858.25746771,649839.6125724652,Dedicated Contract Carriage,1,24,7.141346771653083,True,Daily,10038.96133541731,92.36901742659504,Medium
CUST-10096,Company_96,Food & Beverage,Northwest,5495137.206974665,72835.16267949878,"Dedicated Contract Carriage,Distribution Center Management,Freight Management",3,21,8.665178240611475,True,Monthly,2744.2395953198093,85.44498173210647,Medium
CUST-10097,Company_97,Manufacturing,Northeast,51842094.34313395,412291.68299363676,Transportation Management,1,29,6.01920411281399,True,Weekly,2259.617192940559,89.5690564538191,Medium
CUST-10098,Company_98,Automotive,Northeast,2181383323.772624,37967136.018340886,"Distribution Center Management,Fleet Maintenance",2,1,4.790212444430652,True,Weekly,7762.625663745226,82.34114445481453,Medium
CUST-10099,Company_99,E-commerce,Southeast,8938187.20517333,52053.030792730126,Freight Management,1,4,7.162354454343747,False,Monthly,32972.64497182843,69.21854260195039,Medium
CUST-10100,Company_100,Retail,Midwest,224486644.8915591,3736055.1044475283,"Freight Management,Distribution Center Management,Transportation Management",3,2,7.434439323924007,True,Daily,14170.7611367727,72.98778849381256,Medium
CUST-10101,Company_101,Technology,Southeast,1801379.9477930125,28657.590681993737,"Dedicated Contract Carriage,Freight Management",2,0,7.399143964218655,False,Monthly,1986.376554712216,93.33603127839882,Medium
CUST-10102,Company_102,E-commerce,Northeast,33122092.782138873,450207.8398181024,"Distribution Center Management,Transportation Management,Supply Chain Solutions",3,26,9.377110918697756,True,Monthly,1498.9138785836192,93.73835996979726,Medium
CUST-10103,Company_103,E-commerce,Midwest,38883637.594900064,165278.14957686386,"Supply Chain Solutions,Distribution Center Management,Freight Management",3,18,5.394326839111052,True,Daily,2315.0123843354077,95.5701331944658,Medium
CUST-10104,Company_104,Food & Beverage,West,547532757.744229,9003226.406276496,"Freight Management,Supply Chain Solutions,Distribution Center Management",3,38,10.0,True,Monthly,7280.223034244834,72.28792664443228,Medium
CUST-10105,Company_105,E-commerce,Northwest,9015980.81825598,35309.17921349294,Transportation Management,1,10,7.770350537638202,True,Monthly,6583.726653734138,85.28387995825358,Low
CUST-10106,Company_106,Technology,Northeast,155066928.50224522,2664599.3333152435,Fleet Maintenance,1,20,6.577358846836535,True,Monthly,1036.3546960034284,83.91362020446199,Medium
CUST-10107,Company_107,Automotive,Southeast,174153451.8897085,469892.3622467418,Freight Management,1,39,6.309244987307325,True,Daily,3941.1727851595556,92.59238724239083,Medium
CUST-10108,Company_108,Automotive,Southwest,52017354.739622936,96262.79373048907,"Distribution Center Management,Fleet Maintenance",2,21,4.520636376963086,True,Weekly,2115.613638097909,81.56107158815573,Medium
CUST-10109,Company_109,Retail,Southwest,317881470.90083027,6325742.1187049085,"Freight Management,Fleet Maintenance",2,28,7.239895551900109,True,Weekly,2878.5503084813545,92.25992543298366,Medium
CUST-10110,Company_110,E-commerce,Southeast,32500082.467785165,288388.6597706899,Dedicated Contract Carriage,1,21,5.069995825963326,True,Daily,4937.464991244178,82.5552234421846,Low
CUST-10111,Company_111,Consumer Goods,Southwest,178526621.44750273,1018175.6007042902,Dedicated Contract Carriage,1,49,9.016246329214864,False,Monthly,5097.4506551977,96.86006764680835,Medium
CUST-10112,Company_112,Manufacturing,Southeast,363978747.2533666,1660861.6782007308,Fleet Maintenance,1,25,7.532189082314067,True,Daily,1067.1286559154596,82.84211894035492,Medium
CUST-10113,Company_113,Technology,West,344952053.4044748,1081743.4141914032,Transportation Management,1,15,7.167710111271712,True,Weekly,1304.3046109362608,71.37955744883679,Medium
CUST-10114,Company_114,Technology,Northeast,33253510.538520608,617730.3745885533,"Distribution Center Management,Transportation Management",2,23,8.72111803322505,True,Weekly,3141.278785419302,89.73368683417846,Medium
CUST-10115,Company_115,Manufacturing,Southeast,165396348.11035696,273526.83602461405,"Distribution Center Management,Supply Chain Solutions,Transportation Management",3,10,6.6555880516376185,True,Monthly,4695.904475835367,80.85908369916883,Medium
CUST-10116,Company_116,Healthcare,Midwest,28089651.097913828,66086.17031081668,"Transportation Management,Fleet Maintenance",2,13,9.853461019592338,True,Monthly,1115.7389792368026,62.86916604668301,Low
CUST-10117,Company_117,Healthcare,Midwest,18474854.694146696,51361.81142986242,Dedicated Contract Carriage,1,4,10.0,False,Weekly,986.8564009889475,83.90618357056387,Low
CUST-10118,Company_118,Retail,Midwest,243701429.7388071,1887631.66002169,"Dedicated Contract Carriage,Fleet Maintenance",2,28,5.411143551951943,True,Daily,2797.4872147213405,79.4338082582254,Low
CUST-10119,Company_119,Consumer Goods,Northeast,23073665.092610255,443016.08224032825,"Supply Chain Solutions,Transportation Management",2,15,7.863960542401829,True,Monthly,5058.590708758166,94.66029477041621,Medium
CUST-10120,Company_120,Retail,Southeast,104067516.79048613,1025439.3282317894,Fleet Maintenance,1,31,8.45907113600545,True,Monthly,4475.68234286091,89.01504755529393,Low
CUST-10121,Company_121,Healthcare,Southeast,400727869.43201697,6667091.320253148,"Supply Chain Solutions,Freight Management",2,0,4.2856293142437565,False,Weekly,1791.4690532384095,77.66377656443994,Medium
CUST-10122,Company_122,Manufacturing,Midwest,17082237.450426266,143351.46457991507,"Transportation Management,Fleet Maintenance,Dedicated Contract Carriage",3,47,6.535424364964117,True,Monthly,1385.8002161377688,83.13316942910741,Low
CUST-10123,Company_123,Automotive,Northwest,34412828.7877033,582170.1415967924,Transportation Management,1,44,6.773515961643212,True,Monthly,4023.276026420741,89.2091500265622,Low
CUST-10124,Company_124,E-commerce,Northeast,89335383.2582652,184351.84645944164,"Freight Management,Dedicated Contract Carriage,Supply Chain Solutions",3,58,8.432952139444318,True,Weekly,4897.967279564993,73.7686984806074,Medium
CUST-10125,Company_125,Manufacturing,Southwest,654470145.5514984,1807229.274688042,Fleet Maintenance,1,42,6.478962952271263,False,Monthly,2141.575494257373,74.71106088330919,Medium
CUST-10126,Company_126,Consumer Goods,Northeast,125060574.36644088,232141.1604518987,Fleet Maintenance,1,2,8.526315091832503,True,Monthly,10945.08014818566,87.55558489589703,Medium
CUST-10127,Company_127,Healthcare,Northwest,47680170.25508629,251307.10467533002,Distribution Center Management,1,38,9.243450305481266,True,Weekly,711.1866016795109,75.93517682113962,Low
CUST-10128,Company_128,Retail,Northeast,86322038.09970851,250948.7915219932,"Distribution Center Management,Fleet Maintenance",2,37,8.713946646511806,True,Monthly,3173.507018270887,95.53932118391562,Low
CUST-10129,Company_129,Automotive,Southwest,166186742.60966852,1449953.2806569522,Distribution Center Management,1,139,8.256225905586069,True,Weekly,685.2872929236664,86.65676374912162,Low
CUST-10130,Company_130,Healthcare,Northwest,7043604461.906012,8750645.357576009,Dedicated Contract Carriage,1,7,6.986783579077478,True,Weekly,4630.216515792455,62.395098320993746,High
CUST-10131,Company_131,Technology,Southeast,594750795.9414638,6218566.46125897,"Supply Chain Solutions,Fleet Maintenance,Distribution Center Management",3,6,7.737645856509978,False,Weekly,1788.9824070616685,82.34108959432403,Low
CUST-10132,Company_132,Food & Beverage,Southeast,453408646.14034355,7594604.001726343,Distribution Center Management,1,20,7.878352835418544,True,Monthly,862.5020751764849,75.78006777142457,Medium
CUST-10133,Company_133,Healthcare,Southeast,343942947.60113704,1583729.7630253213,Distribution Center Management,1,4,9.201712216106657,True,Daily,13668.251646536559,83.16579539767564,Medium
CUST-10134,Company_134,Technology,Southeast,15466563.193518113,223885.9551164175,"Supply Chain Solutions,Dedicated Contract Carriage,Freight Management,Distribution Center Management",4,3,9.672742395579759,True,Weekly,7855.922468865483,80.23291441272222,Medium
CUST-10135,Company_135,Food & Beverage,Southeast,78085467.64600764,996514.8618020708,Freight Management,1,19,7.464865926425059,True,Weekly,3738.212827148354,81.043790368458,High
CUST-10136,Company_136,E-commerce,Southwest,28943175.192294758,227805.23989822023,"Dedicated Contract Carriage,Distribution Center Management,Fleet Maintenance",3,59,9.133826280499532,True,Monthly,2652.7559250969516,96.0346155925446,Low
CUST-10137,Company_137,Healthcare,Northeast,220357298.6998514,507703.9545237898,"Freight Management,Dedicated Contract Carriage,Distribution Center Management",3,32,4.287740721170395,True,Weekly,1957.5137134928518,79.27865013347774,Medium
CUST-10138,Company_138,E-commerce,Northwest,14894948.894373989,219786.65596591285,"Transportation Management,Supply Chain Solutions,Dedicated Contract Carriage",3,35,6.3435058914439875,False,Weekly,7229.25034616334,93.17293158555961,Medium
CUST-10139,Company_139,Consumer Goods,Northwest,92107859.09925056,589910.1915876007,Dedicated Contract Carriage,1,21,6.803602531844061,True,Monthly,300.02999733050206,87.3369511949771,Medium
CUST-10140,Company_140,E-commerce,West,48920851.42716082,721157.4144035524,"Fleet Maintenance,Freight Management",2,18,8.654974999295245,False,Monthly,3981.962849721096,79.73994335205715,Low
CUST-10141,Company_141,Healthcare,Northwest,38454738.065833345,667286.6049867237,"Supply Chain Solutions,Distribution Center Management",2,17,6.661742369073328,True,Weekly,2277.4156825734194,90.16636885006466,Medium
CUST-10142,Company_142,Food & Beverage,West,14184677.888261683,214024.5529066143,"Fleet Maintenance,Freight Management,Distribution Center Management",3,12,6.63010361536586,True,Monthly,474.4739033852825,87.310196973725,Low
CUST-10143,Company_143,Technology,Midwest,33709202.946265295,95916.8570711119,"Distribution Center Management,Supply Chain Solutions,Transportation Management",3,8,5.206921882762883,False,Daily,4163.011477942545,62.998397350025115,Medium
CUST-10144,Company_144,Manufacturing,Midwest,8323202.046278398,110219.92283891705,"Supply Chain Solutions,Dedicated Contract Carriage",2,1,8.954486372809285,True,Monthly,1617.7595567470116,80.33494961217897,Low
CUST-10145,Company_145,Automotive,West,92681120.22958118,1425306.3299092816,Fleet Maintenance,1,7,9.546722488475192,True,Monthly,9081.191502509284,92.1150169182396,Medium
CUST-10146,Company_146,Retail,West,16298686.306884307,97545.78199442009,Dedicated Contract Carriage,1,7,7.188953933122734,True,Weekly,4659.430040300928,76.73288808315154,Medium
CUST-10147,Company_147,Automotive,Northeast,224514730.33921233,2475212.501178781,"Dedicated Contract Carriage,Distribution Center Management",2,118,7.536638434795819,True,Monthly,882.4126708567427,69.10189607705031,Medium
CUST-10148,Company_148,Food & Beverage,Southwest,110333736.11326605,1707066.9209070832,Dedicated Contract Carriage,1,1,7.742279647078541,True,Daily,21270.216294253,88.00990408387412,Medium
CUST-10149,Company_149,Consumer Goods,Southeast,30724329.41130169,475940.9909768891,"Fleet Maintenance,Freight Management",2,51,9.798084142823011,True,Weekly,9294.99509034215,83.41922999996537,Low
CUST-10150,Company_150,Consumer Goods,Midwest,58094089.59308357,829812.317015354,Freight Management,1,12,5.353274058924903,True,Daily,4786.48849150333,89.31190236349012,Low
CUST-10151,Company_151,Healthcare,Midwest,576971718.5431789,8961319.671030724,Distribution Center Management,1,51,8.158233246561798,True,Weekly,3357.673022685397,78.38175388714646,High
CUST-10152,Company_152,Automotive,Southwest,13695024.72047552,159003.56600167885,"Distribution Center Management,Fleet Maintenance",2,4,7.100259891730058,True,Daily,3705.4409666803385,74.91085188762335,Medium
CUST-10153,Company_153,Technology,Northeast,6505513.521629201,73669.47596639881,Fleet Maintenance,1,35,7.496981062401795,True,Weekly,13298.817321846567,74.03666528074494,Medium
CUST-10154,Company_154,Retail,West,172876131.32616287,3006946.170038973,Distribution Center Management,1,35,6.096376132525847,True,Weekly,1775.0670934724724,89.54372654021758,Low
CUST-10155,Company_155,Manufacturing,West,7254713.548238804,35497.03643806627,"Supply Chain Solutions,Freight Management,Fleet Maintenance",3,81,8.76839445043319,True,Daily,5165.525998317473,74.58749698407917,Low
CUST-10156,Company_156,Healthcare,West,67807669.24258831,217328.77509280844,"Fleet Maintenance,Freight Management,Distribution Center Management",3,50,8.551662242259491,True,Monthly,2482.075791531523,91.39554505870147,High
CUST-10157,Company_157,Automotive,Southwest,44654374.8292374,196371.85753511588,"Distribution Center Management,Transportation Management",2,18,8.926054850507752,True,Weekly,686.5176767884759,85.20592869268219,Low
CUST-10158,Company_158,Automotive,Northwest,953876.1655457384,6575.716514622374,"Distribution Center Management,Transportation Management,Dedicated Contract Carriage",3,8,7.616840371780528,True,Weekly,1235.5444995609819,72.30381213736047,High
CUST-10159,Company_159,Manufacturing,Northeast,68019080.08933914,659606.3222072212,"Supply Chain Solutions,Distribution Center Management",2,3,4.719914527025889,True,Weekly,5658.3794695104225,86.20292825955949,Medium
CUST-10160,Company_160,Manufacturing,Southwest,232719413.4914306,719027.382954922,Fleet Maintenance,1,11,9.334498284855743,True,Weekly,777.8858730888462,66.17180840525945,Medium
CUST-10161,Company_161,Consumer Goods,Southwest,88926699.16059269,1613634.794949237,"Distribution Center Management,Supply Chain Solutions",2,11,7.234070188861384,True,Weekly,8318.389471448376,88.44770765544607,High
CUST-10162,Company_162,Food & Beverage,Northwest,24381854.56308407,159892.65283316709,"Freight Management,Transportation Management",2,5,7.247110264104435,True,Daily,3932.0483610729975,80.78693675537734,High
CUST-10163,Company_163,Retail,Southeast,559218740.5319695,6380629.293058479,"Transportation Management,Fleet Maintenance,Distribution Center Management,Freight Management",4,19,7.00154223682901,True,Daily,7356.733154323982,87.58390965177554,Low
CUST-10164,Company_164,E-commerce,Southeast,29071885.6337373,129682.64416654855,"Freight Management,Fleet Maintenance,Dedicated Contract Carriage",3,2,6.642446207022158,True,Daily,5777.886183051804,37.53373598887647,Medium
CUST-10165,Company_165,Consumer Goods,Southeast,7901100.802664452,40886.79340175181,Dedicated Contract Carriage,1,17,7.866289658586159,False,Weekly,918.011528212256,92.29735469903696,High
CUST-10166,Company_166,Retail,Northwest,63118913.974765725,1067115.714962047,Distribution Center Management,1,33,8.43497542175859,True,Weekly,4343.657503626076,80.62989995973858,Low
CUST-10167,Company_167,Food & Beverage,Southeast,37843121.71403906,640687.2509071011,"Distribution Center Management,Transportation Management",2,0,9.050021424941532,True,Weekly,15791.373991061248,97.05960237228494,Low
CUST-10168,Company_168,Healthcare,West,3447633.7772875964,10198.166869401362,Fleet Maintenance,1,48,8.610570987232862,True,Weekly,4023.060624849245,87.46141108143756,Medium
CUST-10169,Company_169,Manufacturing,Northwest,7007662.587302419,73545.9961342559,"Dedicated Contract Carriage,Freight Management,Supply Chain Solutions",3,10,9.027716102951485,False,Weekly,1693.5946500051093,87.29383088300207,Low
CUST-10170,Company_170,Retail,Southwest,18584415.468669444,100671.16990532084,"Fleet Maintenance,Distribution Center Management",2,10,7.191758517934908,True,Weekly,709.021669969424,92.35664170490818,Medium
CUST-10171,Company_171,Technology,Midwest,24309180.943001587,230133.3729907681,"Fleet Maintenance,Transportation Management",2,0,9.40840768243301,True,Monthly,5586.847782354814,97.29302446793376,Medium
CUST-10172,Company_172,Technology,Midwest,191813198.5892175,3829483.704008231,"Fleet Maintenance,Distribution Center Management,Dedicated Contract Carriage,Freight Management",4,30,7.3938481415974415,True,Weekly,526.1295177879056,88.5943545373413,Low
CUST-10173,Company_173,Manufacturing,West,7906795.372795168,106477.35357113404,"Freight Management,Dedicated Contract Carriage,Fleet Maintenance",3,6,8.010190069985018,True,Weekly,8469.016433202096,82.95700091554367,Low
CUST-10174,Company_174,Healthcare,Northeast,10711535.286546748,33880.032335006836,"Freight Management,Transportation Management",2,10,7.995539427367776,False,Monthly,17149.93531055173,84.39040940042524,High
CUST-10175,Company_175,Automotive,Northwest,71144241.01675276,482999.501373109,Supply Chain Solutions,1,18,7.850995061891831,False,Weekly,3119.707122395762,57.58548758631545,Medium
CUST-10176,Company_176,Manufacturing,Northeast,17276644.030388318,333571.3780148602,"Supply Chain Solutions,Dedicated Contract Carriage",2,33,7.987495206088495,True,Monthly,674.4682639304173,94.42870679642508,Medium
CUST-10177,Company_177,Technology,Southwest,203658370.30003047,2558043.8738614926,"Supply Chain Solutions,Distribution Center Management",2,24,7.925850711566767,True,Monthly,2182.6147362516485,80.63087134494577,Medium
CUST-10178,Company_178,Retail,Midwest,5413296.805387103,30037.341105893956,"Distribution Center Management,Transportation Management",2,1,4.216839358674562,True,Weekly,2174.7566278452687,93.71576494737968,Medium
CUST-10179,Company_179,Healthcare,Northwest,73908880.52158919,869985.7506512858,"Transportation Management,Supply Chain Solutions",2,84,8.217116617453769,True,Weekly,771.0572685367347,80.83689529798103,Low
CUST-10180,Company_180,Food & Beverage,Southwest,163970061.26244402,587231.4973979758,"Supply Chain Solutions,Fleet Maintenance",2,6,8.696723667257363,True,Weekly,1904.4173051555626,85.96925600763592,Medium
CUST-10181,Company_181,Technology,Midwest,120449000.95513764,1433145.692050718,Transportation Management,1,2,8.440358534107768,True,Weekly,10681.74066202273,89.02260413950806,Medium
CUST-10182,Company_182,Manufacturing,Southwest,28494131.60814684,208238.5679558927,Dedicated Contract Carriage,1,72,6.237381904430113,True,Monthly,959.2072670486949,87.38375257168089,Low
CUST-10183,Company_183,E-commerce,West,167236971.41169024,281463.732425284,Fleet Maintenance,1,0,7.273835317177907,True,Weekly,4597.400105014149,89.73540006228036,Low
CUST-10184,Company_184,Consumer Goods,Southwest,142471999.31408978,2410103.9941749345,Fleet Maintenance,1,22,7.2975326069597966,True,Daily,2596.6196531343057,76.89874561586359,Medium
CUST-10185,Company_185,Manufacturing,Midwest,561569916.1720661,10571198.09715417,"Distribution Center Management,Freight Management",2,14,7.4305865324206035,True,Weekly,4529.772991261762,85.24396556181742,Medium
CUST-10186,Company_186,Technology,West,28208396.319620207,282030.8235193071,"Distribution Center Management,Fleet Maintenance",2,17,7.62780734542004,False,Daily,3160.874938731249,75.92576718079445,Medium
CUST-10187,Company_187,Technology,Northeast,4644693.708219507,39944.94898590412,Freight Management,1,8,5.627866443943053,True,Weekly,3795.244216022203,97.01280381885066,Medium
CUST-10188,Company_188,Retail,Northwest,2103636404.1971333,14066229.353734804,"Distribution Center Management,Supply Chain Solutions,Fleet Maintenance",3,4,8.786363383405739,True,Monthly,10049.244297523373,89.71344043871149,Medium
CUST-10189,Company_189,Manufacturing,Northwest,167691039.67957234,2286861.234482936,Transportation Management,1,10,6.789536790040432,True,Daily,830.5279068966445,88.17062381576878,High
CUST-10190,Company_190,Manufacturing,Midwest,85377292.61623317,582531.3146161891,"Distribution Center Management,Freight Management",2,35,5.337969736492121,True,Monthly,745.7129154037856,76.19713229219244,Medium
CUST-10191,Company_191,Healthcare,Southeast,1578087.457787696,15422.024364063767,Freight Management,1,75,6.071061091209294,True,Weekly,692.3383375082777,73.1101210660998,Low
CUST-10192,Company_192,Food & Beverage,Southeast,26643648.871546675,347836.7090429963,"Distribution Center Management,Fleet Maintenance",2,0,7.371931095136289,False,Daily,1953.6827404927474,73.35037232554197,Medium
CUST-10193,Company_193,Automotive,Southwest,17803027.266770203,120421.93947250902,Supply Chain Solutions,1,4,6.347528121366566,True,Daily,7739.200337297108,91.04989282706838,Medium
CUST-10194,Company_194,Consumer Goods,Southeast,235758640.60482603,4109808.2062007855,"Distribution Center Management,Supply Chain Solutions,Fleet Maintenance,Freight Management",4,7,5.877566574661606,True,Weekly,3283.664417812296,65.0057619885817,Low
CUST-10195,Company_195,E-commerce,West,765680278.360328,3176882.9493302954,Dedicated Contract Carriage,1,40,6.404851198330653,True,Weekly,6171.768716854126,90.53752549457992,Low
CUST-10196,Company_196,Automotive,Midwest,75208475.4609938,574571.7255099193,"Dedicated Contract Carriage,Freight Management",2,1,10.0,False,Weekly,4000.699138867599,84.73206436885077,Low
CUST-10197,Company_197,Healthcare,Midwest,9052981.273504645,165145.05660069064,Transportation Management,1,5,6.157365575189145,True,Weekly,6234.778669810113,94.36670146347734,Medium
CUST-10198,Company_198,Automotive,Northeast,50291589.522160195,967507.3593425187,Transportation Management,1,1,8.508974898912234,False,Monthly,6509.658675022157,77.55184021339619,Medium
CUST-10199,Company_199,Consumer Goods,Midwest,32414794.26507231,51728.74534493479,"Distribution Center Management,Freight Management",2,11,8.572357929716004,True,Weekly,5811.710324516128,71.80858218136301,Medium
CUST-10200,Company_200,Consumer Goods,Midwest,19897878.087560873,195155.38125234292,Fleet Maintenance,1,24,7.589327154422331,True,Monthly,1822.2962192222133,81.74312826977862,Medium
CUST-10201,Company_201,Technology,Southeast,11821599.645862391,21090.7395068745,Fleet Maintenance,1,7,9.127420508204473,True,Daily,2946.2615075337367,84.92531460048511,Low
CUST-10202,Company_202,Healthcare,Southwest,29788349.621055417,263471.7534730486,"Supply Chain Solutions,Fleet Maintenance",2,8,6.706671768772533,True,Daily,5709.220966263364,85.80259630652304,Low
CUST-10203,Company_203,Consumer Goods,Southeast,3988863.2677540635,7107.919516336888,"Dedicated Contract Carriage,Transportation Management",2,2,5.6091300764083325,True,Monthly,5095.301039280243,86.62150322974098,Low
CUST-10204,Company_204,Automotive,West,81677509.28379427,1498569.302287353,"Fleet Maintenance,Freight Management,Transportation Management",3,7,7.811680529925152,False,Monthly,2440.011918606439,95.89110028161892,Medium
CUST-10205,Company_205,Retail,Northeast,47169672.85593642,310165.24541275913,Dedicated Contract Carriage,1,22,5.935481022111428,True,Daily,2848.4561219540606,80.74283672217076,Medium
CUST-10206,Company_206,Automotive,Southwest,30558369.254041478,489535.8279889637,"Dedicated Contract Carriage,Transportation Management",2,39,7.3202282316519,True,Daily,1952.5702722786127,86.14291365547187,Medium
CUST-10207,Company_207,Manufacturing,Southwest,91375855.72478764,600160.0255224179,"Freight Management,Distribution Center Management",2,12,4.912132478444379,True,Monthly,468.3620290231868,87.47841487055945,High
CUST-10208,Company_208,E-commerce,Midwest,23771370.003059868,218445.15219654606,"Freight Management,Distribution Center Management",2,16,5.582586095788185,True,Daily,12133.341141571122,90.52969011048788,Medium
CUST-10209,Company_209,Retail,Southwest,66229939.754242286,1133102.819278842,"Dedicated Contract Carriage,Supply Chain Solutions,Fleet Maintenance",3,44,8.021987832552506,True,Weekly,1262.3717190682244,81.48710942480231,Medium
CUST-10210,Company_210,Retail,Northwest,125827479.4914431,555928.924701704,"Transportation Management,Freight Management,Dedicated Contract Carriage",3,32,6.505666059222593,True,Monthly,3479.1518863714164,90.16772690525711,Low
CUST-10211,Company_211,Food & Beverage,Southeast,22215286.748298824,330148.24997795734,Freight Management,1,67,7.241846504691828,True,Daily,1938.3246255739075,60.146771504827015,Low
CUST-10212,Company_212,Food & Beverage,Southwest,410639042.68607485,1083138.5564842883,"Supply Chain Solutions,Distribution Center Management,Transportation Management",3,12,7.809221950926359,False,Weekly,7158.836384287729,71.95195631703363,Medium
CUST-10213,Company_213,Food & Beverage,Southwest,873984783.7272781,4527903.559430512,Transportation Management,1,19,6.3714773517150824,True,Weekly,3722.589724119617,84.63821109020073,Medium
CUST-10214,Company_214,Food & Beverage,Southeast,14340463.748818707,260021.03332537724,Freight Management,1,12,6.084477541330117,True,Weekly,10194.616109371304,96.17834952430572,Low
CUST-10215,Company_215,Technology,Southeast,70427958.4439445,840900.5003414738,Transportation Management,1,13,6.09670120054381,True,Weekly,787.6640017418285,92.04959780887046,Medium
CUST-10216,Company_216,Manufacturing,Southeast,457395283.9431146,8694347.493852615,"Supply Chain Solutions,Fleet Maintenance",2,2,7.701758223407946,False,Monthly,8456.783316764151,79.42108099146897,Medium
CUST-10217,Company_217,Manufacturing,Midwest,87137651.57887073,1299195.08290018,Dedicated Contract Carriage,1,23,7.153656547652971,False,Monthly,1899.3046807692547,79.23051282893248,Low
CUST-10218,Company_218,Manufacturing,Midwest,4244689.8787545,24146.738256268196,Freight Management,1,33,7.820619244447555,False,Weekly,15729.1624614161,52.187951633536855,Medium
CUST-10219,Company_219,Technology,West,73978090.52573016,265480.9363336311,Fleet Maintenance,1,7,7.187852024206685,True,Daily,5651.488452416711,82.78585896286347,High
CUST-10220,Company_220,Retail,Northwest,47089534.5064994,914136.5753780664,"Dedicated Contract Carriage,Supply Chain Solutions",2,21,9.030247739337081,True,Daily,939.8056703944451,84.2857012231065,Low
CUST-10221,Company_221,E-commerce,Northeast,12533248.650666079,117162.26292490975,"Dedicated Contract Carriage,Supply Chain Solutions",2,135,9.483569932915751,True,Monthly,894.1534023553965,93.18782646329171,Low
CUST-10222,Company_222,E-commerce,Southwest,731300805.99172,6095960.2498531295,"Dedicated Contract Carriage,Freight Management",2,5,7.969892516755824,True,Monthly,33241.91488448096,55.592991138520844,Medium
CUST-10223,Company_223,Manufacturing,Southwest,184178376.01245546,1123067.021204772,Freight Management,1,79,5.062831994685786,True,Daily,1053.6807475633132,86.27151925266924,Medium
CUST-10224,Company_224,Automotive,West,261894443.80183804,2034893.6339851746,Transportation Management,1,15,9.154025982126669,True,Daily,3952.9416887284433,94.87527647579303,Medium
CUST-10225,Company_225,Technology,Midwest,212744768.58836108,1278949.1907887743,"Transportation Management,Distribution Center Management",2,36,7.311956648904658,True,Daily,4714.4387153338785,89.5466098546361,Medium
CUST-10226,Company_226,Manufacturing,Southeast,356272574.98921174,1895232.276094989,"Supply Chain Solutions,Transportation Management",2,31,7.284217319348218,True,Weekly,980.5476804939801,96.11401524645431,Low
CUST-10227,Company_227,Technology,Northeast,9982533.858272402,37047.0716342899,"Fleet Maintenance,Freight Management",2,46,6.3725572254306595,True,Daily,2876.0153659208777,96.30131079219487,Low
CUST-10228,Company_228,Technology,West,134332660.0431115,1956997.5830400772,"Supply Chain Solutions,Transportation Management,Distribution Center Management",3,4,7.192619433331396,False,Daily,8054.207746321011,75.61151190367762,Low
CUST-10229,Company_229,Consumer Goods,Northwest,13513528.425354468,155771.59253279754,"Supply Chain Solutions,Freight Management,Dedicated Contract Carriage",3,126,5.939010832207549,True,Weekly,6514.504401386641,92.30233396720448,Medium
CUST-10230,Company_230,Food & Beverage,West,223356588.6978642,2590743.7224859986,"Supply Chain Solutions,Dedicated Contract Carriage,Transportation Management",3,2,4.920415258656286,False,Weekly,9531.068045654169,96.68067828778605,High
CUST-10231,Company_231,Technology,West,308048579.53784716,724236.6717229852,Transportation Management,1,14,8.647877109613468,True,Daily,4545.963679051279,84.44284925197921,Low
CUST-10232,Company_232,Manufacturing,Midwest,248272483.70894864,3846233.1427854756,"Distribution Center Management,Freight Management",2,20,6.336876446547303,True,Monthly,2490.9362458236947,66.65586758036986,Medium
CUST-10233,Company_233,Technology,Southwest,23966928.410738323,201961.63318354817,"Freight Management,Supply Chain Solutions,Fleet Maintenance,Dedicated Contract Carriage",4,91,8.686335570783706,True,Monthly,6464.95754582575,86.77249984976608,Medium
CUST-10234,Company_234,Automotive,Northeast,34108828.052041546,667630.1125192447,Distribution Center Management,1,2,9.420146908341328,True,Weekly,1367.2288072048193,74.90843519208879,Medium
CUST-10235,Company_235,Healthcare,Midwest,63824874.342211604,151627.05720483838,Distribution Center Management,1,3,7.974889061026436,False,Weekly,2516.837684934531,89.45880486893124,High
CUST-10236,Company_236,Manufacturing,Southeast,7992325.797404784,90475.94377142547,"Freight Management,Fleet Maintenance",2,36,7.820342476614943,True,Monthly,1572.6120600241748,79.15453424307245,Low
CUST-10237,Company_237,Healthcare,Midwest,1622562.1348257225,6489.615770075479,"Distribution Center Management,Freight Management,Dedicated Contract Carriage",3,60,6.728623396934306,True,Monthly,1708.3771836272326,66.96473982228339,Medium
CUST-10238,Company_238,Healthcare,West,264709641.9372149,292016.01182151464,"Supply Chain Solutions,Dedicated Contract Carriage",2,0,6.32685853754416,False,Monthly,2319.6038016926846,94.53384958279365,Medium
CUST-10239,Company_239,E-commerce,West,163818890.95142967,2614989.464006224,Distribution Center Management,1,30,8.05257300524225,True,Daily,1340.8309078865889,90.67396711819296,Medium
CUST-10240,Company_240,Food & Beverage,Midwest,53597010.47296047,796922.1928361362,Freight Management,1,0,9.780596166113266,True,Monthly,1679.0617887363896,70.35917997212027,Medium
CUST-10241,Company_241,Consumer Goods,Northwest,76528078.74651338,1324479.2133736825,Supply Chain Solutions,1,3,6.987877504215145,True,Weekly,1255.207850986041,74.25990407966819,Low
CUST-10242,Company_242,Food & Beverage,Southwest,121272016.54011591,2093449.6526805486,"Supply Chain Solutions,Fleet Maintenance,Dedicated Contract Carriage",3,41,8.526776263473492,True,Weekly,568.2404093359005,89.526492600394,High
CUST-10243,Company_243,Manufacturing,Midwest,35866477.718529485,118263.10408668747,"Dedicated Contract Carriage,Freight Management,Distribution Center Management",3,0,5.233752452645554,True,Daily,2173.6286290176504,74.51957963736986,Medium
CUST-10244,Company_244,Consumer Goods,Southeast,90107143.72897382,967738.0292466397,Supply Chain Solutions,1,40,8.294120091799146,True,Monthly,4416.442597605989,77.83228627372952,Medium
CUST-10245,Company_245,Technology,Southwest,507966712.2275098,6839665.198859031,"Supply Chain Solutions,Distribution Center Management",2,5,7.964974851523234,True,Weekly,1200.3665097662831,76.02350383282776,High
CUST-10246,Company_246,E-commerce,West,132645360.43904169,913945.8365558601,"Dedicated Contract Carriage,Supply Chain Solutions",2,3,8.519542218296738,False,Monthly,1910.9721649199444,71.34741967914353,Medium
CUST-10247,Company_247,Automotive,Midwest,64747797.27785616,753651.133542069,Transportation Management,1,46,6.763975879936671,True,Weekly,6349.086962105173,75.81253301904538,Medium
CUST-10248,Company_248,E-commerce,Northeast,14933111.97181904,84084.78704456746,Distribution Center Management,1,9,6.9627325123352914,True,Weekly,2646.1774596834725,91.54737736556469,Medium
CUST-10249,Company_249,Consumer Goods,Midwest,20882265.216400586,320188.35632352077,"Supply Chain Solutions,Distribution Center Management",2,0,5.513821970537473,True,Weekly,4411.565064747324,88.11578286373165,Medium
CUST-10250,Company_250,Automotive,Midwest,199940639.44966507,3311088.378091719,Fleet Maintenance,1,23,9.162909374886555,True,Daily,3044.266463197974,98.51996806064741,Medium
CUST-10251,Company_251,Technology,Southeast,67243363.86622496,635972.9617475194,"Dedicated Contract Carriage,Freight Management",2,16,6.767582801354093,True,Weekly,9560.140169548837,96.8043294236482,Medium
CUST-10252,Company_252,Retail,Northeast,116738203.99492384,353100.51153457235,Distribution Center Management,1,6,7.492592728832159,True,Weekly,1472.7301879163415,59.52827634944212,Medium
CUST-10253,Company_253,Manufacturing,Midwest,71497260.76998354,646779.6956751774,"Transportation Management,Fleet Maintenance,Distribution Center Management",3,1,7.094265300576548,True,Daily,1954.8926847785358,98.54306827767547,Medium
CUST-10254,Company_254,Consumer Goods,Northeast,38432882.66194301,47906.6886325486,"Supply Chain Solutions,Dedicated Contract Carriage",2,14,6.151355643230968,True,Daily,18245.160188315676,78.16360309394226,High
CUST-10255,Company_255,Healthcare,Southeast,9819052.8842421,26934.38607132111,Dedicated Contract Carriage,1,20,4.142831016570589,False,Daily,2053.1216492315934,73.77137321376752,Medium
CUST-10256,Company_256,Technology,Southeast,1005567043.626323,5852523.491099568,"Freight Management,Fleet Maintenance,Transportation Management",3,22,5.900539739746786,True,Weekly,1918.4243737346549,65.3410865728721,Low
CUST-10257,Company_257,E-commerce,Northeast,44579896.223933265,748930.8264246312,"Supply Chain Solutions,Freight Management",2,8,6.633456944142402,True,Weekly,10848.637892265382,91.89126665277773,Low
CUST-10258,Company_258,Food & Beverage,Northeast,56896160.1386853,127684.0350993266,Freight Management,1,20,9.121712050404067,False,Weekly,11381.430906637599,81.08331278146308,Low
CUST-10259,Company_259,Technology,Northeast,33937935.66558598,373924.38691341906,"Fleet Maintenance,Freight Management",2,8,5.9331682173827955,False,Weekly,5453.276768054744,91.75913621988877,Medium
CUST-10260,Company_260,Retail,Southeast,42551090.14510424,110686.25839960556,"Supply Chain Solutions,Transportation Management",2,2,9.075232599927254,False,Weekly,968.3599108851272,93.13579187011474,Medium
CUST-10261,Company_261,Manufacturing,Northwest,176714181.8440288,1767647.918919548,"Supply Chain Solutions,Dedicated Contract Carriage,Freight Management",3,6,9.710299257200917,True,Daily,2963.303683522066,90.83742397264217,High
CUST-10262,Company_262,Technology,West,225755840.54845238,2791117.1092279777,"Distribution Center Management,Freight Management",2,42,5.148935875092329,True,Daily,1527.6890362093823,78.16153272397547,Medium
CUST-10263,Company_263,Retail,Midwest,543120297.6587889,4907255.372131392,"Fleet Maintenance,Supply Chain Solutions",2,0,8.098363490738576,True,Weekly,355.4661527534211,86.01453519970886,Medium
CUST-10264,Company_264,Retail,Southeast,9195066.656984417,129193.86997078988,"Distribution Center Management,Fleet Maintenance,Transportation Management",3,13,6.284818378721373,False,Monthly,4818.0223709823385,84.84375047957074,Medium
CUST-10265,Company_265,E-commerce,West,66605869.91194881,392077.66777831176,Fleet Maintenance,1,49,6.505798392062553,True,Weekly,3364.056422302691,80.3428148716411,Medium
CUST-10266,Company_266,Retail,Northwest,95922201.66982374,106122.48959014831,"Fleet Maintenance,Freight Management",2,5,7.882390370673015,True,Daily,117.02699037690326,91.10951339578958,Medium
CUST-10267,Company_267,Retail,Southeast,43463920.97301454,781642.8281898877,"Transportation Management,Distribution Center Management",2,15,5.463502154246907,False,Weekly,1105.5677913704033,94.93178901182955,Medium
CUST-10268,Company_268,E-commerce,Northeast,291909623.1238173,5421146.693357545,"Supply Chain Solutions,Dedicated Contract Carriage",2,15,5.827260044945372,True,Daily,760.0861187373016,69.60470390975291,Low
CUST-10269,Company_269,Technology,West,127303802.72273894,2430131.8826402444,"Fleet Maintenance,Supply Chain Solutions",2,12,7.864690647949203,True,Daily,1956.7703389603173,87.38879868543212,Low
CUST-10270,Company_270,Technology,Southeast,82242030.12292239,628505.382971552,"Distribution Center Management,Supply Chain Solutions",2,14,10.0,False,Monthly,4387.037853735275,81.71757215858057,Medium
CUST-10271,Company_271,Food & Beverage,Northwest,16135868.951151473,217647.97971421288,Fleet Maintenance,1,32,7.372185885321934,True,Daily,4174.463372590778,96.97574512392457,Medium
CUST-10272,Company_272,Manufacturing,Northwest,13705389.318705862,254255.13461230413,"Transportation Management,Fleet Maintenance,Freight Management",3,20,7.8614325798432665,False,Weekly,1481.8840388421809,88.87508291204247,Medium
CUST-10273,Company_273,Healthcare,Southwest,545384590.1395812,4644749.166770443,Transportation Management,1,16,4.1873093862471835,True,Daily,7590.363565690882,94.48929659177601,Medium
CUST-10274,Company_274,Automotive,Northeast,369672036.70656437,2530871.215896129,"Distribution Center Management,Freight Management",2,26,7.772550999422888,True,Daily,876.7014623279728,74.52138667575099,High
CUST-10275,Company_275,Technology,West,22201505.788246322,70224.90695861407,Supply Chain Solutions,1,82,9.499833345332057,True,Weekly,10343.513121584865,90.27435871218607,Low
CUST-10276,Company_276,Manufacturing,Southwest,33013498.97764475,511102.22139729717,"Distribution Center Management,Transportation Management",2,18,7.692414266146795,True,Weekly,2015.0160765252654,70.8586349414695,Medium
CUST-10277,Company_277,Consumer Goods,Southeast,637332942.6677157,5509261.955587247,"Dedicated Contract Carriage,Transportation Management,Freight Management",3,11,8.077881492938959,False,Weekly,23048.548510249613,81.08012962397784,Medium
CUST-10278,Company_278,Healthcare,Southwest,18789807.58989376,260591.02877163555,"Dedicated Contract Carriage,Transportation Management",2,6,9.297671543146398,True,Weekly,4426.731762956804,81.29866182100307,Medium
CUST-10279,Company_279,Healthcare,West,7688380.46880529,52953.66102133125,Supply Chain Solutions,1,1,6.829768299678912,True,Weekly,4594.957993868366,82.88618961455546,Low
CUST-10280,Company_280,Healthcare,West,186119450.59674987,1213509.7147083736,Dedicated Contract Carriage,1,38,9.323436949736156,True,Weekly,1507.9747553079028,73.63185630566028,Medium
CUST-10281,Company_281,Retail,Midwest,9209575.905201728,62177.55477580126,Freight Management,1,18,6.83331887070925,True,Weekly,1862.9248181709554,82.89759555513547,Medium
CUST-10282,Company_282,Automotive,Southwest,130729464.5786584,837831.495112319,Freight Management,1,22,4.847780628710565,True,Monthly,459.60724562442044,88.27336070557456,Medium
CUST-10283,Company_283,Consumer Goods,Southeast,74306957.04574423,808094.5311500855,"Dedicated Contract Carriage,Transportation Management",2,10,7.8066643756718435,True,Daily,1656.1817973889185,96.46043249814625,Low
CUST-10284,Company_284,E-commerce,Northeast,17576361.098072805,213407.3857148522,"Dedicated Contract Carriage,Freight Management",2,2,9.258535623629186,False,Daily,2418.5911724308344,82.46052195337515,High
CUST-10285,Company_285,Automotive,West,87598400.46413249,919405.8504646284,"Transportation Management,Supply Chain Solutions",2,24,9.832961031078066,True,Daily,2252.006258432559,74.80520058862233,Medium
CUST-10286,Company_286,Automotive,Northwest,2945426.3263447927,16119.327784737754,Supply Chain Solutions,1,9,7.054166352063064,True,Daily,1350.6133107554026,97.07022425127863,High
CUST-10287,Company_287,Food & Beverage,Southeast,32710346.500756074,435970.65379093366,"Dedicated Contract Carriage,Freight Management,Fleet Maintenance",3,16,8.369981206825827,True,Monthly,4286.7312121675495,58.13105692179782,Low
CUST-10288,Company_288,Manufacturing,Northwest,234080157.88317123,424442.5420744421,"Fleet Maintenance,Supply Chain Solutions",2,27,9.148015429985108,True,Monthly,3030.0086432753433,83.06820807280184,Low
CUST-10289,Company_289,Healthcare,West,40620165.92159153,269394.3935981351,"Dedicated Contract Carriage,Fleet Maintenance",2,53,5.580096081787877,True,Monthly,10019.38068290438,83.93735690506249,Medium
CUST-10290,Company_290,E-commerce,Northwest,39699216.993285425,457453.44218225585,"Supply Chain Solutions,Transportation Management,Freight Management",3,0,6.405194689719182,False,Weekly,520.853499649636,80.14717230897445,Medium
CUST-10291,Company_291,Consumer Goods,West,1725626.1987116558,11436.689983209235,"Supply Chain Solutions,Transportation Management,Dedicated Contract Carriage",3,2,6.823603961131019,True,Monthly,1702.3798660820903,81.04840601634086,High
CUST-10292,Company_292,Technology,Southwest,102154046.57966949,421388.4989385055,Dedicated Contract Carriage,1,18,8.551406696768167,True,Daily,2031.5334726169501,65.75171933422635,Low
CUST-10293,Company_293,Healthcare,Southeast,64430476.822901614,805285.2986749439,"Transportation Management,Freight Management",2,53,7.695977577230268,True,Weekly,12742.518262192942,90.41235550718096,Medium
CUST-10294,Company_294,Retail,Midwest,10222133.136902982,42354.56775746233,"Fleet Maintenance,Dedicated Contract Carriage",2,5,8.639801516494943,True,Monthly,3865.93653081587,75.61996399101878,Low
CUST-10295,Company_295,Manufacturing,Southeast,45759692.63384087,117712.98687112165,"Supply Chain Solutions,Dedicated Contract Carriage",2,36,10.0,True,Weekly,609.4062391404087,79.89176453947451,High
CUST-10296,Company_296,Food & Beverage,Southwest,50000077.70429453,531379.2349579093,Fleet Maintenance,1,1,7.470100761275015,False,Weekly,833.4587992652404,91.74528224532492,Medium
CUST-10297,Company_297,E-commerce,Midwest,159181280.25838676,1685665.5797503314,Fleet Maintenance,1,22,6.357227314903509,True,Daily,827.751627217495,88.95665357150047,Medium
CUST-10298,Company_298,Manufacturing,West,195441281.12565196,2635855.1129213553,Freight Management,1,1,9.90239836637317,True,Daily,3586.447078751898,75.97029105085366,Medium
CUST-10299,Company_299,Consumer Goods,Northeast,23074090.325542152,450106.07602569927,Transportation Management,1,21,7.110678098642538,True,Daily,2858.9436722024125,81.97767809160932,Medium
CUST-10300,Company_300,Consumer Goods,Southeast,353066073.0159926,3950749.8974068,Supply Chain Solutions,1,0,6.739092028594127,True,Daily,1857.8376040565965,69.38878358062244,Low
CUST-10301,Company_301,Manufacturing,West,37864993.4235978,78296.81194411743,"Supply Chain Solutions,Dedicated Contract Carriage",2,26,5.865340861341269,True,Weekly,1182.971140423659,92.01713867360107,High
CUST-10302,Company_302,Food & Beverage,West,97337988.51491085,488739.3361603797,"Supply Chain Solutions,Transportation Management",2,3,7.273580144089785,False,Daily,2782.117271063696,81.95979057608754,Low
CUST-10303,Company_303,Retail,Southwest,18984951.143063385,95286.74830449249,"Fleet Maintenance,Freight Management",2,11,6.3024342029127585,True,Weekly,937.0612946256495,93.72916295913366,Low
CUST-10304,Company_304,Food & Beverage,West,3988021.9727994837,61951.485108511835,"Dedicated Contract Carriage,Distribution Center Management,Supply Chain Solutions",3,13,8.994014394295547,False,Monthly,3935.450042005871,80.742492462145,Low
CUST-10305,Company_305,Automotive,Southwest,10251198.282077424,178078.11125162974,Distribution Center Management,1,3,8.479132156029848,True,Daily,473.06054620729117,92.96043622453841,Medium
CUST-10306,Company_306,Consumer Goods,Northeast,474216166.0269079,8487190.606166191,"Freight Management,Transportation Management,Distribution Center Management",3,27,5.741383107071471,True,Weekly,5598.4152127454445,92.9036972912969,Medium
CUST-10307,Company_307,Automotive,Midwest,39965299.85572139,46445.02229864616,Freight Management,1,26,10.0,True,Weekly,17129.360439338507,67.1741175448657,Low
CUST-10308,Company_308,Consumer Goods,Southwest,174256700.80591688,710906.0399341576,"Freight Management,Distribution Center Management,Fleet Maintenance",3,4,6.458553886762794,False,Weekly,1615.5972549751443,76.95626849992408,Medium
CUST-10309,Company_309,Consumer Goods,West,28711067.32115166,560208.0963402832,Fleet Maintenance,1,5,7.127352936391035,True,Monthly,1948.947040026353,64.2792629096152,Low
CUST-10310,Company_310,Healthcare,Northwest,4194203470.936395,19473680.989802044,Fleet Maintenance,1,5,10.0,False,Weekly,1178.6334273099053,83.38043835864138,Medium
CUST-10311,Company_311,E-commerce,West,155698539.32455546,1416746.6870251885,"Transportation Management,Dedicated Contract Carriage,Freight Management",3,6,9.357129226997653,True,Weekly,2439.2917785513287,81.2728182917959,Medium
CUST-10312,Company_312,Food & Beverage,West,542118346.9030738,707543.177887545,Fleet Maintenance,1,51,5.722239144143876,True,Monthly,6785.213701355984,86.75971826914733,Low
CUST-10313,Company_313,Technology,West,275664266.2473989,3924934.1137568345,"Transportation Management,Dedicated Contract Carriage",2,34,9.82154218327254,True,Daily,5111.456906244578,91.10617867886668,Low
CUST-10314,Company_314,E-commerce,Midwest,107995371.29260923,1498196.9102654355,Supply Chain Solutions,1,12,6.665169561214094,True,Monthly,14284.836382315647,81.34342505096377,Low
CUST-10315,Company_315,Manufacturing,Midwest,812068224.6723917,975984.1300480204,Transportation Management,1,3,8.17776117217916,True,Daily,9450.987898545032,63.42341982899418,Medium
CUST-10316,Company_316,Healthcare,Northwest,59178958.81535648,338601.57917566603,Transportation Management,1,33,8.286162384151396,True,Daily,855.1753377106248,79.53848652106326,Low
CUST-10317,Company_317,Automotive,Northwest,153526921.61011738,329315.7227628029,"Supply Chain Solutions,Distribution Center Management,Transportation Management",3,2,8.029711709175322,False,Weekly,2165.2087075681998,71.26810010578782,Medium
CUST-10318,Company_318,Food & Beverage,Southwest,160630816.72741205,1192329.0440051565,Dedicated Contract Carriage,1,27,7.629584351192735,True,Monthly,1127.3011861701186,96.35827600195755,Medium
CUST-10319,Company_319,Manufacturing,Southeast,393969384.8195438,4154319.4848719877,Freight Management,1,0,7.191763619405158,True,Daily,1825.871128660681,71.38964744170991,Medium
CUST-10320,Company_320,Retail,Southeast,87294727.28307152,996318.2935769951,"Fleet Maintenance,Transportation Management",2,10,9.27910669484476,True,Monthly,14864.62682951042,81.97052937523,Low
CUST-10321,Company_321,Consumer Goods,Midwest,376357620.900081,5243403.635842434,Distribution Center Management,1,32,8.236700914214293,True,Daily,2295.299758875137,81.64225221239036,Medium
CUST-10322,Company_322,Technology,Northwest,27934200.276498053,306887.8085270439,"Dedicated Contract Carriage,Freight Management",2,18,8.665590113360116,True,Daily,767.3207342994663,96.18165737701861,Low
CUST-10323,Company_323,Technology,West,59423797.97957088,544851.3128803321,Distribution Center Management,1,10,7.763730450131748,True,Weekly,7572.410798649138,85.62617209584222,High
CUST-10324,Company_324,Healthcare,Southeast,7287032.189074103,93599.18244105323,Supply Chain Solutions,1,5,6.73221637461223,False,Weekly,2750.679911502573,90.04173592442886,Low
CUST-10325,Company_325,Manufacturing,West,403783789.35163325,6957003.164639699,"Dedicated Contract Carriage,Transportation Management,Fleet Maintenance",3,0,6.007946871288187,True,Weekly,11694.419284617315,73.45686165034321,Medium
CUST-10326,Company_326,Retail,West,92624044.2834937,316902.6954558513,Supply Chain Solutions,1,0,8.12963288619221,False,Daily,5468.574825443743,89.66866338763056,Low
CUST-10327,Company_327,Retail,Southwest,11782530.417971166,187038.79913043516,Freight Management,1,64,6.28949446962671,True,Monthly,762.6713880147963,86.80786592940323,Medium
CUST-10328,Company_328,Manufacturing,Southeast,19335211.953228563,261321.1832901711,Distribution Center Management,1,80,7.4199843109049555,False,Weekly,5820.9277899031395,82.22941818597818,Medium
CUST-10329,Company_329,Automotive,Southwest,102505923.94684447,1626715.8729485944,"Distribution Center Management,Supply Chain Solutions,Dedicated Contract Carriage",3,7,8.698850599550596,True,Daily,7514.184458786859,84.12290527520867,Low
CUST-10330,Company_330,Food & Beverage,Northwest,304021040.3288446,698370.2499376449,Transportation Management,1,34,7.698970835203067,True,Daily,4511.87486582465,64.10380771456934,Medium
CUST-10331,Company_331,Food & Beverage,Southeast,44063978.94156505,92785.5747080144,"Supply Chain Solutions,Fleet Maintenance",2,2,6.134034259049252,True,Monthly,17996.63187228356,94.66389002013294,Medium
CUST-10332,Company_332,Technology,Midwest,507184918.7496918,2642758.5901822113,"Distribution Center Management,Transportation Management",2,68,9.416335283995917,True,Weekly,1805.2198544520447,90.64758128255623,Low
CUST-10333,Company_333,Retail,Northwest,68602877.12288865,263525.9304374095,"Distribution Center Management,Transportation Management",2,4,8.475213123815188,True,Daily,2987.978042757843,79.17151161825093,Medium
CUST-10334,Company_334,Technology,Northeast,14161825.954319129,50958.49684124236,"Fleet Maintenance,Freight Management",2,3,6.538150912652912,False,Monthly,4986.884570934366,88.26651853810607,Medium
CUST-10335,Company_335,Food & Beverage,Northeast,19067213.82926159,360757.45825915603,"Distribution Center Management,Supply Chain Solutions,Transportation Management",3,0,9.392845749541546,True,Daily,10614.68626242586,90.23705702025472,Medium
CUST-10336,Company_336,Healthcare,Southeast,34405678.08141711,102001.78553009646,"Fleet Maintenance,Distribution Center Management,Transportation Management",3,0,5.847911711029484,False,Daily,1117.9631548683021,91.48184119396416,Low
CUST-10337,Company_337,Food & Beverage,West,38829341.66306205,476409.41150936356,"Transportation Management,Fleet Maintenance",2,16,10.0,True,Daily,863.770041005794,90.14823313127495,Medium
CUST-10338,Company_338,Technology,Midwest,14268633.012260355,191293.9680357903,"Fleet Maintenance,Supply Chain Solutions",2,11,8.54658762373754,True,Daily,2239.876506183654,66.20867370367208,Medium
CUST-10339,Company_339,Healthcare,Southeast,41230462.7583318,720488.5994455079,Supply Chain Solutions,1,1,9.841750013908836,True,Monthly,2135.83781470236,95.47919415099786,High
CUST-10340,Company_340,Healthcare,Northeast,48887292.5053943,402791.38341387024,"Supply Chain Solutions,Freight Management,Distribution Center Management,Fleet Maintenance",4,11,7.779826715837547,True,Weekly,4469.5099006245355,70.50484751016658,Medium
CUST-10341,Company_341,E-commerce,Northwest,29625496.50428794,587203.6853742888,Freight Management,1,1,4.141237601368426,True,Weekly,2290.4779333229526,89.61261578751589,Low
CUST-10342,Company_342,Manufacturing,Southeast,94714730.89379254,372077.15148233663,Transportation Management,1,94,7.838794426355448,True,Weekly,3859.2072834313594,64.01668794354406,Medium
CUST-10343,Company_343,Healthcare,West,18577022.43903122,184551.13314582614,Fleet Maintenance,1,9,7.763926352941756,True,Weekly,461.7321120975271,77.21495969681659,Medium
CUST-10344,Company_344,Manufacturing,Midwest,78996092.96506022,778766.578839045,"Distribution Center Management,Freight Management",2,43,7.912315350658923,True,Weekly,1357.6733529551602,86.84035551516803,High
CUST-10345,Company_345,Manufacturing,Southeast,299133361.3149719,4240667.332960508,Fleet Maintenance,1,26,7.742972429948423,True,Weekly,1702.3984044474437,94.26567847603991,High
CUST-10346,Company_346,E-commerce,Southeast,33756569.76170036,60310.157490930076,"Freight Management,Dedicated Contract Carriage",2,44,8.08391710603119,False,Daily,2212.11181085752,85.05950100847143,Low
CUST-10347,Company_347,Technology,Southwest,86901486.96787843,410596.6819415799,Supply Chain Solutions,1,50,10.0,True,Daily,9911.555514249125,72.44858565788878,Low
CUST-10348,Company_348,Food & Beverage,Midwest,10341216.549431022,128615.5082933671,"Supply Chain Solutions,Distribution Center Management,Fleet Maintenance,Freight Management",4,4,7.277942646389636,False,Weekly,594.2224294761766,97.29217203472645,Low
CUST-10349,Company_349,Consumer Goods,Northwest,178408301.3653161,664483.3584701924,"Supply Chain Solutions,Fleet Maintenance,Distribution Center Management",3,1,7.781555984158547,True,Weekly,6981.3899335801725,55.47630647954329,High
CUST-10350,Company_350,Retail,Midwest,6900861.226681648,133515.51384350623,"Freight Management,Supply Chain Solutions",2,31,5.937633803297389,True,Weekly,14267.330620406608,89.45778023316878,Low
CUST-10351,Company_351,E-commerce,Southwest,79770999.95529093,854061.476606966,"Transportation Management,Distribution Center Management",2,10,5.800763194309319,True,Monthly,7276.585200076605,82.63347112391867,Low
CUST-10352,Company_352,Consumer Goods,Northwest,236842837.49931738,897999.97082844,"Freight Management,Distribution Center Management",2,3,7.2878665619633285,False,Weekly,2541.7017542501953,83.10537051577785,Medium
CUST-10353,Company_353,Retail,Northeast,33948714.35381627,488398.2088915956,"Transportation Management,Fleet Maintenance",2,9,6.104678304412838,False,Daily,1567.2418014103243,94.50870421331749,Low
CUST-10354,Company_354,Manufacturing,Southwest,14836169.945612153,28736.963156505055,Supply Chain Solutions,1,0,6.437852335299111,False,Weekly,19644.660368391345,98.1766569218248,Medium
CUST-10355,Company_355,Food & Beverage,Northwest,111604426.51234172,1448208.6310417545,"Freight Management,Distribution Center Management",2,41,5.497421311536605,True,Daily,3455.682856112875,91.55922370583774,Low
CUST-10356,Company_356,Consumer Goods,Northwest,28701271.113460436,513116.9450340831,Freight Management,1,2,4.688206600320559,True,Weekly,3348.8293831618307,60.10580441680206,Low
CUST-10357,Company_357,Consumer Goods,Northwest,119308234.7685203,628513.5334851808,Dedicated Contract Carriage,1,14,6.3232961896635445,True,Weekly,3446.9133937565016,61.374366757996256,Low
CUST-10358,Company_358,Consumer Goods,Southwest,229885133.03839114,4146494.8281211853,Distribution Center Management,1,34,6.351064867463528,True,Monthly,642.0014647589455,79.95345236866913,Medium
CUST-10359,Company_359,Food & Beverage,West,12234935.599547753,84534.13363446908,"Transportation Management,Freight Management,Distribution Center Management",3,18,7.395794756220053,True,Daily,3452.190501940526,69.2315108752966,High
CUST-10360,Company_360,Retail,West,27308392.28887011,288946.60157466173,Freight Management,1,38,7.220702990060224,True,Weekly,4275.939167906778,86.82182853823367,Medium
CUST-10361,Company_361,Food & Beverage,Southeast,48003584.151403174,179493.86449730358,Fleet Maintenance,1,60,7.979332857428068,True,Weekly,599.798136552956,77.32512104559972,Medium
CUST-10362,Company_362,Technology,West,111291314.95724183,1111213.6315333848,Supply Chain Solutions,1,24,8.021850725858998,True,Daily,3515.7684601171645,69.77377889223625,Low
CUST-10363,Company_363,Retail,West,34384301.953060314,497632.1923122164,Dedicated Contract Carriage,1,11,8.51438799220272,True,Daily,852.2050467242328,91.9129676014758,High
CUST-10364,Company_364,E-commerce,Southeast,13148908.101352999,120863.69799231474,Freight Management,1,48,4.716695208400087,True,Weekly,1634.9766806894902,85.34885447702901,Low
CUST-10365,Company_365,E-commerce,Southeast,13431847523.85297,177781397.3999371,"Supply Chain Solutions,Transportation Management,Freight Management",3,11,9.317327872251568,False,Weekly,2687.728709233261,87.61024024308148,Low
CUST-10366,Company_366,Technology,Northeast,273418936.67036146,2651410.4140474,Freight Management,1,7,6.955439946878366,False,Daily,3381.6192381453984,73.43776750160245,High
CUST-10367,Company_367,Food & Beverage,West,14457398.468154524,195372.51031060552,"Dedicated Contract Carriage,Supply Chain Solutions,Freight Management",3,39,9.366019954465695,True,Monthly,2541.4671969095416,79.96371884143106,Medium
CUST-10368,Company_368,Automotive,West,11204934.491592672,215541.61307759487,"Transportation Management,Freight Management",2,18,7.540955889098476,True,Weekly,1277.045687506712,94.81721018430378,Medium
CUST-10369,Company_369,Technology,Midwest,30241987.13623729,79018.00437885878,"Supply Chain Solutions,Freight Management",2,1,5.467174749852175,True,Weekly,3654.7120474738276,72.21561725177958,Medium
CUST-10370,Company_370,Manufacturing,Southwest,152588045.07095626,2829722.4470029827,Transportation Management,1,48,9.50534357000799,True,Daily,999.1513762500075,70.42476767528622,Medium
CUST-10371,Company_371,Technology,Midwest,148180773.62135306,1195546.4611536309,"Transportation Management,Dedicated Contract Carriage",2,10,4.2960715882696725,False,Monthly,1255.8898657439295,84.46599360330096,Low
CUST-10372,Company_372,Healthcare,Southwest,14970021.037538022,268687.05627033423,"Freight Management,Supply Chain Solutions,Transportation Management,Distribution Center Management",4,2,8.4073915961387,True,Daily,3673.292440282328,68.18416526293677,Medium
CUST-10373,Company_373,E-commerce,Southwest,17687529.047780316,223440.3800926076,Dedicated Contract Carriage,1,22,8.521560905988906,True,Weekly,826.5840910093391,87.14929594617317,Medium
CUST-10374,Company_374,Automotive,West,74425605.47808573,476826.26884434506,"Distribution Center Management,Transportation Management",2,64,8.20655003292039,True,Monthly,9997.477666667437,90.0786160212881,High
CUST-10375,Company_375,Manufacturing,Northeast,45790593.60054959,223157.62725973385,"Dedicated Contract Carriage,Transportation Management,Fleet Maintenance",3,53,7.222531500052907,True,Monthly,2454.173674072937,72.58787113424263,Low
CUST-10376,Company_376,Technology,Northeast,22673409.190499026,98837.9050101568,Supply Chain Solutions,1,36,4.972772372917943,True,Monthly,1161.1113401186426,89.74948770734511,Low
CUST-10377,Company_377,Consumer Goods,Southeast,75046180.65749143,595725.4899262192,"Supply Chain Solutions,Freight Management",2,4,10.0,False,Weekly,13200.377711437735,93.60410775456836,Medium
CUST-10378,Company_378,Automotive,Midwest,21165075.320498414,110319.79251843522,Transportation Management,1,4,5.7505314303127335,True,Weekly,4777.635264038724,89.55513426392744,High
CUST-10379,Company_379,Food & Beverage,Southwest,307356941.37890494,3313065.3331761444,"Transportation Management,Freight Management,Supply Chain Solutions,Distribution Center Management",4,16,9.213443076127403,True,Weekly,1313.7002704640809,96.54489646909131,Medium
CUST-10380,Company_380,Technology,West,434482660.6515862,6967367.438506479,"Transportation Management,Freight Management",2,11,7.534658813501003,False,Monthly,22594.07304818143,96.68883714276967,Low
CUST-10381,Company_381,Manufacturing,Northwest,27726755.29941276,95430.41611277212,Dedicated Contract Carriage,1,33,5.446477801452937,True,Monthly,17468.88049889619,97.89400461571105,Medium
CUST-10382,Company_382,Manufacturing,Northeast,290201641.61523724,2299065.0456079366,"Supply Chain Solutions,Transportation Management,Fleet Maintenance",3,51,9.774744165030643,True,Weekly,3217.2338928769727,75.0833512073691,High
CUST-10383,Company_383,Technology,Northwest,42313694.25982489,416078.17957383883,Distribution Center Management,1,30,10.0,True,Weekly,8389.985859469274,82.86987655629528,Medium
CUST-10384,Company_384,Food & Beverage,Northeast,32855681.379436024,120793.64565875016,"Freight Management,Supply Chain Solutions",2,28,6.97870620220812,True,Daily,1306.509991635218,98.92917931465696,Medium
CUST-10385,Company_385,Automotive,Southeast,221916462.10016203,1820904.204165726,Transportation Management,1,3,8.099501667174867,False,Daily,2428.0484849636364,71.53203260787463,High
CUST-10386,Company_386,Retail,Southeast,424636101.678457,3553312.7276822254,Distribution Center Management,1,11,8.007432144038173,True,Monthly,1546.6818344087976,89.70427558816091,Medium
CUST-10387,Company_387,Consumer Goods,Northwest,472906646.650089,6534136.574037301,Supply Chain Solutions,1,14,7.006952885038759,True,Weekly,176.20434601042857,90.21510695117412,Low
CUST-10388,Company_388,Healthcare,Midwest,101996792.49201405,579155.6091673998,Supply Chain Solutions,1,4,8.588716191611379,False,Daily,569.168142408736,86.64001809851601,Low
CUST-10389,Company_389,Retail,Northeast,624654413.2658668,10667933.245711217,"Distribution Center Management,Freight Management",2,14,9.458283550246602,True,Weekly,4058.9965444985755,71.23872080508133,Medium
CUST-10390,Company_390,E-commerce,Northeast,23672106.149199903,115597.08795567827,"Freight Management,Fleet Maintenance",2,4,10.0,True,Daily,7718.169028142835,85.13667214392545,High
CUST-10391,Company_391,Healthcare,Midwest,126701096.06571291,466102.4587034445,Supply Chain Solutions,1,30,6.091656140137316,True,Weekly,6451.311981525855,96.57283569654916,Medium
CUST-10392,Company_392,Food & Beverage,West,103718176.27730791,855462.5495568875,Fleet Maintenance,1,15,8.906375411780076,True,Monthly,1561.1801105317895,84.18997186849919,Low
CUST-10393,Company_393,E-commerce,Northeast,456373164.20866245,5859127.985197066,"Distribution Center Management,Transportation Management,Fleet Maintenance",3,18,7.3094065771641565,True,Weekly,851.9801066722268,94.23164849975467,Medium
CUST-10394,Company_394,E-commerce,Northwest,53851597.46410512,984198.0697541292,Transportation Management,1,10,6.755088179122469,True,Weekly,658.6312584356148,90.89527812195364,Medium
CUST-10395,Company_395,Technology,Northwest,57934139.030466504,714305.1582631563,"Supply Chain Solutions,Distribution Center Management,Dedicated Contract Carriage",3,9,5.413673950394122,True,Weekly,5302.1449717272835,86.9897168023528,Medium
CUST-10396,Company_396,Technology,West,218045605.3285564,1693121.4985545645,Transportation Management,1,2,7.581902809179262,False,Weekly,1351.2713824745103,80.07087153351324,Low
CUST-10397,Company_397,Retail,Northeast,30369368.393658027,596890.3305212449,Distribution Center Management,1,39,9.259633310231749,True,Daily,3452.2874334551902,95.83301716443819,High
CUST-10398,Company_398,Healthcare,Southeast,37146164.989401504,454948.2298645499,Freight Management,1,159,5.735528792469816,True,Daily,2759.712476927895,83.56830451829694,High
CUST-10399,Company_399,Healthcare,Midwest,78040629.14824378,368725.71720117965,Supply Chain Solutions,1,6,7.6884881304991,False,Monthly,2123.581173361154,82.80541068888712,High
CUST-10400,Company_400,Automotive,Northeast,89463837.6078516,498759.37665882526,"Distribution Center Management,Transportation Management",2,53,7.432585947306885,True,Monthly,7076.626767147423,68.17979559609294,High
CUST-10401,Company_401,Automotive,Midwest,88160027.82680497,866037.2280235809,Transportation Management,1,18,5.51539140343858,True,Weekly,2734.487731707217,99.75221185526826,Medium
CUST-10402,Company_402,Manufacturing,Southwest,37539041.13630352,86381.32786145541,Fleet Maintenance,1,21,7.577420032600092,True,Daily,6852.437595643528,85.20010207540753,Low
CUST-10403,Company_403,Technology,Southeast,22433130.286668878,113474.12493982405,"Dedicated Contract Carriage,Distribution Center Management",2,29,8.19775954434293,True,Daily,5843.283230190294,82.86250147484553,Low
CUST-10404,Company_404,E-commerce,Northwest,31799125.4616514,559075.1512524117,Freight Management,1,19,6.763412640394851,True,Monthly,2691.9682850268937,99.17586800397176,Low
CUST-10405,Company_405,Technology,Midwest,36462931.38631364,680359.0617481376,Supply Chain Solutions,1,4,7.642223404504664,True,Daily,2355.1768901075748,95.61590337788805,Medium
CUST-10406,Company_406,Automotive,Midwest,9738856.109737491,22365.58126813313,"Transportation Management,Dedicated Contract Carriage,Supply Chain Solutions",3,16,7.107520671750579,True,Weekly,8713.752917157655,81.887295970407,High
CUST-10407,Company_407,Retail,Northwest,21074434.375032555,174858.63832139247,"Supply Chain Solutions,Dedicated Contract Carriage",2,115,8.649589349796804,True,Weekly,2327.5060364583846,95.66982058211994,Low
CUST-10408,Company_408,Automotive,Southeast,30832825.097157933,332836.4483520787,"Freight Management,Distribution Center Management",2,70,8.625144988808273,True,Daily,3561.3295773008126,74.1847948236884,Medium
CUST-10409,Company_409,E-commerce,Southeast,53040919.60608441,849394.6350166907,"Dedicated Contract Carriage,Freight Management",2,107,7.282808895025104,True,Monthly,3455.089479108901,81.32790450401835,Medium
CUST-10410,Company_410,Manufacturing,Midwest,209307282.3963032,2362030.314343334,Distribution Center Management,1,2,8.651216524117823,False,Daily,5327.687810472204,63.98786848467096,High
CUST-10411,Company_411,Consumer Goods,Southwest,60722760.93622857,732859.2268645746,Distribution Center Management,1,46,8.840205000673802,True,Weekly,1041.1338915296005,94.77988693298927,Medium
CUST-10412,Company_412,Healthcare,Southwest,5621554.786930432,90705.6597931736,"Supply Chain Solutions,Dedicated Contract Carriage",2,2,6.4217015264160375,False,Weekly,1730.2224632500318,82.57819632615218,Low
CUST-10413,Company_413,Consumer Goods,West,572357496.5542434,3080894.080291319,Distribution Center Management,1,11,6.688042802371166,True,Weekly,5920.0930606790835,96.3866971543742,Low
CUST-10414,Company_414,Consumer Goods,Southwest,10421240.109314,16101.516708046986,Dedicated Contract Carriage,1,13,8.51046887256696,True,Weekly,1447.9994157179221,96.79759931272314,Medium
CUST-10415,Company_415,Food & Beverage,Southeast,495477711.8820168,1717648.046213699,Distribution Center Management,1,10,7.2989873899281505,True,Weekly,3586.6923647453204,77.11685638386793,Low
CUST-10416,Company_416,Technology,Northeast,17042552.533278443,223042.84608399062,"Dedicated Contract Carriage,Distribution Center Management,Freight Management",3,14,6.468164245600473,True,Daily,6011.943645965448,93.71537732834705,High
CUST-10417,Company_417,E-commerce,Northwest,66701853.996060565,1253040.4063460368,"Fleet Maintenance,Dedicated Contract Carriage",2,12,9.32749413403796,True,Weekly,2140.122598004314,78.07828289406794,Low
CUST-10418,Company_418,Retail,Southwest,104367268.4364402,1455639.028925246,Dedicated Contract Carriage,1,10,6.218628901096679,True,Monthly,1781.2080001072763,89.33550450438238,Medium
CUST-10419,Company_419,Consumer Goods,Midwest,164216418.21168113,2911789.0644927067,"Freight Management,Dedicated Contract Carriage",2,9,6.904877675168855,True,Weekly,702.1558114914844,80.32512581307957,High
CUST-10420,Company_420,Healthcare,Northeast,555423986.5618081,2731245.3240731545,Freight Management,1,3,5.803681351792333,False,Weekly,4699.6839315168745,84.45593433663913,Low
CUST-10421,Company_421,Automotive,Southwest,252193911.2336315,2602108.9649626333,Freight Management,1,5,7.146576918975286,True,Daily,11597.785967109232,87.52486531272181,Low
CUST-10422,Company_422,Food & Beverage,Northeast,627177810.3852648,7653714.189579529,Dedicated Contract Carriage,1,25,8.946529855525698,True,Daily,2528.6904626782816,91.5691602830058,Low
CUST-10423,Company_423,Healthcare,Midwest,56963312.1811178,62886.337697429415,Transportation Management,1,40,8.307646439198857,True,Weekly,3753.3890403525284,88.01262468015094,Medium
CUST-10424,Company_424,Retail,Southwest,1061917566.6659343,14268943.9394229,"Transportation Management,Fleet Maintenance",2,25,5.615192007614641,True,Weekly,2607.2352862965163,93.87338942677779,Medium
CUST-10425,Company_425,Automotive,Midwest,11641590.008675966,98311.23162729549,"Freight Management,Transportation Management,Dedicated Contract Carriage",3,38,9.407397791954738,True,Monthly,7599.7585381759245,79.76739367596363,Low
CUST-10426,Company_426,Technology,Northeast,494315154.9273115,4658795.589749392,Dedicated Contract Carriage,1,3,6.398417472045269,True,Monthly,2944.7398262647976,87.27179760229346,Medium
CUST-10427,Company_427,Consumer Goods,West,245798863.68291208,901528.8550953831,"Supply Chain Solutions,Fleet Maintenance,Transportation Management",3,10,10.0,True,Daily,397.75285089354105,96.81832499530185,Low
CUST-10428,Company_428,Manufacturing,West,50653613.56963964,376646.66368775367,Transportation Management,1,4,5.307998623274992,False,Monthly,630.6367912875601,55.8750837850184,Medium
CUST-10429,Company_429,Retail,Midwest,85525119.35207081,1170244.188076497,Dedicated Contract Carriage,1,13,6.198022200557467,True,Daily,4813.445638273732,65.58086049840259,Medium
CUST-10430,Company_430,Technology,Northwest,216648058.5326745,483123.48702872,"Supply Chain Solutions,Dedicated Contract Carriage,Fleet Maintenance",3,3,6.355789235015475,True,Daily,8282.046105957848,92.13154880391701,Medium
CUST-10431,Company_431,Manufacturing,Southwest,7616029.510658402,91524.05451064649,Fleet Maintenance,1,59,10.0,True,Weekly,1271.8479233372263,91.09478475449217,Low
CUST-10432,Company_432,E-commerce,Northeast,88879047.9890352,1078424.6019281032,"Transportation Management,Fleet Maintenance",2,12,9.938153043526217,True,Weekly,8030.573002259625,90.34001964033318,Low
CUST-10433,Company_433,Technology,Midwest,923058441.8695617,17580340.727410957,"Transportation Management,Dedicated Contract Carriage",2,34,8.97153913338998,True,Weekly,4441.989771264426,78.81270823913222,Medium
CUST-10434,Company_434,Food & Beverage,Southwest,759938418.1266518,2974956.7191853104,"Fleet Maintenance,Dedicated Contract Carriage",2,22,7.135245573180576,True,Daily,653.4448535637621,86.84463304830221,Medium
CUST-10435,Company_435,Automotive,West,590255674.057322,3107579.2973287124,"Supply Chain Solutions,Dedicated Contract Carriage",2,46,8.437433475130899,True,Daily,5281.524403708112,89.98984451522969,High
CUST-10436,Company_436,Technology,Northeast,72354540.89151815,410626.42272039485,"Transportation Management,Distribution Center Management,Supply Chain Solutions",3,4,9.765554510673834,True,Weekly,5675.348745928569,98.41015503245603,Medium
CUST-10437,Company_437,E-commerce,Midwest,23220993.357540507,264460.0833078861,"Distribution Center Management,Freight Management",2,21,8.650941099526902,True,Weekly,567.0639661262162,87.96661113131698,Medium
CUST-10438,Company_438,Automotive,Midwest,8415156267.715046,100941409.51972853,"Supply Chain Solutions,Freight Management",2,15,9.432299978913049,True,Weekly,666.4862410610305,79.89319996810393,Medium
CUST-10439,Company_439,Consumer Goods,Southwest,176618125.94702223,1455237.8934967492,"Dedicated Contract Carriage,Transportation Management",2,64,6.972341925454375,True,Daily,2560.7360299164116,77.43070432503593,High
CUST-10440,Company_440,Retail,Southwest,192305104.53835157,1319493.4716918226,"Distribution Center Management,Freight Management,Dedicated Contract Carriage",3,2,5.796867179689547,True,Weekly,4634.670499819029,90.78599862688344,High
CUST-10441,Company_441,Consumer Goods,Northeast,296391356.9675417,3597182.822281852,"Dedicated Contract Carriage,Supply Chain Solutions,Transportation Management",3,5,4.862641125943938,True,Weekly,29868.777874351035,55.08103662898469,Medium
CUST-10442,Company_442,Food & Beverage,Southwest,77807747.88781272,1497313.5016359808,"Dedicated Contract Carriage,Supply Chain Solutions",2,13,6.06011908473963,True,Monthly,4053.732637807476,83.78043285816995,Medium
CUST-10443,Company_443,Automotive,Southeast,3525853.473902357,6237.082390744871,Freight Management,1,4,8.391152415432277,True,Weekly,879.5869553389985,86.49346914884501,Medium
CUST-10444,Company_444,Manufacturing,Northwest,35174571.46939027,269626.0598635018,Transportation Management,1,1,3.6791468497715667,True,Weekly,8424.952205358086,91.19141794968519,Medium
CUST-10445,Company_445,Healthcare,Northeast,6238957.576900121,66288.9992431713,"Freight Management,Supply Chain Solutions",2,4,6.969315308177788,True,Monthly,3395.3992144300387,75.60199498870361,Low
CUST-10446,Company_446,Food & Beverage,Midwest,196069707.835815,2865688.994740697,Dedicated Contract Carriage,1,1,6.582801649416789,True,Daily,4243.619439481871,74.58078137099155,Medium
CUST-10447,Company_447,E-commerce,Northwest,217467239.49331352,2820417.6227349215,Supply Chain Solutions,1,35,4.518465540047944,True,Monthly,3524.148297982519,89.66994200164645,Low
CUST-10448,Company_448,Manufacturing,Southeast,215175627.52926627,3242782.7165850485,"Fleet Maintenance,Transportation Management,Dedicated Contract Carriage",3,42,7.026306621374821,True,Weekly,15734.77121723009,84.19406654214055,Medium
CUST-10449,Company_449,E-commerce,Southeast,247213405.94039568,682892.8926456615,Dedicated Contract Carriage,1,7,6.443435683141115,True,Weekly,3952.6172138506986,86.96238712809489,Low
CUST-10450,Company_450,Technology,Southwest,83428252.03983167,1105980.7136009857,"Supply Chain Solutions,Freight Management,Distribution Center Management,Fleet Maintenance",4,8,7.220991434597247,True,Weekly,9268.14504627182,81.61402012766007,Low
CUST-10451,Company_451,Food & Beverage,Southwest,14590810.375079285,132129.22487491978,Transportation Management,1,18,9.064006615956679,True,Monthly,1892.3276831668666,86.00833115648052,Medium
CUST-10452,Company_452,Manufacturing,Midwest,93330338.95166984,1304041.1641051476,Transportation Management,1,63,8.20320376768349,True,Weekly,1098.7111939168772,93.07299903086356,Low
CUST-10453,Company_453,Food & Beverage,Northeast,259902847.72557798,1068288.9615272698,Dedicated Contract Carriage,1,84,5.972043516782612,True,Weekly,345.81946700391916,61.432320195527666,Low
CUST-10454,Company_454,Food & Beverage,Southeast,233331222.14230573,4353173.571174068,"Distribution Center Management,Freight Management,Transportation Management",3,11,7.937832218597844,True,Weekly,6095.707233725076,84.45809080498546,Medium
CUST-10455,Company_455,Technology,Midwest,32392874.593891803,643378.9162719285,"Supply Chain Solutions,Distribution Center Management",2,4,8.987174284998325,True,Daily,4913.121227360309,63.31746794832915,Medium
CUST-10456,Company_456,Food & Beverage,Southwest,73667944.8512701,939906.6781063025,"Dedicated Contract Carriage,Distribution Center Management",2,51,8.800970511615267,True,Weekly,778.9268129842222,90.18176674550968,Medium
CUST-10457,Company_457,E-commerce,Southwest,27318941.24006863,247014.66803695628,"Freight Management,Distribution Center Management",2,3,6.579128238800939,True,Weekly,1488.6849626423361,85.13132842515483,Medium
CUST-10458,Company_458,Food & Beverage,Northeast,89339231.25860965,625465.3211459968,Distribution Center Management,1,22,5.669403126043984,True,Weekly,2604.044885700722,86.98969796559678,Medium
CUST-10459,Company_459,Retail,Midwest,232018643.44602776,2385740.7672035606,"Supply Chain Solutions,Transportation Management",2,14,10.0,True,Weekly,19723.49426708287,74.55083759056681,Medium
CUST-10460,Company_460,Retail,Northeast,219740588.92827088,1748281.1798799254,"Distribution Center Management,Dedicated Contract Carriage",2,8,7.457875744080593,True,Weekly,1015.6407244407261,82.69584504493338,Medium
CUST-10461,Company_461,Consumer Goods,West,15908461.849644206,109996.98063694024,"Fleet Maintenance,Supply Chain Solutions,Transportation Management",3,14,8.120917784300905,True,Weekly,377.6418425393665,94.48166926689596,High
CUST-10462,Company_462,Automotive,Northwest,192724716.69152173,1147244.453661503,"Dedicated Contract Carriage,Distribution Center Management",2,0,8.343981370995355,True,Weekly,2209.9210581019474,94.73143876094062,Low
CUST-10463,Company_463,Retail,Southwest,403199160.60826784,7994487.992898715,"Fleet Maintenance,Transportation Management,Supply Chain Solutions",3,54,9.466627873429198,True,Monthly,662.4577142446446,93.12230844590665,Low
CUST-10464,Company_464,Food & Beverage,Northeast,393214885.8627007,4385143.0889655575,"Fleet Maintenance,Freight Management,Distribution Center Management",3,18,7.211486247806682,True,Daily,818.6591221198161,93.76604157905537,Medium
CUST-10465,Company_465,Retail,Northeast,6983723.9099607095,62704.35860401605,"Supply Chain Solutions,Fleet Maintenance",2,44,7.854405836459263,True,Weekly,6102.285704278522,72.37480733529483,Medium
CUST-10466,Company_466,Automotive,Southeast,5888152.858869833,85281.74874670534,Freight Management,1,1,5.857052726732651,False,Weekly,2706.936096474557,84.3510284372421,Low
CUST-10467,Company_467,E-commerce,Southeast,1088069.8765507552,18384.638102528897,Dedicated Contract Carriage,1,60,5.170818279738448,True,Weekly,3040.8471205811566,86.73030846751932,High
CUST-10468,Company_468,Retail,Northeast,53490024.01054361,760524.1193809378,"Fleet Maintenance,Distribution Center Management,Supply Chain Solutions",3,54,7.296725099213188,True,Daily,6369.684839977127,91.42286039917877,Medium
CUST-10469,Company_469,Consumer Goods,Southeast,3757461.29963328,31325.307423753577,"Distribution Center Management,Dedicated Contract Carriage",2,5,6.077139422547409,True,Daily,9127.386321984866,72.38281313964589,Low
CUST-10470,Company_470,Manufacturing,Southwest,65718498.95844181,104179.27876710404,"Transportation Management,Fleet Maintenance",2,15,10.0,True,Weekly,3568.1098607754393,60.35327389742425,High
CUST-10471,Company_471,Consumer Goods,Northeast,1301030196.698816,8719771.640002051,"Distribution Center Management,Freight Management",2,18,5.790762299048122,True,Daily,278.30362110550595,78.3646614328859,Medium
CUST-10472,Company_472,Healthcare,Northwest,12345765.658107439,23383.215421801542,"Fleet Maintenance,Supply Chain Solutions",2,1,6.519107190061779,False,Daily,5434.002025636811,95.2937276011807,High
CUST-10473,Company_473,Healthcare,Southeast,14984952.72999057,162954.1881986195,"Fleet Maintenance,Dedicated Contract Carriage,Freight Management",3,10,8.84501016480425,False,Monthly,7511.7740109161205,87.59688922389938,High
CUST-10474,Company_474,Food & Beverage,Northeast,265275987.32101628,4395711.055680256,"Freight Management,Dedicated Contract Carriage",2,16,5.490571912689704,True,Monthly,3027.0503336778365,92.94429523512409,Medium
CUST-10475,Company_475,Retail,Southeast,9237966.533925343,167259.01750426096,Freight Management,1,4,8.366839403170415,True,Weekly,1439.4351610598535,73.72259661555026,Medium
CUST-10476,Company_476,Manufacturing,Southwest,30678461.78065893,519472.946073607,Dedicated Contract Carriage,1,6,8.026356955246008,False,Daily,2057.1393326552293,78.12695935096808,High
CUST-10477,Company_477,Technology,Southwest,78651071.67381984,771826.4432198241,"Transportation Management,Freight Management,Distribution Center Management",3,15,6.835412255712513,True,Daily,5750.748211691712,87.12699454340958,Low
CUST-10478,Company_478,Healthcare,Midwest,3347158.541972176,45865.3402767372,"Transportation Management,Distribution Center Management",2,5,5.602359761193046,False,Weekly,6317.301175278295,90.81450798965349,Medium
CUST-10479,Company_479,Retail,West,128040946.7745683,2093686.8184166271,"Freight Management,Supply Chain Solutions,Transportation Management",3,6,9.009950604190232,True,Daily,1140.03218606015,96.13251774587627,Medium
CUST-10480,Company_480,Retail,Northeast,5293372.207617586,104821.59284801394,"Distribution Center Management,Dedicated Contract Carriage",2,0,6.311171970668111,True,Daily,1296.359650246271,76.45331568897332,High
CUST-10481,Company_481,Automotive,Midwest,142736634.0285351,1659759.9358873381,Dedicated Contract Carriage,1,9,5.615694360949801,True,Weekly,817.2054109250856,79.99757448147984,Medium
CUST-10482,Company_482,Automotive,Midwest,351349121.4835415,4837983.326305905,Distribution Center Management,1,0,4.840464504401082,False,Monthly,8034.755849945244,70.86299051299221,Medium
CUST-10483,Company_483,Technology,Northwest,1543891.9480183301,8967.273416597438,"Freight Management,Dedicated Contract Carriage",2,11,6.176216301461693,False,Weekly,467.4250148243096,80.83521809143551,Medium
CUST-10484,Company_484,Technology,Northeast,40721564.367136605,427885.08191530476,"Transportation Management,Dedicated Contract Carriage,Fleet Maintenance",3,64,8.234560590307016,True,Daily,8975.485887610661,98.49707252069302,Medium
CUST-10485,Company_485,Healthcare,West,7654556.091278787,82659.1317462213,Freight Management,1,22,7.273975655747518,True,Daily,4907.754557693422,89.78006460146055,Medium
CUST-10486,Company_486,Food & Beverage,West,107627599.81868277,691793.1648460914,"Fleet Maintenance,Dedicated Contract Carriage",2,13,6.3632657858579655,False,Weekly,19396.01553182336,77.14234887191573,Medium
CUST-10487,Company_487,Retail,Midwest,461297986.32657015,6004504.877804066,Fleet Maintenance,1,30,8.191509271824534,True,Weekly,1458.9001516687877,92.45706670190802,Low
CUST-10488,Company_488,E-commerce,Northwest,565263798.8282692,4837561.28185743,Freight Management,1,21,6.484268664030868,True,Weekly,8473.932971230302,77.2761671913368,Medium
CUST-10489,Company_489,Consumer Goods,Northwest,597332262.6019464,9215411.352634648,"Supply Chain Solutions,Fleet Maintenance,Freight Management",3,1,8.833784563006025,True,Weekly,6610.494238301075,75.41036302058873,Medium
CUST-10490,Company_490,Technology,Northeast,68390472.66232519,1355155.5471858743,"Distribution Center Management,Transportation Management,Supply Chain Solutions,Freight Management",4,15,6.244572863734853,True,Weekly,17982.1339243621,99.10618958410956,Low
CUST-10491,Company_491,Manufacturing,Northeast,32399759.45523596,250160.4423521823,"Freight Management,Distribution Center Management,Dedicated Contract Carriage",3,25,8.968000566552522,True,Daily,1041.580489045333,86.51227525743478,Medium
CUST-10492,Company_492,Retail,Southeast,124335457.89585352,2029684.4047624655,Distribution Center Management,1,1,6.620434802468816,True,Daily,3519.5495244388753,91.48678632988674,Low
CUST-10493,Company_493,Automotive,Southwest,24873074.91488782,49379.24798242038,Fleet Maintenance,1,7,10.0,True,Daily,7165.566467818989,85.9345287393349,High
CUST-10494,Company_494,Food & Beverage,Southeast,7441520.392540092,129415.20058130845,"Distribution Center Management,Dedicated Contract Carriage,Freight Management,Transportation Management",4,48,7.398056414253808,True,Monthly,4720.284971527036,78.9766931438194,Medium
CUST-10495,Company_495,Healthcare,Southeast,28566467.198349852,262021.62302522868,"Supply Chain Solutions,Transportation Management,Dedicated Contract Carriage",3,0,6.974114248879595,True,Daily,2005.6788610068315,91.7381626593035,Medium
CUST-10496,Company_496,Retail,West,20473454.807407524,330089.69736234786,"Freight Management,Supply Chain Solutions",2,40,6.162152822940346,True,Monthly,4601.756241061738,69.6397221702682,Medium
CUST-10497,Company_497,Consumer Goods,Southeast,179898938.18172452,376829.4741921916,Fleet Maintenance,1,16,6.548652997957478,True,Daily,6022.188788677715,63.04285790588799,Medium
CUST-10498,Company_498,Retail,Southeast,231250822.76688376,1897428.167099984,"Supply Chain Solutions,Transportation Management",2,12,7.3576522663083175,True,Daily,2427.9203008211143,95.15736510714325,Medium
CUST-10499,Company_499,Automotive,Northwest,2108895.660124356,16032.692441080559,Dedicated Contract Carriage,1,0,6.774237256165644,True,Weekly,2288.067723009448,87.13040807350477,Low
