maintenance_id,vehicle_id,date,maintenance_type,cost,downtime_hours,parts_replaced,mileage_at_service,technician_id,warranty_covered
MNT-100000,VH-5282,2023-12-22,Preventive,544.2399964140653,3.5498604476463687,"Brakes,Engine,Oil Change",49272,TECH-170,True
MNT-100001,VH-7929,2023-10-25,Preventive,483.299260980556,3.437385583180913,Oil Change,381648,TECH-167,False
MNT-100002,VH-3817,2024-07-22,Emergency,2599.5603012084507,1.0,"Brakes,Electrical",301978,TECH-143,True
MNT-100003,VH-7311,2023-04-07,Scheduled,259.2991811878178,1.0,"Engine,Tires,Electrical",292818,TECH-183,False
MNT-100004,VH-6346,2023-03-20,Preventive,580.1671421330017,1.0,Electrical,263227,TECH-105,False
MNT-100005,VH-1716,2023-11-07,Preventive,514.2430520846032,6.818641609811649,"Transmission,Brakes,Electrical",230520,TECH-101,False
MNT-100006,VH-1789,2024-08-23,Corrective,882.0945185401913,10.249298562755127,"Brakes,Oil Change,Electrical",318400,TECH-160,False
MNT-100007,VH-9522,2024-12-22,Preventive,566.3199055398326,2.0228819579794104,"HVAC,Tires",459577,TECH-126,True
MNT-100008,VH-3214,2024-10-28,Scheduled,260.5700212946145,1.3393446636451578,HVAC,489897,TECH-112,False
MNT-100009,VH-9394,2024-10-22,Emergency,2331.214622939995,11.397017621441695,"Engine,HVAC,Electrical",436105,TECH-148,True
MNT-100010,VH-7688,2023-09-09,Scheduled,273.7813832311241,1.6441890873066747,Electrical,342758,TECH-196,False
MNT-100011,VH-9029,2024-12-12,Preventive,306.57172606129757,4.41898632049856,Electrical,377135,TECH-113,False
MNT-100012,VH-1712,2024-05-22,Preventive,498.9552407072178,3.610443151221241,Brakes,327014,TECH-132,False
MNT-100013,VH-5868,2023-01-12,Corrective,1305.4182721537886,5.238796033568692,Transmission,170856,TECH-125,True
MNT-100014,VH-9152,2023-06-17,Corrective,1210.5686626388015,1.8491809372965173,"Brakes,Tires",98520,TECH-166,True
MNT-100015,VH-3450,2024-02-04,Preventive,503.13753689269123,1.0,"HVAC,Suspension,Transmission",253372,TECH-143,True
MNT-100016,VH-5360,2024-08-07,Preventive,347.40385187269874,1.0,Brakes,81060,TECH-154,False
MNT-100017,VH-9682,2024-08-21,Corrective,1687.4732421111746,9.28036779787067,"Electrical,Transmission,Engine",277397,TECH-126,False
MNT-100018,VH-4057,2024-01-28,Preventive,430.62797891563764,3.123265644071082,Transmission,252657,TECH-195,False
MNT-100019,VH-8532,2023-02-18,Corrective,1689.1955825357888,26.63519484643081,"Electrical,Tires",14168,TECH-119,False
MNT-100020,VH-3473,2023-06-14,Emergency,293.07468674450274,16.694011702355166,Tires,495098,TECH-108,True
MNT-100021,VH-2915,2023-02-07,Preventive,554.8482307002198,8.318312479830682,"HVAC,Suspension,Engine",57363,TECH-131,True
MNT-100022,VH-1620,2023-03-28,Preventive,401.2351488579514,4.339982032710856,Engine,177349,TECH-139,True
MNT-100023,VH-6985,2023-11-11,Scheduled,335.28066854436526,1.4203407526093714,"Brakes,Suspension",100093,TECH-148,True
MNT-100024,VH-1468,2024-11-05,Emergency,1714.5570842139132,1.2282109039159033,"Engine,Electrical",199887,TECH-147,True
MNT-100025,VH-2506,2024-02-26,Preventive,543.8526077675835,3.676604025324461,Engine,393682,TECH-102,False
MNT-100026,VH-5547,2024-09-23,Corrective,2071.6284022001296,1.0,"Transmission,Tires,Oil Change",216864,TECH-100,False
MNT-100027,VH-1468,2024-12-27,Scheduled,396.7674858463405,9.767605649767946,"Tires,Transmission,Engine",120890,TECH-122,False
MNT-100028,VH-2690,2024-11-13,Emergency,2284.064414329171,4.142649336616017,Engine,352986,TECH-152,False
MNT-100029,VH-8840,2023-05-01,Corrective,1067.3829658368359,10.21552611368584,Electrical,150975,TECH-104,True
MNT-100030,VH-9948,2024-09-14,Preventive,396.6059502529687,3.893495120731539,Transmission,90485,TECH-120,True
MNT-100031,VH-5203,2023-11-14,Corrective,873.7550705851697,7.824690397560315,Engine,88667,TECH-177,True
MNT-100032,VH-6071,2024-05-17,Preventive,687.3432251963353,11.615038433855362,"Suspension,Brakes",15181,TECH-118,False
MNT-100033,VH-1620,2024-08-27,Preventive,450.73093638559607,1.0,"Transmission,Electrical,Tires",460502,TECH-113,False
MNT-100034,VH-9682,2024-08-15,Emergency,2578.1613909788557,15.302750005995819,"Oil Change,Brakes",241178,TECH-165,False
MNT-100035,VH-8918,2024-01-29,Scheduled,432.10705637210305,1.6594025008918378,Electrical,482423,TECH-130,False
MNT-100036,VH-1823,2023-05-23,Preventive,552.1810444220438,4.082844484747376,"Engine,Brakes",70831,TECH-117,True
MNT-100037,VH-3092,2023-09-19,Preventive,243.7308377126306,1.6346289566629975,"Brakes,Tires",107492,TECH-169,False
MNT-100038,VH-9887,2023-12-11,Corrective,1564.46319799512,1.0227176745373594,"HVAC,Oil Change",395023,TECH-129,False
MNT-100039,VH-3092,2023-04-11,Corrective,1203.6898320800271,60.927755443912375,"Tires,Electrical",168952,TECH-141,True
MNT-100040,VH-6775,2024-02-17,Corrective,1167.558365047416,8.387263682185022,"Oil Change,Engine",230274,TECH-179,False
MNT-100041,VH-7693,2023-11-14,Preventive,482.3526575009388,2.7143659006663263,Oil Change,25820,TECH-123,False
MNT-100042,VH-1885,2023-12-22,Corrective,895.5203731515351,11.231916450588438,"HVAC,Tires",83521,TECH-107,False
MNT-100043,VH-6463,2023-06-07,Emergency,3180.952351409246,2.432732596017993,"Brakes,Engine",62267,TECH-101,False
MNT-100044,VH-9008,2024-03-11,Scheduled,397.4491433263302,1.0,"Engine,Transmission,Tires",107595,TECH-152,False
MNT-100045,VH-8000,2024-11-28,Emergency,2237.976432419822,14.056989648888644,"Brakes,Tires",49481,TECH-146,False
MNT-100046,VH-5684,2023-12-14,Corrective,1392.1412157039474,10.37609017265877,"Oil Change,Suspension,Brakes",410750,TECH-124,True
MNT-100047,VH-7807,2024-10-05,Corrective,1159.816169727071,6.926916762846798,"Engine,Brakes,Suspension",409867,TECH-106,True
MNT-100048,VH-6463,2023-06-13,Preventive,465.7396678079631,9.240528406653942,Brakes,476517,TECH-120,False
MNT-100049,VH-6443,2024-07-29,Corrective,1715.3804359274523,5.834354952272915,"Transmission,Engine",195562,TECH-152,False
MNT-100050,VH-5056,2023-06-11,Preventive,873.3715735648843,2.5002357902214776,"Electrical,Oil Change,Brakes",382597,TECH-169,False
MNT-100051,VH-8547,2024-01-11,Emergency,3429.3147136298408,52.12259370020538,"Transmission,Oil Change",106182,TECH-114,False
MNT-100052,VH-2464,2023-10-31,Preventive,449.21162770854966,2.197457519678543,Transmission,68269,TECH-108,False
MNT-100053,VH-5844,2024-07-04,Corrective,2076.3149468957567,1.2276457857795855,Electrical,245664,TECH-187,False
MNT-100054,VH-3540,2024-07-06,Preventive,233.04909592699647,6.918425824587991,"Transmission,Electrical,HVAC",58752,TECH-125,False
MNT-100055,VH-1461,2023-03-28,Preventive,588.0754109588368,3.331032998054216,"Engine,Transmission",108909,TECH-160,True
MNT-100056,VH-1391,2024-02-09,Preventive,564.7021631417167,2.1825268549890717,"Engine,Oil Change,Brakes",136914,TECH-123,False
MNT-100057,VH-5028,2023-11-25,Corrective,1141.6164597941886,4.198974102050045,"Oil Change,Transmission,HVAC",204434,TECH-116,True
MNT-100058,VH-6835,2023-04-30,Preventive,685.4469780720644,1.0,Suspension,403975,TECH-159,False
MNT-100059,VH-3605,2023-11-08,Preventive,403.85916969951336,2.0901761127272254,Engine,243891,TECH-144,False
MNT-100060,VH-8790,2024-10-30,Emergency,2823.9819624776565,23.381541097242547,"Suspension,Brakes,Engine",245530,TECH-183,False
MNT-100061,VH-6019,2023-11-06,Scheduled,265.9900345066673,1.0,"Engine,Tires,Transmission",235232,TECH-163,False
MNT-100062,VH-6463,2023-06-25,Emergency,1215.9062781337927,18.662455248957606,"HVAC,Oil Change,Tires",240829,TECH-170,False
MNT-100063,VH-2464,2023-05-26,Corrective,1682.5381817054217,8.553075627954918,"Transmission,Engine",166226,TECH-125,True
MNT-100064,VH-1461,2023-06-02,Preventive,461.86401205911113,5.0834562970702475,"Oil Change,Tires,Brakes",51901,TECH-176,False
MNT-100065,VH-9035,2024-08-18,Corrective,1311.8223017282917,11.386277765083745,"HVAC,Electrical,Suspension",133158,TECH-178,True
MNT-100066,VH-8664,2024-02-05,Corrective,1630.457773956203,12.140473579976902,"HVAC,Brakes,Tires",391308,TECH-181,True
MNT-100067,VH-3919,2023-02-14,Scheduled,185.7426738063608,2.128395043548339,Oil Change,395597,TECH-126,False
MNT-100068,VH-3348,2023-03-30,Preventive,535.4630505590443,1.0,"Brakes,Electrical",404745,TECH-161,False
MNT-100069,VH-7741,2024-12-18,Emergency,2606.346907015786,7.368372721819156,"Suspension,Oil Change,HVAC",473721,TECH-142,False
MNT-100070,VH-1823,2024-11-26,Preventive,407.67483364704754,7.5455134151510395,"Transmission,Brakes",152949,TECH-174,False
MNT-100071,VH-8923,2024-11-22,Emergency,3602.7209379500005,50.05048920184714,"Transmission,Suspension,HVAC",112944,TECH-114,False
MNT-100072,VH-8425,2023-05-31,Preventive,505.81273235023184,5.710828327505577,"Oil Change,Brakes,Engine",384705,TECH-164,False
MNT-100073,VH-7929,2024-02-15,Scheduled,465.13128038969614,7.954666043238824,Suspension,276286,TECH-129,True
MNT-100074,VH-3348,2024-06-30,Preventive,629.6151617050801,3.6845247039721545,"Transmission,Tires,Suspension",401109,TECH-140,False
MNT-100075,VH-1461,2023-06-19,Preventive,660.3556958916013,6.908938788657142,"Brakes,Electrical",277639,TECH-128,False
MNT-100076,VH-6106,2024-01-19,Corrective,1389.9769600875445,25.33612972536741,"Suspension,Transmission,Oil Change",421422,TECH-103,False
MNT-100077,VH-1789,2024-08-05,Preventive,598.8936581743471,5.336448928805797,"Engine,Suspension",428475,TECH-123,False
MNT-100078,VH-5714,2024-02-29,Scheduled,421.9728149790524,1.0,Electrical,143714,TECH-129,False
MNT-100079,VH-5203,2023-01-25,Corrective,1471.4949723182121,39.695963249283004,"Suspension,Brakes,Electrical",35498,TECH-151,False
MNT-100080,VH-1391,2024-03-31,Corrective,1769.2001645576445,21.489866153073653,"Oil Change,Engine,Electrical",108595,TECH-133,False
MNT-100081,VH-3490,2023-02-05,Corrective,1057.4268267404045,32.12581217441004,Tires,52908,TECH-164,False
MNT-100082,VH-3547,2023-01-11,Preventive,526.6055936455111,3.1807891892633484,"Brakes,HVAC,Tires",116985,TECH-177,False
MNT-100083,VH-6718,2024-01-10,Preventive,480.71255229392864,1.4262569193668049,Transmission,406928,TECH-170,False
MNT-100084,VH-2559,2023-04-23,Preventive,543.9269997975423,7.26823680333971,"HVAC,Oil Change,Tires",75697,TECH-196,True
MNT-100085,VH-9772,2024-01-29,Corrective,808.9746706653546,2.8461865352700975,HVAC,492106,TECH-140,False
MNT-100086,VH-8376,2023-05-28,Corrective,1534.6578489824917,2.482716763483035,"HVAC,Suspension",147731,TECH-131,False
MNT-100087,VH-2147,2024-10-20,Preventive,69.31829264745653,10.744485559271924,"Suspension,Transmission",115612,TECH-134,True
MNT-100088,VH-9035,2024-06-11,Preventive,623.1451113626184,1.0,"Transmission,Suspension,Electrical",151160,TECH-102,False
MNT-100089,VH-9862,2023-02-05,Preventive,583.6595953569757,3.008413999420498,"Tires,Suspension,Engine",186293,TECH-197,False
MNT-100090,VH-5635,2023-10-04,Preventive,692.4368155329813,1.0,"Electrical,Suspension,Tires",317136,TECH-113,True
MNT-100091,VH-8866,2024-03-18,Preventive,641.5782680031847,3.7005736376297023,"Tires,Electrical,Engine",205822,TECH-196,False
MNT-100092,VH-7311,2024-11-21,Corrective,1139.6763519754948,3.1146964052766375,"Engine,Transmission,Tires",475503,TECH-125,False
MNT-100093,VH-3092,2023-05-11,Emergency,3001.4671424336657,14.431428688738066,Oil Change,296118,TECH-149,False
MNT-100094,VH-2915,2024-09-04,Scheduled,389.4806721723848,1.5198414938209708,Transmission,90798,TECH-155,True
MNT-100095,VH-2690,2024-04-26,Corrective,1526.6253853571452,19.03298130145548,"Engine,Tires,Brakes",279099,TECH-106,False
MNT-100096,VH-1620,2024-02-26,Preventive,719.0193927831609,1.331641578958483,"Suspension,HVAC,Tires",277064,TECH-143,False
MNT-100097,VH-7832,2023-03-05,Preventive,561.9177486258202,2.919759424410204,"Tires,Electrical",444084,TECH-165,True
MNT-100098,VH-1844,2024-07-31,Preventive,829.3567868664376,1.0,HVAC,136159,TECH-133,True
MNT-100099,VH-9274,2023-09-24,Corrective,1083.5964276695772,1.4777471066515155,"Engine,Tires",427754,TECH-122,False
MNT-100100,VH-5360,2024-02-13,Preventive,514.190955110813,2.8520238227390466,"Transmission,Oil Change,Tires",345553,TECH-163,False
MNT-100101,VH-3179,2023-02-12,Preventive,550.9456996098627,1.3105475619098095,Engine,415684,TECH-122,False
MNT-100102,VH-8176,2023-09-23,Preventive,776.9405874682145,3.4571981786617814,Electrical,483386,TECH-159,False
MNT-100103,VH-3278,2023-03-14,Preventive,634.3889709769079,1.0,"Tires,Brakes",330054,TECH-149,True
MNT-100104,VH-3179,2024-04-20,Preventive,463.48021868719127,2.2449516812275983,"Transmission,Oil Change",268740,TECH-124,False
MNT-100105,VH-3776,2023-10-29,Corrective,1255.286699569794,17.224600632231393,"HVAC,Brakes",367524,TECH-144,False
MNT-100106,VH-4890,2023-06-29,Corrective,1189.7952112974385,33.494840300613745,"Brakes,Electrical,Transmission",227319,TECH-108,False
MNT-100107,VH-3348,2024-04-03,Preventive,626.052434340133,5.624207125115424,Transmission,291246,TECH-157,False
MNT-100108,VH-7922,2023-03-26,Corrective,1821.8778425611954,11.586533877086659,Electrical,191288,TECH-190,False
MNT-100109,VH-9710,2023-07-12,Preventive,436.90591622408186,1.0,"Tires,Brakes,Electrical",347035,TECH-152,True
MNT-100110,VH-7929,2023-09-18,Preventive,594.7256120542997,8.613671924440473,Tires,425590,TECH-181,False
MNT-100111,VH-3179,2024-09-17,Preventive,430.6752746477995,6.321852719998819,"Oil Change,Engine,Tires",361768,TECH-110,False
MNT-100112,VH-8103,2023-03-26,Corrective,476.32417560710417,13.718710438902892,"Oil Change,Tires,Electrical",492438,TECH-166,False
MNT-100113,VH-8316,2023-02-01,Preventive,285.4436243772584,1.0,Transmission,265328,TECH-101,False
MNT-100114,VH-8866,2023-07-01,Corrective,752.4018025719051,1.3048075812213398,Engine,253761,TECH-175,False
MNT-100115,VH-7311,2024-03-19,Corrective,1083.9170749749617,5.169627864310666,Tires,74269,TECH-192,False
MNT-100116,VH-5991,2024-12-16,Preventive,666.4473501360476,12.48271754210399,Transmission,187742,TECH-174,True
MNT-100117,VH-9948,2024-06-22,Preventive,315.3405473257196,6.0434802322543915,"Brakes,Electrical,Suspension",342977,TECH-121,False
MNT-100118,VH-6106,2023-07-03,Preventive,443.59511324312365,1.0,"Electrical,Transmission,Brakes",260604,TECH-158,True
MNT-100119,VH-3814,2024-02-16,Preventive,546.2689750320958,5.517183838353264,"Engine,Oil Change",124668,TECH-116,True
MNT-100120,VH-8857,2023-02-21,Preventive,645.1345354562641,10.568152329337147,"Electrical,Engine,Tires",161609,TECH-174,True
MNT-100121,VH-6346,2023-05-26,Preventive,357.38008413685475,1.0,"Suspension,Engine",239007,TECH-194,False
MNT-100122,VH-4042,2023-03-28,Preventive,763.847535660323,9.773287190394402,Electrical,358459,TECH-160,True
MNT-100123,VH-4106,2023-09-10,Corrective,1412.1104170691337,4.13065067079783,"Electrical,Tires",436222,TECH-197,False
MNT-100124,VH-3671,2024-11-26,Preventive,412.1298113814444,7.0678183863538,Transmission,428108,TECH-114,False
MNT-100125,VH-8176,2023-08-14,Preventive,252.85629235117793,1.0,HVAC,263101,TECH-189,True
MNT-100126,VH-8563,2024-09-26,Preventive,436.19639901238116,2.7597683821857086,Oil Change,403426,TECH-135,False
MNT-100127,VH-5684,2024-10-18,Preventive,686.3950212824632,1.566818326893178,"Electrical,Oil Change",392185,TECH-135,False
MNT-100128,VH-9522,2024-11-25,Corrective,1047.9296141850123,19.5908949057184,"Suspension,Oil Change,Brakes",494983,TECH-175,False
MNT-100129,VH-3817,2023-06-05,Corrective,1199.5681609007243,3.057562970878069,"Tires,HVAC",228223,TECH-189,False
MNT-100130,VH-3233,2023-01-23,Corrective,988.3659021529012,4.729825614206245,HVAC,265103,TECH-148,True
MNT-100131,VH-8468,2023-10-25,Corrective,1489.8796496657997,12.12365193540443,Brakes,491190,TECH-170,True
MNT-100132,VH-2910,2023-06-06,Preventive,599.2906433567331,1.9501107794725505,Engine,134618,TECH-165,False
MNT-100133,VH-2489,2024-06-04,Corrective,1808.6119802871165,1.0,"Suspension,HVAC",478154,TECH-127,True
MNT-100134,VH-2549,2023-05-08,Preventive,281.2087437295537,6.988428139886003,"Electrical,HVAC",95988,TECH-132,False
MNT-100135,VH-6346,2024-05-26,Emergency,2746.6943289384412,18.875576937480346,"Engine,Brakes",355092,TECH-173,False
MNT-100136,VH-8593,2024-09-18,Preventive,644.3842294050799,1.348392864497279,Engine,57292,TECH-133,False
MNT-100137,VH-2489,2023-12-12,Preventive,418.5212514208433,6.36355455096404,"Transmission,Suspension",128738,TECH-130,False
MNT-100138,VH-9772,2023-06-10,Emergency,3168.1980439472954,35.15790924681257,"Brakes,Electrical,Tires",466004,TECH-180,True
MNT-100139,VH-1093,2023-12-12,Preventive,539.3302671352898,9.245285797307563,HVAC,55485,TECH-139,True
MNT-100140,VH-6835,2024-10-23,Corrective,822.4561032314245,32.470957040260615,Tires,345397,TECH-189,False
MNT-100141,VH-7359,2024-01-08,Preventive,405.0855121291588,2.497874510756055,"Electrical,HVAC",141702,TECH-113,False
MNT-100142,VH-2559,2024-08-19,Preventive,517.6824437698727,1.2799442488457304,Brakes,183137,TECH-141,True
MNT-100143,VH-4890,2023-12-04,Corrective,1337.6495007478488,6.855696403600369,"HVAC,Tires",130432,TECH-109,False
MNT-100144,VH-1461,2023-06-26,Corrective,1842.2094278180393,36.85904216153081,Electrical,485579,TECH-142,False
MNT-100145,VH-3092,2023-05-09,Preventive,225.58113932705862,1.0,"Engine,Tires",50828,TECH-193,True
MNT-100146,VH-5717,2023-01-05,Preventive,505.16313473076104,1.874331891090035,HVAC,254776,TECH-181,False
MNT-100147,VH-2690,2023-04-20,Emergency,1981.080783023368,68.49627896610086,"Oil Change,Engine,Brakes",235179,TECH-164,False
MNT-100148,VH-6605,2024-10-22,Preventive,531.8637186537309,2.4880252343545584,"Engine,Tires,Transmission",381304,TECH-155,True
MNT-100149,VH-8445,2023-10-08,Corrective,1425.453998540626,8.556159982871904,HVAC,148190,TECH-115,False
MNT-100150,VH-1835,2023-10-05,Corrective,748.2265240802647,12.976766812369094,"Transmission,Oil Change,Brakes",107530,TECH-136,False
MNT-100151,VH-2549,2023-08-12,Preventive,410.7224777046186,2.881407363121451,"Engine,Tires",29436,TECH-158,False
MNT-100152,VH-1835,2024-07-31,Scheduled,354.5096434323231,2.3651732492860544,Engine,181946,TECH-141,False
MNT-100153,VH-4753,2024-03-21,Preventive,473.0034271362696,6.642449414584654,"Electrical,Oil Change,Tires",154978,TECH-168,False
MNT-100154,VH-4247,2024-08-18,Corrective,1339.9794991257472,5.212554572665249,Electrical,197509,TECH-157,False
MNT-100155,VH-9274,2024-09-21,Corrective,1033.1825979059704,4.895504125889485,"Brakes,Tires",61552,TECH-141,False
MNT-100156,VH-1999,2023-11-18,Corrective,843.862143474372,6.521492514554046,"Transmission,Engine",416563,TECH-130,True
MNT-100157,VH-5282,2023-09-20,Corrective,1600.2856747763774,9.786137755371907,"Suspension,Engine",368097,TECH-138,True
MNT-100158,VH-5912,2024-08-18,Emergency,2358.681579033194,3.8242583952824933,HVAC,148462,TECH-100,False
MNT-100159,VH-6346,2023-04-08,Preventive,624.402463321587,4.796684944281091,"Oil Change,Brakes",273074,TECH-197,False
MNT-100160,VH-4688,2023-04-04,Preventive,527.8677097235984,1.0,Oil Change,247503,TECH-170,False
MNT-100161,VH-3125,2023-05-17,Scheduled,266.79476033280474,5.6668150145639125,"Engine,Oil Change",390989,TECH-102,False
MNT-100162,VH-6605,2023-10-11,Corrective,961.693013452106,4.506648724531642,"HVAC,Engine,Brakes",449496,TECH-109,False
MNT-100163,VH-8959,2024-08-01,Corrective,569.3740092464903,13.599646605329415,"Engine,Brakes",25226,TECH-199,False
MNT-100164,VH-1789,2023-06-02,Preventive,610.7784330968249,4.412004469571462,Engine,293502,TECH-151,False
MNT-100165,VH-2391,2023-08-11,Preventive,625.0729660184292,1.0,"HVAC,Tires",402035,TECH-179,False
MNT-100166,VH-5028,2024-01-08,Preventive,740.856731796435,1.0,"Electrical,Transmission,Brakes",140017,TECH-122,True
MNT-100167,VH-7807,2023-02-22,Corrective,2326.3326866289017,32.114426464646705,Suspension,410711,TECH-140,True
MNT-100168,VH-6775,2023-04-28,Scheduled,327.5706083981161,3.8568554090595257,"Electrical,Oil Change,Tires",494228,TECH-197,False
MNT-100169,VH-1475,2023-08-01,Preventive,446.7407708030896,2.145383223052547,HVAC,124977,TECH-190,False
MNT-100170,VH-7686,2023-10-19,Corrective,1912.8997391168884,18.437385631443217,"Tires,Suspension",22898,TECH-116,True
MNT-100171,VH-7693,2024-02-05,Corrective,1234.9615059151058,9.505102817728993,HVAC,185009,TECH-154,False
MNT-100172,VH-7807,2024-08-30,Emergency,2695.7374849387625,7.423577063866099,"HVAC,Tires,Engine",220346,TECH-155,True
MNT-100173,VH-4862,2024-03-26,Emergency,2612.46363563577,41.15819035628085,"Brakes,Electrical",115069,TECH-196,False
MNT-100174,VH-5450,2023-10-05,Preventive,236.28517984146555,8.147090404110111,"Transmission,Tires",275648,TECH-107,False
MNT-100175,VH-5868,2024-08-26,Preventive,384.50513881597146,6.144297590689336,Transmission,427698,TECH-198,True
MNT-100176,VH-4753,2024-04-25,Preventive,805.1538089078542,1.1521196941087115,Transmission,465546,TECH-198,False
MNT-100177,VH-5282,2024-10-19,Scheduled,260.74839390996016,5.26311219605538,"Electrical,Suspension",184964,TECH-133,False
MNT-100178,VH-5714,2023-07-08,Scheduled,273.470784754072,1.0,"Tires,Electrical,HVAC",277959,TECH-104,False
MNT-100179,VH-5991,2023-05-18,Preventive,635.8544987459115,1.5758371529463144,"Tires,Electrical,Transmission",88676,TECH-177,True
MNT-100180,VH-1008,2023-02-24,Corrective,593.9696685270675,6.995975292863367,"Electrical,Engine,HVAC",410729,TECH-150,False
MNT-100181,VH-5717,2024-08-23,Preventive,449.8834667421756,3.089028625034755,Oil Change,434024,TECH-114,True
MNT-100182,VH-1092,2024-04-03,Corrective,1388.6145864826826,1.9009704429497556,"Tires,Oil Change,Transmission",73924,TECH-123,False
MNT-100183,VH-9432,2024-12-20,Preventive,463.0384904099749,1.0,"HVAC,Electrical",137353,TECH-165,False
MNT-100184,VH-9274,2023-05-19,Preventive,465.3385194624993,1.0,Brakes,421919,TECH-175,False
MNT-100185,VH-7311,2023-06-24,Preventive,313.8725274426674,2.2676464305258355,Transmission,96196,TECH-110,False
MNT-100186,VH-8176,2024-07-03,Preventive,236.84406889292154,9.206519569049856,"HVAC,Tires",463958,TECH-176,False
MNT-100187,VH-2489,2024-04-10,Preventive,583.0640808810367,3.795086467790451,"Oil Change,HVAC,Suspension",495218,TECH-172,False
MNT-100188,VH-1215,2023-07-28,Preventive,639.2910220750869,1.0,"Oil Change,Electrical,Engine",474467,TECH-112,False
MNT-100189,VH-9682,2023-07-19,Preventive,490.07689379179743,4.390497022489681,"Electrical,Engine,HVAC",134876,TECH-118,True
MNT-100190,VH-7807,2023-08-01,Scheduled,199.63774319691726,1.0,"Engine,Oil Change,Electrical",49891,TECH-187,False
MNT-100191,VH-4976,2023-02-14,Corrective,1504.2628858563282,6.301391095100369,"Electrical,Tires,Suspension",463270,TECH-171,True
MNT-100192,VH-3540,2023-12-25,Emergency,2659.2466119149376,7.2844560273967875,"Electrical,Transmission",249467,TECH-165,False
MNT-100193,VH-9008,2024-10-15,Preventive,385.21404740858395,6.595565634458559,"Suspension,Engine,Electrical",426138,TECH-187,True
MNT-100194,VH-4740,2023-05-18,Corrective,857.8433839999412,19.450268828237036,"HVAC,Brakes,Engine",447338,TECH-127,False
MNT-100195,VH-3605,2023-05-17,Scheduled,450.6341490930028,1.0,Tires,113872,TECH-135,False
MNT-100196,VH-1823,2024-06-25,Corrective,1936.9515852842803,1.0,Electrical,475497,TECH-103,False
MNT-100197,VH-9029,2023-08-22,Emergency,3302.0505749274225,23.37755036780467,"Engine,Electrical",307015,TECH-187,False
MNT-100198,VH-1366,2023-05-04,Preventive,635.9748943982771,3.056145816668429,Brakes,242853,TECH-177,False
MNT-100199,VH-1072,2024-01-10,Scheduled,272.63986318994796,2.1151926728882633,"Tires,Brakes,HVAC",187356,TECH-123,True
MNT-100200,VH-2410,2024-01-12,Preventive,330.3739893146335,7.695861821916346,Suspension,346972,TECH-124,True
MNT-100201,VH-5635,2023-05-11,Preventive,528.5532689227382,5.301060329604207,"Brakes,Oil Change,Tires",195396,TECH-129,False
MNT-100202,VH-6463,2024-12-15,Preventive,231.21171149747857,5.543642857090762,"Brakes,HVAC,Engine",354406,TECH-135,True
MNT-100203,VH-6908,2023-03-23,Corrective,708.5577833553356,2.984274955346334,"Transmission,Engine,Brakes",90037,TECH-120,False
MNT-100204,VH-7688,2024-09-16,Emergency,1811.2044098223869,28.602300599375127,HVAC,200032,TECH-187,False
MNT-100205,VH-2625,2023-11-29,Preventive,649.0671154882534,5.302661963246114,Electrical,488466,TECH-107,False
MNT-100206,VH-6636,2024-08-21,Preventive,665.7560463869346,4.117393697845638,HVAC,154993,TECH-165,False
MNT-100207,VH-6963,2023-02-19,Preventive,509.8753945954557,10.814369481369503,"Brakes,Transmission,Electrical",182949,TECH-112,False
MNT-100208,VH-3233,2024-11-06,Preventive,526.653105642266,3.3068212357009945,"Transmission,Electrical",366644,TECH-196,False
MNT-100209,VH-8790,2024-03-06,Preventive,379.7757574889015,6.616551506417331,Tires,492218,TECH-156,False
MNT-100210,VH-2625,2023-08-03,Scheduled,352.8755999746559,1.0,"Engine,Brakes,Electrical",486848,TECH-129,False
MNT-100211,VH-2361,2024-12-16,Preventive,550.6645750271182,5.430385924065789,"Tires,Transmission",244713,TECH-152,False
MNT-100212,VH-8547,2024-10-18,Emergency,1490.5963149733543,13.656379269848438,"Engine,Suspension",348565,TECH-142,False
MNT-100213,VH-7929,2023-06-30,Corrective,1356.5041073831578,26.342612647680017,"Electrical,Suspension,Engine",367482,TECH-126,False
MNT-100214,VH-9723,2024-01-19,Scheduled,404.85823641978607,1.0,"Transmission,Suspension,Engine",180663,TECH-147,True
MNT-100215,VH-4976,2024-06-21,Corrective,1181.9204226852999,11.05887120075694,"HVAC,Electrical",165614,TECH-139,True
MNT-100216,VH-3927,2023-08-26,Preventive,529.9170893562163,4.642260215461857,HVAC,291707,TECH-178,False
MNT-100217,VH-1093,2023-09-22,Scheduled,459.28190247745914,1.0,"Suspension,Brakes",366435,TECH-196,True
MNT-100218,VH-4247,2023-06-09,Emergency,3099.064456103614,1.0,Oil Change,348982,TECH-134,False
MNT-100219,VH-6037,2023-11-20,Preventive,362.72556422952374,2.2507262149068374,Engine,378033,TECH-146,False
MNT-100220,VH-8923,2024-01-03,Emergency,1944.005601089563,30.967059288520492,Transmission,229661,TECH-188,False
MNT-100221,VH-8959,2023-09-27,Emergency,2149.852897110421,23.812078189275738,Brakes,428967,TECH-188,False
MNT-100222,VH-3540,2024-11-24,Corrective,511.40963985710994,25.685974536222346,"Suspension,Brakes,HVAC",232605,TECH-117,True
MNT-100223,VH-9772,2024-08-31,Preventive,155.53257792757438,14.849028071226808,"Electrical,Transmission,Brakes",266954,TECH-112,True
MNT-100224,VH-4740,2023-10-15,Preventive,318.5075557422326,11.362869966456723,"Suspension,Engine",374638,TECH-162,False
MNT-100225,VH-4890,2023-05-03,Preventive,322.2256146794483,9.21853334128899,"Transmission,Engine",380625,TECH-104,False
MNT-100226,VH-6346,2024-02-10,Preventive,555.5514888126625,1.0,Engine,112510,TECH-104,False
MNT-100227,VH-5912,2023-06-19,Preventive,383.6220539685256,11.208881783641022,"Oil Change,Engine,Tires",125459,TECH-125,False
MNT-100228,VH-3919,2024-11-23,Preventive,333.09435840270936,2.624203229689213,"Oil Change,Engine,HVAC",88774,TECH-157,False
MNT-100229,VH-2357,2023-02-06,Corrective,984.0186877168903,1.0831496886215102,"Brakes,HVAC,Engine",248387,TECH-127,True
MNT-100230,VH-9029,2024-09-06,Preventive,327.50345545793243,1.397149315633639,"HVAC,Engine",318098,TECH-118,True
MNT-100231,VH-8176,2023-11-06,Preventive,429.17592963348955,1.1728242728502185,Suspension,490439,TECH-102,False
MNT-100232,VH-2084,2023-01-03,Preventive,519.405992463905,9.683304893050236,"Tires,Suspension,Oil Change",165779,TECH-187,False
MNT-100233,VH-6019,2023-01-16,Preventive,433.27070277871724,1.7509426381165303,"Oil Change,Engine,HVAC",107440,TECH-184,False
MNT-100234,VH-6037,2024-03-30,Scheduled,314.67217446807325,2.458005229903856,Transmission,237822,TECH-175,False
MNT-100235,VH-1835,2023-10-04,Preventive,218.1912976314165,4.5226348446499385,Brakes,451562,TECH-179,False
MNT-100236,VH-2084,2024-08-18,Preventive,479.1737211535986,3.2584883513984035,Engine,297411,TECH-181,True
MNT-100237,VH-6323,2023-11-15,Corrective,1949.2715073323525,2.179002995797148,"HVAC,Engine,Oil Change",347891,TECH-195,True
MNT-100238,VH-9772,2023-01-27,Corrective,537.4013804998439,3.432046819612304,"HVAC,Electrical",63004,TECH-161,False
MNT-100239,VH-9723,2024-12-30,Preventive,338.4170171580189,1.7725042828017865,HVAC,442600,TECH-167,False
MNT-100240,VH-1475,2024-07-28,Corrective,950.3555618620736,5.6624946996454,"Oil Change,Tires",314230,TECH-165,True
MNT-100241,VH-5547,2024-05-22,Corrective,973.8527050880296,4.276004922263167,"Oil Change,Engine,HVAC",442093,TECH-173,False
MNT-100242,VH-5360,2023-08-25,Preventive,502.97752587123136,1.0,"Brakes,Transmission,Tires",326275,TECH-163,False
MNT-100243,VH-3214,2024-08-26,Preventive,341.71582301625347,1.0,Tires,357929,TECH-146,True
MNT-100244,VH-4688,2024-01-07,Preventive,565.3042483314181,5.390747255115007,"Engine,Suspension",261252,TECH-132,True
MNT-100245,VH-8176,2024-01-05,Corrective,940.3203083002727,1.8463880799279124,"HVAC,Engine,Tires",137272,TECH-104,False
MNT-100246,VH-2216,2023-11-23,Emergency,2299.068293535171,1.0,Tires,477352,TECH-112,False
MNT-100247,VH-8176,2023-04-23,Corrective,1808.806721902552,17.407819759195885,"Tires,Brakes",473782,TECH-118,True
MNT-100248,VH-6636,2023-10-03,Preventive,265.01951759238807,2.5527939734013003,Transmission,376927,TECH-180,False
MNT-100249,VH-6718,2024-06-05,Emergency,1512.8459737051462,15.401793766242616,Tires,444836,TECH-160,True
MNT-100250,VH-4001,2023-10-30,Scheduled,439.35191671262237,1.715282285567755,"HVAC,Oil Change",417786,TECH-172,False
MNT-100251,VH-8918,2024-08-24,Preventive,423.1582956476669,12.3913494630043,"Suspension,Transmission",436302,TECH-122,False
MNT-100252,VH-5028,2023-08-22,Preventive,488.37914220843345,1.8314424637065283,Electrical,462245,TECH-199,False
MNT-100253,VH-4042,2023-10-27,Preventive,489.4527962251382,1.0,"HVAC,Tires",73705,TECH-147,False
MNT-100254,VH-1391,2024-01-19,Preventive,431.26105594879783,6.20419869881086,"Transmission,Electrical",355552,TECH-152,False
MNT-100255,VH-1391,2024-01-17,Corrective,847.518837587306,12.238997930779918,Engine,471440,TECH-192,True
MNT-100256,VH-6709,2024-07-16,Preventive,518.3841995939915,1.139672610782139,Engine,417552,TECH-112,False
MNT-100257,VH-6709,2024-06-18,Corrective,988.3553616801194,3.691783306290589,"Suspension,Electrical,Tires",148877,TECH-155,False
MNT-100258,VH-8918,2024-12-16,Preventive,592.4316812703069,7.751349429000636,"Oil Change,Transmission,Electrical",269712,TECH-110,True
MNT-100259,VH-6253,2024-02-16,Preventive,383.95269345933167,1.0,Electrical,416398,TECH-133,False
MNT-100260,VH-2410,2024-12-07,Preventive,435.04608528171633,12.56830167092395,"Brakes,Suspension,Engine",269333,TECH-121,False
MNT-100261,VH-8547,2023-08-08,Preventive,432.9134218890746,1.0,Transmission,137079,TECH-111,False
MNT-100262,VH-3927,2023-10-01,Preventive,553.387446097388,1.0103509737655305,"Brakes,Engine",331369,TECH-192,False
MNT-100263,VH-8316,2023-08-07,Emergency,2398.647644328116,5.75796625373348,Oil Change,69365,TECH-187,True
MNT-100264,VH-2391,2023-08-03,Corrective,677.1365571264622,19.132865854724866,Tires,332296,TECH-143,False
MNT-100265,VH-2357,2024-04-30,Emergency,1573.674531888138,18.05543441807545,Engine,123105,TECH-175,True
MNT-100266,VH-4740,2023-02-12,Preventive,854.7226033759107,5.6409234331361615,"HVAC,Engine,Tires",67577,TECH-120,False
MNT-100267,VH-9008,2023-11-09,Corrective,1325.9672428657468,36.47227117602627,"Suspension,Transmission,Oil Change",401455,TECH-144,True
MNT-100268,VH-3540,2024-04-11,Preventive,493.55173408532056,2.0890582981283927,"Tires,Transmission",244810,TECH-191,False
MNT-100269,VH-8547,2024-03-28,Corrective,1335.6678438277145,6.992651773929474,"Suspension,Engine,Brakes",343879,TECH-122,True
MNT-100270,VH-1844,2024-08-04,Preventive,536.1387394786198,1.0,"Transmission,Engine,Tires",182095,TECH-154,True
MNT-100271,VH-1461,2024-09-10,Preventive,595.2604363727809,1.8786549003087578,Transmission,37707,TECH-148,False
MNT-100272,VH-4057,2023-03-09,Preventive,402.4973973516304,1.0,"HVAC,Suspension",389687,TECH-156,True
MNT-100273,VH-7693,2023-07-24,Preventive,430.5144667668344,5.399541054994904,Engine,168528,TECH-184,False
MNT-100274,VH-3588,2023-04-01,Preventive,459.4163334212361,4.853956537993017,"Oil Change,Suspension",69732,TECH-135,False
MNT-100275,VH-7162,2023-10-20,Preventive,539.2133116115655,5.3369874042820795,"Tires,Electrical",52363,TECH-109,False
MNT-100276,VH-2391,2024-06-20,Emergency,3632.106117485392,41.423585674318325,"Electrical,Transmission,Tires",24799,TECH-188,False
MNT-100277,VH-3278,2024-07-24,Corrective,1231.387902442596,1.0,"Transmission,Tires,Suspension",345088,TECH-137,True
MNT-100278,VH-3450,2023-05-18,Preventive,427.40716243651855,16.485654182600502,"Engine,Suspension,Electrical",495339,TECH-135,False
MNT-100279,VH-1823,2024-02-14,Corrective,1166.324255163853,11.619741984559294,"Electrical,Tires",484825,TECH-170,False
MNT-100280,VH-4688,2024-09-23,Corrective,746.2923565436405,2.96688433681507,"HVAC,Engine,Brakes",15787,TECH-190,False
MNT-100281,VH-6709,2024-07-17,Corrective,776.5418280017902,1.3424549777118726,"Engine,Tires",18948,TECH-180,False
MNT-100282,VH-8653,2024-12-03,Preventive,631.8722278922693,1.0,"Electrical,Tires",375593,TECH-139,True
MNT-100283,VH-9393,2023-06-04,Preventive,493.1560596386512,1.0,Oil Change,334318,TECH-104,True
MNT-100284,VH-1461,2024-06-12,Preventive,764.8662767246649,10.74687273039575,"Tires,Transmission",146924,TECH-115,False
MNT-100285,VH-9432,2024-06-14,Preventive,333.86767085804024,6.182508259674479,HVAC,488114,TECH-149,False
MNT-100286,VH-5386,2024-11-15,Scheduled,438.8461310375069,2.832428372895488,Brakes,152480,TECH-116,True
MNT-100287,VH-6835,2024-01-10,Preventive,814.1034507993464,5.137443693744093,"Transmission,Tires,Electrical",82169,TECH-198,False
MNT-100288,VH-2372,2024-10-05,Preventive,705.1342856935235,16.939712581809257,"Engine,Electrical",270560,TECH-165,False
MNT-100289,VH-5670,2024-11-06,Preventive,731.804463842912,5.632769080459864,"HVAC,Oil Change",327292,TECH-192,False
MNT-100290,VH-5360,2023-12-27,Corrective,1439.7952579726502,6.888951950030348,Brakes,377935,TECH-158,False
MNT-100291,VH-8593,2024-01-03,Preventive,563.6751035145626,1.0,"Tires,HVAC",317247,TECH-102,True
MNT-100292,VH-4743,2024-05-23,Preventive,477.7103236882237,5.793013602800684,"Engine,Electrical,HVAC",87968,TECH-117,True
MNT-100293,VH-1461,2023-07-01,Corrective,1268.3071918291332,7.48952710788948,"Transmission,Oil Change",260654,TECH-195,False
MNT-100294,VH-8923,2023-12-09,Scheduled,370.4287001776258,2.1466366428727546,"Brakes,Engine,Suspension",308380,TECH-197,False
MNT-100295,VH-2290,2023-05-01,Corrective,1218.5719889396084,26.55790204050411,"Suspension,Oil Change,Brakes",387574,TECH-180,False
MNT-100296,VH-2690,2024-10-21,Corrective,1567.7325001108652,2.0920561539837292,"Suspension,Engine,Oil Change",110379,TECH-160,False
MNT-100297,VH-7136,2023-07-07,Preventive,539.5637633682043,1.0,"Oil Change,Brakes",155593,TECH-147,False
MNT-100298,VH-1620,2024-09-26,Preventive,572.059838437474,7.792142462776178,"Engine,Suspension,Brakes",75201,TECH-156,False
MNT-100299,VH-3547,2024-03-01,Corrective,1028.2663751871896,4.986631436049342,Electrical,127140,TECH-176,False
MNT-100300,VH-5478,2024-10-31,Corrective,1329.9570320710252,35.260077798455455,"HVAC,Transmission",425098,TECH-154,True
MNT-100301,VH-4740,2023-10-29,Preventive,424.6664750302711,4.555181064004439,Oil Change,22206,TECH-161,False
MNT-100302,VH-4106,2023-12-09,Preventive,665.8581491713735,3.859948631538702,"Brakes,Transmission,HVAC",183520,TECH-123,False
MNT-100303,VH-5714,2023-06-07,Preventive,454.4461672069509,1.4313113435510636,Electrical,363896,TECH-178,False
MNT-100304,VH-7918,2023-05-23,Preventive,588.2278720576155,1.6619916009504425,"Oil Change,HVAC",397564,TECH-161,True
MNT-100305,VH-2216,2023-09-17,Preventive,606.0744929850713,6.181767083571113,"Oil Change,Transmission,Suspension",462863,TECH-118,False
MNT-100306,VH-2559,2024-07-31,Corrective,697.1417922755447,34.19850631659844,"HVAC,Tires,Transmission",444282,TECH-145,False
MNT-100307,VH-2216,2024-10-05,Preventive,161.32190524311096,3.6966363512946074,"Suspension,Engine,Oil Change",402187,TECH-138,False
MNT-100308,VH-1169,2023-11-20,Preventive,652.8088128781089,6.155418473151608,"Oil Change,Tires,Electrical",450430,TECH-180,False
MNT-100309,VH-1823,2024-04-30,Preventive,408.5655922885337,4.880058896705554,HVAC,199541,TECH-171,False
MNT-100310,VH-8547,2024-07-05,Preventive,540.867528017724,6.21033146647676,"Transmission,Oil Change",23808,TECH-122,False
MNT-100311,VH-3540,2023-06-24,Preventive,386.9152046654101,1.0,"Brakes,Transmission,Tires",91251,TECH-138,False
MNT-100312,VH-8593,2024-04-28,Preventive,540.5698167805722,4.854584591785828,"Tires,Engine,Transmission",232942,TECH-115,True
MNT-100313,VH-2357,2023-05-03,Preventive,624.8892062710983,1.0,"Engine,Tires,Suspension",350051,TECH-143,False
MNT-100314,VH-4753,2024-05-25,Corrective,1538.6999611497833,1.0,HVAC,288265,TECH-150,True
MNT-100315,VH-5056,2023-07-09,Preventive,346.32100081278475,4.089241087043069,HVAC,121529,TECH-169,False
MNT-100316,VH-9035,2023-03-16,Corrective,1533.6281539857493,8.777634177582748,"Oil Change,Suspension",238329,TECH-133,False
MNT-100317,VH-5478,2023-11-22,Corrective,569.7369198720369,11.254485684195638,"Tires,Transmission,Suspension",427168,TECH-198,True
MNT-100318,VH-4042,2024-03-30,Preventive,562.3585959690186,1.9233206935990326,Engine,416545,TECH-189,False
MNT-100319,VH-7162,2023-05-03,Preventive,605.7854359366172,4.272068140990457,HVAC,281999,TECH-166,False
MNT-100320,VH-9646,2023-10-11,Preventive,347.47973740348004,15.591320624353264,Electrical,157758,TECH-126,False
MNT-100321,VH-2536,2023-01-20,Preventive,437.82882261409867,1.738892323799035,"Brakes,Electrical",268366,TECH-183,False
MNT-100322,VH-7807,2024-08-26,Preventive,204.083078506689,1.009081173981929,"Electrical,HVAC,Engine",476091,TECH-174,False
MNT-100323,VH-9710,2024-02-06,Corrective,1167.6816450939511,10.351188398062046,Electrical,83004,TECH-139,True
MNT-100324,VH-9522,2023-05-24,Preventive,615.3221136398919,3.122479182660384,"HVAC,Brakes,Engine",192138,TECH-163,True
MNT-100325,VH-3605,2024-10-17,Emergency,3815.3030135957847,1.7963874333310799,"Transmission,Engine",86030,TECH-115,False
MNT-100326,VH-8790,2024-06-12,Corrective,856.7302072718876,1.0,Engine,342612,TECH-129,False
MNT-100327,VH-4042,2023-09-15,Preventive,666.8061479807752,2.2340239440497767,"Brakes,Suspension",312585,TECH-125,False
MNT-100328,VH-2625,2023-12-11,Preventive,506.9799077124042,2.031419989178881,Suspension,419331,TECH-196,False
MNT-100329,VH-5282,2024-03-04,Scheduled,340.9149192046625,2.77644691405289,"Engine,Tires",343698,TECH-148,False
MNT-100330,VH-2506,2023-04-05,Corrective,964.7853111600783,1.0,Brakes,107821,TECH-163,True
MNT-100331,VH-4740,2024-11-14,Preventive,526.9381914620134,4.674718621517041,"Brakes,Transmission",454834,TECH-158,True
MNT-100332,VH-6985,2024-02-22,Preventive,399.6138878973939,1.0,Transmission,56260,TECH-194,False
MNT-100333,VH-5991,2024-09-25,Preventive,663.0225271306251,1.0,"HVAC,Oil Change",45378,TECH-146,True
MNT-100334,VH-3179,2024-08-25,Preventive,586.1060000171911,1.2497117403045512,"Tires,Electrical,Suspension",96409,TECH-106,False
MNT-100335,VH-4862,2024-10-23,Corrective,1418.2251959678385,6.047042640010439,"Tires,Engine",380844,TECH-106,True
MNT-100336,VH-9516,2023-06-29,Emergency,2371.0676519292733,1.0,"Electrical,Suspension,Tires",128774,TECH-108,False
MNT-100337,VH-8296,2024-11-23,Preventive,117.97402210657202,16.42457480557694,Electrical,433703,TECH-155,False
MNT-100338,VH-7166,2023-07-10,Scheduled,459.5797887249244,2.359031462811658,HVAC,194216,TECH-187,True
MNT-100339,VH-6718,2023-04-10,Scheduled,229.653364291267,1.3984566839441317,Tires,73982,TECH-138,True
MNT-100340,VH-5991,2024-07-24,Preventive,456.417289362431,9.425765988788324,HVAC,319873,TECH-163,True
MNT-100341,VH-1835,2023-03-18,Emergency,3686.4537032181834,51.484062637650894,Electrical,291618,TECH-187,False
MNT-100342,VH-6346,2023-06-21,Emergency,2629.8661195902364,10.025704773737209,"HVAC,Brakes",77608,TECH-199,False
MNT-100343,VH-7807,2024-01-17,Corrective,1479.2323062046398,30.99284212363561,"Tires,Transmission,Suspension",230787,TECH-138,False
MNT-100344,VH-5844,2024-03-13,Scheduled,421.96375610283576,1.0,Tires,266203,TECH-199,False
MNT-100345,VH-1844,2024-05-19,Corrective,840.5497291397104,23.157350409896118,"Brakes,Tires,Engine",118299,TECH-188,True
MNT-100346,VH-1093,2023-08-20,Scheduled,328.53867884626135,1.5967491736099044,"Brakes,Transmission",134118,TECH-163,False
MNT-100347,VH-3132,2024-12-18,Scheduled,423.33594891710686,1.2960804685077576,"Tires,Electrical",152797,TECH-123,True
MNT-100348,VH-9029,2023-02-25,Preventive,496.1771378123286,7.082057526152366,"Transmission,Engine,Oil Change",164103,TECH-110,False
MNT-100349,VH-9821,2023-02-14,Scheduled,371.9176329094942,1.1845369280434503,Transmission,188481,TECH-199,False
MNT-100350,VH-8468,2023-08-06,Corrective,1371.6437690721577,3.1160363360441354,"Electrical,Oil Change",352894,TECH-111,True
MNT-100351,VH-2381,2023-06-18,Preventive,522.0240718205386,1.650027271348847,Transmission,341034,TECH-157,False
MNT-100352,VH-6963,2023-04-30,Preventive,477.67715959322067,4.2744185904916945,"Electrical,Engine,Transmission",433452,TECH-114,True
MNT-100353,VH-2084,2024-05-17,Emergency,5149.969550893802,2.9063550378818075,"Oil Change,Suspension",403246,TECH-130,False
MNT-100354,VH-4716,2024-09-30,Preventive,434.7277728407267,1.0,"Suspension,Electrical",374052,TECH-156,False
MNT-100355,VH-1885,2024-11-02,Preventive,578.560981780241,1.3258747442969339,"Transmission,Brakes",175466,TECH-105,False
MNT-100356,VH-7929,2023-07-06,Preventive,410.73386587839855,2.2589575804065363,"Suspension,HVAC",61633,TECH-140,True
MNT-100357,VH-8579,2024-06-06,Preventive,273.1763174363089,5.424904732615309,"Engine,Transmission,Tires",357729,TECH-162,True
MNT-100358,VH-5670,2024-12-27,Corrective,632.0666849358772,26.439109270109032,"Transmission,HVAC,Suspension",43272,TECH-100,True
MNT-100359,VH-5360,2024-04-21,Preventive,447.60265575910694,1.0,Suspension,204748,TECH-110,False
MNT-100360,VH-2084,2023-05-16,Corrective,1473.8062571082703,21.18904383173526,"Electrical,Brakes,HVAC",236715,TECH-108,False
MNT-100361,VH-7136,2024-09-18,Corrective,1455.884710258066,1.0057998322354011,"Transmission,Electrical,Engine",215218,TECH-187,False
MNT-100362,VH-2506,2024-04-09,Preventive,569.7766774368189,8.776473505171028,"HVAC,Brakes,Tires",231502,TECH-126,True
MNT-100363,VH-7918,2024-07-15,Preventive,478.3907650371612,1.0,Brakes,227084,TECH-182,True
MNT-100364,VH-5386,2023-10-23,Corrective,1945.778230197397,11.467318794335071,"Tires,Engine,HVAC",260617,TECH-149,False
MNT-100365,VH-9821,2024-02-21,Corrective,1319.343286159634,12.990706495111265,"Electrical,Tires,Transmission",423801,TECH-187,False
MNT-100366,VH-2690,2024-03-15,Scheduled,212.28251562494543,2.8518731099925185,"Suspension,Engine",371486,TECH-130,False
MNT-100367,VH-5635,2023-05-09,Preventive,550.3024752396867,2.4577747428554177,"Engine,Transmission",127245,TECH-110,True
MNT-100368,VH-3214,2023-10-26,Preventive,785.7248156083444,8.16242144538055,Suspension,41473,TECH-168,False
MNT-100369,VH-3125,2024-05-16,Preventive,527.445611483477,5.148825963155197,Suspension,194201,TECH-152,False
MNT-100370,VH-6473,2023-05-17,Preventive,634.4808290984039,10.326404139984055,"Tires,Brakes,Suspension",380993,TECH-156,False
MNT-100371,VH-4042,2024-05-24,Preventive,547.0060741170905,7.577865492289919,Transmission,254434,TECH-110,False
MNT-100372,VH-2910,2024-11-21,Preventive,703.8615292147311,8.38984841529774,"Electrical,Suspension",163965,TECH-170,True
MNT-100373,VH-3092,2023-02-23,Preventive,479.9141862814656,1.0,"Transmission,Tires",291163,TECH-162,True
MNT-100374,VH-2391,2024-12-11,Emergency,1651.342301383985,26.182853179994886,"HVAC,Tires",63551,TECH-130,False
MNT-100375,VH-4976,2024-08-03,Preventive,507.7789911788503,1.3542387324943896,"Oil Change,HVAC",201667,TECH-173,True
MNT-100376,VH-9723,2024-05-06,Corrective,876.7850669515789,8.510966401203598,"Oil Change,Suspension,Electrical",242884,TECH-195,False
MNT-100377,VH-3814,2023-10-04,Corrective,1345.7498058337098,2.524455502224721,"Suspension,Engine",61786,TECH-115,False
MNT-100378,VH-2422,2023-07-30,Preventive,529.0356349384908,4.849566264701056,"Engine,Suspension",35223,TECH-140,False
MNT-100379,VH-2587,2024-10-25,Preventive,321.15946844018083,1.6682286446407022,Transmission,192904,TECH-133,True
MNT-100380,VH-5450,2023-10-09,Emergency,3625.9370991134033,32.78956275711667,"Suspension,Electrical,Brakes",397352,TECH-186,False
MNT-100381,VH-8296,2024-05-14,Corrective,1396.4006097612294,4.50939204879964,"Electrical,Transmission",253381,TECH-150,False
MNT-100382,VH-8316,2024-11-03,Preventive,580.6180403667331,2.818954903247299,"Electrical,Engine,Brakes",271600,TECH-138,False
MNT-100383,VH-9682,2023-09-22,Corrective,1007.4031665664583,9.655959129994251,"Electrical,Suspension",41628,TECH-199,False
MNT-100384,VH-8425,2024-11-05,Preventive,489.95590471625445,1.0,"HVAC,Transmission",429482,TECH-121,False
MNT-100385,VH-8376,2024-06-03,Preventive,579.5255959077441,1.0,"Oil Change,Brakes,HVAC",67476,TECH-105,False
MNT-100386,VH-5547,2024-10-20,Preventive,488.06266179548425,1.0,"Electrical,Transmission",421791,TECH-139,False
MNT-100387,VH-6106,2024-09-15,Corrective,1174.1777443651993,2.3842803377249675,"Brakes,HVAC,Transmission",467554,TECH-124,False
MNT-100388,VH-8866,2023-03-17,Preventive,401.9293106461598,1.0,Suspension,333568,TECH-164,False
MNT-100389,VH-7807,2023-06-23,Corrective,1647.913838462913,13.746702217848572,"Oil Change,Engine,Suspension",76386,TECH-172,False
MNT-100390,VH-3618,2024-01-20,Preventive,223.73563822724515,5.516674708491145,HVAC,165251,TECH-183,False
MNT-100391,VH-8593,2024-06-08,Corrective,777.2615735708512,20.751940187477384,"Oil Change,Engine",127222,TECH-160,False
MNT-100392,VH-8639,2024-02-06,Preventive,274.50746185603543,5.408720993493189,"Suspension,Oil Change",45221,TECH-129,True
MNT-100393,VH-5635,2024-09-23,Scheduled,492.7010178566544,4.28925558107777,Transmission,89844,TECH-196,True
MNT-100394,VH-4001,2023-05-26,Preventive,502.6838566712129,19.162955851958376,"Electrical,Brakes",202676,TECH-146,True
MNT-100395,VH-7807,2024-06-21,Emergency,2743.481103483768,52.92009525611246,"HVAC,Engine",126197,TECH-147,False
MNT-100396,VH-2549,2024-11-13,Corrective,839.9011186640337,29.49559306317538,"Suspension,Oil Change",341196,TECH-194,True
MNT-100397,VH-3919,2023-11-12,Emergency,2484.4551159486205,8.867764709734617,"Tires,Oil Change",220153,TECH-146,False
MNT-100398,VH-5262,2024-12-21,Corrective,1034.5884426454847,11.560218012581451,"Transmission,Oil Change,Engine",93607,TECH-130,False
MNT-100399,VH-3450,2023-08-04,Preventive,399.23563679224617,1.805983093936346,Tires,270894,TECH-193,True
MNT-100400,VH-1072,2023-03-20,Preventive,373.1262500051157,2.1269331985557165,"Oil Change,Tires,Suspension",323183,TECH-145,False
MNT-100401,VH-1716,2023-02-21,Preventive,444.27616468401675,2.075131164875987,"Brakes,Electrical",54891,TECH-126,False
MNT-100402,VH-2536,2023-08-31,Preventive,416.06436609380233,5.814188884042852,"Transmission,Tires",161581,TECH-110,False
MNT-100403,VH-4042,2023-01-25,Preventive,457.9833487879615,1.5603128351097726,Brakes,77949,TECH-130,False
MNT-100404,VH-5028,2023-04-12,Corrective,1623.6587060513982,2.756625706288935,Tires,260452,TECH-110,False
MNT-100405,VH-6605,2024-10-20,Emergency,2135.4377599904283,91.29582485683287,"Oil Change,Tires",165619,TECH-158,False
MNT-100406,VH-8840,2023-05-08,Corrective,1150.8531174548455,4.320738553637322,HVAC,41554,TECH-139,True
MNT-100407,VH-8593,2024-07-12,Preventive,507.22579965564523,1.0,"Transmission,Suspension",155324,TECH-153,False
MNT-100408,VH-3540,2023-06-24,Corrective,1135.2955464478578,2.15204592878822,Tires,369819,TECH-194,True
MNT-100409,VH-6473,2024-01-02,Preventive,588.2950188286575,2.3129474901091585,"Electrical,Transmission,Suspension",279688,TECH-145,True
MNT-100410,VH-8918,2023-12-28,Scheduled,252.60501693129137,1.8398948745593886,Transmission,304806,TECH-182,False
MNT-100411,VH-1059,2023-02-27,Emergency,2284.1917683799734,9.511680509640026,Transmission,295563,TECH-161,False
MNT-100412,VH-1999,2024-12-15,Corrective,801.6591346555235,9.302653407987282,"Transmission,HVAC",45510,TECH-137,False
MNT-100413,VH-2506,2024-07-06,Preventive,692.093189746696,5.201286244786548,"Brakes,Engine",141565,TECH-122,True
MNT-100414,VH-3967,2023-08-03,Corrective,423.4746079451438,14.79515116630829,"Transmission,Electrical,Brakes",47361,TECH-135,False
MNT-100415,VH-3547,2024-12-07,Emergency,1076.540827551131,24.508470726528223,Brakes,128133,TECH-187,False
MNT-100416,VH-6775,2024-01-28,Preventive,235.27471727656757,2.0677299395951567,"HVAC,Electrical",452094,TECH-195,False
MNT-100417,VH-5226,2023-08-25,Corrective,1253.9864280637705,4.7889555576140745,Engine,451922,TECH-196,False
MNT-100418,VH-7359,2024-09-27,Preventive,432.4095084219944,1.0,"Tires,Oil Change",435286,TECH-197,False
MNT-100419,VH-3450,2023-06-27,Preventive,752.9200213717431,2.9744373526536148,"Suspension,Engine,Oil Change",486835,TECH-176,False
MNT-100420,VH-2393,2023-12-05,Corrective,1385.6805023835736,12.594999198650104,"Oil Change,Transmission",343641,TECH-173,False
MNT-100421,VH-2625,2024-03-26,Preventive,741.6114725269701,6.080425296949354,"Suspension,Oil Change,Transmission",361131,TECH-100,True
MNT-100422,VH-3132,2024-12-07,Preventive,281.6936544988481,2.1246730902619437,"Transmission,Oil Change",313282,TECH-101,True
MNT-100423,VH-2381,2024-03-02,Preventive,454.16538192950117,2.007837904150886,Suspension,99983,TECH-181,False
MNT-100424,VH-8857,2023-08-21,Preventive,539.7655540089934,2.887710062444353,Suspension,355940,TECH-144,False
MNT-100425,VH-7688,2024-05-26,Preventive,503.8647213367643,1.7320641664670298,Oil Change,134639,TECH-164,True
MNT-100426,VH-3776,2023-02-12,Corrective,1064.1708339780955,2.594115377654527,"Brakes,Transmission",378211,TECH-145,False
MNT-100427,VH-8653,2023-06-04,Corrective,977.3577351463377,32.46508753268375,Electrical,43345,TECH-119,True
MNT-100428,VH-4247,2023-05-24,Preventive,726.8518175807444,5.573478037824712,"Oil Change,Transmission",175084,TECH-149,False
MNT-100429,VH-2290,2024-11-24,Preventive,509.3773410617551,14.966025834264425,Tires,378877,TECH-118,False
MNT-100430,VH-8468,2023-01-03,Preventive,405.0608015216116,1.0,"HVAC,Tires,Engine",64117,TECH-181,False
MNT-100431,VH-5672,2024-04-04,Preventive,753.9545650851618,2.2949076398872275,"Brakes,Engine",112628,TECH-157,False
MNT-100432,VH-3814,2023-01-29,Scheduled,416.33405437403906,1.0,"Transmission,Suspension,Engine",358435,TECH-147,False
MNT-100433,VH-8316,2024-07-09,Preventive,424.74447721012456,1.2421833828365785,"Electrical,Engine",341041,TECH-151,False
MNT-100434,VH-5226,2024-04-07,Scheduled,206.77744872320287,6.613036500601266,"Brakes,HVAC,Transmission",246708,TECH-127,False
MNT-100435,VH-4940,2024-03-11,Emergency,1932.1396988622312,13.279287949398537,"Engine,Suspension",429490,TECH-102,True
MNT-100436,VH-1420,2024-03-17,Preventive,177.33407650191435,3.577680118782413,HVAC,333067,TECH-159,True
MNT-100437,VH-7311,2024-06-11,Emergency,2866.7628350433138,4.890090917242395,"HVAC,Suspension,Tires",100927,TECH-160,False
MNT-100438,VH-7922,2023-07-11,Corrective,1730.7315177892892,9.81999793825322,"Tires,Engine",172660,TECH-151,False
MNT-100439,VH-8866,2023-01-15,Corrective,1203.144432336949,30.360962103392183,"Engine,Suspension",112364,TECH-125,True
MNT-100440,VH-3547,2024-10-08,Preventive,530.715393426115,1.738287119475908,"Transmission,Suspension,Tires",95248,TECH-138,False
MNT-100441,VH-1468,2024-09-10,Corrective,959.1250190141101,35.631884603843034,"Transmission,Oil Change,HVAC",370290,TECH-194,True
MNT-100442,VH-8441,2024-10-04,Preventive,600.5217974526181,2.9464597924249047,"Brakes,Suspension",434434,TECH-117,False
MNT-100443,VH-1475,2023-12-09,Corrective,936.5713763095025,1.0,"Engine,Oil Change,Brakes",393042,TECH-140,False
MNT-100444,VH-2216,2023-05-26,Preventive,567.5924674774545,1.0,"Brakes,HVAC",308810,TECH-161,False
MNT-100445,VH-2506,2024-10-04,Scheduled,399.57098941556455,4.095264545156975,"Brakes,HVAC",283172,TECH-112,False
MNT-100446,VH-8563,2024-11-11,Emergency,2027.658981030437,1.0,"Transmission,Suspension,Oil Change",186168,TECH-184,False
MNT-100447,VH-3540,2024-02-05,Preventive,329.40305149433254,2.196153660575147,"Transmission,Engine,HVAC",481988,TECH-117,True
MNT-100448,VH-3540,2023-09-12,Scheduled,322.3672558374208,1.7494488615156316,Electrical,162370,TECH-107,True
MNT-100449,VH-1335,2024-07-19,Corrective,537.5868590885602,6.17708767129394,"Transmission,Brakes",316114,TECH-178,False
MNT-100450,VH-7136,2023-10-09,Scheduled,341.4723380577478,6.747589351778004,Oil Change,172775,TECH-188,False
MNT-100451,VH-5635,2024-06-10,Preventive,446.34462103999715,1.0,"HVAC,Brakes,Tires",157419,TECH-115,False
MNT-100452,VH-3588,2023-10-30,Corrective,816.190330073478,2.295669008345574,"HVAC,Electrical",130193,TECH-148,False
MNT-100453,VH-2290,2024-02-25,Preventive,643.525798563358,1.304785888172437,"Engine,Brakes,Electrical",396869,TECH-172,False
MNT-100454,VH-5226,2023-09-25,Preventive,713.6446587211157,1.0,"Oil Change,Electrical,Suspension",178901,TECH-176,True
MNT-100455,VH-8639,2023-02-27,Scheduled,327.3896419002815,7.082470975227485,"HVAC,Tires",240023,TECH-124,True
MNT-100456,VH-2381,2024-05-08,Preventive,452.3134398122703,4.6832613906125005,"Oil Change,Suspension",224839,TECH-194,False
MNT-100457,VH-2147,2024-11-03,Preventive,756.0138454241428,6.259546333789501,Tires,336726,TECH-115,False
MNT-100458,VH-8923,2024-07-23,Scheduled,356.7812126935113,2.0661094747276256,"Electrical,Engine",476482,TECH-187,False
MNT-100459,VH-5672,2024-05-09,Preventive,155.90547351719624,9.471227742608678,"Oil Change,Engine,Brakes",457309,TECH-111,True
MNT-100460,VH-5226,2024-03-01,Preventive,663.6490889248727,2.913067287585791,Suspension,230611,TECH-128,True
MNT-100461,VH-1092,2024-01-21,Preventive,376.43721548380995,5.875805292924777,"HVAC,Transmission,Suspension",70112,TECH-125,False
MNT-100462,VH-1468,2023-12-27,Corrective,1355.4071483729435,1.0,"Engine,Brakes",277364,TECH-196,False
MNT-100463,VH-5912,2023-05-10,Preventive,393.89337132497417,2.4086512334805708,Tires,42273,TECH-186,True
MNT-100464,VH-7136,2023-03-17,Preventive,585.0676531855435,3.0152559273743633,"Engine,Suspension,Tires",495295,TECH-131,False
MNT-100465,VH-5547,2023-12-05,Preventive,460.57846002354444,4.6071800766056095,Tires,121341,TECH-191,False
MNT-100466,VH-5844,2023-04-01,Corrective,1138.9431066681627,28.643462284148562,HVAC,362395,TECH-119,True
MNT-100467,VH-1620,2024-12-17,Preventive,438.1456371220787,1.0,"Engine,Suspension,Oil Change",204827,TECH-138,False
MNT-100468,VH-4753,2023-05-09,Preventive,636.4215891485065,1.9173807734993067,"Suspension,Oil Change,Transmission",187042,TECH-105,False
MNT-100469,VH-7863,2023-02-08,Preventive,594.370719209416,1.235972520256441,Tires,164816,TECH-165,False
MNT-100470,VH-6037,2023-02-06,Scheduled,283.5154290428372,2.10020074000472,"Engine,Oil Change",41826,TECH-102,False
MNT-100471,VH-5844,2023-09-28,Emergency,2297.1058349135137,11.871751279787793,Engine,33938,TECH-121,True
MNT-100472,VH-3125,2024-11-16,Preventive,591.8560365186547,3.394770939276591,HVAC,395612,TECH-160,False
MNT-100473,VH-8176,2023-04-25,Corrective,887.456812565339,16.77427662966605,Oil Change,312261,TECH-179,False
MNT-100474,VH-7863,2024-11-28,Preventive,531.6219237266206,1.0,"Transmission,Electrical",380830,TECH-167,True
MNT-100475,VH-1169,2024-12-15,Preventive,430.53095788847247,1.3385494124662138,Tires,170064,TECH-171,True
MNT-100476,VH-5547,2024-06-07,Corrective,1743.599164465575,5.33171051398807,Oil Change,221323,TECH-149,False
MNT-100477,VH-8316,2023-04-07,Scheduled,412.73031652444905,1.0,"Tires,Brakes",162393,TECH-105,False
MNT-100478,VH-6463,2024-06-02,Scheduled,343.0178896348256,7.829394944259015,"Brakes,Oil Change,Suspension",143433,TECH-158,True
MNT-100479,VH-1366,2023-01-05,Corrective,998.6545082943298,20.07192114830775,"Suspension,Tires",116402,TECH-179,True
MNT-100480,VH-6253,2023-08-26,Preventive,528.327185006372,3.2421334497083696,"Electrical,Engine",259484,TECH-146,True
MNT-100481,VH-8176,2023-10-16,Preventive,499.33019011219835,1.0,"Transmission,HVAC",175927,TECH-144,False
MNT-100482,VH-4247,2024-11-05,Corrective,1011.7610947159317,17.69422861884561,Engine,433214,TECH-135,False
MNT-100483,VH-5991,2024-05-20,Preventive,418.4771928613794,9.927790078309775,HVAC,284028,TECH-120,False
MNT-100484,VH-6908,2024-11-19,Emergency,3093.322517097642,26.679292984507875,"Tires,Engine",492019,TECH-107,False
MNT-100485,VH-8857,2024-04-20,Corrective,797.4981246423274,4.082518825719596,"Suspension,Brakes,Engine",147443,TECH-108,False
MNT-100486,VH-9723,2024-03-14,Preventive,514.4501584417429,1.0,"Oil Change,Engine,Electrical",76466,TECH-173,False
MNT-100487,VH-3125,2023-04-13,Preventive,789.9715972809732,1.3529135827210308,"Engine,Tires,HVAC",77757,TECH-115,False
MNT-100488,VH-8468,2023-09-16,Scheduled,359.244052416357,1.8349824942957915,"Electrical,Tires,Brakes",292255,TECH-106,False
MNT-100489,VH-9772,2023-05-29,Preventive,348.48102609582656,1.3947486158297324,Transmission,127401,TECH-181,True
MNT-100490,VH-8653,2024-08-22,Preventive,668.8135316732114,5.225054192699918,"Engine,Suspension,Tires",349055,TECH-142,False
MNT-100491,VH-8316,2023-07-25,Emergency,2478.8072241829127,14.72665907955782,"Oil Change,Tires,Engine",56285,TECH-152,False
MNT-100492,VH-8425,2023-01-21,Preventive,292.0163483644092,2.3555527215746532,"Engine,HVAC",216559,TECH-147,False
MNT-100493,VH-9772,2023-01-19,Corrective,510.08100313972716,33.91599328476561,"Engine,Transmission",163962,TECH-124,True
MNT-100494,VH-3214,2023-11-06,Preventive,482.0213556175568,6.134451056200312,"Brakes,Transmission,Oil Change",465277,TECH-191,True
MNT-100495,VH-9887,2023-10-27,Preventive,500.8100726407698,2.099776843477247,Oil Change,467887,TECH-149,True
MNT-100496,VH-8579,2023-03-08,Scheduled,338.83484619515843,2.576618199607967,"Engine,Electrical",360404,TECH-190,False
MNT-100497,VH-9710,2023-09-05,Corrective,1143.2380344591115,1.0850581780264315,Tires,323948,TECH-108,False
MNT-100498,VH-1620,2023-10-12,Corrective,1195.1784172194432,22.75735415293953,"Suspension,Engine",128132,TECH-187,True
MNT-100499,VH-2464,2023-12-08,Corrective,1392.4439343057084,5.435132583052213,"HVAC,Engine",131002,TECH-116,False
MNT-100500,VH-4753,2023-06-22,Preventive,548.5092039558967,4.556491446000495,"Electrical,Engine",443026,TECH-193,False
MNT-100501,VH-7657,2024-11-14,Corrective,1167.5598366847523,1.6286182769564426,"Transmission,Oil Change,Electrical",125888,TECH-160,False
MNT-100502,VH-2381,2023-02-14,Preventive,581.664770883964,8.573950175417513,Tires,243803,TECH-169,False
MNT-100503,VH-3473,2024-01-31,Emergency,3352.114475630827,15.869654030589547,"Suspension,Electrical",36056,TECH-111,False
MNT-100504,VH-6718,2024-04-30,Preventive,459.15784605386494,1.6726633288303592,Engine,189443,TECH-105,False
MNT-100505,VH-1999,2023-05-25,Preventive,231.8952009101916,1.0,"Brakes,Tires,HVAC",168668,TECH-129,True
MNT-100506,VH-7171,2024-12-24,Preventive,355.1308590673692,5.298292530936674,Electrical,251699,TECH-154,False
MNT-100507,VH-2084,2023-04-04,Preventive,438.6065852493558,5.2754920862250625,"Suspension,Tires",247744,TECH-195,True
MNT-100508,VH-6019,2023-01-09,Preventive,476.7074715409752,1.0,"Engine,Oil Change,Tires",411169,TECH-157,False
MNT-100509,VH-5672,2024-05-18,Preventive,570.9154987867075,1.5934786702223398,"Tires,Transmission,Brakes",302433,TECH-118,False
MNT-100510,VH-3473,2024-11-02,Corrective,1542.6194205056822,5.128020433337266,HVAC,213347,TECH-186,True
MNT-100511,VH-3317,2024-02-08,Corrective,967.1636934590426,18.794188076230547,"HVAC,Electrical",44164,TECH-139,False
MNT-100512,VH-4106,2024-06-01,Preventive,694.5557016256082,2.1402804986802955,"Engine,Tires,Suspension",357290,TECH-137,True
MNT-100513,VH-6346,2023-01-30,Scheduled,132.8649929099191,7.012209455026251,"HVAC,Electrical,Tires",275481,TECH-197,True
MNT-100514,VH-8316,2023-01-19,Emergency,2349.0649400384673,25.788034914629502,Tires,319967,TECH-155,False
MNT-100515,VH-5450,2023-10-19,Preventive,418.28892228591445,1.0028803537466087,Oil Change,427772,TECH-187,True
MNT-100516,VH-4247,2023-03-06,Preventive,679.5045650847869,2.723339809370798,"Transmission,Suspension",424558,TECH-103,False
MNT-100517,VH-5203,2024-04-16,Corrective,625.6884549919331,2.143298621543861,"Transmission,HVAC",270935,TECH-161,False
MNT-100518,VH-6709,2024-04-15,Preventive,547.7109359732307,5.409339996557094,Transmission,390189,TECH-171,False
MNT-100519,VH-2393,2023-03-17,Emergency,3147.209231327125,51.86760644392814,"Suspension,Tires",314273,TECH-138,False
MNT-100520,VH-3039,2023-06-17,Preventive,434.1006687854512,1.0,"Engine,Electrical,Suspension",412705,TECH-136,False
MNT-100521,VH-5282,2024-10-06,Corrective,1821.969361093276,15.560709569935128,"Tires,HVAC,Oil Change",418945,TECH-191,True
MNT-100522,VH-1588,2023-04-24,Scheduled,435.34126012253745,1.357940057623178,Tires,377072,TECH-150,True
MNT-100523,VH-3540,2023-07-13,Corrective,1134.861364711754,13.334694081344105,HVAC,206360,TECH-153,False
MNT-100524,VH-8866,2023-10-06,Scheduled,331.7857952461546,1.0,Tires,95788,TECH-181,True
MNT-100525,VH-1468,2023-06-07,Corrective,906.6201453797255,6.543608729775094,Transmission,417245,TECH-141,False
MNT-100526,VH-1468,2024-05-29,Preventive,256.7821266576492,8.917924349990283,"Transmission,Brakes",365002,TECH-133,False
MNT-100527,VH-1588,2024-06-15,Corrective,2317.5120048388344,15.626497120936587,"Electrical,Engine,Brakes",86754,TECH-158,True
MNT-100528,VH-8840,2024-11-30,Preventive,672.4047826865872,2.282738708065944,"Engine,HVAC",445790,TECH-142,False
MNT-100529,VH-5635,2023-11-22,Corrective,1508.0812762529272,2.9244991665415365,"Electrical,Oil Change,Tires",280424,TECH-171,False
MNT-100530,VH-3179,2023-07-31,Emergency,1225.7225078441406,46.088593518300435,"Engine,Electrical",51304,TECH-110,False
MNT-100531,VH-9516,2023-08-05,Preventive,597.0162294155945,1.0,"Tires,Engine",154026,TECH-158,False
MNT-100532,VH-1588,2023-01-20,Preventive,677.0571516830717,4.253677043308307,Tires,483620,TECH-182,True
MNT-100533,VH-1475,2023-10-14,Preventive,424.2089014153043,4.184556243324814,HVAC,322978,TECH-193,True
MNT-100534,VH-8445,2024-03-01,Emergency,2109.2818806603827,39.69158645562228,"Transmission,Brakes",169156,TECH-145,False
MNT-100535,VH-4753,2023-07-31,Preventive,770.1099511997264,1.497518192051722,"HVAC,Transmission,Oil Change",345131,TECH-140,True
MNT-100536,VH-8866,2024-02-13,Preventive,545.1871158776263,3.452837871756252,Engine,32977,TECH-170,True
MNT-100537,VH-7922,2024-02-06,Preventive,364.31641001874686,1.0,"Engine,Tires",98989,TECH-146,False
MNT-100538,VH-9516,2023-01-11,Preventive,420.330705238039,2.3755102305671243,"Brakes,Transmission,Engine",326786,TECH-145,True
MNT-100539,VH-9682,2024-03-26,Preventive,512.5699494953401,4.873035905396925,Oil Change,336445,TECH-112,False
MNT-100540,VH-1712,2024-10-27,Preventive,390.9963531064356,8.649749693290563,"HVAC,Tires,Oil Change",60191,TECH-130,False
MNT-100541,VH-6985,2024-12-24,Preventive,1007.7012020743186,7.958194693777528,"Electrical,Engine,Oil Change",333876,TECH-190,False
MNT-100542,VH-8959,2023-11-16,Corrective,1784.3881655875173,35.33932358122294,Engine,475521,TECH-115,True
MNT-100543,VH-5547,2024-08-04,Preventive,473.7099581543583,3.4522705529091353,HVAC,169272,TECH-133,False
MNT-100544,VH-7741,2023-03-24,Preventive,577.0827360975619,3.1507124727172506,Tires,450230,TECH-180,False
MNT-100545,VH-2464,2023-05-17,Preventive,407.6839079734782,1.0,"Oil Change,Suspension,Brakes",448164,TECH-159,False
MNT-100546,VH-8857,2024-03-04,Emergency,4100.802627153487,16.425475443722735,Engine,471573,TECH-118,True
MNT-100547,VH-9682,2023-03-30,Preventive,639.7207482845295,2.637104515470178,Oil Change,72841,TECH-197,False
MNT-100548,VH-2147,2023-08-30,Corrective,1625.5594993645745,19.1171465686093,"Suspension,HVAC",56202,TECH-113,False
MNT-100549,VH-1420,2024-11-08,Preventive,816.2461588783983,4.459282136174624,Brakes,110483,TECH-172,True
MNT-100550,VH-1835,2023-08-26,Corrective,564.229184898996,49.51480217716596,"Engine,Oil Change,Tires",98585,TECH-167,True
MNT-100551,VH-6019,2023-10-24,Preventive,370.81389011877724,2.2663006002931203,"Electrical,Tires",326754,TECH-191,True
MNT-100552,VH-8441,2023-10-07,Corrective,919.236177699544,4.491314620051693,Transmission,164119,TECH-139,False
MNT-100553,VH-4716,2023-05-26,Preventive,454.27760022086176,2.5221329171890816,"Tires,Brakes",256558,TECH-177,False
MNT-100554,VH-6037,2024-08-07,Preventive,441.29290145425705,10.13991704109094,"Electrical,Engine,Suspension",106980,TECH-146,False
MNT-100555,VH-2536,2023-11-16,Scheduled,577.6408168653936,2.811170098195119,Suspension,345110,TECH-184,True
MNT-100556,VH-2290,2024-01-25,Preventive,530.216800129819,13.04374870005062,"Engine,Tires",13719,TECH-161,True
MNT-100557,VH-7918,2023-12-13,Corrective,1399.8014722015082,14.612399798197526,"Tires,Suspension",482146,TECH-111,True
MNT-100558,VH-2690,2023-08-03,Scheduled,377.97545941246227,1.0,"Electrical,HVAC,Tires",96541,TECH-132,True
MNT-100559,VH-8296,2023-02-11,Preventive,715.5713171306071,1.0,"Engine,Electrical,Oil Change",308123,TECH-110,False
MNT-100560,VH-2587,2023-06-13,Preventive,433.9894897406831,2.1249980219771265,Engine,65271,TECH-176,False
MNT-100561,VH-9710,2023-08-02,Preventive,575.0745065079773,1.5738416410955358,Oil Change,404113,TECH-108,False
MNT-100562,VH-1059,2024-11-06,Preventive,600.3760525100795,1.0,"Transmission,Electrical",499126,TECH-100,False
MNT-100563,VH-1468,2023-12-10,Corrective,1478.7115441261762,6.506143670211014,"Electrical,Suspension",12346,TECH-181,True
MNT-100564,VH-3540,2024-10-12,Corrective,515.3696453038239,13.605775932833224,"Electrical,Engine,Oil Change",340810,TECH-109,True
MNT-100565,VH-4688,2024-03-17,Corrective,1331.2973495231597,9.598902698907166,"Oil Change,Tires,Electrical",175943,TECH-121,False
MNT-100566,VH-9737,2024-03-12,Emergency,3113.2041503329165,31.81344956177236,"Brakes,HVAC",241015,TECH-187,True
MNT-100567,VH-4057,2024-05-27,Corrective,1448.0353208240176,20.08890558400778,Suspension,109801,TECH-115,False
MNT-100568,VH-7922,2024-08-12,Preventive,445.9840341515557,4.306545364702567,"HVAC,Transmission",134313,TECH-154,True
MNT-100569,VH-9723,2023-07-15,Preventive,600.9708774000869,1.0,HVAC,446789,TECH-120,False
MNT-100570,VH-8445,2024-06-01,Preventive,634.1631255056651,1.7798215079707314,Brakes,87043,TECH-152,True
MNT-100571,VH-7162,2024-08-29,Preventive,425.3937945916381,1.0,"Tires,Electrical,Transmission",409712,TECH-180,True
MNT-100572,VH-6346,2024-04-13,Corrective,1154.9963489857726,58.416765900063716,"Tires,Oil Change,Engine",392605,TECH-106,False
MNT-100573,VH-3039,2024-03-05,Preventive,279.83939922799937,7.099141163548115,"Engine,Suspension",318103,TECH-157,False
MNT-100574,VH-4247,2023-11-11,Preventive,634.3937836533734,4.961215793150795,"Electrical,Suspension,Brakes",345949,TECH-164,True
MNT-100575,VH-9516,2024-07-18,Emergency,1751.8335397334254,4.068015263468511,"Engine,Brakes",307707,TECH-113,True
MNT-100576,VH-7136,2024-07-16,Preventive,437.3050286509171,8.654048663570546,"Oil Change,Engine,Brakes",202591,TECH-152,True
MNT-100577,VH-6709,2024-03-04,Preventive,458.7094575253584,1.0,"Tires,Suspension,Brakes",302638,TECH-111,True
MNT-100578,VH-6835,2023-02-18,Preventive,591.0920981801966,1.0,"Tires,Electrical",463022,TECH-130,True
MNT-100579,VH-6908,2024-06-14,Preventive,681.8903653570555,1.1994760774569215,"Suspension,Engine,Brakes",454467,TECH-199,True
MNT-100580,VH-7686,2024-04-09,Preventive,563.860743128225,6.3491719993520395,HVAC,71482,TECH-172,False
MNT-100581,VH-3450,2024-06-17,Corrective,603.1334143779047,7.702230885445015,Suspension,358018,TECH-122,False
MNT-100582,VH-8563,2023-01-02,Corrective,1815.8420772342224,1.0,"Oil Change,Engine",370364,TECH-147,False
MNT-100583,VH-3125,2023-01-04,Corrective,1573.0804013530314,5.564751265674281,"HVAC,Transmission",42731,TECH-134,True
MNT-100584,VH-3125,2023-09-15,Emergency,3203.2388571756574,6.170982865307147,"Electrical,Brakes",305792,TECH-184,False
MNT-100585,VH-9682,2023-12-16,Preventive,432.6393123278526,5.383242065263298,"HVAC,Brakes",97053,TECH-105,False
MNT-100586,VH-1789,2024-09-28,Preventive,665.7002763825864,2.9480082095572553,"HVAC,Electrical,Transmission",367308,TECH-197,False
MNT-100587,VH-5714,2024-08-08,Emergency,2682.1544785805063,14.146276657879632,"HVAC,Oil Change,Tires",442087,TECH-114,False
MNT-100588,VH-4106,2023-05-22,Preventive,604.6304839473775,19.10730639835592,"Oil Change,Electrical",111677,TECH-118,False
MNT-100589,VH-9432,2024-10-11,Preventive,627.6954459046367,10.756562405416785,"Transmission,Oil Change,Brakes",233769,TECH-105,True
MNT-100590,VH-4042,2023-06-09,Corrective,1327.8363081288257,9.386074851858908,"Tires,Transmission",264410,TECH-123,False
MNT-100591,VH-8376,2024-10-07,Preventive,563.1283179201035,4.431452127159114,Electrical,99890,TECH-127,False
MNT-100592,VH-1008,2024-11-20,Preventive,319.93926220438993,8.229851137975606,"Brakes,Engine",365291,TECH-186,False
MNT-100593,VH-9646,2023-04-06,Corrective,1416.9813336329025,2.5319432729512164,"Engine,Suspension,HVAC",73236,TECH-135,False
MNT-100594,VH-7162,2023-11-23,Corrective,1575.7393857590632,22.02894235743601,Engine,328775,TECH-129,False
MNT-100595,VH-8376,2023-07-22,Emergency,2168.858898925145,3.135154346832726,"Transmission,Brakes",123082,TECH-193,False
MNT-100596,VH-2587,2024-11-18,Preventive,626.7128447791595,1.0,Suspension,432846,TECH-185,False
MNT-100597,VH-8425,2024-03-06,Preventive,497.72241114414726,1.346768558864702,"Transmission,Suspension,Oil Change",163606,TECH-132,True
MNT-100598,VH-7171,2024-06-29,Emergency,2665.4464092436074,4.758720956181795,Brakes,472166,TECH-134,False
MNT-100599,VH-9432,2024-07-10,Preventive,213.5450878027239,2.480284185831663,"HVAC,Engine",379484,TECH-159,False
MNT-100600,VH-9682,2024-05-10,Corrective,1333.9490477676625,3.01953901332863,"HVAC,Suspension",89232,TECH-100,False
MNT-100601,VH-7863,2024-10-01,Emergency,2251.262526617882,12.336784968782975,"Electrical,Tires,Engine",43738,TECH-194,True
MNT-100602,VH-2410,2024-03-11,Preventive,494.9926598784068,1.0,"Brakes,Engine,Oil Change",340267,TECH-187,True
MNT-100603,VH-9274,2023-03-11,Emergency,2522.7148444347777,20.062990816580843,Tires,498954,TECH-141,False
MNT-100604,VH-5478,2023-12-08,Corrective,519.1621294984442,4.928716186415521,"Tires,Oil Change",358128,TECH-105,False
MNT-100605,VH-2587,2023-10-06,Emergency,2889.487377393327,12.501414098683242,"Electrical,Oil Change,Tires",247330,TECH-192,False
MNT-100606,VH-3919,2024-07-15,Preventive,500.2954076866213,5.568860118195322,"HVAC,Oil Change",410976,TECH-106,False
MNT-100607,VH-4753,2023-01-27,Preventive,451.9672836304853,1.0,"Electrical,Brakes",352778,TECH-186,False
MNT-100608,VH-1391,2024-11-02,Preventive,744.0054262918266,7.878894027058792,"Engine,Suspension",242647,TECH-117,True
MNT-100609,VH-7688,2024-03-14,Scheduled,377.58925577535354,1.0,"Electrical,Transmission,Oil Change",313356,TECH-187,False
MNT-100610,VH-2915,2023-01-18,Preventive,412.6240587307638,3.0079374659816533,"Oil Change,Electrical,HVAC",279154,TECH-153,False
MNT-100611,VH-8547,2023-03-30,Preventive,369.1252935558541,1.0,"Tires,Oil Change,Suspension",392595,TECH-102,False
MNT-100612,VH-2464,2023-05-16,Corrective,845.847112003102,2.629119321344545,"Oil Change,Brakes",430658,TECH-162,False
MNT-100613,VH-1844,2024-05-16,Preventive,550.8374460178728,7.580639827727888,"Electrical,Brakes,Suspension",156399,TECH-168,False
MNT-100614,VH-5386,2023-04-05,Corrective,1162.4778886076167,1.2531835521344667,"Brakes,HVAC",399165,TECH-164,False
MNT-100615,VH-4743,2023-04-16,Corrective,1098.1544520773095,17.594019764734476,"Engine,Oil Change,HVAC",127380,TECH-162,False
MNT-100616,VH-8441,2023-10-26,Preventive,417.31997943881004,2.4399066935788136,"Electrical,Brakes",247529,TECH-149,False
MNT-100617,VH-6908,2023-04-19,Scheduled,408.62319832799676,1.0,Oil Change,426061,TECH-170,False
MNT-100618,VH-4716,2023-11-19,Scheduled,380.75792571140687,1.0994223776586454,"Tires,Electrical",65371,TECH-182,False
MNT-100619,VH-8097,2023-05-10,Preventive,488.1814861103252,1.9780852048769892,"Suspension,Engine",260988,TECH-199,False
MNT-100620,VH-1059,2024-05-06,Corrective,712.4959297601902,17.606311563825713,Transmission,199212,TECH-114,False
MNT-100621,VH-6605,2024-05-24,Scheduled,355.12140832066177,1.0,"Suspension,Brakes,Engine",465314,TECH-110,False
MNT-100622,VH-5028,2023-09-10,Preventive,346.2433368389617,1.0,Brakes,452581,TECH-147,False
MNT-100623,VH-7311,2023-03-09,Corrective,195.8864436799205,5.8171056912573444,"Transmission,Electrical",457657,TECH-165,False
MNT-100624,VH-3540,2023-07-08,Preventive,460.1225483094217,1.0639798294271947,Transmission,126219,TECH-197,True
MNT-100625,VH-4688,2024-02-07,Corrective,972.098498008803,10.88720130588852,"Suspension,HVAC",408701,TECH-170,False
MNT-100626,VH-5684,2024-12-30,Emergency,2699.6818963423148,9.805806301004582,Electrical,63202,TECH-198,False
MNT-100627,VH-1215,2024-02-07,Corrective,1237.3650371083415,2.447554951525469,"Engine,Electrical,Tires",224038,TECH-141,False
MNT-100628,VH-5635,2023-11-25,Corrective,888.791831344835,41.50782464603772,"Suspension,Oil Change,Brakes",278045,TECH-147,False
MNT-100629,VH-8840,2023-08-21,Preventive,649.9528016761265,12.696911744473974,"Brakes,Engine,Suspension",366895,TECH-182,False
MNT-100630,VH-6253,2024-08-14,Corrective,505.00900297560247,8.5696110873504,HVAC,128233,TECH-171,False
MNT-100631,VH-4106,2023-02-06,Preventive,523.9038356706677,4.4602886526653345,HVAC,315586,TECH-126,False
MNT-100632,VH-4976,2023-09-18,Corrective,573.8645880169564,10.808878693359093,Brakes,149780,TECH-153,True
MNT-100633,VH-1420,2024-04-03,Preventive,273.3690488812092,1.0,"Engine,Brakes,HVAC",148927,TECH-125,False
MNT-100634,VH-4688,2024-03-04,Corrective,1681.5996869777316,4.806526807181598,Brakes,27033,TECH-133,False
MNT-100635,VH-7359,2023-07-26,Corrective,1722.6222820720209,20.40288195329137,"HVAC,Suspension,Brakes",144024,TECH-178,False
MNT-100636,VH-1789,2023-03-04,Preventive,532.1192690340029,3.28086754225859,"Electrical,Suspension,Transmission",239808,TECH-199,False
MNT-100637,VH-7657,2024-09-19,Preventive,347.1142366668063,1.1021388176985198,"Electrical,Brakes,Suspension",486301,TECH-142,False
MNT-100638,VH-3927,2024-05-28,Emergency,2916.1574377661095,17.650049820700872,Electrical,323426,TECH-126,False
MNT-100639,VH-1169,2024-04-30,Preventive,303.85059588772185,6.10460231175774,"Engine,HVAC,Oil Change",31467,TECH-163,False
MNT-100640,VH-2910,2024-11-22,Preventive,303.5938702615325,4.733691999839291,"Suspension,Electrical",294118,TECH-182,True
MNT-100641,VH-8000,2023-06-13,Emergency,3325.3158162821555,2.6320043619691926,"Engine,Oil Change,Brakes",107492,TECH-186,False
MNT-100642,VH-6963,2024-11-07,Preventive,616.56664051852,1.0,"Transmission,Oil Change",222497,TECH-176,False
MNT-100643,VH-6775,2023-02-25,Corrective,1259.8422278531264,1.0,"Suspension,Electrical,Engine",114193,TECH-145,False
MNT-100644,VH-2357,2024-09-19,Preventive,463.1969475024277,1.5238620085362857,Electrical,439801,TECH-175,False
MNT-100645,VH-1215,2024-12-16,Preventive,470.3163220160869,1.5419644906496206,Engine,434227,TECH-192,False
MNT-100646,VH-9274,2024-11-27,Emergency,2720.0436849097305,21.277855948166973,"Transmission,HVAC,Brakes",156303,TECH-177,False
MNT-100647,VH-1215,2024-06-16,Scheduled,354.106078011056,1.0,"Electrical,Brakes",82187,TECH-168,True
MNT-100648,VH-5386,2023-06-01,Preventive,348.2511391133215,1.0,"Tires,Engine,HVAC",33495,TECH-159,False
MNT-100649,VH-5028,2024-06-17,Preventive,543.8821096892367,5.706281966487248,"Transmission,Electrical",498165,TECH-133,True
MNT-100650,VH-3278,2024-01-15,Preventive,610.4881205696931,4.03687446617214,"Transmission,Tires,Brakes",124214,TECH-195,False
MNT-100651,VH-9948,2023-03-01,Preventive,662.4339534698152,5.289319776582384,"Transmission,Brakes,Engine",222986,TECH-195,False
MNT-100652,VH-3671,2024-02-24,Corrective,1042.602838692437,2.998416866308234,Suspension,143080,TECH-120,False
MNT-100653,VH-8097,2023-07-01,Preventive,454.2146162745475,1.0,Engine,319144,TECH-151,True
MNT-100654,VH-4740,2023-09-27,Preventive,285.8323990586336,2.8157939229633406,Brakes,312304,TECH-124,False
MNT-100655,VH-9516,2023-05-27,Preventive,648.4745642877315,1.0,"HVAC,Suspension",250391,TECH-124,False
MNT-100656,VH-1475,2023-06-14,Scheduled,412.9837452065422,1.0,"HVAC,Oil Change",178017,TECH-109,True
MNT-100657,VH-9516,2023-07-17,Corrective,620.3338665622513,4.196748873935533,"Transmission,Brakes",105778,TECH-185,False
MNT-100658,VH-6443,2023-03-04,Preventive,629.5253076888251,1.2062611382103618,"Electrical,HVAC,Brakes",16103,TECH-115,True
MNT-100659,VH-2422,2023-03-06,Preventive,483.5523724862263,1.0,"Tires,HVAC,Brakes",157912,TECH-162,False
MNT-100660,VH-1420,2024-09-29,Preventive,397.84755061652737,6.041690380393728,Electrical,107156,TECH-126,False
MNT-100661,VH-3473,2023-07-27,Corrective,724.9389282094897,26.357204053458545,"Tires,Transmission",192983,TECH-156,False
MNT-100662,VH-1366,2023-12-02,Corrective,932.8510696858147,5.795415908228358,Tires,171341,TECH-144,True
MNT-100663,VH-4057,2023-06-10,Preventive,691.4266541686909,4.9212298435875965,Suspension,54668,TECH-186,False
MNT-100664,VH-3588,2023-02-21,Corrective,1514.5626087614685,12.983453321672243,"Brakes,Electrical",458861,TECH-106,False
MNT-100665,VH-5547,2024-12-17,Preventive,578.3869567961099,2.3547474544465032,"Oil Change,Brakes",90737,TECH-154,True
MNT-100666,VH-8857,2024-06-01,Emergency,1636.1781204032236,71.88240319338628,"Brakes,Engine,Electrical",105881,TECH-139,False
MNT-100667,VH-9105,2024-12-21,Preventive,401.0268511959045,2.0287961899834848,"Transmission,Tires,Suspension",52152,TECH-103,False
MNT-100668,VH-2536,2023-09-10,Emergency,2310.2109039996185,11.005887388152349,Transmission,477510,TECH-135,True
MNT-100669,VH-6709,2023-02-11,Corrective,855.1533422639479,9.951601359288487,"Brakes,Engine,Suspension",411411,TECH-139,False
MNT-100670,VH-3814,2023-06-02,Corrective,1143.6731375710783,14.87992389471085,HVAC,408282,TECH-107,False
MNT-100671,VH-7929,2023-01-21,Corrective,1522.3608374423052,5.519324558845551,"Oil Change,Engine,HVAC",487373,TECH-142,False
MNT-100672,VH-8664,2023-12-18,Preventive,514.1784052880083,5.739828114679885,"Engine,Electrical,Oil Change",65127,TECH-182,True
MNT-100673,VH-4001,2024-05-04,Preventive,699.7699435245,2.3557167765110987,HVAC,435191,TECH-129,True
MNT-100674,VH-9887,2023-12-02,Corrective,607.8246065661385,6.449794397335287,Electrical,206706,TECH-101,False
MNT-100675,VH-3132,2024-01-03,Preventive,522.9143864554323,2.0311156086090434,"Suspension,Brakes,Tires",215712,TECH-141,False
MNT-100676,VH-6106,2024-09-08,Preventive,494.8249912844788,1.0,"Engine,Brakes",429189,TECH-159,False
MNT-100677,VH-1093,2023-05-25,Scheduled,474.2704941225802,1.0,Oil Change,303383,TECH-126,False
MNT-100678,VH-6037,2023-02-11,Preventive,648.1878564581832,2.185981808699486,"HVAC,Tires",32865,TECH-148,False
MNT-100679,VH-3927,2023-07-30,Corrective,1500.380669299952,11.515692518305435,Electrical,336679,TECH-107,False
MNT-100680,VH-8316,2023-04-02,Corrective,198.93142339597216,33.615201665630345,Tires,332358,TECH-180,False
MNT-100681,VH-7166,2023-12-07,Preventive,462.03133094759363,6.328171848717471,Brakes,252412,TECH-175,False
MNT-100682,VH-1391,2023-01-18,Preventive,337.0976137214046,2.8236415176411493,"Transmission,Electrical,Brakes",153175,TECH-107,False
MNT-100683,VH-1789,2023-01-01,Scheduled,272.1511270876017,1.6463649099009763,"Engine,Brakes",132605,TECH-149,False
MNT-100684,VH-4716,2023-07-16,Preventive,507.74032401299013,1.7445202697061764,HVAC,33249,TECH-197,False
MNT-100685,VH-5635,2023-10-13,Corrective,1456.9035002806302,19.578515441378187,Tires,220557,TECH-156,False
MNT-100686,VH-4057,2023-12-18,Preventive,552.3640258975992,1.0,"Tires,HVAC,Engine",235054,TECH-121,False
MNT-100687,VH-3919,2024-08-28,Preventive,512.1634291530867,6.66000071913493,"Suspension,Oil Change",152721,TECH-112,False
MNT-100688,VH-3547,2023-03-18,Preventive,450.8355244760224,2.0499694982521257,"Suspension,Electrical",296140,TECH-100,False
MNT-100689,VH-8857,2023-05-07,Corrective,953.8575575560354,1.4913159667041533,Suspension,20271,TECH-183,False
MNT-100690,VH-3927,2024-02-17,Corrective,1362.2752868656216,10.540315177883246,Brakes,481414,TECH-124,True
MNT-100691,VH-2559,2023-09-05,Preventive,398.34279750011547,3.1429793623267672,HVAC,269720,TECH-198,True
MNT-100692,VH-9801,2024-03-05,Preventive,222.31619829650282,1.1691501667507391,Engine,306390,TECH-163,False
MNT-100693,VH-1468,2024-03-01,Scheduled,355.37287723698523,5.862499978967423,"HVAC,Transmission",409491,TECH-197,True
MNT-100694,VH-6775,2024-08-12,Corrective,1063.7620471368095,9.650620970449612,"Engine,Oil Change,HVAC",378405,TECH-115,True
MNT-100695,VH-9723,2023-12-08,Corrective,1574.0748530774267,2.517396363219001,"Brakes,Suspension,HVAC",93304,TECH-191,False
MNT-100696,VH-1215,2024-01-25,Preventive,539.53928940144,9.622223522937382,"HVAC,Suspension,Transmission",92577,TECH-195,True
MNT-100697,VH-7863,2023-08-02,Preventive,551.1613961961722,1.0,Electrical,140535,TECH-184,False
MNT-100698,VH-1716,2023-06-05,Corrective,1302.3629933680324,6.4548801953101265,Oil Change,221057,TECH-183,False
MNT-100699,VH-1468,2024-01-08,Preventive,887.6702986301863,6.616347555231872,"Tires,Electrical,Brakes",30086,TECH-124,False
MNT-100700,VH-9029,2023-03-23,Corrective,780.282558171291,1.0,"Engine,Suspension",315933,TECH-146,False
MNT-100701,VH-5991,2024-04-17,Preventive,421.8353705944599,1.0,"Transmission,Electrical",397460,TECH-134,True
MNT-100702,VH-3540,2024-05-28,Preventive,363.9886833137771,4.9202938443377535,HVAC,419276,TECH-176,False
MNT-100703,VH-6596,2024-01-10,Corrective,685.8515527912018,45.17941509233853,Brakes,357660,TECH-176,False
MNT-100704,VH-1059,2024-02-02,Preventive,541.1596463024376,6.256181596996956,"HVAC,Transmission",370470,TECH-167,False
MNT-100705,VH-3473,2024-04-08,Preventive,487.25151266602234,2.557503808593893,"Transmission,Brakes",84537,TECH-143,True
MNT-100706,VH-7918,2024-03-23,Preventive,651.1515505319032,1.687018752393209,"HVAC,Oil Change,Engine",26339,TECH-149,False
MNT-100707,VH-4984,2024-10-19,Scheduled,316.42096275065796,2.8370145370031885,Oil Change,239015,TECH-170,False
MNT-100708,VH-5635,2023-10-08,Preventive,361.0095304678497,3.0775971350237397,Oil Change,499106,TECH-148,True
MNT-100709,VH-7136,2024-05-07,Preventive,224.0897120606275,1.0,"HVAC,Tires,Brakes",17481,TECH-128,False
MNT-100710,VH-1588,2023-06-11,Corrective,946.0960169761199,1.0,"HVAC,Transmission,Tires",373417,TECH-128,False
MNT-100711,VH-8790,2024-08-15,Corrective,1283.1431645528567,17.331385715578037,Tires,94530,TECH-192,True
MNT-100712,VH-1620,2023-02-19,Emergency,3221.163431584436,21.522354539285594,"Tires,Brakes,Transmission",495763,TECH-141,False
MNT-100713,VH-7741,2023-12-16,Preventive,465.271341231839,4.7675863442846,Suspension,324194,TECH-157,False
MNT-100714,VH-9522,2024-08-09,Emergency,2824.6987106700817,23.124128080312662,Electrical,90150,TECH-148,False
MNT-100715,VH-1008,2024-06-16,Scheduled,378.8328875636691,1.7003313677705503,Brakes,366658,TECH-144,False
MNT-100716,VH-5670,2024-10-30,Corrective,1031.664978766994,4.139548164866261,Tires,263360,TECH-160,False
MNT-100717,VH-3547,2024-03-30,Corrective,1091.8765098481447,9.118169881550681,"Electrical,Transmission,Brakes",370474,TECH-143,False
MNT-100718,VH-2690,2023-04-21,Preventive,437.2951229681715,3.7459161410765662,"Tires,Suspension",497223,TECH-183,False
MNT-100719,VH-3540,2023-11-04,Preventive,276.628352080477,3.8520848885170023,"Engine,Suspension,Tires",406721,TECH-128,False
MNT-100720,VH-4976,2023-11-28,Preventive,637.6246625512429,1.0,"Transmission,Electrical,HVAC",401696,TECH-193,True
MNT-100721,VH-4862,2023-05-24,Preventive,478.1525149117412,1.0,"Tires,Oil Change,Transmission",427021,TECH-162,True
MNT-100722,VH-9393,2024-01-12,Preventive,418.585895701127,2.096669289262423,Transmission,487696,TECH-140,True
MNT-100723,VH-1588,2023-02-01,Preventive,825.9852516161413,3.8699090142514465,"Tires,Transmission,HVAC",106525,TECH-185,False
MNT-100724,VH-1072,2024-09-02,Scheduled,327.1597503294996,1.0,Suspension,429297,TECH-170,False
MNT-100725,VH-2464,2023-05-19,Corrective,694.0054449651543,13.787349600985067,"Electrical,Suspension,HVAC",382184,TECH-132,True
MNT-100726,VH-9035,2024-10-01,Corrective,1113.6367582608852,18.634645654467263,"Electrical,Tires,Oil Change",137615,TECH-130,False
MNT-100727,VH-3348,2023-05-19,Corrective,1048.5336738000096,1.0129647348343744,"Oil Change,Tires,Brakes",472115,TECH-195,True
MNT-100728,VH-2290,2024-12-12,Corrective,1432.116645087143,34.493408979785244,"Electrical,Oil Change,Engine",182934,TECH-177,True
MNT-100729,VH-3348,2024-03-02,Corrective,1142.2239084391822,10.859508310622946,Oil Change,499480,TECH-161,True
MNT-100730,VH-2489,2023-12-23,Emergency,2493.8992576125884,4.3531573315522145,Electrical,344382,TECH-155,False
MNT-100731,VH-2084,2024-05-21,Preventive,653.5041845151144,5.083555744960592,"Suspension,Tires",322741,TECH-159,False
MNT-100732,VH-5714,2024-08-21,Scheduled,295.68776059903803,6.017120366268557,Electrical,183896,TECH-114,False
MNT-100733,VH-8923,2023-10-10,Corrective,1408.465013577475,18.098187201347187,"Brakes,Engine",19909,TECH-199,True
MNT-100734,VH-1789,2024-07-26,Emergency,3067.1362461961003,16.69056536922029,"Suspension,Transmission",281236,TECH-105,False
MNT-100735,VH-9516,2023-06-30,Corrective,1180.942260838434,12.450870383779268,"Suspension,Engine",417898,TECH-193,False
MNT-100736,VH-3179,2024-10-02,Scheduled,338.88743241274227,3.6413688867266614,"Electrical,Engine,Transmission",106486,TECH-123,False
MNT-100737,VH-2393,2024-08-05,Corrective,1433.1369007224619,10.62629432562651,Suspension,85236,TECH-189,False
MNT-100738,VH-9274,2024-03-01,Corrective,1382.285140925532,16.367993737776168,"Oil Change,Brakes,Tires",453334,TECH-199,False
MNT-100739,VH-1885,2023-07-13,Preventive,529.5501334397617,4.337870557116513,HVAC,148434,TECH-109,False
MNT-100740,VH-4862,2023-06-26,Preventive,416.87687775609345,4.983473191575995,Transmission,437857,TECH-154,False
MNT-100741,VH-5386,2024-10-30,Preventive,378.8322376485618,3.0517998462322047,"Tires,HVAC",327223,TECH-129,False
MNT-100742,VH-3473,2024-06-13,Corrective,1573.6540124867738,5.558789510535945,"Electrical,Suspension",490044,TECH-124,False
MNT-100743,VH-7918,2024-01-09,Preventive,659.8180746973303,2.8810568877307463,Oil Change,289572,TECH-181,False
MNT-100744,VH-9008,2024-03-02,Preventive,719.218958456674,1.0,"Oil Change,Brakes",186135,TECH-116,True
MNT-100745,VH-2216,2024-08-20,Preventive,400.2475728310093,2.4988253600505153,"Engine,HVAC,Electrical",118299,TECH-160,False
MNT-100746,VH-8097,2023-01-23,Corrective,1073.0062424125056,1.0,Transmission,424083,TECH-129,False
MNT-100747,VH-7688,2023-07-21,Emergency,947.9795029952688,1.0,"Engine,Brakes,Transmission",290397,TECH-185,True
MNT-100748,VH-1391,2023-12-06,Preventive,524.0134573186322,1.2071170356351597,"Suspension,Electrical,Tires",216296,TECH-153,False
MNT-100749,VH-4716,2024-10-31,Preventive,553.3434060661516,5.251247204585782,Suspension,33806,TECH-192,False
MNT-100750,VH-5991,2024-04-17,Preventive,416.12270401419755,2.7990136546329074,"HVAC,Oil Change",486332,TECH-168,False
MNT-100751,VH-3317,2023-05-15,Corrective,1465.2289117217483,23.55075300724158,"Tires,Suspension,Brakes",245275,TECH-144,False
MNT-100752,VH-5991,2024-09-04,Scheduled,469.9512259446909,6.508252582260591,Tires,253516,TECH-197,True
MNT-100753,VH-9008,2023-10-29,Preventive,691.4578474604996,2.5992447625151707,Oil Change,144276,TECH-143,False
MNT-100754,VH-2506,2024-12-22,Corrective,1398.6726962330783,1.0,"Oil Change,Suspension",257007,TECH-151,False
MNT-100755,VH-2559,2024-08-31,Preventive,381.09310642153406,1.4821781021914586,"Transmission,HVAC",449758,TECH-135,False
MNT-100756,VH-9432,2023-06-08,Corrective,1138.2197594925806,20.22280041992153,"Suspension,Tires",93496,TECH-107,False
MNT-100757,VH-9035,2024-08-06,Corrective,880.1400698983225,19.753439309415896,Suspension,329806,TECH-148,False
MNT-100758,VH-6346,2024-10-25,Preventive,314.9313926687512,5.159771294798442,"HVAC,Brakes,Suspension",301886,TECH-150,False
MNT-100759,VH-5844,2023-05-19,Corrective,660.5330378437823,3.124947648641717,Tires,190353,TECH-130,True
MNT-100760,VH-5386,2023-12-08,Preventive,568.9424537104796,6.28429317794165,HVAC,284356,TECH-174,True
MNT-100761,VH-6346,2024-01-30,Corrective,1645.0936743646157,7.111667272986018,"Engine,Transmission,Tires",152867,TECH-127,False
MNT-100762,VH-2147,2023-07-13,Preventive,530.3049762257895,1.0,Electrical,110959,TECH-161,False
MNT-100763,VH-3814,2023-06-20,Emergency,1960.911800740751,8.024576651458139,"Electrical,HVAC,Tires",231740,TECH-157,False
MNT-100764,VH-6463,2024-07-03,Corrective,1335.3382358333704,11.489524458761473,"Electrical,Brakes",134486,TECH-157,False
MNT-100765,VH-8959,2023-10-08,Corrective,883.9653534877807,1.0728047623003283,"Engine,Brakes,Oil Change",414906,TECH-108,False
MNT-100766,VH-8653,2023-01-01,Preventive,512.3779476949295,1.0,"Electrical,Transmission,Tires",262964,TECH-199,False
MNT-100767,VH-3278,2023-03-16,Preventive,525.311601111837,21.73302713367235,"Electrical,HVAC",203912,TECH-108,False
MNT-100768,VH-1716,2024-11-14,Corrective,1400.8888094286717,9.79688023593346,"Brakes,HVAC",96846,TECH-192,False
MNT-100769,VH-3039,2023-02-21,Scheduled,200.94221070978165,1.8446802855093216,Oil Change,409031,TECH-139,True
MNT-100770,VH-8923,2024-09-29,Corrective,1095.140787311618,13.337145508343266,Tires,28823,TECH-159,False
MNT-100771,VH-5056,2023-04-09,Scheduled,343.35731215673707,4.265056196796704,"Tires,Transmission",175536,TECH-116,False
MNT-100772,VH-8857,2024-09-14,Preventive,349.8137367182129,3.431388312030188,Tires,51244,TECH-117,True
MNT-100773,VH-3540,2024-06-04,Preventive,382.19546028110557,1.0,"Engine,Tires,Suspension",277008,TECH-199,False
MNT-100774,VH-6985,2023-08-14,Preventive,524.5306368008868,2.7733326483508423,"Engine,HVAC,Electrical",152611,TECH-146,False
MNT-100775,VH-9105,2023-06-25,Preventive,693.697288396759,1.1326324018601392,"Oil Change,Brakes",292350,TECH-193,True
MNT-100776,VH-6636,2023-09-26,Preventive,223.9861252533728,5.207505409064611,"Suspension,HVAC",155568,TECH-144,False
MNT-100777,VH-7657,2024-02-18,Preventive,325.11006940136184,3.805180621354201,Transmission,382357,TECH-162,False
MNT-100778,VH-4753,2024-09-11,Preventive,489.28780870292087,1.0,Electrical,385544,TECH-179,True
MNT-100779,VH-4862,2024-07-08,Emergency,2756.9050082181393,35.388673696589194,"Brakes,Engine",384178,TECH-122,False
MNT-100780,VH-6636,2023-09-03,Corrective,1625.3986468854005,8.083036275894472,"Tires,HVAC,Suspension",308486,TECH-137,False
MNT-100781,VH-2625,2023-06-17,Corrective,625.4169446424336,5.202232416121128,"Transmission,Engine,Tires",24616,TECH-114,False
MNT-100782,VH-3233,2023-06-05,Emergency,2605.4917131531924,18.267678693014588,"Tires,Electrical",100076,TECH-158,True
MNT-100783,VH-6253,2024-11-02,Corrective,794.1164967110966,9.834532192326275,Tires,44739,TECH-162,False
MNT-100784,VH-3490,2023-04-22,Preventive,487.8383940822898,4.845568363622418,"Brakes,Engine,Tires",350434,TECH-195,False
MNT-100785,VH-6908,2023-04-20,Preventive,665.2445968997547,1.9814310865427158,"Brakes,Electrical",386626,TECH-143,False
MNT-100786,VH-2559,2023-08-17,Preventive,297.7003468799833,14.535741931370437,Electrical,217295,TECH-119,False
MNT-100787,VH-8923,2024-01-14,Preventive,480.90054774005534,1.584098088579849,"HVAC,Brakes",28616,TECH-140,False
MNT-100788,VH-8547,2024-01-31,Corrective,1621.039253688139,8.621277686341124,"HVAC,Engine",470408,TECH-126,False
MNT-100789,VH-7162,2024-02-12,Preventive,726.1894409504359,3.0597892048020907,"Engine,Transmission",62810,TECH-151,False
MNT-100790,VH-1885,2023-06-25,Corrective,1392.6103183916655,20.613042679999474,Tires,228476,TECH-129,False
MNT-100791,VH-9801,2023-05-17,Corrective,2348.7535035405444,4.33286599947664,Transmission,372294,TECH-154,False
MNT-100792,VH-7918,2024-08-06,Preventive,571.3482218154651,4.190913077961695,Oil Change,390841,TECH-104,False
MNT-100793,VH-6106,2024-07-03,Corrective,867.2150317704278,11.985756512815183,"HVAC,Suspension,Transmission",287747,TECH-159,False
MNT-100794,VH-9821,2024-07-13,Preventive,576.2164098064858,1.0,Electrical,225195,TECH-191,False
MNT-100795,VH-3967,2023-05-03,Corrective,2030.422114661137,6.340223321531152,Transmission,421254,TECH-108,True
MNT-100796,VH-7832,2023-01-28,Emergency,3091.0728902661363,4.567368934178783,"Brakes,HVAC,Electrical",140649,TECH-116,False
MNT-100797,VH-7657,2024-06-18,Preventive,368.7906720117609,1.0122149170370152,"Suspension,Engine,Brakes",206629,TECH-136,False
MNT-100798,VH-9008,2024-08-21,Preventive,774.5187017469441,1.0,Electrical,367399,TECH-127,True
MNT-100799,VH-2559,2023-09-01,Corrective,1324.6627019592995,2.691219957966117,"Tires,Brakes,Transmission",80808,TECH-142,False
MNT-100800,VH-6346,2023-06-10,Preventive,590.5216233059709,2.097010142544416,"Suspension,Engine",450886,TECH-159,False
MNT-100801,VH-8653,2024-10-15,Corrective,1293.9621672425465,1.0,"Tires,Engine,Electrical",296024,TECH-194,True
MNT-100802,VH-4976,2024-08-26,Preventive,418.7589265977344,18.272708536412576,Engine,60575,TECH-184,True
MNT-100803,VH-2357,2024-03-17,Corrective,1286.9820914567676,2.47613060248689,"Suspension,Tires,Transmission",20836,TECH-154,False
MNT-100804,VH-2381,2023-04-07,Corrective,1049.3660489274123,2.5471531588098557,"Oil Change,Electrical,HVAC",151218,TECH-109,False
MNT-100805,VH-7925,2023-05-12,Preventive,371.79701068972577,4.622885927212449,"Transmission,Suspension,Electrical",429273,TECH-143,True
MNT-100806,VH-8468,2024-11-06,Preventive,945.1995046887112,1.0,"Tires,Suspension,Brakes",343188,TECH-108,False
MNT-100807,VH-5672,2024-10-16,Preventive,274.58119256754117,4.26043597926739,HVAC,442095,TECH-177,False
MNT-100808,VH-5670,2023-07-11,Scheduled,136.01496954593796,3.15205441268135,"Engine,Electrical,HVAC",255300,TECH-113,False
MNT-100809,VH-4106,2024-12-08,Preventive,453.3776941969761,1.0,HVAC,338827,TECH-145,True
MNT-100810,VH-5203,2024-02-28,Preventive,571.6277760745977,1.0,Electrical,410636,TECH-191,False
MNT-100811,VH-1835,2024-12-28,Emergency,1221.2554046934624,25.915785848294817,"Brakes,Suspension",397799,TECH-120,True
MNT-100812,VH-1169,2023-12-18,Preventive,426.3215670649694,3.7197379317990324,"Electrical,Brakes,Suspension",144541,TECH-151,False
MNT-100813,VH-2587,2024-03-15,Preventive,353.76713454825,3.2004570655827527,"Engine,Brakes",144935,TECH-170,False
MNT-100814,VH-7863,2023-04-17,Preventive,470.5380061206032,3.6791506138699464,"Brakes,Transmission",432836,TECH-166,True
MNT-100815,VH-8653,2024-02-29,Emergency,2922.060153844326,28.840409291196117,"Engine,HVAC,Electrical",62328,TECH-185,True
MNT-100816,VH-1008,2023-11-27,Preventive,514.8144337041009,1.0,"Suspension,Engine",326175,TECH-144,True
MNT-100817,VH-2357,2023-10-14,Emergency,2143.0806191064266,75.83291835529506,"Brakes,Oil Change,Engine",336168,TECH-142,False
MNT-100818,VH-4688,2024-01-09,Preventive,722.8806784721855,3.9241904700360077,"Brakes,Tires",19499,TECH-156,True
MNT-100819,VH-6775,2024-05-07,Scheduled,398.55445809399345,1.1507455177381751,"Transmission,Oil Change",192487,TECH-111,False
MNT-100820,VH-8445,2024-06-12,Preventive,579.031102877316,2.2901757971786396,"HVAC,Tires",112197,TECH-162,False
MNT-100821,VH-9821,2024-02-09,Preventive,278.12069661198865,11.40351810834177,Transmission,167152,TECH-158,False
MNT-100822,VH-8547,2023-05-06,Preventive,452.5399340714624,1.0,"Oil Change,Engine",238479,TECH-122,True
MNT-100823,VH-1823,2023-03-12,Corrective,853.5894296702694,2.320475786534205,"Tires,Transmission",116856,TECH-144,True
MNT-100824,VH-8840,2023-08-02,Corrective,1828.1944502054496,12.98446713443938,Electrical,439915,TECH-166,False
MNT-100825,VH-1588,2024-07-02,Preventive,734.4787198192329,1.0,Oil Change,289533,TECH-123,False
MNT-100826,VH-2464,2023-12-10,Preventive,597.1282216188265,7.307754339022143,HVAC,276972,TECH-172,False
MNT-100827,VH-2372,2023-12-07,Corrective,1136.0160636455155,8.920899910549245,Electrical,192925,TECH-121,True
MNT-100828,VH-6605,2024-11-13,Corrective,1242.5474477501689,7.290130517543435,"Brakes,Electrical,HVAC",492752,TECH-104,True
MNT-100829,VH-6718,2024-05-10,Preventive,434.9801886189746,1.0499889101623345,"Engine,Electrical,Suspension",93041,TECH-130,False
MNT-100830,VH-9105,2024-02-06,Emergency,2422.155191404678,31.2082465205252,Oil Change,478160,TECH-169,False
MNT-100831,VH-3588,2024-03-26,Emergency,2785.255005768686,2.936171447918571,"Engine,Electrical",376141,TECH-173,False
MNT-100832,VH-1823,2023-10-22,Preventive,720.6889207940964,2.842546690396083,"Electrical,Tires,HVAC",450153,TECH-118,False
MNT-100833,VH-5450,2023-03-22,Scheduled,310.5404961297079,1.5064707548052172,HVAC,444509,TECH-127,False
MNT-100834,VH-3214,2023-11-30,Emergency,1960.6814136289904,12.978426873960615,Transmission,109161,TECH-195,False
MNT-100835,VH-7359,2023-04-18,Emergency,2877.5035838581525,1.0579515151065215,"Tires,Brakes,Transmission",29729,TECH-198,False
MNT-100836,VH-2910,2023-04-17,Preventive,342.52420763544836,3.410884507745728,Transmission,235925,TECH-153,True
MNT-100837,VH-8468,2024-01-12,Corrective,1150.2771292479226,22.37481528189948,"Oil Change,Suspension",448803,TECH-109,False
MNT-100838,VH-4247,2024-09-10,Preventive,586.1082307893505,2.162196689795249,"Electrical,Transmission,HVAC",219407,TECH-145,False
MNT-100839,VH-9516,2023-10-22,Scheduled,313.83076535270055,2.021507919556418,"Brakes,Suspension,Electrical",285332,TECH-151,False
MNT-100840,VH-1391,2024-09-10,Preventive,541.4162410997017,1.1240842724762372,"Engine,Oil Change",366556,TECH-135,True
MNT-100841,VH-8790,2023-09-24,Emergency,3606.754071956814,5.802935156695674,"Brakes,Suspension,Engine",217461,TECH-148,False
MNT-100842,VH-9646,2024-07-28,Preventive,696.4378747421928,1.0,"Suspension,HVAC",398823,TECH-163,False
MNT-100843,VH-3540,2024-11-30,Preventive,279.6980376713468,4.148688408295884,"Tires,Oil Change",115274,TECH-124,True
MNT-100844,VH-1823,2024-12-07,Preventive,493.7827457370222,20.71997913681633,"Tires,Brakes,Suspension",476754,TECH-158,False
MNT-100845,VH-5262,2024-09-01,Preventive,517.2658962683325,2.0853211814744683,"Engine,Suspension,Brakes",446223,TECH-156,True
MNT-100846,VH-8376,2023-02-14,Preventive,697.6117549117157,1.503466658209495,"Suspension,Oil Change,Engine",173864,TECH-174,False
MNT-100847,VH-2506,2024-10-23,Corrective,1235.8965348396698,1.0,Engine,193957,TECH-184,False
MNT-100848,VH-3473,2023-08-28,Scheduled,223.39367842784912,1.4193194702078036,"Tires,HVAC,Brakes",19196,TECH-127,False
MNT-100849,VH-5478,2024-10-31,Corrective,1451.0749606307475,15.935965184622226,"Suspension,HVAC,Engine",226857,TECH-103,False
MNT-100850,VH-3927,2023-03-20,Preventive,408.0427496487289,11.653455958554442,"Engine,HVAC",65517,TECH-160,True
MNT-100851,VH-9393,2024-06-24,Preventive,514.4012955790378,1.3251574917465592,"Transmission,HVAC,Oil Change",460755,TECH-141,False
MNT-100852,VH-7922,2024-10-02,Corrective,889.1819987956762,8.712808566552777,"HVAC,Tires",410974,TECH-158,True
MNT-100853,VH-1823,2024-08-17,Scheduled,360.5438654490671,5.369266222943489,"HVAC,Transmission",72421,TECH-170,False
MNT-100854,VH-1588,2023-12-28,Preventive,517.1313454000255,1.7881635840155499,"Electrical,Suspension,Transmission",399100,TECH-154,False
MNT-100855,VH-4743,2024-02-27,Corrective,837.5728592273246,1.8048168693836821,"Electrical,Brakes",462442,TECH-185,False
MNT-100856,VH-2915,2024-08-29,Corrective,854.3794269077114,52.9764094669066,Oil Change,199617,TECH-136,False
MNT-100857,VH-4057,2024-06-23,Preventive,417.7479691118135,2.8294578118268077,Brakes,469967,TECH-120,True
MNT-100858,VH-3092,2023-04-01,Preventive,512.599122958697,9.15846624340076,Electrical,401501,TECH-117,True
MNT-100859,VH-8639,2024-09-03,Corrective,1453.018084093501,1.237589556487949,Oil Change,150483,TECH-166,True
MNT-100860,VH-8579,2024-01-23,Preventive,348.2196039401813,1.267976522998591,"Tires,Transmission",343365,TECH-171,False
MNT-100861,VH-3967,2023-03-10,Corrective,1223.086543630133,4.596674232777974,Engine,19736,TECH-123,False
MNT-100862,VH-8000,2023-10-18,Corrective,1080.681405816944,26.872943358106234,"Suspension,Brakes",165663,TECH-107,False
MNT-100863,VH-5912,2024-04-23,Scheduled,386.4942508819653,3.246756852746597,"Electrical,Engine,Oil Change",332455,TECH-106,False
MNT-100864,VH-8866,2024-04-02,Preventive,537.6198262170111,5.339660132715316,"Suspension,HVAC,Transmission",102685,TECH-191,False
MNT-100865,VH-8316,2023-07-04,Preventive,564.0745381723057,3.825299964831856,Brakes,26482,TECH-179,True
MNT-100866,VH-6709,2024-02-25,Corrective,1630.002867350027,28.864260572186193,"Oil Change,Brakes,Transmission",299560,TECH-154,True
MNT-100867,VH-5547,2023-04-11,Corrective,866.305617031388,1.5215912135711744,Oil Change,472255,TECH-145,False
MNT-100868,VH-1461,2023-08-24,Preventive,564.0127544010053,1.552659502904509,Brakes,16684,TECH-161,True
MNT-100869,VH-7922,2024-09-27,Emergency,2620.3256570615004,44.4568024773826,"Tires,Engine,Suspension",257324,TECH-127,False
MNT-100870,VH-5714,2023-10-17,Preventive,410.8077228213275,14.268030662470313,"Engine,Brakes,Electrical",425295,TECH-133,False
MNT-100871,VH-5684,2024-01-25,Preventive,724.7821656930489,1.1597895076588285,"Engine,Suspension",96153,TECH-162,True
MNT-100872,VH-1131,2024-05-18,Preventive,404.0772305396828,3.6034231485781976,"Electrical,Suspension,Transmission",409957,TECH-157,False
MNT-100873,VH-4057,2024-12-11,Preventive,468.8440524969669,10.082687435454318,"Brakes,Tires,Electrical",248609,TECH-151,False
MNT-100874,VH-3490,2023-03-27,Preventive,550.7286396512164,1.0440605377363723,Tires,10130,TECH-198,False
MNT-100875,VH-3490,2024-12-17,Preventive,592.0803664182722,1.0,"Tires,HVAC,Transmission",498675,TECH-106,True
MNT-100876,VH-3967,2024-11-16,Preventive,379.54515625991365,2.376480925760951,Engine,442159,TECH-165,False
MNT-100877,VH-2915,2023-09-22,Emergency,2884.696313036949,16.005755554311857,Suspension,408460,TECH-168,True
MNT-100878,VH-9887,2023-06-27,Preventive,435.45193181887765,11.966277022846079,Tires,165670,TECH-198,True
MNT-100879,VH-5226,2024-07-31,Preventive,592.1228498511557,1.0,Electrical,400904,TECH-185,False
MNT-100880,VH-5635,2024-06-27,Preventive,231.0257930163085,7.323484470080232,Tires,158235,TECH-164,False
MNT-100881,VH-8653,2023-10-20,Preventive,392.73631357703545,5.661529987236268,Electrical,272952,TECH-108,False
MNT-100882,VH-2549,2024-01-19,Preventive,356.73380230327047,11.153354162900404,Oil Change,319723,TECH-106,False
MNT-100883,VH-9029,2023-04-17,Emergency,1733.5594002783514,21.442332604635656,Electrical,15437,TECH-161,True
MNT-100884,VH-1844,2024-07-05,Preventive,654.6365639689292,6.996802024877272,"Tires,Engine,Electrical",190518,TECH-156,False
MNT-100885,VH-3919,2023-05-06,Corrective,1184.5093651404416,37.20578446742476,"Engine,Tires,Oil Change",256625,TECH-168,False
MNT-100886,VH-1461,2024-08-15,Emergency,837.7929734755216,32.150292086309136,"Brakes,Tires,Oil Change",237914,TECH-165,True
MNT-100887,VH-3817,2024-08-08,Preventive,684.6657494888939,2.4242507092786245,Brakes,455431,TECH-143,False
MNT-100888,VH-3125,2023-04-01,Preventive,408.25849331469874,15.08741445331604,"Electrical,Suspension,HVAC",129279,TECH-193,True
MNT-100889,VH-9152,2024-03-31,Preventive,451.90759034011097,7.550312514780199,Suspension,263525,TECH-140,False
MNT-100890,VH-8790,2024-08-28,Preventive,378.0074891936388,1.0,"Electrical,Tires",63142,TECH-155,False
MNT-100891,VH-9432,2023-04-29,Corrective,1905.7205650212786,1.0,"Electrical,HVAC",260069,TECH-164,False
MNT-100892,VH-5912,2024-12-12,Preventive,471.2128755154987,1.1992942513074671,HVAC,36870,TECH-109,True
MNT-100893,VH-2587,2024-03-16,Corrective,1558.6477466912654,3.4183984348147662,"Engine,Electrical,HVAC",93378,TECH-174,False
MNT-100894,VH-7929,2023-08-22,Preventive,373.35897325390846,2.650866641720343,"Transmission,Suspension",42515,TECH-157,False
MNT-100895,VH-6443,2024-05-25,Corrective,1660.5291383246583,1.024944396732748,"Transmission,HVAC,Electrical",195738,TECH-190,False
MNT-100896,VH-5547,2024-11-22,Preventive,743.996021022662,13.017639298166698,Tires,331163,TECH-164,False
MNT-100897,VH-8316,2023-11-10,Preventive,617.1341465584854,3.1239744858959715,"HVAC,Electrical,Transmission",19111,TECH-107,False
MNT-100898,VH-3179,2024-05-02,Corrective,863.7715946713755,10.555503030763981,"HVAC,Transmission,Tires",218656,TECH-185,False
MNT-100899,VH-2506,2024-11-26,Corrective,1276.634413734463,16.868669248460364,Electrical,275345,TECH-190,False
MNT-100900,VH-4042,2024-10-09,Preventive,603.5565420435925,1.0,"Brakes,Electrical,Tires",408190,TECH-191,False
MNT-100901,VH-9772,2023-09-23,Preventive,571.9766241887697,6.261464382257525,"Suspension,Transmission,Tires",169640,TECH-136,False
MNT-100902,VH-2410,2023-07-23,Corrective,1256.8847579383246,2.4199547316776266,"Suspension,Tires,Oil Change",417874,TECH-126,False
MNT-100903,VH-9646,2023-12-05,Preventive,614.0330404475902,3.2484290765504547,"Transmission,Engine,Oil Change",35181,TECH-179,True
MNT-100904,VH-7807,2024-06-26,Corrective,897.5616383900626,42.0879533541275,"Engine,Electrical,Transmission",80466,TECH-107,False
MNT-100905,VH-8563,2024-10-15,Preventive,476.1626783256443,6.976193098691056,"Suspension,Engine",184962,TECH-110,True
MNT-100906,VH-5450,2023-10-30,Preventive,293.17907331558706,3.5393788167531413,"HVAC,Brakes,Oil Change",46613,TECH-125,False
MNT-100907,VH-5450,2023-01-11,Corrective,1290.4390269180415,24.543852975942848,"Electrical,Tires,Suspension",366494,TECH-162,False
MNT-100908,VH-3317,2023-06-07,Preventive,417.5670517214304,1.326946226632459,"Suspension,Electrical",491503,TECH-146,True
MNT-100909,VH-9152,2023-12-30,Emergency,1946.937626231711,22.33760929134794,Tires,213263,TECH-167,False
MNT-100910,VH-5386,2023-05-06,Preventive,418.684397933374,8.884646487240278,"Transmission,Engine,HVAC",316910,TECH-138,True
MNT-100911,VH-3588,2024-10-03,Scheduled,472.0182302417031,1.0,Electrical,222391,TECH-163,True
MNT-100912,VH-9801,2023-06-23,Preventive,359.8782253015763,4.0025401530183355,"Electrical,HVAC,Tires",417686,TECH-136,False
MNT-100913,VH-3540,2024-10-12,Corrective,1050.9366246772513,4.445704865552781,"Transmission,Tires",96312,TECH-182,False
MNT-100914,VH-8425,2023-05-27,Corrective,792.9772995687697,1.3201717567422853,"Brakes,Oil Change,Transmission",157000,TECH-195,False
MNT-100915,VH-5282,2023-12-21,Emergency,4058.4302978869327,45.822228651246235,"Suspension,Electrical,Engine",154975,TECH-136,True
MNT-100916,VH-9682,2023-02-16,Preventive,377.37270680056236,1.0,HVAC,150712,TECH-194,False
MNT-100917,VH-7922,2023-02-19,Corrective,1259.312714437899,11.570895081813203,"Brakes,Engine,Oil Change",202191,TECH-186,False
MNT-100918,VH-3540,2023-04-14,Corrective,812.7151006298113,38.20806509055763,"Electrical,Suspension,HVAC",43377,TECH-152,False
MNT-100919,VH-3125,2023-12-07,Corrective,1109.481712821989,2.7070542896333514,"Suspension,Transmission,HVAC",51150,TECH-191,False
MNT-100920,VH-5386,2024-05-23,Preventive,514.0084178770824,2.4298025723693426,Suspension,155346,TECH-113,False
MNT-100921,VH-4716,2024-12-23,Emergency,1964.5051825441888,8.609603753430775,"Electrical,HVAC,Oil Change",164444,TECH-126,False
MNT-100922,VH-6071,2024-10-06,Preventive,504.46954888288946,5.756533380513815,Engine,335616,TECH-158,True
MNT-100923,VH-2381,2024-09-27,Scheduled,466.5377437102022,1.0,"Electrical,Tires",271801,TECH-158,True
MNT-100924,VH-1468,2024-07-09,Preventive,531.8803227205519,5.879203656419734,"Suspension,Brakes,Engine",19098,TECH-142,False
MNT-100925,VH-2464,2023-08-30,Preventive,540.9313577926055,9.355520131396936,"Brakes,HVAC,Tires",132858,TECH-103,True
MNT-100926,VH-9274,2024-03-22,Preventive,474.93229777450017,1.0128949579772102,"Brakes,Electrical,Suspension",317801,TECH-114,False
MNT-100927,VH-1468,2023-02-27,Preventive,543.3510880600982,10.027434076669628,Engine,366989,TECH-179,False
MNT-100928,VH-3927,2023-10-13,Emergency,3257.510611337537,12.031334797041861,Engine,360268,TECH-133,True
MNT-100929,VH-5714,2023-06-05,Corrective,1039.935067395013,3.945428914197516,"Transmission,Oil Change,Electrical",287820,TECH-133,False
MNT-100930,VH-9152,2024-12-24,Emergency,1611.9752185932164,4.0097757607481705,Brakes,97050,TECH-155,False
MNT-100931,VH-6346,2024-05-19,Preventive,419.578116880965,1.463155345648739,"Tires,Electrical,Engine",465890,TECH-147,False
MNT-100932,VH-2506,2024-08-16,Preventive,620.2944299772705,1.0,Oil Change,55978,TECH-117,False
MNT-100933,VH-1999,2024-06-15,Corrective,260.5075986271489,5.915998912881882,"Brakes,Transmission,Electrical",320759,TECH-169,False
MNT-100934,VH-6718,2023-07-19,Preventive,488.32774093471613,8.714984833878605,"Engine,HVAC",256145,TECH-110,False
MNT-100935,VH-8918,2023-04-25,Preventive,353.06614316877886,1.1936394126662735,Engine,305008,TECH-115,False
MNT-100936,VH-9646,2024-08-12,Corrective,907.277346858885,15.147534426363201,"Tires,HVAC,Oil Change",321344,TECH-131,False
MNT-100937,VH-4057,2024-02-23,Preventive,502.2803134621646,6.597274470555705,"Oil Change,Transmission",161300,TECH-145,True
MNT-100938,VH-5282,2023-08-11,Scheduled,174.88449755940997,1.0,HVAC,261912,TECH-186,False
MNT-100939,VH-5717,2024-11-01,Preventive,417.5459393234257,1.0,"Tires,Transmission",100384,TECH-136,True
MNT-100940,VH-4503,2023-05-20,Corrective,383.0593860854714,6.494387810341178,"Engine,Suspension,HVAC",485166,TECH-113,False
MNT-100941,VH-7918,2023-11-29,Corrective,1299.867081871686,4.744067451352074,"Transmission,Suspension",139914,TECH-121,False
MNT-100942,VH-6473,2023-05-03,Preventive,429.5666085754075,7.655231514550575,Oil Change,107564,TECH-187,False
MNT-100943,VH-6346,2023-07-31,Preventive,464.93636009343663,8.234673540701792,"Electrical,Engine",186179,TECH-144,True
MNT-100944,VH-8000,2023-09-24,Corrective,1312.4323196969367,2.2079880833993424,HVAC,427754,TECH-169,False
MNT-100945,VH-4743,2024-08-14,Preventive,469.5643061068784,1.9332309747255767,Electrical,468656,TECH-102,True
MNT-100946,VH-3348,2024-10-18,Emergency,3341.680615434552,1.0679677311171636,Suspension,311271,TECH-122,True
MNT-100947,VH-6605,2024-10-17,Preventive,666.9764906239963,1.0,"Transmission,Electrical",160272,TECH-127,False
MNT-100948,VH-1835,2023-08-02,Emergency,1622.2182237815887,13.19383066668943,"Electrical,Oil Change,Suspension",122168,TECH-182,True
MNT-100949,VH-5056,2023-04-07,Corrective,1100.7040668422014,11.569960748816055,"Brakes,Tires,Electrical",241588,TECH-168,True
MNT-100950,VH-3814,2023-02-02,Scheduled,332.32451581672666,4.610474131307157,"Tires,Engine,Transmission",360991,TECH-100,True
MNT-100951,VH-4862,2023-10-18,Preventive,732.5611475225271,9.511049340845057,"Suspension,Oil Change,Tires",303144,TECH-129,False
MNT-100952,VH-5868,2024-06-15,Scheduled,299.2840827779806,3.6038280737287174,Transmission,216445,TECH-191,False
MNT-100953,VH-1335,2024-07-06,Preventive,471.5784890978083,1.0,"Engine,Suspension,Tires",439731,TECH-188,False
MNT-100954,VH-9862,2024-09-01,Preventive,474.7050193675343,1.8142832485665743,"Oil Change,Engine",204806,TECH-132,True
MNT-100955,VH-5844,2024-07-07,Corrective,661.0821245013935,10.637003305577396,"HVAC,Brakes,Oil Change",230764,TECH-196,False
MNT-100956,VH-4716,2023-05-27,Preventive,409.36836879094545,1.9044519487519331,"Electrical,Brakes",305073,TECH-147,False
MNT-100957,VH-3039,2023-11-13,Scheduled,293.96027211982033,1.0,"Oil Change,Electrical,Transmission",472193,TECH-108,True
MNT-100958,VH-9516,2024-01-04,Preventive,133.16188171908584,7.457255011884979,Oil Change,449701,TECH-194,False
MNT-100959,VH-3214,2023-06-10,Preventive,664.5396013107368,6.657761439204181,"Oil Change,Suspension",271255,TECH-112,True
MNT-100960,VH-4740,2024-06-18,Emergency,2300.8258169048286,8.788614224428951,"Tires,Oil Change",358566,TECH-113,False
MNT-100961,VH-7693,2024-12-28,Emergency,3832.936872406981,8.099964000826759,"Oil Change,Suspension,Brakes",98513,TECH-112,False
MNT-100962,VH-2372,2024-02-02,Scheduled,213.24105758580336,1.0,"HVAC,Brakes,Tires",234678,TECH-179,False
MNT-100963,VH-5547,2023-03-20,Scheduled,328.70906851657054,1.0,"HVAC,Electrical,Transmission",325824,TECH-191,False
MNT-100964,VH-5844,2024-03-10,Emergency,2436.090471277956,43.014642344284375,"HVAC,Brakes",314006,TECH-102,True
MNT-100965,VH-2506,2024-07-28,Preventive,842.8396862632536,2.6625479946429134,"Suspension,Oil Change",489615,TECH-165,False
MNT-100966,VH-9522,2024-06-02,Scheduled,387.0078363857773,7.210797324471585,HVAC,265188,TECH-193,False
MNT-100967,VH-9862,2023-09-30,Preventive,561.0751327220966,5.823426589097114,"Electrical,Transmission,Brakes",472392,TECH-146,False
MNT-100968,VH-3450,2024-02-04,Scheduled,269.398821038357,7.771748624934285,Electrical,466290,TECH-103,False
MNT-100969,VH-1366,2023-07-16,Preventive,619.1336455523452,2.826773182890335,"HVAC,Transmission,Tires",145085,TECH-188,False
MNT-100970,VH-9737,2023-07-20,Preventive,659.8053474739545,4.83507914415068,"HVAC,Brakes,Transmission",93547,TECH-158,True
MNT-100971,VH-5360,2024-05-25,Scheduled,249.7258185604032,2.008778311744292,"Oil Change,Suspension",325381,TECH-129,True
MNT-100972,VH-8000,2023-08-26,Corrective,972.0298400302987,1.0,"Suspension,Oil Change",212357,TECH-121,True
MNT-100973,VH-8790,2023-04-16,Preventive,321.12630520757324,8.02260801118146,HVAC,247530,TECH-171,False
MNT-100974,VH-2549,2024-01-14,Preventive,337.93603316234817,2.9523141794336056,Transmission,447221,TECH-123,False
MNT-100975,VH-5262,2023-12-27,Preventive,131.38629584729028,2.916458828069762,Electrical,392687,TECH-172,True
MNT-100976,VH-8857,2023-05-18,Preventive,420.7177884259813,1.0,"Tires,Transmission",272281,TECH-138,False
MNT-100977,VH-3179,2024-01-24,Corrective,1114.9090338147398,69.67582513294468,Transmission,385620,TECH-109,False
MNT-100978,VH-2357,2024-09-11,Emergency,1740.2871899286442,6.281887503728097,Tires,223494,TECH-182,False
MNT-100979,VH-3317,2024-12-25,Preventive,621.0243150910801,9.528421823457892,"Brakes,Transmission,Suspension",61276,TECH-117,False
MNT-100980,VH-3450,2023-05-24,Scheduled,287.3168403640264,1.8653268854946625,"HVAC,Tires,Electrical",339184,TECH-161,False
MNT-100981,VH-1092,2023-09-22,Preventive,522.5833375748913,8.329517528674396,"Electrical,Brakes,Oil Change",346688,TECH-123,False
MNT-100982,VH-9948,2023-11-22,Scheduled,470.06906403213264,1.0,Suspension,225330,TECH-157,True
MNT-100983,VH-6775,2024-05-14,Corrective,1067.7170347356061,11.132914592209133,Tires,84209,TECH-199,True
MNT-100984,VH-8563,2024-07-25,Corrective,1846.8953748202425,14.755329057352274,"Oil Change,Brakes",266722,TECH-188,False
MNT-100985,VH-5844,2024-10-27,Emergency,3020.634690487401,7.165936534216506,"Brakes,HVAC",246477,TECH-160,False
MNT-100986,VH-6323,2023-05-08,Preventive,401.19799349023,2.7684861861450294,"Electrical,Brakes,Tires",185843,TECH-189,True
MNT-100987,VH-1885,2023-06-21,Preventive,515.1284310621124,1.3373586006777465,"Brakes,Suspension",303026,TECH-125,False
MNT-100988,VH-1008,2024-01-17,Preventive,479.039199600296,2.2685092256681734,Tires,18843,TECH-160,False
MNT-100989,VH-3348,2023-01-26,Emergency,2007.1340274291042,6.517258237455724,"Transmission,Suspension,Oil Change",394577,TECH-104,False
MNT-100990,VH-4740,2024-11-22,Preventive,591.1587043910721,1.0,"Transmission,Brakes,Suspension",472850,TECH-126,False
MNT-100991,VH-9824,2024-05-24,Preventive,357.881308824747,2.4887221010466476,HVAC,120589,TECH-149,False
MNT-100992,VH-8468,2023-11-30,Emergency,2202.516660782474,11.775953300850711,"Suspension,HVAC",170944,TECH-197,False
MNT-100993,VH-2690,2024-07-19,Preventive,774.5924640926291,1.9655392833824932,"Oil Change,Tires,Engine",43781,TECH-155,True
MNT-100994,VH-2393,2024-10-18,Corrective,1091.0379237569375,25.23916525683407,"Electrical,Brakes,Tires",435968,TECH-153,True
MNT-100995,VH-4688,2023-03-07,Preventive,543.0027729214053,1.0,Tires,221184,TECH-129,False
MNT-100996,VH-7688,2023-11-19,Corrective,693.8117233184228,18.648345656084242,"Electrical,Engine",495967,TECH-172,False
MNT-100997,VH-5912,2023-12-20,Scheduled,567.9366138934165,1.0,"Brakes,Tires,Oil Change",188501,TECH-141,False
MNT-100998,VH-9008,2023-07-07,Corrective,1203.356695548124,1.0,"Suspension,Electrical,Engine",401912,TECH-196,False
MNT-100999,VH-5635,2023-08-26,Corrective,1105.3796233643113,8.339518086213458,"Engine,Oil Change,Tires",370831,TECH-148,False
MNT-101000,VH-5684,2023-02-22,Preventive,698.0310631811369,3.1868994500605736,Suspension,59648,TECH-141,False
MNT-101001,VH-8103,2024-06-25,Preventive,596.828728216503,1.0,Transmission,132552,TECH-141,False
MNT-101002,VH-8176,2023-12-21,Corrective,1370.8080871985567,1.1766338453775322,"HVAC,Transmission,Engine",242292,TECH-180,False
MNT-101003,VH-3490,2023-02-09,Corrective,1066.3656534118668,1.0,"Suspension,Brakes,Transmission",27806,TECH-112,True
MNT-101004,VH-7807,2024-02-19,Preventive,439.1815380936471,5.833631477555434,"Engine,Oil Change,Tires",19406,TECH-174,False
MNT-101005,VH-3547,2024-12-28,Corrective,1341.0140019209987,68.52227703071162,"Transmission,Suspension",323814,TECH-106,True
MNT-101006,VH-3618,2024-05-20,Corrective,885.602219134791,8.684881316135558,"Tires,Brakes",352474,TECH-176,False
MNT-101007,VH-5670,2024-05-21,Preventive,609.9171239490693,2.021509737541171,HVAC,167557,TECH-118,True
MNT-101008,VH-3092,2023-03-14,Emergency,1306.12816676138,13.404470015062063,"HVAC,Suspension,Electrical",340707,TECH-136,True
MNT-101009,VH-8840,2024-06-08,Preventive,480.1203149617585,2.1020935697150485,"Oil Change,Suspension",104177,TECH-156,False
MNT-101010,VH-3233,2024-07-04,Preventive,440.4063607271854,18.650735481395674,"Suspension,Transmission,Electrical",438174,TECH-192,True
MNT-101011,VH-3233,2024-09-04,Corrective,227.68485792436832,1.0,"HVAC,Transmission,Electrical",488864,TECH-127,True
MNT-101012,VH-9522,2024-09-03,Preventive,719.2280079947302,1.0393149793875012,"Oil Change,Transmission,Engine",65338,TECH-190,True
MNT-101013,VH-6346,2024-01-07,Preventive,683.5488657507377,1.1562908737075348,"Suspension,Electrical,Transmission",295792,TECH-136,False
MNT-101014,VH-3092,2024-09-28,Corrective,1193.605440077687,59.56468488251968,"Tires,HVAC,Electrical",13632,TECH-158,False
MNT-101015,VH-3776,2024-10-29,Emergency,1844.7377240336746,30.510051538205687,HVAC,288518,TECH-141,False
MNT-101016,VH-8376,2024-06-11,Preventive,593.3217807574363,2.2450774522121533,HVAC,10289,TECH-192,True
MNT-101017,VH-6037,2024-04-06,Preventive,141.31665570098107,5.7681027551328485,"Suspension,Oil Change",449591,TECH-129,False
MNT-101018,VH-4862,2023-07-03,Preventive,558.8376896672588,1.0,"Brakes,Transmission",87809,TECH-146,True
MNT-101019,VH-5203,2024-03-02,Corrective,1547.3299265044004,24.08555479124955,Brakes,379534,TECH-160,False
MNT-101020,VH-1461,2023-12-17,Preventive,602.2063599892724,12.958137144006896,"Tires,Electrical,Engine",47667,TECH-184,False
MNT-101021,VH-9821,2023-10-16,Preventive,300.75223967452257,1.0,"Suspension,Transmission,Electrical",391946,TECH-162,False
MNT-101022,VH-8639,2024-11-06,Preventive,380.6212802072268,5.31911444761538,"Suspension,HVAC",480792,TECH-121,False
MNT-101023,VH-6908,2023-08-30,Preventive,417.45922752479294,2.9545813036127835,HVAC,154414,TECH-178,False
MNT-101024,VH-4890,2023-09-27,Corrective,1130.8043478397806,28.42148911235104,"HVAC,Tires",38236,TECH-188,True
MNT-101025,VH-3540,2023-09-26,Preventive,540.6567928420576,1.3944103334452451,"Tires,Brakes,Oil Change",353624,TECH-123,False
MNT-101026,VH-1712,2023-04-17,Corrective,1983.455572156327,35.803105072338845,Brakes,245322,TECH-175,False
MNT-101027,VH-3132,2024-11-05,Corrective,837.9976783447969,16.285259090603223,Tires,154718,TECH-135,False
MNT-101028,VH-5868,2024-10-09,Corrective,1045.0878603912267,3.37935316188479,"Engine,Electrical",79611,TECH-102,False
MNT-101029,VH-7171,2023-02-09,Preventive,424.9293745036182,4.952624863722328,Tires,205021,TECH-177,False
MNT-101030,VH-8563,2023-04-01,Preventive,660.6259682439277,4.40036948625401,"Engine,HVAC",472822,TECH-129,False
MNT-101031,VH-1461,2024-08-05,Scheduled,249.95696661241277,1.0,"HVAC,Oil Change,Tires",62730,TECH-162,False
MNT-101032,VH-9682,2023-03-31,Preventive,388.2707250976391,2.126850056456329,Oil Change,180032,TECH-148,True
MNT-101033,VH-2422,2024-09-06,Preventive,1026.6021654590518,9.020598222717412,Suspension,337639,TECH-106,False
MNT-101034,VH-1391,2023-04-29,Preventive,191.97008828921935,1.8724554353345504,"HVAC,Transmission",335946,TECH-125,True
MNT-101035,VH-5714,2023-02-27,Corrective,1218.4688250443824,8.652449298626502,"Engine,Transmission",458269,TECH-111,False
MNT-101036,VH-2290,2024-10-29,Preventive,677.855314223742,2.0146182600723956,"Electrical,HVAC,Tires",425034,TECH-191,False
MNT-101037,VH-8866,2023-09-04,Preventive,363.8090428011178,19.040373801814493,Oil Change,378319,TECH-103,False
MNT-101038,VH-3919,2024-11-07,Corrective,1190.3530562584335,9.671737674670261,Electrical,475619,TECH-166,False
MNT-101039,VH-3125,2023-12-23,Preventive,279.07651672292457,1.0,"Suspension,Tires,Transmission",271701,TECH-146,True
MNT-101040,VH-5056,2023-12-02,Corrective,667.5028601730189,18.741615089220996,"Brakes,Transmission",478267,TECH-110,True
MNT-101041,VH-2690,2024-01-26,Preventive,430.2147963025967,1.0,Engine,404371,TECH-123,False
MNT-101042,VH-2422,2024-06-16,Preventive,622.7453495259269,10.458745269658944,"Oil Change,HVAC",252819,TECH-150,True
MNT-101043,VH-3540,2024-06-03,Corrective,1506.356051246736,10.22891917850105,Electrical,390716,TECH-132,True
MNT-101044,VH-8653,2023-02-22,Scheduled,304.3487865515376,1.0,HVAC,126385,TECH-172,True
MNT-101045,VH-8959,2024-06-10,Preventive,256.2481916744616,4.3401217085098995,Electrical,12619,TECH-120,False
MNT-101046,VH-3233,2023-06-28,Preventive,662.3374333864122,3.8163528279828256,"Transmission,HVAC,Engine",478391,TECH-159,False
MNT-101047,VH-3039,2024-03-10,Scheduled,214.78121904498158,1.0,HVAC,88806,TECH-161,False
MNT-101048,VH-7693,2024-10-18,Emergency,2217.0583134417575,3.2084949908966838,"Tires,Transmission,HVAC",422805,TECH-114,False
MNT-101049,VH-7166,2023-04-30,Corrective,1262.0839217281136,8.127644864259146,"Oil Change,HVAC",132480,TECH-138,False
MNT-101050,VH-2147,2024-05-17,Preventive,507.8371533823508,1.0,"Engine,Electrical,Tires",53227,TECH-172,False
MNT-101051,VH-3278,2024-01-20,Corrective,1394.144655316781,13.196556386550796,"Oil Change,Electrical",42189,TECH-108,True
MNT-101052,VH-8316,2024-05-24,Preventive,484.0438049607665,3.8509301680862764,"Tires,Electrical,HVAC",103829,TECH-165,False
MNT-101053,VH-1588,2023-11-30,Corrective,884.4746358243972,12.515968244760657,"Transmission,Oil Change",440011,TECH-193,False
MNT-101054,VH-8639,2023-09-03,Scheduled,204.42560931949188,1.0921945203425345,"Electrical,Oil Change,HVAC",129830,TECH-186,True
MNT-101055,VH-5360,2023-06-01,Preventive,529.8568610483271,1.0,"Transmission,HVAC",36534,TECH-160,False
MNT-101056,VH-9801,2023-09-05,Corrective,1448.5056736651036,5.4642832643194925,"Electrical,Tires,Oil Change",262979,TECH-135,False
MNT-101057,VH-4862,2023-05-28,Preventive,426.7305276684866,4.423431159139493,Brakes,121653,TECH-137,True
MNT-101058,VH-5991,2023-10-10,Preventive,752.2471866278911,11.149297159005226,"Suspension,Tires",127126,TECH-182,False
MNT-101059,VH-8866,2023-07-26,Preventive,530.5373255948994,4.510609028431532,"Engine,Oil Change,HVAC",30334,TECH-187,False
MNT-101060,VH-5717,2023-07-21,Preventive,364.102540262994,4.028707398574916,"Oil Change,Transmission",164990,TECH-145,False
MNT-101061,VH-9710,2024-07-30,Emergency,2280.5694368309805,78.02357427484263,"Tires,Transmission",264942,TECH-151,False
MNT-101062,VH-5717,2023-06-18,Preventive,612.0512287968739,1.0,"Brakes,Electrical",146764,TECH-162,False
MNT-101063,VH-3967,2024-05-22,Corrective,988.5056288945436,6.476134566273089,"Suspension,Brakes,Engine",135054,TECH-190,False
MNT-101064,VH-8923,2024-12-29,Preventive,735.1248763269556,2.079813580630104,"Tires,Electrical,Suspension",496441,TECH-149,False
MNT-101065,VH-5282,2024-01-29,Corrective,961.4070680173328,10.515882287966853,"Transmission,Oil Change",476834,TECH-121,False
MNT-101066,VH-1823,2024-12-22,Preventive,568.4415340951075,5.553631702731051,Transmission,323483,TECH-173,True
MNT-101067,VH-1059,2023-08-06,Preventive,532.2356459062112,1.0,"Transmission,HVAC",312415,TECH-147,True
MNT-101068,VH-2393,2024-08-21,Corrective,1913.8444632620517,70.09511960077775,Transmission,470013,TECH-125,False
MNT-101069,VH-7359,2024-04-22,Preventive,449.54923542647464,1.4077655157602782,"Brakes,Transmission",84484,TECH-195,False
MNT-101070,VH-7807,2023-11-23,Corrective,1140.8925161013142,6.896791154458176,"Suspension,Tires,Electrical",468131,TECH-132,False
MNT-101071,VH-9723,2024-01-01,Preventive,264.9643693832435,11.175707460860162,"Transmission,Brakes,Engine",303888,TECH-174,False
MNT-101072,VH-3092,2024-12-04,Corrective,821.2935438350753,10.23205573306224,"Tires,Brakes,Oil Change",199272,TECH-134,False
MNT-101073,VH-8593,2024-05-08,Emergency,1783.2527072120256,56.88767083933659,"Engine,HVAC,Suspension",85544,TECH-122,False
MNT-101074,VH-9772,2024-03-14,Scheduled,282.1357045692682,1.0,Engine,33505,TECH-138,False
MNT-101075,VH-1844,2023-02-14,Corrective,1061.3747039593507,1.206593043784897,Electrical,366645,TECH-110,False
MNT-101076,VH-7925,2023-04-23,Scheduled,501.6138542086593,1.0,"Electrical,Engine,Brakes",285577,TECH-195,False
MNT-101077,VH-2489,2024-11-04,Preventive,475.33334922796473,1.0,"Electrical,Suspension,Brakes",397475,TECH-151,False
MNT-101078,VH-9801,2024-07-11,Corrective,1192.744109145469,3.56337693844202,"Brakes,HVAC,Engine",124294,TECH-137,False
MNT-101079,VH-6253,2023-12-30,Corrective,1179.3221311183902,3.657291532502701,"Suspension,Brakes",492365,TECH-183,False
MNT-101080,VH-1475,2023-03-05,Preventive,469.8665062640398,14.33040471645532,"Tires,Oil Change",400721,TECH-153,False
MNT-101081,VH-4001,2023-12-12,Corrective,1247.1990383688678,2.1162024217996778,"Transmission,HVAC,Tires",132111,TECH-175,False
MNT-101082,VH-1215,2024-07-17,Corrective,1305.9788626771028,6.663898163767051,"Transmission,Engine,Tires",399612,TECH-195,True
MNT-101083,VH-7693,2024-07-30,Preventive,702.9816880275774,4.055401041408565,Electrical,47156,TECH-135,True
MNT-101084,VH-5684,2024-08-24,Emergency,3079.3255784784687,11.414749014626658,Electrical,463590,TECH-197,False
MNT-101085,VH-8468,2023-09-02,Corrective,1013.3529306243995,12.225080943478044,"Engine,Oil Change",185266,TECH-106,False
MNT-101086,VH-8593,2024-07-25,Preventive,278.14171524751043,6.178127237270314,"Electrical,Suspension",179035,TECH-131,True
MNT-101087,VH-1335,2023-02-09,Corrective,802.8160547794835,8.460196231420207,"Electrical,Brakes,Engine",68620,TECH-151,False
MNT-101088,VH-2410,2024-08-27,Emergency,3278.6562565143668,9.180936895715282,"Tires,Engine,Transmission",177442,TECH-148,False
MNT-101089,VH-5226,2023-12-03,Preventive,442.7986735940625,2.6745058800982564,"Engine,Brakes,Electrical",39031,TECH-116,False
MNT-101090,VH-1789,2024-04-15,Scheduled,333.972618687601,1.5210454388494414,"Oil Change,Transmission",182960,TECH-181,True
MNT-101091,VH-5991,2024-05-07,Preventive,273.3276388926614,4.908400429259618,Brakes,282008,TECH-115,False
MNT-101092,VH-6605,2024-02-25,Preventive,475.0075711790219,10.046363478933332,"Tires,Suspension",56473,TECH-104,False
MNT-101093,VH-8425,2023-05-06,Emergency,2189.600910153198,6.638999703661495,"Tires,Brakes",492501,TECH-134,False
MNT-101094,VH-3473,2023-08-10,Corrective,1006.4005304452794,3.4591490698149663,"Electrical,HVAC",391976,TECH-145,True
MNT-101095,VH-5714,2023-04-22,Emergency,1957.9572683893257,7.925571307164467,Engine,98175,TECH-198,False
MNT-101096,VH-1008,2023-06-18,Corrective,1412.136846990667,2.439494192103336,Electrical,349878,TECH-168,False
MNT-101097,VH-3671,2024-02-05,Preventive,537.8088577892345,1.0,"Oil Change,Brakes",455819,TECH-160,False
MNT-101098,VH-3927,2024-03-25,Preventive,296.1100516397503,2.520842271193265,"HVAC,Electrical",140618,TECH-131,False
MNT-101099,VH-9723,2023-10-30,Preventive,378.93524449532487,5.997747596956913,Oil Change,361278,TECH-149,True
MNT-101100,VH-8579,2024-04-27,Corrective,317.41566337940947,1.6025858022806063,"Oil Change,Engine,Tires",167819,TECH-180,True
MNT-101101,VH-6106,2024-07-09,Preventive,548.1907070164409,1.0,"Engine,Electrical,Suspension",308141,TECH-115,True
MNT-101102,VH-6605,2023-10-03,Corrective,1069.9320049271726,1.1801242087561215,Transmission,163134,TECH-133,False
MNT-101103,VH-5991,2023-11-08,Corrective,1536.2390949311284,12.199079934336503,"Electrical,Brakes,Oil Change",433521,TECH-157,False
MNT-101104,VH-3605,2023-01-26,Emergency,3043.6276083594375,17.961397995113334,Electrical,419364,TECH-104,False
MNT-101105,VH-3473,2024-08-05,Corrective,1222.8663409891153,8.252143023462914,Electrical,347514,TECH-181,True
MNT-101106,VH-5672,2024-12-27,Corrective,1544.093075128368,9.04219362045502,Suspension,122200,TECH-168,False
MNT-101107,VH-6463,2024-04-09,Corrective,2092.8563100344827,25.822301162279935,Electrical,428509,TECH-149,True
MNT-101108,VH-6605,2024-05-21,Corrective,485.4714979317255,1.5895172555494872,Transmission,373778,TECH-150,False
MNT-101109,VH-7136,2023-06-01,Corrective,1417.9223162601124,12.046378595125573,"Electrical,Oil Change",73792,TECH-138,False
MNT-101110,VH-3817,2023-07-17,Emergency,3271.899671929445,16.727455212367445,"Transmission,HVAC,Electrical",203992,TECH-197,True
MNT-101111,VH-9432,2024-06-26,Preventive,624.5232694931135,6.756663132481598,"HVAC,Electrical,Suspension",40730,TECH-131,False
MNT-101112,VH-1092,2023-04-26,Emergency,1869.1811508400297,44.66851817725849,"Oil Change,HVAC,Electrical",458592,TECH-146,False
MNT-101113,VH-6253,2023-12-03,Preventive,579.7524824601143,4.588636347414346,"Engine,Oil Change",145124,TECH-136,False
MNT-101114,VH-4001,2023-10-05,Preventive,618.0291144936015,6.132289860159216,"HVAC,Engine",440632,TECH-133,False
MNT-101115,VH-9737,2024-01-28,Preventive,521.4869644250374,6.278481025681367,Suspension,349092,TECH-186,False
MNT-101116,VH-8532,2023-11-01,Preventive,605.8026632129349,7.426495731177965,"Electrical,Engine,Tires",402709,TECH-132,True
MNT-101117,VH-2391,2023-06-03,Preventive,548.4619574829408,1.7249682713763121,"Tires,Electrical,Oil Change",363606,TECH-113,False
MNT-101118,VH-3547,2024-05-18,Emergency,3742.2900286512167,42.9585362237087,"Tires,Transmission,Electrical",373510,TECH-193,False
MNT-101119,VH-8176,2023-03-04,Corrective,1383.8648053900242,9.141367635878584,Tires,137197,TECH-163,False
MNT-101120,VH-4940,2024-02-28,Preventive,663.6758842810347,6.484280071084074,Brakes,257817,TECH-154,False
MNT-101121,VH-3547,2023-12-29,Corrective,1430.8281915740536,25.229713398895726,"Transmission,Tires,Oil Change",62114,TECH-115,False
MNT-101122,VH-8000,2023-04-07,Emergency,3223.8138711422716,6.6030916372870685,"Transmission,HVAC,Suspension",421142,TECH-154,True
MNT-101123,VH-8376,2024-06-28,Preventive,485.10973793846233,1.0,"Electrical,Transmission,Oil Change",25053,TECH-156,False
MNT-101124,VH-8468,2024-12-11,Preventive,871.6235390556919,1.5130673936424381,"Suspension,Transmission",158936,TECH-153,False
MNT-101125,VH-1215,2024-01-02,Preventive,817.8009933395178,1.5062998523677043,Brakes,21351,TECH-189,False
MNT-101126,VH-5056,2024-03-29,Preventive,666.3008744241948,5.457955985364042,"Brakes,Engine,Electrical",390915,TECH-139,False
MNT-101127,VH-7688,2024-11-26,Preventive,556.955015514784,4.637909995454232,"Suspension,HVAC",403485,TECH-183,True
MNT-101128,VH-3179,2024-04-27,Preventive,530.7174270425834,5.996770691849507,"Electrical,Transmission,Oil Change",283998,TECH-104,True
MNT-101129,VH-9008,2023-01-11,Preventive,490.05847798450907,2.780565267222365,Tires,204162,TECH-125,False
MNT-101130,VH-1716,2024-12-05,Preventive,240.68189632854688,3.1925126296427613,Brakes,417047,TECH-152,False
MNT-101131,VH-3278,2024-05-07,Corrective,1382.2684560136358,6.102125311421551,"Suspension,Oil Change",351783,TECH-157,True
MNT-101132,VH-1712,2024-11-25,Scheduled,384.45856917680396,1.4873281196945416,"Oil Change,Electrical,Brakes",470912,TECH-116,False
MNT-101133,VH-8296,2024-08-06,Corrective,1536.7130752459698,1.0,"HVAC,Transmission,Electrical",411682,TECH-147,True
MNT-101134,VH-6835,2023-01-03,Corrective,855.4745307968875,11.271428187585256,"Transmission,Suspension,Engine",27753,TECH-145,False
MNT-101135,VH-9646,2024-07-13,Emergency,2740.6761269912054,24.96336595798588,"Electrical,Tires",407687,TECH-152,False
MNT-101136,VH-1716,2023-12-22,Preventive,522.6355054089694,5.608373680050645,"Suspension,Tires",361031,TECH-162,True
MNT-101137,VH-3132,2024-06-18,Preventive,527.365873772464,1.3638109021478586,Tires,346701,TECH-193,False
MNT-101138,VH-9682,2023-10-12,Preventive,603.725191131474,3.128935473953513,"HVAC,Transmission,Electrical",177168,TECH-185,False
MNT-101139,VH-5991,2024-06-09,Corrective,1319.3027545933915,48.39175641174373,Suspension,22703,TECH-126,False
MNT-101140,VH-9394,2024-08-19,Emergency,3124.0476509628415,69.36167887221556,Brakes,205777,TECH-105,False
MNT-101141,VH-3967,2023-09-29,Corrective,1473.7680018873543,1.57582624783001,"Tires,Brakes,Suspension",434998,TECH-167,False
MNT-101142,VH-5635,2023-05-24,Corrective,1637.1203138079163,45.7075499200629,"Tires,Engine,Suspension",221358,TECH-183,False
MNT-101143,VH-5714,2024-02-03,Preventive,553.300276671,2.6667280848200874,"Suspension,Electrical,Transmission",353490,TECH-196,False
MNT-101144,VH-4740,2023-02-25,Corrective,399.0635490062939,1.2943686295512922,"Engine,HVAC,Brakes",294424,TECH-192,False
MNT-101145,VH-5028,2023-09-25,Emergency,2041.8756449844022,1.0,HVAC,304945,TECH-133,False
MNT-101146,VH-9516,2024-09-22,Corrective,1501.469356989583,2.510627305594444,"Suspension,Engine,Oil Change",98653,TECH-180,False
MNT-101147,VH-8547,2024-01-16,Preventive,832.6636057828689,6.616907829208314,"HVAC,Brakes",142636,TECH-113,False
MNT-101148,VH-7688,2024-10-11,Emergency,1996.322878591884,17.756116219295407,"HVAC,Transmission",16649,TECH-191,True
MNT-101149,VH-2147,2024-11-12,Scheduled,318.3833234932183,1.0,"Engine,Suspension,Transmission",413901,TECH-132,False
MNT-101150,VH-7686,2023-01-16,Preventive,503.9551240606838,3.557189039499264,Transmission,418367,TECH-159,False
MNT-101151,VH-3490,2024-11-08,Corrective,1519.494102072957,52.26646111726487,HVAC,129601,TECH-187,False
MNT-101152,VH-9646,2024-10-10,Scheduled,367.1820852485476,1.0,"Tires,Suspension,Transmission",458870,TECH-185,False
MNT-101153,VH-1092,2024-02-07,Corrective,692.2247804743477,2.1259867396876917,"Oil Change,Tires",393200,TECH-141,False
MNT-101154,VH-7807,2023-07-15,Emergency,2380.3482402654963,13.273564930452828,"Electrical,Oil Change",483146,TECH-182,True
MNT-101155,VH-1420,2024-06-10,Preventive,465.4757737730479,1.0,"Engine,Oil Change,Electrical",380990,TECH-166,False
MNT-101156,VH-2690,2024-01-29,Corrective,1489.5257335444703,4.429504853249402,"Engine,Brakes",50368,TECH-161,False
MNT-101157,VH-5991,2024-10-29,Preventive,595.5503560384574,6.902477491699485,"Electrical,Brakes",432167,TECH-117,False
MNT-101158,VH-6636,2023-12-20,Scheduled,296.7404450684503,5.4504327828719354,Engine,403988,TECH-145,False
MNT-101159,VH-6019,2024-01-10,Scheduled,363.01432867499227,1.505864936586777,Brakes,282396,TECH-134,False
MNT-101160,VH-7688,2023-08-24,Preventive,455.3078077583176,3.5000868373774785,"Brakes,Suspension,Engine",478246,TECH-179,False
MNT-101161,VH-8316,2023-02-21,Corrective,1062.024805259653,7.236155445281346,HVAC,181448,TECH-152,False
MNT-101162,VH-2391,2024-05-14,Corrective,1766.833517660747,15.710306264372178,"Engine,Tires,HVAC",294251,TECH-150,False
MNT-101163,VH-1716,2024-01-26,Emergency,2922.4459427720108,1.0,"Electrical,HVAC,Transmission",185826,TECH-169,True
MNT-101164,VH-2391,2024-08-11,Preventive,162.1708043078999,1.0,"Tires,Electrical",391872,TECH-122,False
MNT-101165,VH-2084,2024-11-04,Preventive,339.25456211338394,6.850153073931069,"HVAC,Suspension,Transmission",440713,TECH-101,False
MNT-101166,VH-3967,2023-12-02,Corrective,1646.439524440225,4.680735963175902,Oil Change,246456,TECH-105,False
MNT-101167,VH-7359,2024-03-04,Preventive,415.81034790010574,1.0,"Oil Change,HVAC",345459,TECH-138,False
MNT-101168,VH-3317,2024-02-18,Emergency,2258.950800574511,8.694673151046647,"Electrical,Brakes",256356,TECH-113,True
MNT-101169,VH-1588,2023-04-22,Corrective,1417.2335411624624,3.4457587282714544,HVAC,209570,TECH-145,True
MNT-101170,VH-7166,2024-12-26,Preventive,476.72344545857334,3.8535946913013555,"Electrical,Transmission,Suspension",482640,TECH-108,False
MNT-101171,VH-3776,2023-05-01,Corrective,1105.8543951110848,1.0,HVAC,88863,TECH-178,True
MNT-101172,VH-4688,2023-01-16,Preventive,399.727657565069,1.0,Electrical,306189,TECH-103,True
MNT-101173,VH-7741,2024-07-20,Preventive,398.11309062387977,1.0,"Brakes,Electrical,HVAC",484999,TECH-189,False
MNT-101174,VH-9710,2023-05-31,Preventive,789.457714295542,8.192818651335386,"Engine,Transmission,Electrical",473784,TECH-165,False
MNT-101175,VH-7832,2023-07-22,Preventive,677.4828056664626,2.3859547854210494,"Brakes,HVAC,Electrical",224773,TECH-186,False
MNT-101176,VH-4247,2024-10-20,Scheduled,329.01566727472084,1.4316711223995342,Oil Change,370451,TECH-109,True
MNT-101177,VH-3817,2023-04-20,Corrective,582.7124276664275,16.555556433918532,"HVAC,Brakes",289064,TECH-138,False
MNT-101178,VH-9723,2023-02-02,Preventive,705.6891202109933,3.690842420770487,"Suspension,Electrical,Tires",286002,TECH-186,False
MNT-101179,VH-8316,2024-02-19,Corrective,1016.6348224712585,16.742218170685767,"Suspension,Tires",334461,TECH-110,False
MNT-101180,VH-5684,2023-02-18,Preventive,407.4496023675341,1.0,"Tires,Engine,HVAC",449572,TECH-159,True
MNT-101181,VH-1468,2023-08-17,Scheduled,435.96476172828415,1.0,"Oil Change,HVAC",405962,TECH-186,False
MNT-101182,VH-1420,2023-08-01,Corrective,544.3423912799482,6.458399626854877,"Electrical,Oil Change",369387,TECH-147,False
MNT-101183,VH-7832,2023-02-28,Corrective,521.954906649405,3.2701053167299285,Brakes,80881,TECH-145,False
MNT-101184,VH-9887,2024-03-19,Corrective,1881.8147269135218,1.173502560305312,"Engine,Suspension",382944,TECH-170,False
MNT-101185,VH-7922,2023-09-27,Emergency,2968.7212219452713,2.582059147086306,"Oil Change,Brakes,Engine",167585,TECH-138,False
MNT-101186,VH-3547,2023-01-01,Preventive,730.8271656023849,3.0696629268190465,"Engine,Tires,Brakes",399216,TECH-156,False
MNT-101187,VH-5282,2023-06-11,Scheduled,218.62700926855686,1.0,"Oil Change,HVAC,Brakes",375886,TECH-197,False
MNT-101188,VH-6463,2023-10-13,Scheduled,348.60493362565046,1.1819827668797922,"Suspension,Transmission,Tires",282839,TECH-179,False
MNT-101189,VH-9646,2023-04-11,Preventive,394.6165209731172,9.101037321829068,Electrical,252335,TECH-132,True
MNT-101190,VH-2464,2023-11-11,Corrective,1093.3699462278187,1.0,Brakes,203706,TECH-125,False
MNT-101191,VH-1588,2023-09-19,Emergency,3626.737213846557,70.5836836936119,"Suspension,Electrical,Transmission",104121,TECH-147,False
MNT-101192,VH-8103,2024-05-19,Preventive,730.0158424913271,1.9248486938379725,"Suspension,Tires",242677,TECH-127,False
MNT-101193,VH-1999,2024-02-16,Corrective,1497.1205874230723,27.462885487591326,Engine,80533,TECH-189,True
MNT-101194,VH-1588,2023-10-20,Preventive,216.97944249413507,1.0,"Engine,HVAC",328734,TECH-177,False
MNT-101195,VH-5056,2024-09-02,Preventive,842.0184644582466,2.4113009559775542,"Suspension,Brakes",230555,TECH-113,False
MNT-101196,VH-3919,2024-05-13,Preventive,587.5967732024801,15.006031552508725,"Transmission,Oil Change",226477,TECH-186,False
MNT-101197,VH-2506,2023-12-30,Corrective,1797.4372467970143,5.377609294589153,"Transmission,Oil Change,Electrical",107379,TECH-170,False
MNT-101198,VH-7832,2023-03-23,Preventive,397.93947989437453,1.0,"Brakes,Engine,Tires",202822,TECH-149,True
MNT-101199,VH-1844,2024-07-29,Corrective,464.41646988772277,6.7075362481693555,Tires,26590,TECH-142,False
MNT-101200,VH-7657,2024-02-25,Preventive,609.6990466579836,4.024142812336953,"Brakes,Suspension,Oil Change",103395,TECH-150,True
MNT-101201,VH-4503,2024-02-20,Corrective,545.3622134659211,7.415247330782856,"Tires,Oil Change,Engine",442935,TECH-109,True
MNT-101202,VH-9862,2023-09-14,Preventive,501.5070321003665,6.13691944776902,"Electrical,Engine",160834,TECH-110,False
MNT-101203,VH-6463,2023-10-31,Scheduled,304.2515855057462,5.15542493452642,"Electrical,Engine",147960,TECH-160,True
MNT-101204,VH-2690,2023-05-13,Preventive,287.3279795387539,1.0,Electrical,195407,TECH-161,False
MNT-101205,VH-8000,2023-06-23,Preventive,450.07113053956255,3.2096964019836545,Transmission,396296,TECH-109,False
MNT-101206,VH-1072,2023-05-08,Emergency,2162.8817085846467,8.320389012756069,"Engine,Brakes",285605,TECH-173,False
MNT-101207,VH-4890,2024-03-29,Preventive,574.5155447181941,2.3913233485242924,"Tires,Electrical",289822,TECH-150,True
MNT-101208,VH-1716,2023-04-12,Preventive,641.9214504776857,1.0,"Transmission,Electrical,Suspension",97326,TECH-124,True
MNT-101209,VH-1366,2024-12-30,Preventive,638.3021045184547,24.493137234071217,"Engine,Suspension,Oil Change",39248,TECH-146,True
MNT-101210,VH-3817,2023-12-30,Preventive,652.8017468321686,4.263101548328098,"Engine,Brakes",292707,TECH-165,True
MNT-101211,VH-5844,2024-01-30,Preventive,561.6639795248697,3.4633801588147155,Tires,375988,TECH-106,False
MNT-101212,VH-9737,2023-02-06,Preventive,306.5764418840778,1.0,"Oil Change,Suspension,Transmission",161957,TECH-131,False
MNT-101213,VH-8547,2023-09-24,Preventive,668.8660324189937,5.5871606525947,"Oil Change,Suspension",473782,TECH-187,True
MNT-101214,VH-2372,2023-04-03,Preventive,693.5673837884974,6.388227986669563,"Electrical,Oil Change,Tires",303375,TECH-101,False
MNT-101215,VH-5672,2023-07-06,Corrective,1292.3307973602703,1.0,"Engine,Transmission",352485,TECH-163,False
MNT-101216,VH-6071,2024-10-24,Preventive,559.7986411019707,1.0,Brakes,138591,TECH-118,False
MNT-101217,VH-5386,2023-01-22,Scheduled,541.7724009128011,2.0576561035869445,"Electrical,Engine,Tires",392661,TECH-168,True
MNT-101218,VH-4976,2024-02-17,Preventive,578.2718675450994,12.458287663279945,"Transmission,Tires,Electrical",189220,TECH-105,False
MNT-101219,VH-2147,2023-07-17,Preventive,783.9603352871097,11.502812093092531,Oil Change,307805,TECH-141,False
MNT-101220,VH-6071,2024-04-16,Preventive,667.1641312875331,1.1229006686400438,"HVAC,Engine,Electrical",273131,TECH-189,True
MNT-101221,VH-3179,2023-05-24,Preventive,437.02654438845053,1.2907249712240618,"HVAC,Electrical,Oil Change",158052,TECH-145,False
MNT-101222,VH-2393,2024-03-30,Emergency,3709.454479831528,36.68308934197512,Suspension,144061,TECH-167,False
MNT-101223,VH-5478,2024-04-26,Preventive,554.9548484865588,14.127666742640066,"Tires,Brakes,Transmission",83731,TECH-118,False
MNT-101224,VH-4862,2024-05-23,Corrective,1371.4396487893387,3.4536415249127046,"HVAC,Tires",384588,TECH-152,False
MNT-101225,VH-3618,2024-12-30,Preventive,672.7591649565574,2.1590196812926816,"Engine,HVAC,Tires",336520,TECH-159,False
MNT-101226,VH-8664,2023-01-28,Preventive,632.0599113311548,1.4337160344834465,"Brakes,Engine,Tires",121845,TECH-148,False
MNT-101227,VH-9824,2024-01-29,Corrective,1274.5324276188067,1.0,"Electrical,Engine",52736,TECH-186,False
MNT-101228,VH-8097,2024-06-29,Preventive,638.3357725369231,3.754939153759179,"HVAC,Electrical,Transmission",65754,TECH-196,False
MNT-101229,VH-7686,2023-09-28,Emergency,2252.102224730576,17.17961847992266,"Brakes,Electrical",450893,TECH-116,True
MNT-101230,VH-8103,2023-01-25,Emergency,2837.7889921906926,33.36786497683907,Suspension,365556,TECH-119,False
MNT-101231,VH-2372,2023-11-12,Preventive,501.66520825196886,8.08742436600487,"Suspension,HVAC,Engine",313747,TECH-127,True
MNT-101232,VH-8103,2023-01-14,Emergency,2234.3807145536343,4.9198938207528045,Oil Change,472254,TECH-147,False
MNT-101233,VH-9821,2023-02-07,Preventive,785.6926094659232,17.17694132671817,"Electrical,Engine,HVAC",39628,TECH-182,False
MNT-101234,VH-6253,2024-03-03,Preventive,304.0694956645938,1.0,"Suspension,Electrical",387531,TECH-105,False
MNT-101235,VH-2147,2023-10-01,Emergency,3489.9540378990505,38.820614603857095,"HVAC,Suspension",108801,TECH-164,False
MNT-101236,VH-1620,2023-01-11,Preventive,596.5174312490504,2.5021078756569413,"Tires,Suspension",56546,TECH-128,False
MNT-101237,VH-9710,2023-11-21,Preventive,541.8625729402262,5.749216069752489,"Engine,Electrical",472630,TECH-182,False
MNT-101238,VH-7925,2024-07-11,Preventive,446.5041912541716,2.5205954486490754,"HVAC,Electrical",284499,TECH-187,True
MNT-101239,VH-7359,2023-09-03,Preventive,599.9017949244126,7.827607229494008,HVAC,344519,TECH-147,False
MNT-101240,VH-5547,2024-10-06,Corrective,667.3907920083259,1.3294110216521524,"HVAC,Suspension,Electrical",306511,TECH-164,False
MNT-101241,VH-3547,2024-06-28,Corrective,1162.3639277482316,1.0686081289195855,Brakes,414164,TECH-167,False
MNT-101242,VH-5056,2023-05-11,Scheduled,316.6405590623851,4.9523552114331055,"Transmission,Engine,HVAC",316279,TECH-160,False
MNT-101243,VH-1092,2024-01-13,Preventive,564.0703087579477,14.239069160443872,"Brakes,HVAC",114317,TECH-100,True
MNT-101244,VH-4940,2023-06-15,Corrective,1157.2108234566008,19.260660093233657,Transmission,72341,TECH-158,True
MNT-101245,VH-7657,2024-03-18,Preventive,539.0340972017948,1.0,"Brakes,HVAC",448364,TECH-143,False
MNT-101246,VH-1475,2023-10-11,Corrective,1769.1200154007565,2.9439802781142714,"Transmission,Suspension,Brakes",482350,TECH-148,True
MNT-101247,VH-1716,2023-08-18,Preventive,548.9094395581077,1.6921943734267428,"Electrical,Tires,Engine",497990,TECH-153,True
MNT-101248,VH-6775,2023-07-24,Scheduled,306.34902836863984,1.6306363973530758,"HVAC,Brakes,Suspension",451637,TECH-122,False
MNT-101249,VH-3540,2023-10-15,Corrective,777.2323129885775,1.4454345321569826,Suspension,406981,TECH-124,False
MNT-101250,VH-7863,2023-06-22,Preventive,295.90566180300226,1.0,Oil Change,451400,TECH-110,False
MNT-101251,VH-5912,2023-09-10,Emergency,2439.2100550223718,13.844834119468619,Suspension,48702,TECH-134,False
MNT-101252,VH-8316,2024-09-29,Emergency,3335.0648311472396,11.170095439401763,"Suspension,Engine,Oil Change",434309,TECH-196,False
MNT-101253,VH-6443,2023-11-24,Preventive,478.23086143107406,1.4599033156008319,Tires,77618,TECH-123,True
MNT-101254,VH-8664,2024-03-05,Corrective,1743.1569753395104,1.0,"Brakes,Transmission,Suspension",76921,TECH-138,False
MNT-101255,VH-5635,2024-10-08,Preventive,552.9822544015445,4.022542303793724,"Tires,HVAC",175959,TECH-155,False
MNT-101256,VH-2290,2024-12-09,Corrective,1073.0227001727458,12.928817145044823,Electrical,198772,TECH-179,False
MNT-101257,VH-3817,2023-03-14,Preventive,518.0027210395135,3.094477737568722,Suspension,259151,TECH-106,False
MNT-101258,VH-6323,2024-03-18,Corrective,760.0873946132374,5.40743747028521,"Suspension,Tires,Transmission",122559,TECH-143,False
MNT-101259,VH-3092,2024-06-26,Preventive,417.782594609996,2.698820899999007,"HVAC,Brakes,Transmission",487201,TECH-127,False
MNT-101260,VH-1169,2024-09-15,Preventive,555.2873873029506,2.955473709810096,Oil Change,50236,TECH-120,True
MNT-101261,VH-2506,2023-11-17,Preventive,312.1149241365646,1.0,"HVAC,Transmission,Engine",96910,TECH-106,False
MNT-101262,VH-7832,2023-02-26,Preventive,376.73209124697513,9.656175607946212,"Tires,Electrical",319454,TECH-167,False
MNT-101263,VH-9394,2024-03-30,Corrective,1410.1492264026292,5.22917418220122,Transmission,410717,TECH-192,False
MNT-101264,VH-2147,2024-04-07,Scheduled,245.5773831678708,1.4335130912098057,"Engine,Tires,Transmission",300001,TECH-121,False
MNT-101265,VH-8547,2024-03-28,Preventive,585.9497232450572,13.016150774778104,Brakes,331955,TECH-137,False
MNT-101266,VH-6908,2023-08-27,Preventive,500.11424341242036,4.569210810658742,"Tires,Engine",80361,TECH-104,False
MNT-101267,VH-6253,2024-07-02,Emergency,1245.8027914755935,7.335332421450594,"Transmission,Tires,Suspension",430845,TECH-117,False
MNT-101268,VH-2372,2024-04-03,Preventive,466.4938850598421,9.77082092218075,"Transmission,Brakes,HVAC",237077,TECH-141,True
MNT-101269,VH-5056,2023-10-14,Preventive,601.9142944525481,13.964706126296374,"Transmission,Oil Change,Suspension",471648,TECH-158,False
MNT-101270,VH-4890,2024-11-18,Preventive,498.6605573053811,10.151063252800233,Brakes,164822,TECH-138,False
MNT-101271,VH-2410,2024-09-15,Scheduled,531.3560448755127,1.0,"Tires,HVAC",71196,TECH-199,False
MNT-101272,VH-5868,2023-12-05,Emergency,1424.6277949583898,8.886140816043131,Brakes,456129,TECH-119,False
MNT-101273,VH-2422,2024-09-07,Preventive,581.6230014349858,2.320449773866216,"Brakes,Tires,Transmission",401270,TECH-107,False
MNT-101274,VH-8316,2024-08-04,Corrective,1084.6494429694337,8.117718407035051,"Engine,Transmission",232302,TECH-171,False
MNT-101275,VH-7807,2024-10-22,Preventive,541.3291478721012,3.3598824458412024,HVAC,267078,TECH-166,False
MNT-101276,VH-4001,2023-03-31,Corrective,1364.7481463502024,45.23240833523549,"Oil Change,Suspension",244578,TECH-177,True
MNT-101277,VH-2357,2024-10-12,Preventive,612.6290313416517,1.0,"Engine,Suspension,HVAC",423545,TECH-199,False
MNT-101278,VH-3132,2023-01-24,Preventive,798.6037302109877,4.205985667688389,"Suspension,HVAC",491666,TECH-154,False
MNT-101279,VH-8857,2024-08-07,Corrective,1086.4661374204672,3.831806733393498,"Electrical,Suspension,Engine",54651,TECH-179,False
MNT-101280,VH-9710,2024-08-28,Preventive,414.5232704819058,4.013770264109863,"Transmission,Suspension",27797,TECH-177,False
MNT-101281,VH-1588,2023-05-05,Scheduled,302.9526106122419,2.3975926680765203,"Brakes,Engine,HVAC",47023,TECH-121,True
MNT-101282,VH-9824,2023-08-28,Emergency,1319.3027850005253,14.731069053734103,Oil Change,240545,TECH-107,False
MNT-101283,VH-8296,2023-05-27,Emergency,2486.9823582771915,12.9244964840541,"Engine,Oil Change,HVAC",402949,TECH-176,False
MNT-101284,VH-6019,2024-12-04,Preventive,705.3720202869285,4.608164796918878,Tires,16379,TECH-134,False
MNT-101285,VH-7359,2023-07-18,Emergency,3577.963634926724,28.530325257495576,"Suspension,Engine,HVAC",182823,TECH-185,False
MNT-101286,VH-3776,2024-04-08,Preventive,608.1923554382298,1.5416064631676618,"Tires,Transmission,Engine",422479,TECH-132,False
MNT-101287,VH-3605,2023-04-07,Corrective,833.466255197459,13.84129628059084,"Transmission,Electrical",310050,TECH-134,False
MNT-101288,VH-1789,2024-09-24,Emergency,1985.9232476522086,19.381527380067602,"Suspension,Tires,Engine",257987,TECH-179,False
MNT-101289,VH-9432,2024-05-14,Corrective,1415.5118144912842,50.85075829437612,"Suspension,Brakes,Tires",340349,TECH-193,False
MNT-101290,VH-9029,2023-03-15,Preventive,370.26554535194384,6.48055491866599,"Brakes,Tires",68509,TECH-187,True
MNT-101291,VH-7171,2024-06-13,Preventive,624.9530603983272,1.6116485323375354,"Oil Change,Suspension,Engine",140992,TECH-179,True
MNT-101292,VH-1468,2024-11-08,Corrective,1178.291369969391,10.963804691415895,Engine,232452,TECH-158,False
MNT-101293,VH-5028,2024-05-29,Corrective,1245.6524179563337,1.0,Tires,16929,TECH-121,True
MNT-101294,VH-3967,2024-10-19,Corrective,1334.4451471486852,21.122254455432266,"Tires,Transmission",199179,TECH-171,False
MNT-101295,VH-8376,2024-09-28,Corrective,837.338925163926,5.25869460096637,"Electrical,Tires",154749,TECH-191,False
MNT-101296,VH-5868,2024-04-02,Preventive,296.89329728378664,4.3856402235738505,"HVAC,Oil Change,Engine",404194,TECH-183,False
MNT-101297,VH-3490,2023-05-18,Corrective,1638.5388499477754,2.0553653849163775,"Engine,HVAC",221952,TECH-104,False
MNT-101298,VH-3776,2024-03-10,Preventive,608.0553178607016,8.470920106172635,"Brakes,Transmission",428140,TECH-111,False
MNT-101299,VH-1093,2023-12-26,Corrective,1099.733643484736,5.063774944807784,"Tires,Oil Change",461992,TECH-122,False
MNT-101300,VH-4862,2024-12-08,Preventive,507.88114480371587,1.1927019751970422,HVAC,49854,TECH-128,True
MNT-101301,VH-9723,2023-03-03,Preventive,524.3038747966395,1.6495038209301744,HVAC,207604,TECH-164,True
MNT-101302,VH-8000,2023-03-20,Corrective,1215.5135080268794,1.0835887591283024,"HVAC,Engine,Tires",135532,TECH-178,True
MNT-101303,VH-7359,2023-06-27,Emergency,2917.802436923592,73.20568408253203,Tires,107695,TECH-127,False
MNT-101304,VH-8441,2023-07-16,Preventive,296.579381173406,1.6473259530533981,"Tires,Transmission",272964,TECH-124,False
MNT-101305,VH-2559,2024-12-08,Preventive,409.08102610817554,4.314354278588343,Brakes,382792,TECH-176,True
MNT-101306,VH-6636,2023-03-05,Scheduled,346.1439973094815,1.0,HVAC,186037,TECH-118,False
MNT-101307,VH-8639,2023-11-28,Preventive,880.7672001096387,3.1076039407069187,"HVAC,Transmission",249816,TECH-149,True
MNT-101308,VH-1391,2024-07-25,Corrective,916.93288672063,32.428613513953515,"Transmission,Engine,Oil Change",482725,TECH-151,False
MNT-101309,VH-3547,2023-08-14,Corrective,1087.3136464458717,21.114897449604314,"Engine,Transmission",271456,TECH-127,True
MNT-101310,VH-2391,2024-05-13,Emergency,3175.927891976927,11.710860621351065,"Electrical,Engine,Suspension",174765,TECH-116,False
MNT-101311,VH-8840,2023-03-15,Preventive,548.4817225294734,4.909555776379558,"Transmission,Brakes",249497,TECH-105,False
MNT-101312,VH-3927,2024-02-03,Corrective,1486.2510205120275,3.284111088608123,"Tires,Engine,Oil Change",366439,TECH-160,False
MNT-101313,VH-6963,2024-03-02,Preventive,651.8081614134542,5.160607974198954,"Engine,Brakes",387745,TECH-145,True
MNT-101314,VH-9516,2023-03-15,Corrective,952.9293087443065,5.009580846173509,"Suspension,Transmission",304631,TECH-105,False
MNT-101315,VH-9393,2024-04-29,Corrective,1479.9254751300468,2.4037074839155674,Suspension,228295,TECH-198,True
MNT-101316,VH-8664,2024-03-10,Scheduled,402.11861444684473,2.0142876855816008,Oil Change,377672,TECH-172,False
MNT-101317,VH-1335,2024-12-21,Preventive,487.2352564660908,1.0,Tires,65282,TECH-156,False
MNT-101318,VH-8653,2023-02-28,Corrective,917.5143680755905,54.54893605136967,Suspension,289730,TECH-123,False
MNT-101319,VH-6253,2023-08-01,Corrective,1180.667358499595,1.0,HVAC,438429,TECH-198,True
MNT-101320,VH-6985,2023-07-27,Corrective,904.7362167195267,5.066195745878378,Tires,333090,TECH-170,False
MNT-101321,VH-6985,2023-06-13,Corrective,1583.1451920999425,7.026181219994196,Engine,57286,TECH-144,False
MNT-101322,VH-8316,2024-04-30,Preventive,520.6090893387403,1.0669644981492072,Engine,333142,TECH-142,False
MNT-101323,VH-1999,2024-04-25,Preventive,465.1889980615315,1.0,"Engine,HVAC",82303,TECH-124,False
MNT-101324,VH-7918,2024-05-08,Scheduled,339.01398626247567,1.266870579505991,"Transmission,Tires,Oil Change",420692,TECH-150,False
MNT-101325,VH-6718,2023-01-03,Corrective,666.3140076913313,2.4972580821762427,Brakes,247523,TECH-152,True
MNT-101326,VH-9516,2024-03-03,Preventive,514.8913727718207,4.520903959561727,Engine,107528,TECH-139,False
MNT-101327,VH-6908,2023-07-01,Emergency,2312.5689989976663,9.742207957187418,"HVAC,Tires,Engine",447895,TECH-148,False
MNT-101328,VH-9105,2023-01-12,Preventive,579.6451851596304,1.725198113773422,"Engine,Transmission",62828,TECH-105,True
MNT-101329,VH-3588,2024-06-25,Corrective,1120.7452421470002,22.462915911387963,Suspension,257101,TECH-140,False
MNT-101330,VH-3214,2024-07-14,Corrective,1121.2616446516236,5.661474787926376,"Tires,Electrical",310370,TECH-147,False
MNT-101331,VH-1620,2023-01-26,Preventive,547.1763191732884,15.263943051154065,Electrical,333693,TECH-187,False
MNT-101332,VH-8918,2024-03-24,Preventive,323.2714386942424,2.90933228110863,Electrical,306693,TECH-184,False
MNT-101333,VH-7686,2024-02-26,Corrective,1181.9358691973162,2.090502279154605,"Electrical,Brakes,Engine",102677,TECH-134,False
MNT-101334,VH-3967,2023-04-03,Corrective,1273.7343837363203,4.9337212882280514,Electrical,297425,TECH-100,True
MNT-101335,VH-5670,2024-06-08,Scheduled,228.5397338946581,1.2217327550776222,"Oil Change,Tires",166117,TECH-106,False
MNT-101336,VH-6463,2023-03-17,Scheduled,229.7486233149507,1.0,"Tires,Brakes",91372,TECH-141,True
MNT-101337,VH-1072,2023-01-26,Preventive,417.4985732173741,7.7051281222416765,"Suspension,Brakes,Electrical",55813,TECH-129,False
MNT-101338,VH-5056,2023-07-30,Preventive,365.4657733557134,6.175970428175841,HVAC,487259,TECH-168,False
MNT-101339,VH-9393,2023-12-29,Scheduled,554.6348228552841,1.0,"Electrical,Transmission",191637,TECH-113,True
MNT-101340,VH-9710,2023-11-14,Preventive,491.6572768827554,1.0,Oil Change,367259,TECH-125,True
MNT-101341,VH-8547,2023-10-08,Corrective,1585.6494270429005,3.6895152803846862,"Engine,Electrical,Brakes",102246,TECH-124,False
MNT-101342,VH-3927,2023-12-18,Corrective,1035.811117172549,5.039659843593538,Engine,493057,TECH-157,True
MNT-101343,VH-6775,2023-09-28,Preventive,651.7233607781147,3.590708543286359,"Brakes,Tires",291118,TECH-153,False
MNT-101344,VH-8532,2023-09-22,Preventive,415.7885918807859,2.5204904251030995,Tires,279951,TECH-168,False
MNT-101345,VH-8653,2023-12-25,Corrective,341.1221224066661,4.745915546011236,Transmission,246644,TECH-104,False
MNT-101346,VH-1391,2024-11-01,Corrective,1452.5691454790417,4.611891796519619,"Oil Change,Transmission",448817,TECH-130,False
MNT-101347,VH-2410,2024-11-02,Preventive,524.5337710637468,3.6264305567023314,"Electrical,HVAC",355886,TECH-160,False
MNT-101348,VH-8866,2023-07-01,Corrective,1319.9976097734252,1.0,"Transmission,Electrical",267119,TECH-101,True
MNT-101349,VH-6037,2024-08-26,Preventive,604.0798743198345,12.061907080575246,"Oil Change,HVAC,Suspension",264784,TECH-187,False
MNT-101350,VH-7863,2023-12-25,Corrective,1222.667974943264,32.5973397546577,Transmission,338477,TECH-137,False
MNT-101351,VH-7136,2023-05-31,Preventive,354.45120722801835,1.0,Oil Change,360450,TECH-178,False
MNT-101352,VH-3214,2023-03-25,Corrective,1968.1374728312817,37.65746141936977,"Oil Change,Tires,Brakes",60397,TECH-105,False
MNT-101353,VH-8547,2023-09-15,Preventive,495.7000631279699,6.065427855942671,Brakes,345481,TECH-116,False
MNT-101354,VH-1885,2023-06-02,Corrective,1743.165529567426,13.759054800279525,Brakes,115168,TECH-199,False
MNT-101355,VH-6346,2023-04-25,Corrective,1274.1060659917507,24.286288424484347,"Suspension,Transmission,Oil Change",142038,TECH-141,False
MNT-101356,VH-9682,2024-04-16,Corrective,1758.2892143582883,4.323345716504385,Brakes,145159,TECH-171,True
MNT-101357,VH-7171,2023-10-07,Corrective,1672.470434623832,22.084957010866095,Transmission,20953,TECH-154,False
MNT-101358,VH-8445,2024-02-07,Corrective,1159.2193199409264,5.107783978003669,"Oil Change,Tires",424497,TECH-121,False
MNT-101359,VH-4984,2023-07-09,Scheduled,337.5694216917364,6.80093232082897,Electrical,441908,TECH-131,False
MNT-101360,VH-5203,2024-09-07,Preventive,357.57308981965537,1.0,Tires,291039,TECH-117,True
MNT-101361,VH-1475,2023-04-18,Preventive,591.384464197987,1.7628899637713535,"Electrical,Tires,Oil Change",298510,TECH-116,False
MNT-101362,VH-9821,2024-12-24,Corrective,1574.112832935543,1.0,"Brakes,Transmission",419625,TECH-119,False
MNT-101363,VH-8316,2024-02-19,Preventive,362.5074680181985,2.36390694353895,"Tires,Oil Change,Transmission",165239,TECH-163,False
MNT-101364,VH-3132,2024-01-23,Preventive,117.09209047501508,4.448154769510179,"Brakes,Transmission,Tires",90584,TECH-161,True
MNT-101365,VH-2290,2024-07-18,Preventive,414.25368998095166,1.0,"Transmission,Suspension,Electrical",372260,TECH-116,True
MNT-101366,VH-9801,2023-07-09,Corrective,1443.250652327838,33.15317472910887,"Oil Change,Transmission",212475,TECH-121,True
MNT-101367,VH-7922,2024-08-21,Corrective,1841.6283522879062,1.0,Engine,80880,TECH-146,True
MNT-101368,VH-3618,2024-12-12,Preventive,431.5897555741428,1.0,"HVAC,Brakes",443984,TECH-143,True
MNT-101369,VH-9522,2024-08-13,Preventive,259.0534905896009,10.915956924629745,"Brakes,Transmission,Engine",43762,TECH-154,False
MNT-101370,VH-7686,2023-04-01,Preventive,665.0195526900739,7.629788401841098,HVAC,350849,TECH-188,True
MNT-101371,VH-5868,2023-04-17,Preventive,667.0837047627552,2.114357949515676,Oil Change,107193,TECH-118,False
MNT-101372,VH-8425,2024-12-10,Corrective,666.978807749803,9.57359628359125,Tires,451395,TECH-122,False
MNT-101373,VH-6323,2023-05-20,Corrective,853.2442740040356,17.506448468013467,HVAC,305192,TECH-143,True
MNT-101374,VH-4247,2023-06-18,Emergency,2054.916017616384,83.12708859189601,"Suspension,Electrical,Engine",303291,TECH-169,False
MNT-101375,VH-9887,2023-10-12,Preventive,419.32527035298403,1.410707345336813,"Tires,Transmission,HVAC",410244,TECH-122,False
MNT-101376,VH-7863,2023-09-18,Preventive,678.5911093310731,1.0,"Oil Change,Transmission,Brakes",394721,TECH-120,False
MNT-101377,VH-7929,2024-03-15,Corrective,1723.2041153995783,24.244921433994417,"Transmission,Electrical",298356,TECH-156,False
MNT-101378,VH-8468,2024-01-24,Emergency,3214.1351055682453,14.893878758668315,"Transmission,Suspension,Brakes",203262,TECH-121,True
MNT-101379,VH-3450,2023-06-01,Preventive,458.6325329139414,1.0,Brakes,312335,TECH-147,False
MNT-101380,VH-4042,2023-04-15,Scheduled,316.7601901216461,1.0,"Electrical,Brakes,Transmission",28943,TECH-134,False
MNT-101381,VH-3814,2024-07-18,Preventive,686.9550340380973,1.0,"Brakes,HVAC",335964,TECH-188,False
MNT-101382,VH-8376,2023-02-01,Corrective,1471.6272790046287,7.778185110638515,Tires,338297,TECH-152,True
MNT-101383,VH-8664,2024-02-25,Emergency,2790.120403348181,35.42747319968767,Oil Change,173379,TECH-170,False
MNT-101384,VH-5672,2023-09-17,Preventive,247.54374444307643,7.637228968549628,"Oil Change,Brakes",494841,TECH-187,False
MNT-101385,VH-5478,2023-03-07,Corrective,1457.5622392310445,38.50050745437022,"Engine,Transmission",401807,TECH-112,False
MNT-101386,VH-5912,2023-10-30,Emergency,3440.2457775056855,13.236804726272226,Engine,447999,TECH-174,False
MNT-101387,VH-1844,2023-05-29,Preventive,771.7443144359385,3.457679885953727,"Suspension,Engine",149621,TECH-177,False
MNT-101388,VH-5717,2024-03-31,Scheduled,276.7749130344455,2.3509279341988507,"Oil Change,Engine,Transmission",60007,TECH-164,False
MNT-101389,VH-3967,2024-12-10,Corrective,1624.8099620134294,15.603174868863839,Suspension,393114,TECH-185,True
MNT-101390,VH-1391,2023-02-17,Corrective,1788.5937844007542,13.41794128342801,Engine,368307,TECH-136,False
MNT-101391,VH-6775,2024-12-20,Preventive,304.3445741004177,8.259772590072723,Engine,147947,TECH-156,False
MNT-101392,VH-5547,2024-12-01,Preventive,550.3959483670398,2.1268943486584737,"Transmission,Tires,Oil Change",227280,TECH-162,True
MNT-101393,VH-6443,2023-02-16,Corrective,1618.177978755862,1.0,"Brakes,Transmission",26245,TECH-109,True
MNT-101394,VH-4743,2024-04-07,Preventive,530.9444848224385,1.1315767105834875,HVAC,117480,TECH-112,True
MNT-101395,VH-6636,2024-08-01,Preventive,544.1960802268627,8.29034793742188,"Brakes,Tires",317167,TECH-150,False
MNT-101396,VH-6596,2024-02-23,Preventive,416.6090605565089,3.3725764870543413,"Oil Change,HVAC,Suspension",260308,TECH-115,False
MNT-101397,VH-7657,2024-02-09,Corrective,1197.8533938775668,2.3960019603533613,"Oil Change,Engine,Suspension",457759,TECH-196,True
MNT-101398,VH-3348,2024-07-13,Corrective,1666.8969061290613,22.628664957627205,"Transmission,Oil Change",477597,TECH-177,False
MNT-101399,VH-2915,2023-04-11,Preventive,444.34974229652545,23.599018543055536,"Transmission,Tires,Suspension",473457,TECH-140,False
MNT-101400,VH-4984,2023-05-18,Emergency,2505.644151739316,35.68502858864678,"Oil Change,HVAC,Suspension",300588,TECH-102,False
MNT-101401,VH-6709,2023-02-04,Preventive,570.958012351747,1.0809319270481477,"Transmission,HVAC,Brakes",443677,TECH-135,False
MNT-101402,VH-3450,2024-10-07,Preventive,567.1398069776263,1.0,"Transmission,Suspension,Electrical",242012,TECH-180,False
MNT-101403,VH-8000,2023-01-05,Preventive,248.65978339428995,1.0,"Engine,Tires",205533,TECH-135,True
MNT-101404,VH-6473,2024-01-31,Preventive,508.2739126460955,4.154926356686464,"Engine,Electrical,Oil Change",448373,TECH-157,False
MNT-101405,VH-2489,2023-10-24,Corrective,712.6998931457154,1.7321501109656834,"Brakes,Suspension",191580,TECH-175,True
MNT-101406,VH-5262,2024-01-28,Preventive,546.9160339942998,1.2282931874451568,Transmission,179292,TECH-167,False
MNT-101407,VH-8316,2024-06-27,Preventive,872.250306332143,8.11836740084042,"Engine,Transmission",390311,TECH-114,False
MNT-101408,VH-1823,2024-02-29,Preventive,563.326194458286,1.3281306597702898,Transmission,359331,TECH-119,True
MNT-101409,VH-5991,2023-01-13,Preventive,416.4480460448773,11.366575875830891,Transmission,399483,TECH-119,False
MNT-101410,VH-3776,2024-06-12,Preventive,582.117438418979,3.184933295979227,Transmission,37941,TECH-116,False
MNT-101411,VH-6718,2023-06-25,Preventive,513.4352146168006,2.014337325348426,"HVAC,Brakes",82879,TECH-124,False
MNT-101412,VH-8296,2024-10-04,Preventive,339.5690871526092,15.897146999233165,Oil Change,42523,TECH-118,False
MNT-101413,VH-9035,2023-09-08,Corrective,1430.5154980137263,2.3642258296183587,"Suspension,Electrical",46344,TECH-166,False
MNT-101414,VH-4106,2023-04-08,Scheduled,416.9449176413998,1.0,Electrical,375435,TECH-159,False
MNT-101415,VH-8532,2024-10-23,Preventive,680.1932171268604,1.0,"Brakes,Suspension,Electrical",263497,TECH-154,False
MNT-101416,VH-9737,2023-05-07,Scheduled,393.6161377837384,1.537093652358985,"Suspension,Engine,Transmission",146274,TECH-126,True
MNT-101417,VH-6019,2023-03-15,Preventive,443.60724436207425,11.900174941960707,"Oil Change,Brakes,Transmission",390652,TECH-111,True
MNT-101418,VH-9274,2023-04-01,Preventive,348.6635749033617,1.0,Transmission,222485,TECH-174,False
MNT-101419,VH-6071,2023-07-22,Preventive,624.700348816142,5.927935337844795,"Brakes,Oil Change",56267,TECH-153,False
MNT-101420,VH-8176,2023-11-17,Emergency,2608.3309351756534,15.032004567022415,HVAC,488455,TECH-111,False
MNT-101421,VH-8653,2023-10-07,Emergency,1393.5008364160738,8.211280086872247,Transmission,303470,TECH-183,False
MNT-101422,VH-3317,2024-01-02,Preventive,508.66310974581063,1.0,"Suspension,Oil Change",457857,TECH-113,True
MNT-101423,VH-3132,2024-09-11,Preventive,578.5166170482189,1.038604729041784,Electrical,123755,TECH-157,False
MNT-101424,VH-7162,2024-07-07,Corrective,1556.8335387351867,11.42058332868098,Suspension,94266,TECH-139,True
MNT-101425,VH-1468,2024-03-31,Corrective,927.5851362708519,10.131672429551084,Transmission,409219,TECH-107,False
MNT-101426,VH-5282,2023-01-01,Scheduled,320.9069120498726,1.0,"Oil Change,HVAC,Transmission",478636,TECH-154,False
MNT-101427,VH-8103,2024-11-26,Preventive,738.6056471335186,1.0,Electrical,198244,TECH-186,True
MNT-101428,VH-6718,2024-08-22,Corrective,471.4457166189742,22.046244874267646,"HVAC,Suspension",279664,TECH-199,False
MNT-101429,VH-6346,2024-10-17,Preventive,658.1386689582943,1.794393089413167,"Suspension,HVAC",447632,TECH-165,True
MNT-101430,VH-9105,2024-07-10,Preventive,314.9051093410227,3.0469273100399414,"Tires,Suspension",81096,TECH-161,False
MNT-101431,VH-8425,2024-09-17,Emergency,2340.2450486512685,31.259419609309866,"HVAC,Tires",353516,TECH-191,True
MNT-101432,VH-2381,2024-08-19,Preventive,525.1524667972003,1.0,"Transmission,Tires",324063,TECH-158,True
MNT-101433,VH-5991,2024-07-11,Emergency,3485.694238971897,10.683184455904323,"Transmission,Tires,Engine",126737,TECH-196,False
MNT-101434,VH-2084,2023-02-05,Preventive,694.0901375249497,3.575250533194507,"Suspension,Brakes",197885,TECH-159,False
MNT-101435,VH-6596,2024-03-25,Preventive,467.5462522583618,7.773915197665451,"Transmission,Brakes,Electrical",413224,TECH-180,False
MNT-101436,VH-6985,2024-09-25,Preventive,384.5380468490238,1.0,"HVAC,Tires",260035,TECH-124,False
MNT-101437,VH-9723,2023-10-07,Preventive,595.4031648237954,1.51411234722447,"Tires,Brakes",28761,TECH-182,False
MNT-101438,VH-4753,2023-11-14,Preventive,492.6489378258419,4.199685451663631,"Electrical,HVAC",53048,TECH-140,False
MNT-101439,VH-5386,2024-08-31,Scheduled,399.71539233639817,1.0,Oil Change,157815,TECH-137,False
MNT-101440,VH-6106,2023-10-09,Preventive,581.4056233950879,1.0,"Transmission,Tires,Oil Change",241914,TECH-137,False
MNT-101441,VH-1789,2023-12-15,Corrective,1217.5822117688092,1.0,Brakes,227852,TECH-191,False
MNT-101442,VH-4753,2023-08-23,Corrective,1417.7052668427314,16.247333705646078,"Brakes,Tires",81887,TECH-125,True
MNT-101443,VH-2422,2023-12-10,Preventive,621.8525493464801,6.175906861885245,"Engine,Brakes",300031,TECH-146,False
MNT-101444,VH-2559,2024-03-20,Scheduled,546.7933692695619,1.0,"Brakes,Oil Change",153161,TECH-184,True
MNT-101445,VH-1131,2024-08-05,Scheduled,331.51641548027294,1.0,Transmission,269415,TECH-125,False
MNT-101446,VH-2422,2023-07-17,Corrective,2352.9861946757023,4.586353977618521,"Electrical,Oil Change,Brakes",89489,TECH-137,False
MNT-101447,VH-7832,2023-06-29,Corrective,942.7892013649948,4.907622534888031,Tires,243856,TECH-189,False
MNT-101448,VH-2915,2024-01-02,Corrective,669.0956997409136,5.424429209238077,"Brakes,Suspension,Tires",50377,TECH-130,False
MNT-101449,VH-1092,2024-07-20,Corrective,1286.7685738672665,1.0,"Brakes,Suspension",368353,TECH-109,False
MNT-101450,VH-1475,2024-05-29,Preventive,356.7330283674464,1.4501943040685756,"Engine,Electrical,Transmission",408294,TECH-105,False
MNT-101451,VH-3776,2024-03-11,Preventive,386.5678671383975,6.261068163382363,"Suspension,Transmission,HVAC",289976,TECH-136,False
MNT-101452,VH-2410,2024-11-16,Preventive,528.8430161959536,1.0,Suspension,465930,TECH-112,False
MNT-101453,VH-6636,2024-02-13,Preventive,517.6237228915444,2.9163518877853867,Engine,413112,TECH-161,False
MNT-101454,VH-9393,2024-01-26,Preventive,890.1446826655729,3.520999702935854,"HVAC,Brakes",485069,TECH-198,True
MNT-101455,VH-5226,2023-12-21,Corrective,1304.1654823660413,1.0,"Engine,Transmission",460397,TECH-191,False
MNT-101456,VH-8918,2023-05-24,Corrective,1924.9728405162327,14.20734259853866,"Engine,Brakes,Transmission",333515,TECH-159,True
MNT-101457,VH-8103,2024-07-24,Scheduled,369.1670363222353,1.7529487509398565,HVAC,490285,TECH-169,False
MNT-101458,VH-1072,2023-10-28,Scheduled,175.59641001781748,2.4254794438313905,"Electrical,Brakes,Transmission",303212,TECH-103,True
MNT-101459,VH-4247,2024-09-17,Preventive,396.61360699711065,1.0,"Brakes,Engine",499953,TECH-118,False
MNT-101460,VH-8296,2024-02-02,Corrective,664.3089912790018,4.360746324760038,Brakes,36451,TECH-106,False
MNT-101461,VH-7686,2024-05-14,Preventive,347.1336384263068,4.398007139828751,"Electrical,Oil Change",409349,TECH-147,True
MNT-101462,VH-7925,2024-07-21,Emergency,2618.807748528729,14.298771402766075,"Electrical,Engine,HVAC",452292,TECH-186,True
MNT-101463,VH-9862,2024-03-23,Preventive,507.740978023126,2.5388681563978612,"Transmission,HVAC,Brakes",463463,TECH-145,False
MNT-101464,VH-1885,2024-05-23,Preventive,604.6035813028147,4.925607364265153,"Transmission,Electrical",398928,TECH-111,False
MNT-101465,VH-9646,2024-11-21,Preventive,679.0088377068096,1.0398429167858985,"Brakes,Oil Change",244134,TECH-183,False
MNT-101466,VH-3967,2024-03-07,Preventive,320.3825591402302,1.677102507998285,"Brakes,Oil Change",382542,TECH-138,False
MNT-101467,VH-4743,2023-02-18,Emergency,1640.8157870327286,67.4176285451899,"Electrical,HVAC",432552,TECH-160,False
MNT-101468,VH-4940,2023-12-30,Emergency,2169.884142704233,2.0479544891536436,"Electrical,Brakes",193024,TECH-194,False
MNT-101469,VH-4753,2023-09-04,Preventive,720.8622695525763,1.1393867996814218,"Engine,HVAC,Tires",217899,TECH-151,True
MNT-101470,VH-9516,2024-04-11,Scheduled,280.9291476452622,3.1527104753150974,Brakes,51433,TECH-101,False
MNT-101471,VH-9522,2024-11-21,Corrective,955.9990502050942,1.8785062638162318,"Electrical,Brakes",119707,TECH-149,True
MNT-101472,VH-1844,2024-11-11,Corrective,1327.6536957451508,4.946015668971455,"Transmission,Engine",211104,TECH-108,True
MNT-101473,VH-8532,2024-09-26,Preventive,519.7193423700118,1.0,Brakes,231395,TECH-100,False
MNT-101474,VH-1072,2024-05-25,Scheduled,467.3326150209097,1.1108675380017756,"HVAC,Brakes",369058,TECH-111,True
MNT-101475,VH-5028,2023-09-23,Preventive,497.28213745462364,7.42071441610006,"Suspension,Oil Change",46599,TECH-170,False
MNT-101476,VH-2625,2023-06-29,Preventive,332.33232298006266,5.489133699200421,Suspension,275056,TECH-183,False
MNT-101477,VH-8425,2023-11-02,Preventive,50.0,8.13571114713723,"Tires,HVAC",420862,TECH-137,True
MNT-101478,VH-2587,2024-10-20,Preventive,537.7753940429099,5.797755209184067,"Suspension,Engine,Electrical",336411,TECH-147,True
MNT-101479,VH-7136,2024-02-06,Preventive,647.0706994688019,1.0,"Brakes,HVAC",133085,TECH-163,True
MNT-101480,VH-5056,2024-11-03,Preventive,335.80650810202405,13.204848605177435,"Tires,Engine",400028,TECH-162,True
MNT-101481,VH-1844,2024-02-01,Preventive,731.1639428755226,2.192162251562462,"Engine,Oil Change",170457,TECH-105,True
MNT-101482,VH-8547,2023-07-05,Emergency,1670.08952767026,22.74074147305162,"Transmission,Electrical,Engine",468325,TECH-152,False
MNT-101483,VH-2506,2024-11-19,Preventive,363.1998072870106,4.051420253859221,Brakes,327959,TECH-162,False
MNT-101484,VH-2147,2024-12-07,Preventive,333.2341508916014,1.0,"Engine,Suspension,HVAC",224819,TECH-188,True
MNT-101485,VH-9824,2023-07-09,Preventive,584.1025722013459,1.0,"Electrical,HVAC",367233,TECH-116,True
MNT-101486,VH-8653,2023-07-22,Preventive,588.1130442910323,1.0,Transmission,260879,TECH-126,False
MNT-101487,VH-8593,2023-06-27,Preventive,671.5771420174455,1.5333381867166687,"Electrical,HVAC",246428,TECH-119,True
MNT-101488,VH-7922,2023-05-15,Corrective,1160.8293958125805,11.11989134781026,"Suspension,Electrical",444174,TECH-129,True
MNT-101489,VH-2625,2023-12-18,Corrective,1385.3775963795927,22.0752953058919,Suspension,59493,TECH-151,False
MNT-101490,VH-3132,2024-08-20,Preventive,388.74519337059854,1.9810779191025538,"Brakes,Transmission",28673,TECH-124,False
MNT-101491,VH-3814,2023-04-17,Preventive,777.4381364465539,1.0,HVAC,417409,TECH-111,False
MNT-101492,VH-3348,2023-05-28,Preventive,501.0768144569743,3.1367383293802154,"HVAC,Brakes",168032,TECH-185,False
MNT-101493,VH-5912,2024-08-17,Preventive,584.2094066016366,2.7983745227688295,"Transmission,Suspension,Tires",480777,TECH-107,False
MNT-101494,VH-3540,2024-11-01,Corrective,1083.5997644878107,3.7552533182232932,"HVAC,Transmission,Engine",459931,TECH-157,False
MNT-101495,VH-8918,2024-04-18,Corrective,1253.3238218407257,34.577723049301994,"HVAC,Transmission",410493,TECH-132,False
MNT-101496,VH-2391,2024-09-29,Emergency,2360.525407408407,4.637871762789054,Transmission,422814,TECH-199,True
MNT-101497,VH-5360,2024-04-11,Preventive,239.48188559780397,6.76367576375009,Engine,493715,TECH-118,False
MNT-101498,VH-9152,2024-01-09,Scheduled,493.95207877867233,2.264995469817779,Brakes,422831,TECH-180,False
MNT-101499,VH-2393,2024-01-17,Preventive,709.7387924850616,5.410223253401627,"Oil Change,Electrical,Brakes",464151,TECH-191,False
MNT-101500,VH-9008,2024-07-17,Corrective,1295.2304779041147,3.977806025509209,"Brakes,Engine",344523,TECH-153,False
MNT-101501,VH-8653,2024-04-02,Preventive,509.13931028956716,1.0,"Electrical,Tires",427277,TECH-145,True
MNT-101502,VH-9152,2024-06-11,Scheduled,433.34812121041034,1.0,"Engine,HVAC",419283,TECH-137,False
MNT-101503,VH-9522,2023-06-18,Preventive,670.0820310939658,1.0335178312672286,Tires,230053,TECH-165,False
MNT-101504,VH-7686,2024-04-07,Preventive,503.3287443766133,1.0657749227622677,"Suspension,Electrical,Tires",354452,TECH-158,False
MNT-101505,VH-8664,2024-06-15,Preventive,588.4642690202874,6.9161279079471285,"Oil Change,Electrical,Transmission",55879,TECH-124,True
MNT-101506,VH-3450,2023-04-05,Scheduled,546.3041012223327,1.0,"Transmission,Brakes",360407,TECH-167,False
MNT-101507,VH-8468,2023-06-06,Preventive,575.7185388489368,6.243364979820324,"Electrical,Transmission,Engine",355987,TECH-185,True
MNT-101508,VH-3919,2023-02-18,Preventive,418.73879058178755,7.090652341540418,Engine,383716,TECH-193,True
MNT-101509,VH-2489,2023-04-23,Preventive,626.6944373957743,3.2377563694608797,"Tires,Brakes,Transmission",348710,TECH-182,False
MNT-101510,VH-2410,2024-11-30,Scheduled,626.5744806315558,4.622472495499015,Transmission,224473,TECH-133,False
MNT-101511,VH-3817,2024-03-24,Corrective,1223.5354494312428,18.31591901858871,"Oil Change,Tires,Engine",277582,TECH-103,False
MNT-101512,VH-3490,2023-09-04,Scheduled,76.60222764189604,1.0,HVAC,247355,TECH-145,False
MNT-101513,VH-9035,2024-09-21,Corrective,1667.9811657056787,18.68586714931331,"Oil Change,Engine,HVAC",301403,TECH-173,True
MNT-101514,VH-8445,2023-10-23,Preventive,606.5295291185581,9.699926990365272,Tires,379641,TECH-174,False
MNT-101515,VH-5360,2024-05-28,Corrective,1530.6891457421732,21.34710361946785,"Suspension,Oil Change",158766,TECH-125,False
MNT-101516,VH-5386,2023-06-08,Corrective,1032.8720692102222,5.957415104314243,HVAC,444080,TECH-162,True
MNT-101517,VH-5547,2024-11-02,Preventive,501.4180300855735,1.5845780417427018,"Electrical,Transmission,Engine",42142,TECH-122,False
MNT-101518,VH-3473,2024-12-03,Corrective,1443.3588896053025,17.226940015553613,"Transmission,Engine",454201,TECH-153,False
MNT-101519,VH-4940,2023-07-09,Preventive,294.9390944666377,1.0,"Electrical,Suspension,Tires",358698,TECH-101,False
MNT-101520,VH-6106,2024-09-06,Preventive,439.6854641137779,7.937818074648473,"Transmission,Oil Change",380112,TECH-105,True
MNT-101521,VH-4001,2024-02-16,Preventive,502.9671612884788,1.0,"HVAC,Suspension",137472,TECH-197,False
MNT-101522,VH-9152,2023-08-17,Preventive,497.71700418158133,6.722172993498459,"Suspension,Transmission,Oil Change",481232,TECH-117,False
MNT-101523,VH-2372,2024-09-10,Corrective,695.3113560247659,9.190902627995687,"Brakes,HVAC,Engine",133542,TECH-121,True
MNT-101524,VH-5386,2024-07-14,Preventive,460.6103495519145,1.096341443442494,Engine,116818,TECH-128,False
MNT-101525,VH-8840,2024-01-29,Preventive,791.1464881914341,6.420219248513896,"Tires,Brakes",405993,TECH-145,False
MNT-101526,VH-5028,2023-08-21,Scheduled,491.097920200138,1.0,"Tires,Transmission,HVAC",491148,TECH-176,False
MNT-101527,VH-3776,2023-01-15,Corrective,1905.1225948828405,18.7365701929973,"Tires,Transmission",50660,TECH-125,True
MNT-101528,VH-6106,2023-06-13,Preventive,464.666606222097,1.0,Engine,364034,TECH-147,False
MNT-101529,VH-9393,2024-01-11,Emergency,904.405089988207,24.7542727675673,"Engine,Oil Change,Electrical",309412,TECH-123,False
MNT-101530,VH-9029,2024-03-10,Scheduled,341.89272147938493,1.0,"Engine,Electrical",452424,TECH-174,False
MNT-101531,VH-6019,2023-12-20,Corrective,973.1510640825377,1.0,"Electrical,HVAC,Engine",477904,TECH-111,False
MNT-101532,VH-8376,2024-02-21,Preventive,674.0372538343972,5.3022379843730345,"Electrical,HVAC",106683,TECH-142,False
MNT-101533,VH-5386,2023-04-11,Emergency,3068.3454467325623,13.491985941595662,Electrical,382788,TECH-118,False
MNT-101534,VH-6636,2024-03-21,Preventive,444.9330732831204,1.0,"Oil Change,Suspension",54194,TECH-127,True
MNT-101535,VH-4740,2024-09-27,Corrective,918.2571834220548,3.5360666029304735,"HVAC,Tires",140842,TECH-144,False
MNT-101536,VH-8000,2023-04-28,Preventive,498.64035475767963,1.0,"Tires,Oil Change,Brakes",210708,TECH-113,False
MNT-101537,VH-5672,2023-07-10,Preventive,521.2754684108535,7.793376354481759,Engine,96172,TECH-163,False
MNT-101538,VH-7166,2023-07-29,Corrective,693.3837674546661,29.125882824120666,"Electrical,Engine,Tires",475917,TECH-188,False
MNT-101539,VH-2536,2023-10-18,Emergency,1668.7422126473057,8.907236832377599,Transmission,23751,TECH-145,False
MNT-101540,VH-4001,2023-04-21,Preventive,539.5547306235688,1.0,Oil Change,227161,TECH-182,False
MNT-101541,VH-2422,2023-07-18,Preventive,464.1179158690635,11.040059807155075,"Engine,Tires,HVAC",468664,TECH-122,True
MNT-101542,VH-9723,2024-12-28,Preventive,720.5232971746678,16.404650221825804,Transmission,494062,TECH-164,False
MNT-101543,VH-2410,2023-12-22,Preventive,522.0923919096066,8.010583011795536,"Tires,Transmission,Brakes",256345,TECH-188,True
MNT-101544,VH-9862,2024-08-04,Corrective,1378.8946140993442,24.269121951784697,Transmission,414930,TECH-117,False
MNT-101545,VH-1712,2024-10-04,Preventive,701.6443687423455,2.1286651184037506,"Brakes,Engine,Transmission",306051,TECH-142,True
MNT-101546,VH-8866,2023-07-29,Preventive,323.7440577049939,8.511558984141091,Engine,424702,TECH-140,True
MNT-101547,VH-1335,2024-03-13,Emergency,2537.0782946282693,15.151895053107541,Brakes,138013,TECH-169,True
MNT-101548,VH-1461,2023-08-02,Emergency,3266.054717934727,2.8230516112638373,"Engine,HVAC",455621,TECH-114,False
MNT-101549,VH-9516,2023-01-15,Emergency,3828.0134083624603,24.77787080336602,"Brakes,Tires",154195,TECH-166,True
MNT-101550,VH-3473,2024-12-24,Emergency,1900.6098215550041,7.545646076435787,"HVAC,Suspension",357874,TECH-114,False
MNT-101551,VH-1823,2023-08-03,Corrective,1219.167871965912,40.365993906759186,"Suspension,Oil Change,Electrical",323168,TECH-105,False
MNT-101552,VH-6605,2024-01-08,Preventive,589.7268094108344,1.0,"Electrical,Engine,Oil Change",70778,TECH-119,True
MNT-101553,VH-8593,2024-05-13,Corrective,1264.3166871453102,12.105555263316258,"Transmission,Oil Change,Suspension",122084,TECH-171,False
MNT-101554,VH-4743,2023-06-07,Preventive,502.0261942146621,3.237878620524886,Engine,387658,TECH-148,False
MNT-101555,VH-8468,2023-10-19,Scheduled,406.38240984610087,1.0,"Electrical,Brakes,HVAC",323230,TECH-195,False
MNT-101556,VH-9274,2024-08-15,Preventive,772.430487521952,1.0,"HVAC,Engine,Brakes",456278,TECH-137,True
MNT-101557,VH-5262,2024-03-08,Preventive,576.272718927289,4.706397532759521,"Tires,Suspension,Transmission",360721,TECH-190,False
MNT-101558,VH-2372,2024-02-02,Corrective,1134.5945109571433,6.548744554671263,Electrical,89312,TECH-184,True
MNT-101559,VH-7925,2024-05-17,Scheduled,453.86533882400533,1.0,"Suspension,Oil Change,Transmission",453772,TECH-145,False
MNT-101560,VH-9432,2023-06-20,Preventive,334.2165668761867,8.306896428318812,"HVAC,Oil Change",109061,TECH-161,False
MNT-101561,VH-3125,2024-11-19,Preventive,678.4508449396278,1.0,"Brakes,HVAC,Engine",191443,TECH-183,False
MNT-101562,VH-1844,2024-06-28,Scheduled,203.54757593433348,3.149957260727996,Suspension,133735,TECH-181,True
MNT-101563,VH-7136,2024-07-03,Preventive,636.8137458231845,9.426057971059524,"Suspension,HVAC,Tires",16542,TECH-164,False
MNT-101564,VH-8000,2023-04-07,Corrective,1957.3850725161205,14.355267437773623,"Tires,HVAC,Transmission",417746,TECH-191,False
MNT-101565,VH-4503,2023-06-20,Preventive,199.80353609073603,2.8999805702534474,"Suspension,Tires",207192,TECH-152,True
MNT-101566,VH-8866,2024-06-24,Corrective,736.7468473946213,10.86567753138496,HVAC,208034,TECH-159,True
MNT-101567,VH-3814,2024-10-05,Corrective,1139.379958553817,5.377366333770126,Electrical,348221,TECH-104,False
MNT-101568,VH-9887,2024-07-18,Scheduled,500.44774666200317,4.831639780712979,Tires,428136,TECH-140,True
MNT-101569,VH-9035,2023-11-01,Preventive,374.82219780801927,2.8015420857023825,Suspension,64781,TECH-106,False
MNT-101570,VH-5386,2023-06-01,Emergency,3310.488952356908,43.24781364377198,"HVAC,Transmission,Engine",163893,TECH-184,True
MNT-101571,VH-1335,2024-08-28,Corrective,1425.3144613520035,25.972756821334233,"HVAC,Tires",57764,TECH-192,False
MNT-101572,VH-1588,2024-09-11,Preventive,655.0299963323708,1.7960636250971043,"Tires,Electrical,HVAC",296185,TECH-124,True
MNT-101573,VH-9682,2023-03-11,Corrective,953.2441765782091,17.57289661649721,"Oil Change,Brakes",499068,TECH-121,False
MNT-101574,VH-2393,2024-08-08,Corrective,1852.6698901595091,14.748797279907787,"HVAC,Suspension,Engine",239014,TECH-149,False
MNT-101575,VH-6985,2024-02-28,Corrective,1326.8389459126033,5.418170341392595,Transmission,289340,TECH-148,True
MNT-101576,VH-1059,2023-08-14,Corrective,899.5308295544903,13.293745677487607,Suspension,16521,TECH-198,False
MNT-101577,VH-8441,2024-03-05,Scheduled,539.9679135057942,2.095497570279289,"Oil Change,Suspension",68638,TECH-134,False
MNT-101578,VH-8316,2024-12-10,Corrective,1536.51322199644,17.257964474958854,Transmission,244499,TECH-135,False
MNT-101579,VH-5203,2024-09-12,Preventive,341.237833986728,1.0,"Oil Change,Electrical",332329,TECH-102,False
MNT-101580,VH-1059,2023-05-19,Preventive,317.56654182737145,2.1706205932714404,Engine,219807,TECH-148,False
MNT-101581,VH-1169,2024-03-08,Preventive,385.13530237850165,6.452433719785907,Brakes,464943,TECH-117,True
MNT-101582,VH-4740,2024-11-29,Preventive,631.3630768658055,6.996420984937589,"Engine,Transmission,Tires",22332,TECH-100,False
MNT-101583,VH-7311,2023-12-01,Corrective,1090.092918523316,11.80669875194693,"Brakes,Engine,Suspension",460654,TECH-188,False
MNT-101584,VH-8296,2023-12-02,Preventive,374.58673409620565,18.78267488905218,"HVAC,Engine",440478,TECH-173,False
MNT-101585,VH-3490,2023-06-16,Preventive,128.05860088450515,2.499095734364819,"HVAC,Transmission,Brakes",330022,TECH-167,False
MNT-101586,VH-9948,2023-11-19,Preventive,424.2877929354696,1.4938811951962392,"Engine,Transmission,Electrical",191802,TECH-159,False
MNT-101587,VH-4001,2024-02-28,Scheduled,356.95267809427037,1.0,"HVAC,Brakes,Tires",16766,TECH-138,True
MNT-101588,VH-3605,2023-06-23,Preventive,351.14548880612165,1.2809930534969682,"HVAC,Transmission,Engine",421369,TECH-143,False
MNT-101589,VH-7693,2023-01-11,Corrective,1388.1615113045054,12.971640902534876,Oil Change,60499,TECH-126,False
MNT-101590,VH-8790,2023-07-21,Corrective,719.8410520905452,11.858223503125823,Engine,487584,TECH-135,True
MNT-101591,VH-5386,2024-02-23,Corrective,712.9236560347865,11.907086020885476,"Oil Change,Brakes,Tires",307339,TECH-141,False
MNT-101592,VH-5282,2024-06-16,Preventive,519.1709666271801,1.7922143009519387,"HVAC,Tires",243846,TECH-150,False
MNT-101593,VH-9723,2024-12-20,Preventive,541.2066128785355,1.0,"Brakes,Engine",383185,TECH-115,False
MNT-101594,VH-5672,2024-02-18,Emergency,4063.971675119792,52.18876496857384,"HVAC,Engine,Oil Change",142203,TECH-157,False
MNT-101595,VH-1475,2024-10-03,Preventive,262.7778735337587,2.2771290729153257,Tires,268525,TECH-186,False
MNT-101596,VH-6596,2023-09-19,Emergency,2446.7712502317017,27.10671209858974,Tires,304135,TECH-139,False
MNT-101597,VH-5226,2023-02-05,Preventive,407.2974426179122,1.0,"Engine,Brakes",488259,TECH-172,False
MNT-101598,VH-1131,2023-12-05,Preventive,425.8682932154924,1.7347676743573228,"Brakes,Suspension",317273,TECH-133,False
MNT-101599,VH-5450,2023-10-31,Corrective,911.0464031153992,1.5813960352099854,Brakes,385184,TECH-108,True
MNT-101600,VH-2391,2023-07-13,Emergency,1938.6799500916065,49.70438313722666,"Oil Change,Brakes,Engine",247320,TECH-185,False
MNT-101601,VH-5912,2023-03-30,Preventive,491.9951981488783,7.33430611801797,"HVAC,Tires,Suspension",266567,TECH-109,False
MNT-101602,VH-8441,2024-03-28,Preventive,490.0085627265157,1.0,Tires,25426,TECH-152,False
MNT-101603,VH-7922,2024-10-06,Corrective,821.6997584564898,5.943853166933614,"Oil Change,Transmission",216513,TECH-197,False
MNT-101604,VH-9821,2023-05-24,Corrective,790.3762522872454,9.529235277875086,Electrical,271906,TECH-178,False
MNT-101605,VH-8547,2024-10-08,Corrective,186.01471745833123,1.0,Suspension,363638,TECH-177,False
MNT-101606,VH-9801,2023-03-27,Corrective,866.002071656423,16.619352025214038,"HVAC,Oil Change",403965,TECH-166,True
MNT-101607,VH-5056,2023-09-30,Scheduled,349.57394739298496,1.5908798249945595,"HVAC,Electrical,Tires",40125,TECH-105,False
MNT-101608,VH-4940,2023-05-06,Corrective,1539.7633003611882,9.310761125857958,Transmission,160381,TECH-147,False
MNT-101609,VH-5450,2024-08-30,Preventive,489.2029276076517,11.564137882832817,"Suspension,Tires",478353,TECH-196,False
MNT-101610,VH-3317,2023-01-14,Scheduled,369.6739140805162,1.2606149235172979,"Suspension,Transmission,Tires",450949,TECH-175,False
MNT-101611,VH-3919,2023-07-11,Preventive,606.5005421831137,2.872578808051524,"Tires,Oil Change",118243,TECH-164,False
MNT-101612,VH-5282,2024-03-19,Emergency,3893.1278506316403,71.97908263649651,Electrical,46064,TECH-123,True
MNT-101613,VH-1008,2023-01-29,Corrective,920.4665654466146,1.6791773424978997,Tires,225321,TECH-113,False
MNT-101614,VH-4940,2023-02-17,Corrective,1478.2528265202325,4.945703869561736,"Transmission,HVAC",184466,TECH-188,True
MNT-101615,VH-9801,2023-04-30,Scheduled,256.43089577984307,1.5760449084813763,"Brakes,Electrical,Suspension",194286,TECH-122,True
MNT-101616,VH-8376,2024-09-13,Preventive,398.4499666530147,3.881023234772774,"Engine,Tires,Suspension",42722,TECH-105,False
MNT-101617,VH-5282,2024-09-15,Emergency,2289.991420762307,2.0644127068699483,"Electrical,HVAC",454883,TECH-192,True
MNT-101618,VH-5450,2023-02-03,Corrective,1281.4285331314147,1.4982773581219755,HVAC,198440,TECH-110,False
MNT-101619,VH-7929,2023-12-18,Preventive,451.49880599196655,1.0044580458988748,"Electrical,Oil Change,Tires",178292,TECH-125,False
MNT-101620,VH-2410,2024-10-11,Preventive,311.31026947672694,1.545766171059025,Suspension,217007,TECH-141,True
MNT-101621,VH-8376,2023-02-01,Preventive,648.8609805454022,1.4018035449827202,Engine,392991,TECH-113,True
MNT-101622,VH-2915,2023-10-14,Corrective,1331.1303653765765,27.348915502725607,"Transmission,Suspension,Tires",405090,TECH-137,True
MNT-101623,VH-9394,2023-07-15,Scheduled,355.3427828541499,1.0,"Brakes,Suspension",439531,TECH-186,False
MNT-101624,VH-3547,2023-02-05,Corrective,1033.2843756647892,6.000476831384361,"HVAC,Suspension",27048,TECH-163,False
MNT-101625,VH-2625,2023-01-03,Corrective,894.3166445613267,15.128689389801007,"Suspension,HVAC",202319,TECH-110,False
MNT-101626,VH-2489,2024-08-19,Scheduled,509.86435562460656,2.376458451267688,"Electrical,Suspension,Tires",463237,TECH-127,False
MNT-101627,VH-7807,2024-02-13,Scheduled,530.3220880699148,2.8094940876809877,Brakes,155378,TECH-151,False
MNT-101628,VH-4247,2024-04-26,Preventive,448.80620169843377,1.0,"Suspension,Transmission,HVAC",164643,TECH-154,True
MNT-101629,VH-9948,2024-01-04,Corrective,972.7534196768477,42.58534292759737,"Brakes,Suspension",32738,TECH-151,False
MNT-101630,VH-2910,2024-09-19,Preventive,510.975810663939,3.2337710205012113,Electrical,275205,TECH-110,False
MNT-101631,VH-5635,2023-08-28,Preventive,530.7672018741994,2.503527085412613,"Tires,Transmission",436455,TECH-177,False
MNT-101632,VH-1092,2024-06-22,Emergency,2437.937259640372,1.0,"Oil Change,HVAC",316395,TECH-190,True
MNT-101633,VH-9821,2023-11-30,Scheduled,425.0165382351435,1.2367240686717014,"Engine,Transmission,Oil Change",433933,TECH-195,False
MNT-101634,VH-1844,2023-06-10,Preventive,535.8949108122404,8.777797342610304,"Suspension,Electrical,Transmission",128881,TECH-158,False
MNT-101635,VH-2084,2023-12-30,Preventive,446.98342646666856,1.577074281810688,"Suspension,Brakes",471742,TECH-189,False
MNT-101636,VH-3671,2024-12-08,Preventive,347.58947113308363,3.3688332657795343,"Engine,Transmission,Tires",327036,TECH-149,False
MNT-101637,VH-3132,2023-04-09,Scheduled,341.03960918365533,5.869864508781256,"Suspension,HVAC,Oil Change",71431,TECH-102,True
MNT-101638,VH-1131,2023-04-19,Preventive,542.652821308635,3.6889863374642236,Tires,133980,TECH-100,True
MNT-101639,VH-1468,2024-06-02,Preventive,680.4513877449646,1.0,"Brakes,Electrical",489890,TECH-192,False
MNT-101640,VH-6106,2023-05-02,Corrective,1715.35205011486,4.77551687806244,"Electrical,Engine",288552,TECH-133,True
MNT-101641,VH-1789,2024-01-21,Preventive,654.9641976814514,4.1306940547897195,"Engine,Electrical",195964,TECH-163,False
MNT-101642,VH-5262,2024-06-24,Corrective,900.9134851488751,1.0,"Oil Change,HVAC",289949,TECH-160,False
MNT-101643,VH-1391,2023-09-27,Corrective,1144.049866369715,1.0,"Suspension,Brakes,Engine",154261,TECH-194,False
MNT-101644,VH-8445,2024-01-31,Emergency,3344.0306355421208,32.112866136822774,"HVAC,Brakes",311753,TECH-115,False
MNT-101645,VH-6019,2023-08-31,Preventive,467.5334748463521,6.970518218841719,Transmission,59796,TECH-192,False
MNT-101646,VH-4247,2024-11-07,Preventive,385.8542797621984,8.967536248207946,"Transmission,Brakes",142665,TECH-184,False
MNT-101647,VH-2216,2024-06-17,Emergency,2189.0624237624693,43.49266003994097,Tires,127812,TECH-132,False
MNT-101648,VH-6908,2024-06-20,Preventive,538.4275313543696,18.7750674097275,Oil Change,206043,TECH-134,False
MNT-101649,VH-9824,2023-10-12,Preventive,416.2410761136578,1.0,"HVAC,Brakes,Electrical",412399,TECH-160,False
MNT-101650,VH-2549,2023-07-16,Preventive,421.1217241286589,6.598140534405019,HVAC,227830,TECH-193,False
MNT-101651,VH-1475,2023-06-07,Preventive,476.9764669634018,1.0,"Electrical,Tires,Suspension",67858,TECH-172,False
MNT-101652,VH-4862,2023-11-20,Preventive,479.9877395680909,1.0,"HVAC,Engine",158946,TECH-152,False
MNT-101653,VH-5991,2024-09-22,Corrective,1321.5815999059002,13.933546675354055,"HVAC,Transmission",442602,TECH-124,True
MNT-101654,VH-7657,2024-09-11,Preventive,480.5823698301815,1.0,Electrical,79479,TECH-188,False
MNT-101655,VH-9393,2023-12-18,Corrective,1019.110800814954,8.297973275484802,"Brakes,Suspension,Tires",452713,TECH-119,False
MNT-101656,VH-1391,2023-10-05,Corrective,1337.808920176462,3.256810628147799,"Engine,HVAC,Electrical",158815,TECH-147,False
MNT-101657,VH-8664,2023-06-01,Scheduled,336.64353328201173,1.0,"Brakes,Engine,Tires",349389,TECH-166,True
MNT-101658,VH-9522,2023-07-14,Corrective,1052.7061309143667,9.068573625326284,"HVAC,Suspension,Engine",113229,TECH-183,False
MNT-101659,VH-6605,2024-12-25,Preventive,412.2342282939785,1.1202499790418237,"Oil Change,Suspension",203493,TECH-188,False
MNT-101660,VH-8790,2024-05-15,Preventive,626.1175114918847,4.919308138663598,Engine,429660,TECH-116,False
MNT-101661,VH-6346,2023-06-16,Corrective,970.6448408623116,1.0,Electrical,367624,TECH-139,True
MNT-101662,VH-9772,2024-05-09,Preventive,529.1858142066272,2.6716251711744494,Engine,259019,TECH-116,True
MNT-101663,VH-4106,2023-08-24,Preventive,438.34029772434053,1.0,"Electrical,HVAC",201093,TECH-199,False
MNT-101664,VH-9772,2024-12-19,Preventive,606.2693707928776,1.2683317344815246,Transmission,161488,TECH-139,False
MNT-101665,VH-3214,2023-02-19,Scheduled,172.73170641501895,3.9666881952062085,Brakes,348410,TECH-161,False
MNT-101666,VH-7693,2024-01-31,Scheduled,214.10806570215706,1.0,"Tires,HVAC",401988,TECH-194,True
MNT-101667,VH-9801,2023-10-09,Preventive,190.67409679072944,1.0,"Electrical,Oil Change,Suspension",47953,TECH-153,False
MNT-101668,VH-2587,2024-04-27,Scheduled,331.2006023709992,5.895034420068951,"Brakes,Engine",220300,TECH-156,False
MNT-101669,VH-9152,2024-01-18,Emergency,1510.7636731876905,43.91370577621528,"Electrical,Engine",346085,TECH-114,False
MNT-101670,VH-3473,2023-11-19,Preventive,617.4757992667827,1.0,"Suspension,Transmission,HVAC",486210,TECH-165,False
MNT-101671,VH-4940,2024-03-16,Preventive,505.19378276037145,2.7541951323927956,"Engine,Brakes,Suspension",355144,TECH-176,True
MNT-101672,VH-7359,2023-05-13,Preventive,327.487446152557,6.268030329941699,"Engine,Tires,HVAC",404179,TECH-179,False
MNT-101673,VH-9432,2023-09-11,Preventive,474.64409139929387,1.0,Brakes,431923,TECH-119,False
MNT-101674,VH-7136,2023-01-16,Preventive,624.8126224942198,6.720674459012762,Engine,330942,TECH-181,False
MNT-101675,VH-4716,2024-09-17,Preventive,655.5550607489351,3.945136271298176,Engine,131816,TECH-193,False
MNT-101676,VH-8593,2024-06-29,Scheduled,278.5148975871407,1.245492051480669,"HVAC,Brakes",358504,TECH-153,False
MNT-101677,VH-8296,2024-05-10,Corrective,1553.858171059712,6.720939700906676,"Suspension,Tires,Oil Change",305650,TECH-121,True
MNT-101678,VH-1835,2023-12-16,Corrective,1172.3198087946212,15.022745916843892,"Transmission,Electrical,Brakes",336201,TECH-196,True
MNT-101679,VH-3179,2024-01-15,Scheduled,279.4799672647333,1.0,"HVAC,Engine,Electrical",450881,TECH-195,False
MNT-101680,VH-9824,2023-01-11,Preventive,319.1983383627834,1.1497319682166713,"HVAC,Electrical,Brakes",316148,TECH-139,True
MNT-101681,VH-4743,2023-01-09,Emergency,2016.9035281653814,11.476038886177557,Electrical,481477,TECH-154,False
MNT-101682,VH-8579,2024-06-26,Corrective,581.5298481743934,17.806232011498643,Engine,162414,TECH-142,False
MNT-101683,VH-2391,2023-04-16,Preventive,711.3834027889485,1.0,"Tires,Suspension",346178,TECH-169,True
MNT-101684,VH-9682,2023-02-01,Emergency,1959.6617602778801,75.57280870134696,"Brakes,Tires,Oil Change",300843,TECH-143,False
MNT-101685,VH-1844,2023-10-22,Corrective,1558.8049605434232,5.579917211692943,Electrical,226841,TECH-169,True
MNT-101686,VH-2506,2024-11-12,Corrective,1217.1199310645065,2.426178334753919,"Tires,Transmission",347683,TECH-148,False
MNT-101687,VH-3278,2024-01-25,Preventive,570.293798771025,5.237860274731325,"Engine,Tires",359139,TECH-106,False
MNT-101688,VH-9646,2023-09-12,Corrective,755.7516435760447,2.997810263366283,"Tires,Transmission",258941,TECH-115,True
MNT-101689,VH-1366,2024-04-23,Preventive,768.5944061058149,1.0,"Oil Change,Suspension,Transmission",460706,TECH-155,False
MNT-101690,VH-2587,2024-07-04,Emergency,4282.841204132292,44.204508553057394,Tires,279269,TECH-107,False
MNT-101691,VH-6019,2024-10-09,Corrective,1429.3241266102075,19.15335768957994,"Transmission,HVAC",235482,TECH-199,True
MNT-101692,VH-6473,2023-12-06,Scheduled,501.52816144283304,2.2152605346854393,"Tires,Brakes",365879,TECH-129,False
MNT-101693,VH-7162,2023-03-15,Corrective,808.4222418388679,6.8344953572734735,Brakes,192706,TECH-192,False
MNT-101694,VH-6605,2023-12-12,Corrective,716.4310184984904,9.325333852600341,"HVAC,Tires",381666,TECH-131,False
MNT-101695,VH-7925,2023-02-03,Preventive,173.57817887763764,3.30955014091878,"Electrical,Engine",212071,TECH-169,True
MNT-101696,VH-8563,2023-02-23,Preventive,680.573175587018,1.0,Electrical,467312,TECH-133,True
MNT-101697,VH-4106,2024-07-11,Preventive,666.5034061197039,28.07178682244654,"Tires,Engine,Oil Change",204962,TECH-147,True
MNT-101698,VH-8441,2024-12-28,Corrective,1381.1363620719646,45.702919942852354,Brakes,324126,TECH-176,False
MNT-101699,VH-3214,2024-05-25,Emergency,2583.8184138402976,23.977866700389402,HVAC,463936,TECH-108,False
MNT-101700,VH-1131,2023-09-15,Preventive,694.4722037094135,2.9121758457192035,Electrical,187365,TECH-106,True
MNT-101701,VH-1712,2024-01-27,Scheduled,380.8785522872245,1.0,Oil Change,489381,TECH-162,False
MNT-101702,VH-2910,2023-06-21,Emergency,3177.988457105586,100.90638826835507,"HVAC,Brakes,Electrical",35796,TECH-151,False
MNT-101703,VH-9029,2023-08-20,Corrective,1017.1438676651466,7.590446361014793,"Electrical,Suspension",46095,TECH-146,False
MNT-101704,VH-3919,2024-02-22,Corrective,656.2770647947561,3.247767691795234,Electrical,66228,TECH-135,False
MNT-101705,VH-7807,2024-02-24,Preventive,614.9764651529983,4.390526463619817,"Engine,Brakes",486002,TECH-160,True
MNT-101706,VH-3540,2024-03-06,Preventive,481.46522383056794,4.378230587238553,Tires,327236,TECH-108,False
MNT-101707,VH-9035,2023-04-02,Preventive,380.93397035023935,1.605284038729012,Suspension,230855,TECH-155,False
MNT-101708,VH-7922,2023-05-26,Corrective,625.8764896250218,2.7419759456550246,"Brakes,Suspension,Oil Change",495738,TECH-136,True
MNT-101709,VH-5635,2024-11-28,Corrective,825.5654166921579,1.6857214016779554,"HVAC,Oil Change,Electrical",451113,TECH-122,False
MNT-101710,VH-6071,2024-12-07,Corrective,1344.0789370287525,16.404363679280827,"Tires,Oil Change",119540,TECH-118,True
MNT-101711,VH-1008,2023-11-30,Preventive,403.82153860980077,1.1216051409089864,"Tires,Brakes,Oil Change",91714,TECH-184,False
MNT-101712,VH-8532,2024-05-13,Preventive,669.8763764495636,10.319468387762619,"Tires,Suspension",285338,TECH-125,False
MNT-101713,VH-9029,2023-09-07,Preventive,540.5097611888598,5.824328908422451,Tires,271711,TECH-104,False
MNT-101714,VH-8563,2023-11-14,Preventive,364.0199880132765,4.754146343812685,HVAC,488479,TECH-155,True
MNT-101715,VH-2361,2023-09-05,Preventive,551.5695250432696,15.931957114633933,Suspension,264414,TECH-191,False
MNT-101716,VH-5717,2023-11-24,Scheduled,609.1678983049954,1.0,HVAC,330676,TECH-143,False
MNT-101717,VH-8097,2023-06-09,Preventive,508.61761396366427,1.435320907419396,Tires,82515,TECH-107,False
MNT-101718,VH-5262,2023-01-20,Corrective,610.4227614074821,9.18440149464297,"Oil Change,Tires,Electrical",45653,TECH-141,False
MNT-101719,VH-2361,2023-12-29,Scheduled,320.3083514524489,3.2162164199414485,Suspension,30736,TECH-191,False
MNT-101720,VH-8425,2023-09-08,Preventive,431.9770757270659,1.106740826675866,"Oil Change,Brakes,Tires",12337,TECH-126,True
MNT-101721,VH-3317,2023-07-10,Emergency,2027.8525680691228,1.6755051545535542,HVAC,397284,TECH-151,False
MNT-101722,VH-8316,2023-05-11,Preventive,354.0823946031652,1.8886025653013685,Electrical,263270,TECH-138,False
MNT-101723,VH-9772,2024-10-22,Corrective,1553.109589785534,3.975942915008692,"Brakes,Oil Change,Tires",189222,TECH-193,False
MNT-101724,VH-2084,2024-04-17,Preventive,379.7963854354901,1.0,"Suspension,Oil Change",91398,TECH-141,False
MNT-101725,VH-7162,2023-08-07,Preventive,507.0188014047005,1.4986564487890648,"Oil Change,Suspension",458976,TECH-133,False
MNT-101726,VH-8923,2024-04-20,Corrective,951.5862074330429,8.484887517646216,"Brakes,Electrical",315622,TECH-106,False
MNT-101727,VH-3547,2024-08-12,Scheduled,325.4590098954478,1.587517470026564,Tires,232610,TECH-196,True
MNT-101728,VH-3214,2024-06-03,Preventive,573.8547830455548,1.1675709872070494,Brakes,485182,TECH-188,False
MNT-101729,VH-9801,2024-01-03,Preventive,620.5500150275602,1.0,Brakes,414686,TECH-114,False
MNT-101730,VH-7311,2024-09-03,Emergency,3503.1933931112676,64.65575067415791,Tires,48531,TECH-134,False
MNT-101731,VH-4890,2023-12-22,Corrective,903.8128592108762,11.670032662795848,Electrical,137652,TECH-171,True
MNT-101732,VH-4940,2023-01-22,Corrective,934.3460146660996,5.221968086388605,Tires,297477,TECH-184,False
MNT-101733,VH-3817,2023-07-04,Corrective,1069.126429959677,19.193525516194388,Tires,385600,TECH-146,True
MNT-101734,VH-6596,2023-01-15,Emergency,3571.808889978549,39.28435063221434,"Tires,Engine,Suspension",389504,TECH-130,True
MNT-101735,VH-4940,2023-10-31,Emergency,2022.3364138670304,46.83716200022662,"Tires,Electrical",389897,TECH-137,False
MNT-101736,VH-8000,2023-03-11,Preventive,525.5341729289951,10.403306710697274,Tires,178782,TECH-155,True
MNT-101737,VH-7832,2024-01-29,Emergency,2004.283317162204,18.358408025355004,"Engine,Brakes",298190,TECH-161,True
MNT-101738,VH-5226,2023-08-10,Corrective,1486.9540497884338,8.762829688219348,"Engine,Electrical,Tires",214315,TECH-115,True
MNT-101739,VH-1588,2023-11-17,Preventive,159.25451102651846,5.562816132331395,"Electrical,HVAC",153717,TECH-184,True
MNT-101740,VH-2216,2024-05-09,Preventive,488.3830204442599,7.389755202548721,Tires,459621,TECH-142,True
MNT-101741,VH-9887,2024-01-23,Preventive,390.68131871945275,8.590005164609009,"Engine,Electrical,Suspension",50481,TECH-164,False
MNT-101742,VH-5478,2024-03-15,Corrective,1536.2771163018836,19.57240095449032,"Engine,Electrical",415931,TECH-105,False
MNT-101743,VH-4247,2023-01-31,Preventive,619.6475331297587,1.574299501471805,Transmission,221596,TECH-174,True
MNT-101744,VH-3588,2024-07-16,Corrective,489.36617471219756,16.767588104733882,HVAC,283145,TECH-173,False
MNT-101745,VH-8468,2024-06-21,Corrective,1491.5474558711835,13.491103137530995,"Tires,Transmission,Brakes",343401,TECH-112,False
MNT-101746,VH-5450,2024-04-05,Corrective,778.2442443597829,10.574261656566962,"Suspension,HVAC",142119,TECH-163,False
MNT-101747,VH-4001,2024-08-15,Corrective,1286.5743660149747,7.475603067927835,Brakes,418154,TECH-149,False
MNT-101748,VH-2216,2024-01-10,Corrective,1468.8970574518626,81.15430569429799,"Electrical,Tires",153942,TECH-199,False
MNT-101749,VH-2357,2024-05-25,Scheduled,382.48512501239975,1.0,"Engine,Tires,Electrical",399181,TECH-128,False
MNT-101750,VH-2690,2024-11-10,Corrective,1451.062366102001,5.00373305314447,"Electrical,Brakes",345045,TECH-167,False
MNT-101751,VH-2489,2023-02-04,Scheduled,204.86329154083492,2.342654128368205,"Electrical,HVAC,Suspension",141274,TECH-116,False
MNT-101752,VH-8857,2023-07-14,Scheduled,276.48093733660187,1.9178871099979855,Engine,104901,TECH-155,True
MNT-101753,VH-4940,2024-10-08,Preventive,392.8644375000964,11.365187088165976,"Brakes,Transmission,Oil Change",313261,TECH-175,True
MNT-101754,VH-5478,2023-06-08,Preventive,615.8403542306636,11.530585430157448,"Tires,Engine,Oil Change",379010,TECH-161,False
MNT-101755,VH-1844,2023-09-16,Corrective,1140.7874538788096,11.510754487668764,"Tires,Oil Change",202193,TECH-110,True
MNT-101756,VH-3817,2023-04-11,Preventive,468.8880325755197,3.791263589503789,"Engine,Transmission,HVAC",197728,TECH-104,False
MNT-101757,VH-8425,2024-01-29,Preventive,514.9048248776827,10.270366954131164,"Brakes,Suspension,Engine",365250,TECH-159,True
MNT-101758,VH-3450,2024-11-01,Corrective,1113.253305665531,4.8558234087009655,"Transmission,Oil Change,Suspension",233443,TECH-107,True
MNT-101759,VH-3450,2023-11-01,Preventive,582.9140224102495,5.120950289907239,"Brakes,Electrical",262401,TECH-144,False
MNT-101760,VH-7922,2024-09-13,Corrective,1062.0091655233014,13.589148004124159,"Oil Change,Electrical",330004,TECH-103,False
MNT-101761,VH-7657,2024-01-24,Scheduled,338.70654635373563,1.0,Electrical,476891,TECH-176,True
MNT-101762,VH-4716,2023-12-18,Preventive,622.7562892841344,4.980840233412347,Suspension,326780,TECH-138,True
MNT-101763,VH-6473,2023-08-15,Preventive,314.85861388338265,2.8368097732904065,"Transmission,Brakes",136878,TECH-155,True
MNT-101764,VH-2216,2023-10-07,Corrective,1450.72454282359,28.80069774104593,Brakes,330343,TECH-136,True
MNT-101765,VH-6709,2023-08-05,Preventive,675.0868853644615,3.8902004901369422,"Brakes,Transmission,Suspension",234126,TECH-133,False
MNT-101766,VH-8445,2023-01-17,Preventive,370.09566314838276,5.358863075189519,"Suspension,Electrical,HVAC",45573,TECH-170,True
MNT-101767,VH-1169,2023-07-06,Corrective,1453.9717315513105,13.415883521277912,HVAC,428242,TECH-116,False
MNT-101768,VH-9772,2024-07-16,Scheduled,376.35456455429437,1.0,"Transmission,Tires,Electrical",390019,TECH-132,False
MNT-101769,VH-7741,2023-04-22,Preventive,408.4165655709529,2.2683820878617764,Electrical,312897,TECH-107,True
MNT-101770,VH-7359,2024-06-26,Preventive,486.4402196220806,1.0,Suspension,206324,TECH-178,True
MNT-101771,VH-3671,2024-10-06,Preventive,498.7644596825342,1.0,Transmission,108579,TECH-156,False
MNT-101772,VH-3233,2023-12-27,Scheduled,284.5079381816374,1.9204417088994012,Tires,236481,TECH-163,False
MNT-101773,VH-1131,2023-11-18,Emergency,3927.109929058619,4.80243210086883,Transmission,112487,TECH-134,False
MNT-101774,VH-6908,2024-01-04,Preventive,471.2126181221001,4.301979315070025,"Suspension,HVAC",365488,TECH-183,False
MNT-101775,VH-9008,2023-12-29,Corrective,774.4155273834905,1.4424278835400082,"Suspension,Electrical,Oil Change",194823,TECH-170,True
MNT-101776,VH-2915,2023-02-05,Emergency,2560.309151138405,62.50097546322998,"Brakes,Suspension,Electrical",490366,TECH-125,True
MNT-101777,VH-9394,2023-02-19,Corrective,1880.9286386392428,8.514100709321417,"Electrical,Tires",142589,TECH-144,True
MNT-101778,VH-4042,2023-05-05,Preventive,866.9993207700727,1.0,"Transmission,HVAC",284495,TECH-133,False
MNT-101779,VH-2549,2023-08-18,Preventive,543.9934456948963,1.3468566232754207,"Electrical,Tires",221892,TECH-120,False
MNT-101780,VH-6473,2024-03-13,Scheduled,337.3019566427074,2.329745915668735,"Electrical,Engine",95174,TECH-196,True
MNT-101781,VH-8376,2023-06-23,Preventive,582.8066142128503,10.202755476391541,"Oil Change,Transmission,Electrical",283664,TECH-183,False
MNT-101782,VH-9862,2024-12-28,Corrective,1525.3124790170104,2.438715049757899,"Tires,Transmission,Suspension",356433,TECH-164,False
MNT-101783,VH-2587,2024-02-25,Preventive,586.240346228598,2.5081866593017104,"Brakes,Engine,Transmission",179594,TECH-144,False
MNT-101784,VH-8923,2024-10-15,Preventive,472.47243134896996,2.2115366797566307,Transmission,400662,TECH-182,False
MNT-101785,VH-1335,2024-07-04,Preventive,455.41989526694476,1.0,HVAC,16280,TECH-103,False
MNT-101786,VH-8441,2024-02-07,Corrective,954.264350949458,14.342180264297074,"Tires,Brakes",445658,TECH-137,True
MNT-101787,VH-5635,2023-05-19,Preventive,696.1215651921755,6.353118680922616,"Transmission,Oil Change",298826,TECH-103,False
MNT-101788,VH-8579,2023-12-06,Corrective,1146.1712254883168,7.961302428653876,"Engine,HVAC,Oil Change",479382,TECH-167,True
MNT-101789,VH-1059,2024-10-12,Emergency,3415.2687917075773,21.555721954087645,"Tires,Brakes",98036,TECH-138,False
MNT-101790,VH-5450,2024-01-27,Preventive,457.7015663678188,2.802718237645067,"Suspension,HVAC,Engine",196048,TECH-150,True
MNT-101791,VH-5028,2024-03-24,Preventive,528.6889202998705,1.0,"Electrical,Suspension,Engine",168118,TECH-187,False
MNT-101792,VH-2489,2024-01-03,Corrective,1071.5848563220973,7.823860174974456,"Oil Change,Electrical",393279,TECH-108,False
MNT-101793,VH-7918,2024-03-20,Preventive,497.83259254463155,2.564850974992381,"Brakes,Suspension",123426,TECH-120,False
MNT-101794,VH-1835,2023-10-14,Preventive,353.81846640786256,5.2012188987591985,Electrical,427534,TECH-186,False
MNT-101795,VH-5670,2023-05-19,Preventive,436.47823664682426,2.939721605838091,"Transmission,Tires,Brakes",152571,TECH-182,True
MNT-101796,VH-4940,2024-05-24,Corrective,479.75973941661687,8.837340372103187,Engine,141620,TECH-134,False
MNT-101797,VH-2910,2024-08-20,Emergency,3230.095519867035,49.31664518702863,"Engine,HVAC,Tires",439751,TECH-157,False
MNT-101798,VH-7686,2024-11-12,Corrective,1010.9025837854206,15.073203082024571,"Tires,Engine,Transmission",30615,TECH-163,True
MNT-101799,VH-2915,2024-07-28,Preventive,305.9089688511402,2.771244876894452,Tires,311484,TECH-105,False
MNT-101800,VH-9682,2024-07-17,Preventive,658.028890290928,15.728852038564208,"Brakes,Electrical",185008,TECH-128,False
MNT-101801,VH-1999,2024-06-09,Scheduled,239.00799131641352,1.5134791448554956,"Tires,Transmission",74769,TECH-115,False
MNT-101802,VH-6596,2023-01-22,Preventive,71.33563364624524,1.0,"HVAC,Transmission",411564,TECH-104,False
MNT-101803,VH-3618,2024-07-16,Preventive,568.9382352561477,4.541126768936619,Tires,117218,TECH-188,True
MNT-101804,VH-3540,2023-07-03,Preventive,447.322380021022,1.0,"Tires,Electrical",135220,TECH-142,True
MNT-101805,VH-5717,2023-08-21,Preventive,298.3355042412576,13.011253257309246,"Engine,Oil Change",419795,TECH-151,False
MNT-101806,VH-6071,2024-05-30,Corrective,1124.2819598466374,23.684422016033245,"Oil Change,Tires",433600,TECH-170,True
MNT-101807,VH-6908,2024-09-22,Scheduled,480.694604717105,3.3865285145567756,"Suspension,Brakes",136312,TECH-191,False
MNT-101808,VH-1588,2023-05-03,Corrective,1190.0559046443016,8.783314137352178,"Engine,Suspension,Electrical",492748,TECH-184,False
MNT-101809,VH-3490,2024-12-18,Corrective,236.35903495765,4.742034062431781,"Tires,Suspension,Oil Change",235003,TECH-189,True
MNT-101810,VH-9737,2024-05-26,Preventive,624.5749960125579,1.146976400153981,Electrical,397424,TECH-187,False
MNT-101811,VH-1823,2023-03-23,Preventive,377.1901479724135,1.0,"Transmission,HVAC,Suspension",37836,TECH-121,False
MNT-101812,VH-3348,2024-07-25,Corrective,2049.3125749148085,4.289056547480476,"Suspension,Engine",220800,TECH-199,False
MNT-101813,VH-1844,2024-10-30,Preventive,381.9399114961865,10.781828441806455,Brakes,274571,TECH-110,True
MNT-101814,VH-2290,2024-03-19,Preventive,364.090353091456,13.702889359125505,"Oil Change,Engine",361425,TECH-178,True
MNT-101815,VH-7925,2024-05-23,Preventive,634.5937154606867,4.156650076235968,HVAC,206856,TECH-189,True
MNT-101816,VH-1391,2023-01-13,Corrective,976.3316936009901,14.592012389479242,Electrical,160095,TECH-134,True
MNT-101817,VH-6323,2024-03-10,Corrective,1042.6084322380723,19.300947873241746,"Transmission,Engine",281617,TECH-114,True
MNT-101818,VH-6253,2024-04-16,Preventive,193.37961942161525,1.0,"HVAC,Transmission",398711,TECH-161,False
MNT-101819,VH-6775,2023-01-31,Emergency,1895.1769203380122,40.75199923074938,"Suspension,Oil Change",217633,TECH-167,True
MNT-101820,VH-4940,2023-06-11,Preventive,446.1724158370133,6.562437107141229,"Tires,Brakes,Electrical",459309,TECH-171,True
MNT-101821,VH-6019,2024-04-01,Preventive,445.7370821960911,1.0726166280211673,Transmission,419970,TECH-188,False
MNT-101822,VH-7863,2023-10-17,Preventive,400.2778835331292,13.519429447761484,Transmission,184625,TECH-186,False
MNT-101823,VH-5547,2023-10-28,Preventive,362.8748085288644,2.285920863956958,"Tires,Suspension,HVAC",360886,TECH-174,True
MNT-101824,VH-6605,2024-08-25,Preventive,503.22963914205076,1.8170709728467247,"Engine,Brakes,Tires",96210,TECH-175,False
MNT-101825,VH-5991,2024-06-15,Preventive,564.7569154375205,7.389857275710316,"Electrical,Suspension,Brakes",423909,TECH-133,True
MNT-101826,VH-6463,2024-11-30,Corrective,1420.370033037119,2.859408328892347,"HVAC,Transmission",218149,TECH-152,True
MNT-101827,VH-7832,2024-06-19,Preventive,752.5428855695052,1.0842304220159948,Transmission,496319,TECH-150,False
MNT-101828,VH-8176,2023-06-28,Preventive,340.1865768174508,1.9597618371126706,"Electrical,Suspension,Engine",243278,TECH-153,True
MNT-101829,VH-8097,2024-04-26,Corrective,808.9131514532312,14.473749590340148,"Suspension,Tires",436634,TECH-181,False
MNT-101830,VH-3927,2023-01-18,Preventive,323.2597636022611,3.5499572581569794,"Suspension,Tires",399738,TECH-171,False
MNT-101831,VH-6908,2024-03-09,Preventive,328.48999309826326,1.2199554325346025,Oil Change,42488,TECH-193,True
MNT-101832,VH-3092,2023-12-14,Preventive,370.35243727651186,14.173586729825585,"Engine,HVAC",116206,TECH-146,False
MNT-101833,VH-2290,2023-12-06,Preventive,728.1468299580372,7.298476697680461,"Electrical,Oil Change,Transmission",114329,TECH-148,False
MNT-101834,VH-4743,2023-08-15,Scheduled,370.72688077914347,1.0,"Tires,Transmission",459122,TECH-181,False
MNT-101835,VH-9682,2024-11-10,Preventive,474.6968092954153,4.119179991974912,"HVAC,Tires",10176,TECH-117,True
MNT-101836,VH-1335,2024-06-30,Corrective,1202.736870382322,18.716618489647033,"Transmission,Engine,Suspension",108947,TECH-173,True
MNT-101837,VH-8441,2024-11-19,Preventive,470.278180533732,1.6317415236343393,"HVAC,Brakes,Tires",397611,TECH-140,True
MNT-101838,VH-4247,2023-02-07,Preventive,487.83288997159576,9.473975167884628,Electrical,225010,TECH-136,True
MNT-101839,VH-1420,2023-12-09,Corrective,885.4971984407721,6.054041732908278,"Oil Change,Brakes",54136,TECH-133,False
MNT-101840,VH-3817,2023-03-29,Scheduled,154.89247395166822,2.6746335704450352,"Electrical,HVAC",293674,TECH-190,True
MNT-101841,VH-4042,2024-12-18,Corrective,1213.911466959561,42.774213186730776,"Suspension,Electrical,Transmission",298856,TECH-101,False
MNT-101842,VH-3927,2024-12-16,Preventive,708.7496970731379,4.776070289657832,"Engine,Brakes,Transmission",109334,TECH-173,True
MNT-101843,VH-6985,2024-10-30,Preventive,566.1081164943973,11.022857558712335,HVAC,47957,TECH-171,False
MNT-101844,VH-3967,2023-11-06,Preventive,549.0756796998719,6.980040807676592,"Suspension,Electrical,Tires",56744,TECH-168,False
MNT-101845,VH-7686,2024-02-06,Emergency,2977.470051448095,20.945039540687834,"HVAC,Engine,Tires",216889,TECH-190,True
MNT-101846,VH-1588,2024-06-17,Preventive,847.0670017549393,1.0,"HVAC,Tires,Brakes",485865,TECH-190,False
MNT-101847,VH-1008,2024-07-29,Preventive,453.31246533761475,12.799528045768179,"Electrical,Brakes",192104,TECH-196,False
MNT-101848,VH-8959,2024-09-27,Corrective,1310.2890619155346,7.783778359010288,"HVAC,Transmission,Oil Change",111169,TECH-124,False
MNT-101849,VH-4890,2023-08-26,Preventive,402.12111256357593,2.3188368329179263,"Tires,Electrical,Engine",372257,TECH-148,False
MNT-101850,VH-6323,2024-02-24,Corrective,1060.607796093425,14.1548355603801,HVAC,104379,TECH-111,True
MNT-101851,VH-5868,2024-05-22,Preventive,689.0045275678606,2.9419596123473917,Brakes,309103,TECH-152,False
MNT-101852,VH-2506,2024-05-13,Corrective,847.8923482465013,8.26007899184103,"Brakes,Electrical",54715,TECH-182,True
MNT-101853,VH-5868,2023-04-16,Corrective,821.8643472395011,17.05464937884979,"Transmission,Oil Change",331601,TECH-120,False
MNT-101854,VH-9029,2024-06-19,Emergency,2940.2602606349137,13.602228075022348,"Engine,Brakes",372856,TECH-188,False
MNT-101855,VH-2587,2023-08-09,Corrective,1164.2663225222898,5.487414675860345,HVAC,277325,TECH-185,False
MNT-101856,VH-9824,2024-01-27,Preventive,552.6452525388993,2.803935651013361,Suspension,187323,TECH-153,True
MNT-101857,VH-3233,2024-08-08,Preventive,712.829664150751,1.0,Oil Change,432874,TECH-166,False
MNT-101858,VH-3605,2024-11-04,Preventive,435.0417908734652,5.208111877786502,Suspension,459351,TECH-191,False
MNT-101859,VH-3671,2024-12-06,Preventive,218.32574150291913,4.6800270235601005,"Tires,Brakes",234261,TECH-172,False
MNT-101860,VH-4503,2023-07-19,Preventive,434.98142077885495,2.2947971696462495,"Engine,Suspension",492351,TECH-189,False
MNT-101861,VH-7359,2023-06-03,Preventive,539.2854223647987,7.814295063638365,HVAC,142819,TECH-148,False
MNT-101862,VH-8563,2023-01-28,Corrective,1179.5260390541748,10.979825626737687,Suspension,493017,TECH-111,True
MNT-101863,VH-8103,2023-08-23,Corrective,1532.2508210939154,6.139522726527968,Brakes,323373,TECH-149,True
MNT-101864,VH-2372,2023-10-22,Corrective,1123.687324996883,14.171639277164562,"Electrical,Transmission,HVAC",99711,TECH-155,False
MNT-101865,VH-1215,2023-08-29,Emergency,3589.2886696172477,1.9482006913938585,"Oil Change,Transmission",16465,TECH-147,False
MNT-101866,VH-1712,2023-08-16,Preventive,546.0475220911862,2.3555225005434393,"Brakes,Oil Change",235594,TECH-114,True
MNT-101867,VH-1712,2024-01-03,Preventive,412.3590196647444,8.158893865644302,Oil Change,14029,TECH-113,True
MNT-101868,VH-9948,2024-12-04,Corrective,1107.8156320965034,12.103349502013094,"Transmission,Oil Change,HVAC",383983,TECH-121,True
MNT-101869,VH-7686,2024-02-19,Scheduled,336.4064391659731,1.7290822084068929,"Engine,Oil Change",404009,TECH-102,False
MNT-101870,VH-3132,2024-07-05,Preventive,477.25148761559296,5.918611446719425,Brakes,404509,TECH-146,False
MNT-101871,VH-1461,2024-10-03,Scheduled,277.1858012819681,1.0,"Brakes,Electrical,Tires",82525,TECH-147,True
MNT-101872,VH-9432,2024-10-15,Corrective,1316.1615717961422,15.196062062574061,"Brakes,HVAC,Transmission",131945,TECH-126,False
MNT-101873,VH-1475,2024-12-22,Corrective,1381.3549608474973,10.059431706076245,"Oil Change,Transmission",399524,TECH-164,True
MNT-101874,VH-8097,2023-01-07,Preventive,485.82965043484757,1.0,Brakes,431466,TECH-181,True
MNT-101875,VH-8103,2023-06-19,Preventive,680.3123853658856,4.4052123741693725,"Electrical,HVAC",96111,TECH-115,False
MNT-101876,VH-9862,2024-04-05,Preventive,588.5964958868885,6.618152562220189,"Brakes,Electrical",462009,TECH-105,False
MNT-101877,VH-4862,2023-03-08,Preventive,501.41297797003864,2.155509719432657,Electrical,279846,TECH-189,True
MNT-101878,VH-4976,2024-03-21,Preventive,564.8359479741541,20.96035233761981,"Electrical,Transmission",127418,TECH-184,False
MNT-101879,VH-7166,2023-03-06,Preventive,624.910402105712,3.0638654447055353,"Oil Change,Transmission,Electrical",457945,TECH-189,False
MNT-101880,VH-9821,2023-07-13,Preventive,527.846888334197,5.104617880352514,"Brakes,HVAC,Oil Change",223964,TECH-173,False
MNT-101881,VH-6775,2024-10-13,Preventive,703.8033007500655,3.532039214602868,"Suspension,Electrical",291509,TECH-129,False
MNT-101882,VH-6963,2023-11-09,Preventive,520.9536918537162,3.4096975295999914,"Brakes,Transmission",88096,TECH-149,True
MNT-101883,VH-4106,2023-01-04,Corrective,1240.2086943174268,1.858041435048286,Oil Change,463952,TECH-195,False
MNT-101884,VH-9887,2023-02-24,Scheduled,329.21526295103814,1.862788532469772,"Transmission,Suspension,Oil Change",38777,TECH-133,False
MNT-101885,VH-9152,2024-08-09,Corrective,1206.9461389241978,14.860100920150941,Brakes,103246,TECH-142,True
MNT-101886,VH-5203,2023-12-02,Preventive,381.2293537580817,1.0779734696780916,"Electrical,Suspension,Tires",135294,TECH-163,True
MNT-101887,VH-8563,2024-06-04,Corrective,2125.622910634129,25.11734106219881,"Electrical,Suspension",125984,TECH-115,False
MNT-101888,VH-2216,2023-08-09,Preventive,269.1152747284926,1.0,"Oil Change,Brakes,Engine",429997,TECH-182,True
MNT-101889,VH-5635,2023-05-18,Corrective,1830.8848371851534,4.746592842853227,Transmission,78930,TECH-114,False
MNT-101890,VH-2357,2023-02-14,Preventive,565.7078883270381,1.0,Brakes,65023,TECH-190,True
MNT-101891,VH-7162,2023-11-27,Corrective,1179.6074454672125,25.269840733939837,"HVAC,Brakes,Suspension",466020,TECH-177,False
MNT-101892,VH-1093,2024-11-06,Corrective,1362.0962962830342,1.0,"Oil Change,Transmission",242935,TECH-181,False
MNT-101893,VH-6037,2023-09-05,Emergency,1572.2216419277468,9.123387870675971,"Suspension,Engine,Electrical",232520,TECH-135,False
MNT-101894,VH-2391,2024-11-18,Emergency,1076.1370746190953,32.20353727552794,Engine,451198,TECH-136,True
MNT-101895,VH-5714,2024-02-11,Preventive,453.93904193264984,2.202813696230067,"HVAC,Transmission,Tires",402481,TECH-115,False
MNT-101896,VH-2422,2024-01-22,Corrective,631.9658449883811,1.0414312431431934,"Tires,Suspension,Brakes",381542,TECH-155,False
MNT-101897,VH-1468,2024-08-29,Preventive,727.5316211529121,7.503937352040682,Oil Change,262136,TECH-179,False
MNT-101898,VH-4716,2024-02-01,Preventive,576.0541161699309,1.0,Engine,147742,TECH-162,False
MNT-101899,VH-5450,2023-05-18,Preventive,489.9593485468362,3.833638178338828,Engine,472305,TECH-109,False
MNT-101900,VH-6071,2023-03-24,Corrective,1179.5628243777912,7.549361050039247,"Oil Change,Engine",214462,TECH-161,False
MNT-101901,VH-3927,2024-12-21,Preventive,470.3444220220822,1.0,Engine,55800,TECH-167,False
MNT-101902,VH-3927,2023-01-26,Scheduled,269.94209101253705,1.0,"Electrical,Suspension,Oil Change",221948,TECH-103,True
MNT-101903,VH-4042,2023-01-01,Corrective,666.7657835485096,8.821695302438108,"Tires,Oil Change,Transmission",439586,TECH-154,False
MNT-101904,VH-3450,2023-04-30,Preventive,742.067676178013,1.0,Oil Change,489069,TECH-127,True
MNT-101905,VH-8959,2024-12-08,Corrective,224.16296828103805,9.151768804203932,"Brakes,Transmission,HVAC",260125,TECH-114,False
MNT-101906,VH-8923,2024-06-05,Preventive,589.7548280106696,12.00204761263707,"Engine,Oil Change,Brakes",221906,TECH-120,False
MNT-101907,VH-2357,2024-07-01,Preventive,508.2532076395727,3.2119234688904776,"HVAC,Electrical",204352,TECH-121,False
MNT-101908,VH-3817,2024-05-14,Preventive,695.0518825298195,17.82058491518179,"Suspension,Brakes",65133,TECH-151,False
MNT-101909,VH-1712,2023-10-09,Emergency,2697.3383992743097,5.394462861559948,"Suspension,Brakes",393074,TECH-109,True
MNT-101910,VH-6709,2023-08-04,Corrective,2113.6533103746724,25.694418597262356,"Oil Change,HVAC",106014,TECH-139,True
MNT-101911,VH-4940,2023-11-14,Corrective,1574.9196052179232,42.47345844191341,Oil Change,164713,TECH-169,False
MNT-101912,VH-9824,2024-08-09,Scheduled,230.7123485852665,2.0941000293707956,"HVAC,Electrical,Engine",111716,TECH-126,False
MNT-101913,VH-4940,2024-11-10,Corrective,850.926807339792,1.0,"Tires,Transmission",483545,TECH-125,False
MNT-101914,VH-9723,2024-11-28,Preventive,439.71988008431737,1.7580695692540167,"HVAC,Transmission,Brakes",56415,TECH-195,False
MNT-101915,VH-7311,2023-08-09,Preventive,377.8166600343967,1.7713248691508612,Suspension,171209,TECH-162,True
MNT-101916,VH-1391,2024-06-23,Preventive,595.5507288148157,2.764244872745906,"Brakes,Transmission,Electrical",437643,TECH-123,False
MNT-101917,VH-1215,2023-04-10,Corrective,844.3312631541326,13.428884259024077,Oil Change,295180,TECH-118,False
MNT-101918,VH-9682,2023-07-31,Preventive,550.9953464957722,1.0,Transmission,40089,TECH-131,False
MNT-101919,VH-9772,2024-10-29,Corrective,1716.8841683339733,1.0222937514430603,"Brakes,Electrical",57965,TECH-189,False
MNT-101920,VH-2216,2023-07-04,Preventive,588.604300400308,1.0,Electrical,236492,TECH-124,True
MNT-101921,VH-7686,2024-05-14,Preventive,583.8008580163006,15.863166044477532,Suspension,34242,TECH-173,True
MNT-101922,VH-4001,2024-02-12,Preventive,484.10919943544684,16.74976457645524,"Brakes,Electrical",220759,TECH-111,False
MNT-101923,VH-3278,2024-01-05,Scheduled,384.94848953329563,1.0,"HVAC,Tires",197581,TECH-102,False
MNT-101924,VH-6071,2023-05-26,Emergency,1793.0193222470793,1.0,HVAC,388572,TECH-165,False
MNT-101925,VH-3179,2024-10-23,Preventive,269.50903487974495,1.0,"Suspension,HVAC,Tires",221380,TECH-183,False
MNT-101926,VH-6463,2024-02-24,Preventive,513.692068245004,15.806750681585886,"HVAC,Transmission,Electrical",209125,TECH-134,False
MNT-101927,VH-3348,2023-09-26,Preventive,572.1360344987951,3.571682857244404,"Brakes,Suspension",222542,TECH-144,False
MNT-101928,VH-1468,2023-02-02,Corrective,1265.5321706345203,6.746698281713757,Engine,490945,TECH-154,True
MNT-101929,VH-7922,2024-02-22,Corrective,1451.353135309384,9.690339829778235,HVAC,374365,TECH-110,True
MNT-101930,VH-5912,2024-12-09,Preventive,614.1336092877882,5.111042198336562,"Suspension,Tires",151491,TECH-143,False
MNT-101931,VH-4106,2023-01-04,Scheduled,533.2725955407216,1.7279942910261021,"Electrical,Transmission",368208,TECH-114,True
MNT-101932,VH-1835,2023-02-02,Emergency,1932.109602067565,15.931848822940887,Suspension,139933,TECH-154,True
MNT-101933,VH-7922,2023-07-18,Corrective,1210.8238942459757,39.35805748342549,"Electrical,Suspension",40077,TECH-193,True
MNT-101934,VH-3540,2023-05-27,Corrective,889.1007552123631,3.3791127594215666,"Oil Change,Engine,Suspension",258999,TECH-126,False
MNT-101935,VH-9948,2023-06-20,Preventive,549.5469662707803,3.5785672806020394,Suspension,114563,TECH-136,True
MNT-101936,VH-5203,2023-09-18,Preventive,418.1573112468933,2.426857366587786,"Electrical,Suspension",169065,TECH-195,False
MNT-101937,VH-2216,2023-05-18,Corrective,1240.9483566451022,2.8451666024116413,HVAC,127582,TECH-145,False
MNT-101938,VH-4057,2024-07-11,Preventive,375.0435093316896,1.1516457012610215,Suspension,179680,TECH-179,False
MNT-101939,VH-8790,2024-04-06,Corrective,1488.781785069652,8.263600365125459,HVAC,22302,TECH-129,False
MNT-101940,VH-7136,2023-09-26,Emergency,3117.6733112615952,28.025117276675278,"Transmission,Electrical",370396,TECH-104,False
MNT-101941,VH-4042,2024-04-03,Preventive,555.3306833198185,4.231563513586713,Transmission,377589,TECH-190,False
MNT-101942,VH-8097,2024-01-29,Scheduled,234.1666952396621,3.0168386808159258,Engine,16823,TECH-100,False
MNT-101943,VH-9029,2023-05-31,Preventive,684.6685260656484,12.142800980105571,"Engine,Transmission",159723,TECH-156,False
MNT-101944,VH-3967,2024-11-20,Preventive,472.63409187791575,5.694323069169487,"Oil Change,Suspension",114638,TECH-116,False
MNT-101945,VH-2393,2023-05-23,Preventive,378.5108745989927,8.259712913154944,"Transmission,Suspension,HVAC",24530,TECH-173,True
MNT-101946,VH-1620,2024-02-13,Corrective,1121.230868846908,1.191556618971979,Transmission,380688,TECH-126,False
MNT-101947,VH-1215,2024-09-23,Corrective,413.1053079485804,33.36072948089892,Electrical,272837,TECH-168,True
MNT-101948,VH-8639,2024-03-24,Corrective,1215.6418559345427,10.143352263597635,"HVAC,Engine",308206,TECH-171,True
MNT-101949,VH-4890,2024-07-08,Preventive,604.4692983056461,2.7720768414800063,"Oil Change,Brakes,Suspension",466097,TECH-191,True
MNT-101950,VH-3092,2023-04-12,Corrective,407.4291349067455,1.299944888795841,"HVAC,Tires,Oil Change",386480,TECH-132,True
MNT-101951,VH-8468,2023-02-02,Corrective,866.0647756704109,2.4261200083954217,"Electrical,Engine,Brakes",226781,TECH-104,False
MNT-101952,VH-9772,2023-09-06,Corrective,1133.0883124989907,2.072585418609892,"Tires,Oil Change",289058,TECH-167,False
MNT-101953,VH-5912,2024-07-24,Corrective,312.59157797095986,2.242591360263559,"Brakes,Tires,Oil Change",169209,TECH-113,False
MNT-101954,VH-1093,2023-07-27,Corrective,1000.2481802952625,1.1892988544355634,Suspension,421482,TECH-197,False
MNT-101955,VH-4001,2024-03-30,Preventive,474.002964009447,9.710633214219675,"Oil Change,Engine,Suspension",91768,TECH-100,False
MNT-101956,VH-1789,2023-08-15,Preventive,450.8050783190452,15.05830110334649,"Oil Change,Brakes",94958,TECH-107,True
MNT-101957,VH-6963,2024-01-17,Scheduled,624.5940783838885,6.5161644770006735,"Electrical,Brakes",129747,TECH-145,False
MNT-101958,VH-5386,2023-10-15,Scheduled,572.914050743553,2.7767192251572075,Suspension,285806,TECH-100,False
MNT-101959,VH-5450,2023-04-03,Preventive,526.3455101939777,2.8563124100739126,Tires,86500,TECH-128,False
MNT-101960,VH-1366,2023-06-03,Preventive,494.364163281556,3.070698298453601,"Oil Change,Suspension,Tires",292331,TECH-186,False
MNT-101961,VH-8593,2023-06-19,Preventive,461.8261800937688,1.0,"Oil Change,Engine,Transmission",130431,TECH-172,True
MNT-101962,VH-9710,2023-05-31,Preventive,505.32552445591944,1.0,"HVAC,Brakes",470285,TECH-122,True
MNT-101963,VH-6985,2023-07-24,Preventive,764.7198354374145,11.474098515231884,"HVAC,Suspension",413543,TECH-192,False
MNT-101964,VH-6775,2024-08-07,Corrective,2006.543501736478,30.06710115897431,"Suspension,Oil Change",248386,TECH-173,False
MNT-101965,VH-2357,2024-06-20,Preventive,293.07023336205185,1.4309183007290311,Oil Change,349580,TECH-184,True
MNT-101966,VH-9772,2023-01-10,Emergency,2350.5606721086533,9.472113761482337,"Brakes,Tires,Electrical",143543,TECH-177,True
MNT-101967,VH-4740,2023-01-12,Corrective,1094.8377795136269,30.58369036575165,Suspension,433127,TECH-117,False
MNT-101968,VH-2915,2024-08-09,Emergency,3587.8387900289445,1.8578425020060292,Electrical,271892,TECH-147,True
MNT-101969,VH-9393,2023-07-14,Corrective,1171.6386791546306,5.155673227424756,"HVAC,Electrical,Engine",380458,TECH-187,True
MNT-101970,VH-8923,2024-10-16,Preventive,437.0075783252445,1.0,Oil Change,424792,TECH-143,False
MNT-101971,VH-8316,2023-01-09,Preventive,447.03288935222974,1.0,Suspension,473254,TECH-111,False
MNT-101972,VH-4688,2024-12-11,Preventive,552.1761032895951,1.0,Engine,437319,TECH-100,False
MNT-101973,VH-8923,2024-01-09,Preventive,494.06274053299455,4.97988878436722,"Tires,Transmission",211099,TECH-137,False
MNT-101974,VH-9737,2023-07-05,Corrective,1119.860290690021,40.72155676624576,"Suspension,Brakes",481566,TECH-130,True
MNT-101975,VH-9824,2023-08-30,Corrective,1327.348390622792,20.204483803393394,"Transmission,Tires,Brakes",166841,TECH-140,False
MNT-101976,VH-9710,2023-06-17,Preventive,367.64189005265644,1.0,"Transmission,Suspension,Tires",342107,TECH-142,True
MNT-101977,VH-5450,2024-01-06,Preventive,326.80512077627856,3.11089764427408,Oil Change,63698,TECH-187,True
MNT-101978,VH-9682,2024-11-01,Preventive,367.54010781584583,1.0,"Brakes,Transmission,Electrical",219541,TECH-121,False
MNT-101979,VH-3450,2023-12-05,Preventive,460.32898692851455,19.48268695271245,"Oil Change,HVAC",372596,TECH-145,False
MNT-101980,VH-1420,2023-10-06,Preventive,491.8857795980198,2.896934944086756,"Suspension,Oil Change,Electrical",122343,TECH-179,False
MNT-101981,VH-2361,2023-04-02,Corrective,1028.3813021671813,7.390546950201903,"Suspension,Engine,Brakes",482402,TECH-159,True
MNT-101982,VH-6605,2023-03-27,Preventive,302.5510158024722,1.0,"Electrical,Oil Change",244629,TECH-120,False
MNT-101983,VH-3473,2024-07-23,Corrective,1200.664893816354,4.091355444257651,"Engine,Oil Change,HVAC",339388,TECH-108,False
MNT-101984,VH-2690,2023-07-31,Corrective,1154.209768969184,6.203733573250086,Suspension,152378,TECH-114,True
MNT-101985,VH-3450,2024-07-28,Preventive,473.98467268255246,1.0,"Oil Change,Brakes,Transmission",466087,TECH-128,False
MNT-101986,VH-3125,2023-12-18,Corrective,758.8870584696142,6.0026659401134275,"Transmission,Tires",179758,TECH-180,False
MNT-101987,VH-8425,2024-02-26,Preventive,256.8395597370251,2.2467826266922892,"Brakes,Transmission",243852,TECH-155,False
MNT-101988,VH-5203,2024-02-25,Corrective,1365.139268990515,12.733204221734745,"Engine,Suspension",271175,TECH-182,True
MNT-101989,VH-3927,2023-01-12,Preventive,511.3490264539903,1.0,"Engine,Suspension,Oil Change",58326,TECH-164,False
MNT-101990,VH-9824,2023-04-09,Preventive,521.4561222907555,6.513481610387548,"Suspension,Electrical,HVAC",376314,TECH-177,True
MNT-101991,VH-4753,2024-03-21,Preventive,624.6314559380108,2.5237168242814203,HVAC,307190,TECH-114,False
MNT-101992,VH-3547,2024-04-04,Corrective,1096.441341804878,4.311385953569277,"HVAC,Brakes,Electrical",297407,TECH-195,False
MNT-101993,VH-8097,2023-06-21,Corrective,1531.0155487075406,11.576097970755372,"Tires,Transmission",428535,TECH-158,False
MNT-101994,VH-3547,2024-07-09,Preventive,586.2284889961675,1.0,Tires,401608,TECH-189,True
MNT-101995,VH-8097,2024-06-12,Preventive,563.9665232384729,7.732053048729743,"Engine,Tires",224252,TECH-190,False
MNT-101996,VH-7922,2024-08-06,Corrective,952.640395612231,29.761364469367066,Suspension,334225,TECH-138,False
MNT-101997,VH-5547,2023-09-13,Emergency,3126.076501391633,11.155000653796797,"HVAC,Oil Change",130039,TECH-145,False
MNT-101998,VH-3776,2024-11-27,Preventive,244.5507004045859,1.116068552510005,"Tires,Electrical,Engine",206789,TECH-131,False
MNT-101999,VH-5203,2024-09-12,Preventive,665.7217332435788,3.5548989310141152,"Electrical,Suspension",39643,TECH-113,True
MNT-102000,VH-6463,2023-09-15,Preventive,767.6020652464005,7.80037738681734,"Transmission,Electrical",296713,TECH-166,False
MNT-102001,VH-9008,2023-02-26,Preventive,578.0909959035274,6.235626135413826,"Electrical,Engine",438171,TECH-161,False
MNT-102002,VH-5262,2023-10-24,Scheduled,247.24749133692185,1.0428122518725824,"HVAC,Tires",430342,TECH-102,False
MNT-102003,VH-5226,2024-06-03,Preventive,465.4769900907866,1.1912881705432525,"Engine,Suspension,Tires",92219,TECH-127,False
MNT-102004,VH-1092,2023-08-07,Corrective,742.3399812047962,26.036897801257535,Oil Change,472918,TECH-117,True
MNT-102005,VH-1588,2023-10-23,Preventive,637.5770879964174,6.4919850121882305,"Engine,Electrical",108072,TECH-154,False
MNT-102006,VH-1391,2024-07-30,Preventive,625.2274259926774,3.0046195872377934,Brakes,245378,TECH-172,True
MNT-102007,VH-9948,2024-07-27,Preventive,714.1442268701867,3.21555496751653,Tires,232437,TECH-133,False
MNT-102008,VH-1712,2023-08-03,Corrective,913.7863154640457,5.524393229236591,"Electrical,Engine,Suspension",73981,TECH-182,False
MNT-102009,VH-4862,2023-04-22,Preventive,621.9574472910341,4.772339065732641,"Electrical,Engine,Brakes",177012,TECH-126,True
MNT-102010,VH-9516,2024-06-28,Scheduled,405.16296376236977,1.6210505625887741,"Engine,HVAC,Suspension",308204,TECH-106,False
MNT-102011,VH-3450,2023-08-23,Preventive,410.53831048533533,10.392015295134108,Suspension,51354,TECH-193,False
MNT-102012,VH-7311,2024-12-18,Preventive,569.3329358218521,1.0,"Transmission,Suspension,Brakes",43029,TECH-113,False
MNT-102013,VH-9801,2024-03-03,Corrective,2001.8063273750752,13.253439238692039,"Transmission,Brakes,Electrical",118624,TECH-164,False
MNT-102014,VH-5635,2024-02-20,Preventive,450.5942458882811,4.016180405101437,Transmission,52439,TECH-139,False
MNT-102015,VH-8563,2024-11-14,Preventive,593.4838203876001,1.0,"Oil Change,Brakes,Suspension",45593,TECH-104,True
MNT-102016,VH-3919,2024-06-14,Preventive,497.12820014818413,5.8995556676494365,"HVAC,Brakes,Transmission",273422,TECH-134,False
MNT-102017,VH-6443,2024-12-26,Preventive,826.942777145849,1.8055227731874728,"Transmission,HVAC,Suspension",66862,TECH-118,False
MNT-102018,VH-6346,2024-07-30,Preventive,308.01428204831603,12.801285946785669,"Transmission,Engine",13994,TECH-139,False
MNT-102019,VH-5450,2023-06-19,Corrective,1573.829667045747,36.799583496912604,HVAC,391240,TECH-113,True
MNT-102020,VH-7688,2024-09-30,Scheduled,455.44740050825965,1.8305521668985738,Electrical,364989,TECH-168,True
MNT-102021,VH-2372,2024-08-21,Emergency,2914.0797307503017,29.945915417817986,"Engine,Transmission",177247,TECH-116,False
MNT-102022,VH-3814,2024-09-03,Scheduled,141.3377578152235,1.0537669512902923,"Transmission,Engine,Oil Change",251192,TECH-147,False
MNT-102023,VH-6775,2024-10-27,Preventive,525.6552514375278,1.9337511142521036,"Tires,Suspension,Electrical",233158,TECH-193,True
MNT-102024,VH-1588,2023-09-01,Preventive,281.1699539136503,1.882978705612149,Suspension,358743,TECH-160,True
MNT-102025,VH-7171,2023-03-13,Corrective,1767.7761756678115,9.459218326521686,Oil Change,285156,TECH-196,True
MNT-102026,VH-6709,2023-09-24,Preventive,627.1050123686503,1.2869935190097712,"Transmission,Suspension,Oil Change",361363,TECH-116,False
MNT-102027,VH-6835,2024-01-11,Preventive,436.3617800521548,1.6752158929008407,Transmission,131058,TECH-196,True
MNT-102028,VH-6605,2023-02-18,Corrective,1153.1620489233646,3.138852814407119,Brakes,338802,TECH-163,False
MNT-102029,VH-6963,2024-10-01,Emergency,2522.5915965020627,8.488551719094783,"Transmission,Tires,HVAC",356543,TECH-185,False
MNT-102030,VH-3179,2023-11-16,Corrective,276.07574083486986,16.2733362973987,HVAC,75584,TECH-172,True
MNT-102031,VH-1093,2024-12-23,Preventive,519.5098449058167,5.696824255745818,Transmission,377271,TECH-183,False
MNT-102032,VH-1844,2023-03-22,Preventive,417.66681260290534,1.0,"Transmission,Oil Change",434645,TECH-131,True
MNT-102033,VH-8532,2023-04-08,Emergency,1464.1091075225418,11.679528638096965,"Electrical,Transmission,Oil Change",249600,TECH-181,False
MNT-102034,VH-4503,2024-09-25,Preventive,531.9460804337538,3.7540077892734542,Suspension,202976,TECH-103,True
MNT-102035,VH-4740,2024-09-23,Emergency,1703.9074357530471,33.0714590021096,Suspension,158773,TECH-162,True
MNT-102036,VH-5203,2024-02-17,Corrective,1353.1225420373087,7.78071446406063,"Transmission,Oil Change",440441,TECH-166,False
MNT-102037,VH-1885,2023-08-06,Preventive,687.7104397593711,2.5333239227844455,"Brakes,HVAC,Engine",18968,TECH-159,False
MNT-102038,VH-8959,2024-05-11,Emergency,1809.2625678330444,35.271878512746454,"Brakes,Suspension",121516,TECH-152,False
MNT-102039,VH-8563,2024-12-20,Corrective,1444.8894348572774,13.217170621659468,Tires,451524,TECH-168,False
MNT-102040,VH-3540,2024-04-29,Preventive,401.04951203009216,1.0,Tires,299855,TECH-117,True
MNT-102041,VH-2536,2024-01-04,Corrective,2053.479674912561,32.79639284520284,"Transmission,HVAC",495021,TECH-155,False
MNT-102042,VH-9274,2024-03-20,Scheduled,372.14054674781585,1.0,HVAC,185949,TECH-194,False
MNT-102043,VH-1131,2023-06-03,Preventive,712.3402059684499,8.51487178275013,"Suspension,Tires,Electrical",452305,TECH-130,False
MNT-102044,VH-6963,2024-06-08,Preventive,393.6011032252571,4.778797822949878,"Transmission,Electrical",329819,TECH-176,False
MNT-102045,VH-6709,2024-06-15,Corrective,1390.5147191081708,11.5434318809613,"Transmission,HVAC",404205,TECH-118,False
MNT-102046,VH-4057,2024-11-17,Preventive,302.1535049250009,4.3642931646176795,"Tires,Brakes,Oil Change",247771,TECH-176,False
MNT-102047,VH-7807,2023-12-15,Emergency,1804.402447708584,7.824335325936654,"HVAC,Oil Change",197326,TECH-190,True
MNT-102048,VH-5868,2024-10-19,Corrective,980.0804516036189,19.03772100321376,"Tires,Oil Change",490293,TECH-162,False
MNT-102049,VH-7929,2024-12-11,Preventive,318.61037049528267,3.359568986151607,"Suspension,Engine",49644,TECH-137,False
MNT-102050,VH-7311,2023-05-19,Corrective,1015.2349912204804,21.696101025540948,"Engine,HVAC,Electrical",220395,TECH-151,False
MNT-102051,VH-9862,2023-11-23,Corrective,955.4434521605624,1.0,"Brakes,HVAC",242363,TECH-152,False
MNT-102052,VH-5203,2023-01-04,Corrective,626.1266042823705,1.0,"Transmission,HVAC",444076,TECH-108,False
MNT-102053,VH-3092,2023-02-09,Preventive,719.8658663185113,2.519019930718063,Suspension,317452,TECH-162,False
MNT-102054,VH-3348,2024-06-08,Preventive,561.17038265125,1.0066251570165545,Tires,106797,TECH-134,False
MNT-102055,VH-4042,2024-10-27,Preventive,496.1574221021865,8.236813114551182,"Oil Change,Brakes",101157,TECH-198,False
MNT-102056,VH-8097,2023-09-15,Preventive,510.43679239815873,1.5354906583768986,"Oil Change,Tires,Engine",443244,TECH-187,True
MNT-102057,VH-4890,2024-01-22,Corrective,902.2392135208127,22.63959391537608,"Engine,Brakes,Tires",241447,TECH-151,True
MNT-102058,VH-4042,2023-06-01,Preventive,407.66204675245154,16.279033838390863,Electrical,241504,TECH-193,False
MNT-102059,VH-2910,2023-09-30,Corrective,1418.4195234330407,11.849681626116311,Brakes,443683,TECH-156,False
MNT-102060,VH-9522,2023-03-11,Corrective,1402.4875613089735,18.435049481762317,"Suspension,Brakes",108421,TECH-146,False
MNT-102061,VH-3214,2023-06-18,Preventive,287.92359076268406,1.0,Transmission,58210,TECH-145,False
MNT-102062,VH-7693,2024-04-30,Corrective,717.8764288407976,3.3362057744561344,"Oil Change,Transmission,Tires",387591,TECH-164,False
MNT-102063,VH-9710,2024-11-16,Preventive,720.3357924458019,6.069730224778817,Engine,340824,TECH-165,False
MNT-102064,VH-5203,2024-07-06,Emergency,3818.2717763663877,76.96787651093958,Tires,225324,TECH-191,False
MNT-102065,VH-8918,2024-10-21,Emergency,2302.0447660817927,35.78679136698145,"Electrical,Transmission",226240,TECH-139,False
MNT-102066,VH-9522,2023-03-10,Preventive,354.57790212977307,1.0,"Oil Change,Tires,HVAC",280201,TECH-147,False
MNT-102067,VH-1844,2024-02-16,Corrective,1043.5345976910885,1.0,"Engine,Oil Change",427824,TECH-108,True
MNT-102068,VH-3540,2023-10-06,Preventive,355.90977586879217,1.5545903663383933,"Engine,Electrical",36724,TECH-149,True
MNT-102069,VH-2410,2024-08-02,Preventive,704.1482541265459,2.8329813964616593,"Suspension,Electrical,HVAC",415967,TECH-189,False
MNT-102070,VH-1391,2023-04-19,Preventive,553.1739395373013,1.0,"Transmission,Brakes,Tires",369188,TECH-129,True
MNT-102071,VH-5056,2023-07-30,Preventive,367.43293879482405,3.7049988162892507,"Oil Change,Tires",65711,TECH-194,False
MNT-102072,VH-5028,2023-02-23,Preventive,525.3247048705084,4.312790517787809,"Tires,Transmission",282990,TECH-116,False
MNT-102073,VH-3132,2023-09-28,Preventive,551.1261744715865,1.0732814486414373,"Suspension,Electrical,Tires",423539,TECH-120,False
MNT-102074,VH-5478,2023-05-03,Preventive,568.153001470409,4.382286207516162,"Transmission,Suspension,Oil Change",416296,TECH-191,False
MNT-102075,VH-8000,2024-11-26,Scheduled,120.49386105612476,1.0,"Electrical,Oil Change,Tires",285933,TECH-114,False
MNT-102076,VH-2559,2024-01-13,Corrective,1584.647148127945,4.541673140361608,Electrical,117108,TECH-102,False
MNT-102077,VH-9862,2024-05-13,Preventive,490.2492501198135,1.0,Oil Change,293790,TECH-132,False
MNT-102078,VH-5717,2023-11-07,Corrective,954.8110034125741,40.58698059098061,"Engine,Tires",380593,TECH-149,False
MNT-102079,VH-9948,2024-11-14,Preventive,242.376167354833,8.578571888006135,Transmission,221681,TECH-152,False
MNT-102080,VH-8296,2023-07-19,Preventive,658.1527349019547,9.406979189097232,"Electrical,Brakes",196033,TECH-142,False
MNT-102081,VH-1093,2024-10-07,Preventive,347.2877656255872,2.5449663361200443,"Electrical,Transmission",389731,TECH-112,False
MNT-102082,VH-6323,2023-06-19,Corrective,1897.764964937602,1.098011391339527,"Transmission,Engine,Oil Change",334790,TECH-167,True
MNT-102083,VH-9522,2023-08-15,Corrective,1739.7948741628393,5.092010307213949,"HVAC,Brakes",307246,TECH-115,True
MNT-102084,VH-3348,2024-10-14,Corrective,979.5733258395246,1.0,"HVAC,Engine,Brakes",226559,TECH-179,False
MNT-102085,VH-6323,2024-12-23,Emergency,3250.7906382643396,49.209316284837314,"Suspension,Brakes,Engine",314413,TECH-101,False
MNT-102086,VH-6985,2024-09-26,Preventive,458.5641653650397,1.0388218396873221,Tires,137095,TECH-181,True
MNT-102087,VH-6718,2023-11-21,Preventive,505.1666992441778,7.226308981660885,Tires,453283,TECH-110,False
MNT-102088,VH-7311,2023-07-31,Scheduled,374.2222010151534,4.589130586557232,Tires,125701,TECH-163,False
MNT-102089,VH-7171,2023-04-05,Scheduled,329.82894995392473,1.0,"Suspension,Brakes,Oil Change",480343,TECH-117,False
MNT-102090,VH-8468,2023-03-04,Scheduled,256.692403170884,1.0,"Transmission,Brakes",34834,TECH-115,False
MNT-102091,VH-1335,2023-07-13,Preventive,383.5328498782502,6.262379927597534,"Engine,HVAC",52925,TECH-100,True
MNT-102092,VH-1716,2024-04-29,Emergency,2133.6938682809878,9.635010377945093,"HVAC,Engine",34932,TECH-186,True
MNT-102093,VH-3817,2023-03-20,Preventive,387.54032049262594,2.095783169617862,"Tires,Electrical",140269,TECH-154,False
MNT-102094,VH-8923,2023-08-24,Preventive,638.7351821118224,10.229967318200194,"Electrical,Tires,Engine",217925,TECH-129,False
MNT-102095,VH-8923,2023-06-18,Preventive,559.8511684591788,1.6509537361951245,Oil Change,254696,TECH-111,False
MNT-102096,VH-8959,2023-06-23,Corrective,1169.182280312502,1.0,"Tires,Suspension,Engine",67766,TECH-119,False
MNT-102097,VH-4106,2024-07-09,Preventive,639.7981732387891,1.5834764017543494,"Transmission,Engine",286301,TECH-194,False
MNT-102098,VH-5028,2024-09-05,Scheduled,287.1587779309576,1.0,Suspension,339313,TECH-155,False
MNT-102099,VH-3179,2023-04-12,Corrective,787.4291814166204,4.443205106061669,"Oil Change,HVAC",188486,TECH-136,False
MNT-102100,VH-6908,2024-09-08,Emergency,4038.341725304917,18.37796473312854,"Electrical,Brakes,Engine",38268,TECH-125,False
MNT-102101,VH-3588,2023-04-11,Emergency,2777.314435307649,12.445495765657064,"Oil Change,Transmission",470058,TECH-187,True
MNT-102102,VH-1789,2024-12-29,Corrective,1112.128960267389,5.757908877248251,"Electrical,Engine",350602,TECH-122,False
MNT-102103,VH-6908,2023-08-03,Preventive,516.1688601923684,1.0,"Transmission,HVAC,Tires",404948,TECH-179,False
MNT-102104,VH-3605,2023-01-31,Preventive,741.1434827010264,1.485035837156988,"Electrical,Suspension,Oil Change",13980,TECH-142,False
MNT-102105,VH-3317,2024-11-07,Preventive,495.46880675665113,1.0,Brakes,169375,TECH-167,True
MNT-102106,VH-8296,2024-06-08,Scheduled,310.7755498748665,2.5968104691980125,Oil Change,490227,TECH-119,False
MNT-102107,VH-6071,2024-12-26,Preventive,361.74170630379194,4.522814695551007,"Oil Change,Tires,Electrical",186471,TECH-122,False
MNT-102108,VH-3214,2024-09-23,Scheduled,369.75479428281,1.0,"Oil Change,Transmission",404050,TECH-192,False
MNT-102109,VH-2549,2024-07-06,Preventive,495.74845243948363,3.293104350187921,"Tires,Suspension",311393,TECH-137,False
MNT-102110,VH-5714,2023-07-25,Preventive,724.6009665530113,1.0119028508925287,"Transmission,Electrical,Oil Change",205730,TECH-154,True
MNT-102111,VH-2361,2024-03-11,Preventive,732.6837060706432,8.156050866101243,"Tires,Oil Change",163984,TECH-124,False
MNT-102112,VH-5547,2024-02-03,Preventive,437.8209045341904,3.1182215178569024,"Electrical,Tires,HVAC",394078,TECH-160,True
MNT-102113,VH-2372,2023-12-11,Corrective,472.19323802013787,7.958320364750966,Transmission,264081,TECH-172,False
MNT-102114,VH-2290,2024-03-06,Corrective,1439.0769789879337,10.224298940510263,Brakes,466641,TECH-158,True
MNT-102115,VH-7741,2024-04-12,Corrective,1053.0549352634116,7.9332195899021976,"Electrical,Engine",265590,TECH-125,True
MNT-102116,VH-7688,2024-08-17,Scheduled,299.5666844316679,3.390219250814715,"HVAC,Transmission,Brakes",278472,TECH-110,False
MNT-102117,VH-6106,2024-06-08,Preventive,326.78320269229084,1.0,"Transmission,Tires,Engine",77930,TECH-176,False
MNT-102118,VH-4503,2023-03-13,Preventive,572.0949835119368,1.0,Transmission,281214,TECH-188,False
MNT-102119,VH-1420,2023-10-27,Corrective,887.4017960233871,1.0,"Electrical,Tires",273999,TECH-188,False
MNT-102120,VH-1885,2023-07-26,Preventive,310.97760271178316,3.0981323576505124,"Electrical,Transmission",426176,TECH-124,False
MNT-102121,VH-2489,2024-03-14,Corrective,1056.0017089863386,20.52764351048427,"Tires,HVAC",420551,TECH-139,True
MNT-102122,VH-4984,2024-11-20,Preventive,348.85244790739364,2.7906434252352645,Engine,383524,TECH-183,True
MNT-102123,VH-8579,2023-06-03,Corrective,1922.4633015000495,4.041376851671609,"Brakes,Oil Change",379217,TECH-126,False
MNT-102124,VH-9821,2023-10-03,Emergency,1685.0941371171793,18.289038277808437,"Tires,Brakes",60754,TECH-151,False
MNT-102125,VH-1215,2023-08-29,Scheduled,250.91632938528502,1.0679876621658053,"HVAC,Engine,Transmission",12982,TECH-131,False
MNT-102126,VH-8653,2024-01-28,Preventive,392.44852089942316,1.0,"Engine,Suspension,Transmission",276120,TECH-140,False
MNT-102127,VH-4503,2024-11-17,Corrective,1525.9469429885771,1.0,Electrical,35485,TECH-125,True
MNT-102128,VH-9821,2023-08-28,Preventive,191.40572512928014,1.0,Engine,346540,TECH-149,True
MNT-102129,VH-7166,2024-11-08,Corrective,911.9634718628497,10.834423209922734,Engine,95167,TECH-191,False
MNT-102130,VH-3540,2023-03-11,Corrective,1704.0231045641221,9.411805439171411,"Tires,Transmission",444078,TECH-199,False
MNT-102131,VH-2290,2024-12-17,Preventive,564.1729350323288,7.279231584164296,"Tires,Transmission",410409,TECH-117,False
MNT-102132,VH-1366,2023-11-03,Preventive,369.0908990788346,3.877258390982153,Electrical,484050,TECH-181,True
MNT-102133,VH-3776,2024-06-03,Scheduled,383.47665637154904,1.0,Transmission,374158,TECH-175,False
MNT-102134,VH-2381,2023-01-21,Corrective,1065.5465755091154,3.917847377406215,"Brakes,Suspension,Engine",415001,TECH-183,True
MNT-102135,VH-4740,2024-08-16,Scheduled,533.4832037061198,1.6171989835179479,"Engine,HVAC",414198,TECH-115,False
MNT-102136,VH-7693,2023-03-09,Corrective,1269.4949880060026,5.247547789692036,"Suspension,Transmission",308965,TECH-188,False
MNT-102137,VH-5028,2023-12-18,Preventive,476.233355629424,2.938686591862331,"Engine,Tires,Electrical",488045,TECH-108,False
MNT-102138,VH-3125,2024-10-26,Emergency,2856.0492481663146,4.955640841465989,"Oil Change,Engine",498286,TECH-165,False
MNT-102139,VH-1131,2023-11-20,Emergency,3743.0389207554995,1.2204065339357528,"Electrical,Suspension,Tires",201302,TECH-187,False
MNT-102140,VH-9948,2024-01-27,Corrective,2131.7132105152978,11.358666472979504,"HVAC,Engine",431579,TECH-145,False
MNT-102141,VH-3473,2024-08-11,Preventive,673.7907693001131,1.4821432446678113,Transmission,331233,TECH-139,False
MNT-102142,VH-1072,2023-04-13,Preventive,431.4883180093434,7.334245088566103,"Tires,Electrical",295230,TECH-190,False
MNT-102143,VH-3776,2024-10-05,Preventive,547.2127298114699,6.2043250593113894,HVAC,415022,TECH-192,False
MNT-102144,VH-1588,2024-11-28,Preventive,376.3815968289798,1.0380236863885217,"Transmission,Engine",230437,TECH-139,False
MNT-102145,VH-8563,2023-12-05,Preventive,473.6610581985759,1.423621088288408,"HVAC,Brakes",460457,TECH-149,False
MNT-102146,VH-6709,2023-09-29,Preventive,428.7454691756991,21.99238862267972,"Electrical,Oil Change,Transmission",147241,TECH-170,False
MNT-102147,VH-1131,2023-01-25,Preventive,501.9398665435762,1.6054065015589538,"Oil Change,Suspension",442081,TECH-146,False
MNT-102148,VH-2372,2023-04-01,Preventive,492.0170668717452,2.448003148383269,"Oil Change,Transmission",355074,TECH-194,False
MNT-102149,VH-1468,2024-06-03,Emergency,1765.4149182083233,33.67825646648025,"Oil Change,Brakes,Electrical",252531,TECH-181,False
MNT-102150,VH-3490,2024-03-11,Preventive,317.3844848529776,4.58264809431718,"Oil Change,Electrical",88037,TECH-195,False
MNT-102151,VH-3233,2024-01-28,Preventive,590.0126243987982,1.0,Suspension,85932,TECH-176,False
MNT-102152,VH-2381,2024-05-26,Scheduled,295.7544614182625,4.484337372429198,Engine,281397,TECH-123,False
MNT-102153,VH-2410,2023-01-06,Emergency,3649.0745937253932,2.1578091161690747,"Electrical,Transmission,Brakes",384659,TECH-187,False
MNT-102154,VH-9274,2024-07-08,Emergency,2150.911857065833,5.605198485891432,HVAC,93754,TECH-136,False
MNT-102155,VH-8468,2023-05-21,Corrective,1470.0739331053053,9.525076941358405,Brakes,330588,TECH-107,False
MNT-102156,VH-2147,2023-10-14,Preventive,419.16231406808157,3.2580276596293976,"Transmission,HVAC",36007,TECH-105,False
MNT-102157,VH-1475,2023-04-29,Preventive,425.96007844622,1.0,Brakes,54165,TECH-185,False
MNT-102158,VH-7918,2023-08-22,Preventive,823.6451182967094,7.384797565515057,Brakes,364558,TECH-165,False
MNT-102159,VH-5844,2023-05-22,Preventive,529.9845705541492,6.666958909804978,"HVAC,Electrical",306493,TECH-152,True
MNT-102160,VH-2536,2023-11-18,Corrective,816.6246169136723,2.954896333170037,"Electrical,Brakes",50983,TECH-181,False
MNT-102161,VH-4940,2023-08-29,Preventive,692.6519691436663,1.0,"Tires,Oil Change,HVAC",423885,TECH-185,True
MNT-102162,VH-8376,2023-08-02,Corrective,1035.7748606335704,1.0,"Brakes,HVAC",252124,TECH-167,False
MNT-102163,VH-6963,2024-06-19,Corrective,1070.5845613770957,1.0,"Brakes,HVAC",437621,TECH-185,False
MNT-102164,VH-3278,2024-02-16,Emergency,2744.056335355102,29.267947664422046,Tires,33245,TECH-195,False
MNT-102165,VH-1059,2023-12-08,Preventive,507.86186593117117,1.0,"Transmission,Brakes,Engine",12003,TECH-137,False
MNT-102166,VH-4890,2024-09-24,Preventive,689.3010181616173,1.0571344343134972,Engine,51379,TECH-141,False
MNT-102167,VH-9105,2023-04-14,Emergency,3110.8336307829804,16.910993112381522,Transmission,453287,TECH-165,True
MNT-102168,VH-8639,2023-11-18,Corrective,1286.598462470804,1.0,"Electrical,Engine,Oil Change",393493,TECH-175,False
MNT-102169,VH-7166,2023-04-04,Corrective,871.1776421335601,3.091101073461177,"Electrical,Oil Change,Tires",323868,TECH-180,True
MNT-102170,VH-5547,2024-07-09,Scheduled,511.5737914116958,1.0,Brakes,264685,TECH-133,True
MNT-102171,VH-5635,2023-06-18,Preventive,510.50067635143296,4.7123546150156,Suspension,23056,TECH-183,False
MNT-102172,VH-6323,2024-09-15,Scheduled,263.3987810935831,5.792925838418544,Transmission,204274,TECH-185,True
MNT-102173,VH-9682,2023-07-28,Preventive,1056.0152894004832,3.1191719445268173,"Oil Change,Electrical,Engine",213030,TECH-152,False
MNT-102174,VH-8790,2024-09-11,Preventive,675.2612678236671,1.5723137500447761,"Suspension,Transmission,HVAC",465710,TECH-181,False
MNT-102175,VH-8103,2024-10-26,Preventive,562.8559030612013,3.4377781031777044,Oil Change,147514,TECH-120,False
MNT-102176,VH-8097,2023-02-24,Corrective,948.3823731981884,9.326932738763556,"Engine,Brakes",476506,TECH-140,False
MNT-102177,VH-9274,2023-08-09,Preventive,954.3596216865409,2.95711002804938,HVAC,232407,TECH-116,False
MNT-102178,VH-7686,2024-07-17,Preventive,561.1318769510875,4.053578918077954,Suspension,407246,TECH-181,False
MNT-102179,VH-1475,2024-04-16,Scheduled,261.2611906434872,4.25501377444931,HVAC,424327,TECH-162,False
MNT-102180,VH-2536,2023-02-26,Preventive,476.6490273655728,1.0,"Tires,Electrical",454748,TECH-110,True
MNT-102181,VH-9516,2024-03-13,Corrective,1354.4794547819465,1.0,"Suspension,Brakes,HVAC",486418,TECH-195,True
MNT-102182,VH-5056,2023-11-07,Preventive,506.70562782393847,7.43800644848786,Engine,258968,TECH-159,False
MNT-102183,VH-2910,2024-03-18,Scheduled,455.86291872179845,1.0,"HVAC,Transmission",307474,TECH-139,False
MNT-102184,VH-4247,2023-04-02,Emergency,2644.4761992073477,2.6522300751746055,"Brakes,Transmission",54415,TECH-194,False
MNT-102185,VH-3540,2023-10-10,Corrective,1385.0522246551773,6.983304844320272,"Engine,Transmission,Tires",240402,TECH-185,True
MNT-102186,VH-3317,2023-09-28,Preventive,522.7247048316067,9.12745898451514,"Engine,Electrical,Brakes",150493,TECH-123,True
MNT-102187,VH-8563,2024-12-18,Preventive,343.1016865363491,3.431215117126948,"Suspension,Oil Change",349247,TECH-198,False
MNT-102188,VH-5360,2023-03-02,Emergency,2392.6443392074348,1.0,"Electrical,Brakes,Suspension",221162,TECH-146,False
MNT-102189,VH-2625,2023-07-06,Preventive,375.7580357338616,4.820729108804011,HVAC,381912,TECH-162,False
MNT-102190,VH-7166,2024-08-21,Corrective,700.5682442961559,10.946604741137394,"Brakes,HVAC",272020,TECH-108,False
MNT-102191,VH-5203,2023-06-11,Preventive,339.10178064498416,4.265505856856281,"HVAC,Engine",114275,TECH-160,True
MNT-102192,VH-5282,2024-03-13,Preventive,552.2856719598301,2.5172785978257313,Oil Change,448723,TECH-180,False
MNT-102193,VH-7688,2023-10-16,Preventive,463.1331313561167,1.1125585021670372,HVAC,127201,TECH-148,False
MNT-102194,VH-8639,2024-03-21,Corrective,1068.9650133253263,5.13766510785441,"Engine,Electrical",212974,TECH-196,False
MNT-102195,VH-8468,2024-12-18,Emergency,2868.6500325709308,29.857784774505067,"Tires,Oil Change,HVAC",490851,TECH-158,True
MNT-102196,VH-7832,2024-06-03,Scheduled,358.684305795031,1.0,Electrical,134922,TECH-127,False
MNT-102197,VH-3817,2024-08-06,Preventive,521.345265334478,1.3053164581530547,Tires,405402,TECH-149,False
MNT-102198,VH-4984,2023-12-03,Corrective,923.227978390344,26.363354836698125,"Transmission,Tires,Electrical",453515,TECH-155,False
MNT-102199,VH-5056,2024-10-06,Corrective,1011.5073549490432,10.653227616985133,"Oil Change,Electrical,Tires",88584,TECH-141,False
MNT-102200,VH-4106,2024-02-24,Corrective,1604.6803545018997,8.788741020534033,HVAC,250310,TECH-184,True
MNT-102201,VH-4716,2023-04-20,Preventive,689.7988430701463,1.0,Brakes,90016,TECH-128,True
MNT-102202,VH-5684,2024-09-11,Preventive,525.0354216610845,4.3106382632357345,"Suspension,Brakes,Transmission",416866,TECH-119,False
MNT-102203,VH-1712,2023-03-12,Emergency,2168.9269155287175,22.627761122327875,HVAC,280243,TECH-178,False
MNT-102204,VH-8923,2023-11-26,Emergency,3364.5739375851026,2.8290832054420436,"Tires,Transmission,Suspension",199189,TECH-183,True
MNT-102205,VH-4753,2023-03-13,Corrective,519.4833269283688,8.473598736874013,"Tires,Electrical,Suspension",106059,TECH-151,True
MNT-102206,VH-6323,2023-10-04,Preventive,680.7427448252951,2.639610288283296,"HVAC,Transmission",386601,TECH-150,True
MNT-102207,VH-8579,2023-12-06,Preventive,272.1696700735665,2.446579093614267,"Tires,Electrical",286937,TECH-158,False
MNT-102208,VH-8176,2023-03-13,Corrective,611.5519321399751,4.960605087186799,Engine,445444,TECH-143,False
MNT-102209,VH-2536,2023-10-24,Preventive,413.1745896344397,1.0,"Brakes,Electrical,Tires",289915,TECH-127,True
MNT-102210,VH-6908,2023-09-04,Preventive,495.89066483031894,6.9537990132589735,"Suspension,Oil Change",319371,TECH-148,False
MNT-102211,VH-3588,2024-08-03,Preventive,653.6849957428811,1.0,Tires,29932,TECH-139,False
MNT-102212,VH-4890,2023-06-21,Scheduled,304.8068645431777,6.205908925178312,Engine,424922,TECH-181,False
MNT-102213,VH-6443,2023-02-15,Preventive,542.9841962216354,1.0,"HVAC,Tires,Oil Change",348351,TECH-135,True
MNT-102214,VH-1366,2024-08-08,Scheduled,285.7077209029809,1.8859245086501184,"Transmission,Engine,Oil Change",358168,TECH-125,False
MNT-102215,VH-1366,2024-08-04,Scheduled,386.5497716328682,1.0,"Brakes,HVAC",382508,TECH-167,False
MNT-102216,VH-6071,2023-09-18,Preventive,670.7023031714027,1.3104107767395308,"Transmission,Electrical",39153,TECH-101,False
MNT-102217,VH-5450,2024-05-31,Corrective,1406.8655287241133,3.7634133911143866,Brakes,334343,TECH-182,False
MNT-102218,VH-8000,2024-01-07,Preventive,375.97426450624664,1.0,Transmission,491606,TECH-118,True
MNT-102219,VH-8425,2024-04-11,Corrective,853.281877962593,13.482067957799217,"Suspension,Transmission",249578,TECH-124,False
MNT-102220,VH-8790,2024-02-04,Corrective,997.7019304751774,33.63481516067685,"Brakes,HVAC",249595,TECH-174,False
MNT-102221,VH-4057,2023-11-27,Preventive,428.6325817761134,3.514260079233795,Oil Change,414530,TECH-124,False
MNT-102222,VH-8532,2023-06-02,Preventive,679.2108749562215,6.109525252862624,"Electrical,HVAC",438520,TECH-199,False
MNT-102223,VH-3588,2024-07-27,Preventive,442.7294502025185,1.0737003486414627,"HVAC,Transmission,Brakes",113144,TECH-189,False
MNT-102224,VH-9824,2024-04-23,Corrective,739.2796353199124,8.096418021597039,Oil Change,252530,TECH-153,False
MNT-102225,VH-8639,2024-11-06,Preventive,474.1073166881411,12.933906039938298,"HVAC,Transmission,Electrical",160155,TECH-106,False
MNT-102226,VH-2357,2023-12-11,Scheduled,559.3078381631589,1.4920383738848493,"Tires,Oil Change",14764,TECH-112,True
MNT-102227,VH-1093,2023-12-31,Scheduled,324.5997145539455,1.0,"Transmission,Suspension",112917,TECH-106,False
MNT-102228,VH-4976,2023-01-17,Preventive,619.7256998079363,20.780952303581522,Brakes,233398,TECH-117,True
MNT-102229,VH-7686,2024-12-14,Preventive,869.3196548366989,1.5699733621172351,"Tires,HVAC",129799,TECH-102,False
MNT-102230,VH-6473,2023-10-02,Preventive,193.73016478577796,1.0,"Transmission,Electrical,Engine",428679,TECH-146,False
MNT-102231,VH-8468,2024-01-02,Preventive,338.3815263945896,15.062124223217948,Suspension,337996,TECH-134,True
MNT-102232,VH-1420,2024-02-07,Corrective,1224.0333553265527,2.8962155873003455,Oil Change,210134,TECH-150,False
MNT-102233,VH-3092,2024-11-05,Corrective,1294.9394846629684,20.087122293653486,"Suspension,Tires",138436,TECH-170,False
MNT-102234,VH-1844,2023-05-28,Corrective,2097.992042602667,16.88659374348616,"Brakes,Suspension,Oil Change",253322,TECH-142,True
MNT-102235,VH-6963,2024-02-03,Corrective,1181.958650008193,13.871450898319335,Brakes,393202,TECH-170,False
MNT-102236,VH-1620,2023-08-12,Emergency,3154.7453527092134,8.975138742298036,"Transmission,Brakes",179317,TECH-171,False
MNT-102237,VH-1420,2023-03-08,Preventive,479.1178115174156,13.076415521817172,"Brakes,Oil Change,Transmission",378147,TECH-114,False
MNT-102238,VH-1215,2023-10-19,Emergency,2058.778589412067,60.045564728101226,"Brakes,HVAC,Electrical",385215,TECH-191,False
MNT-102239,VH-1461,2023-06-11,Corrective,557.3268360173103,2.0623862307759095,HVAC,275636,TECH-165,False
MNT-102240,VH-1092,2024-03-01,Corrective,760.345751289228,18.488839202100657,"Suspension,Tires",102487,TECH-179,True
MNT-102241,VH-1999,2023-10-03,Scheduled,571.9326407118186,1.0,"Electrical,Engine,Suspension",360792,TECH-154,False
MNT-102242,VH-1835,2024-03-12,Corrective,1283.1796288785465,20.990478553258278,Transmission,278914,TECH-171,True
MNT-102243,VH-1468,2024-04-28,Preventive,603.1028296242969,10.046804116680086,Suspension,194071,TECH-163,True
MNT-102244,VH-8959,2024-12-24,Emergency,3205.811955320613,36.00465871582941,"Electrical,HVAC",318127,TECH-127,True
MNT-102245,VH-6323,2024-07-28,Preventive,711.244294060521,2.784079963718568,"Suspension,Brakes",141280,TECH-139,False
MNT-102246,VH-2559,2024-12-04,Preventive,569.6027848016638,5.6641073706899,"Oil Change,Brakes",106267,TECH-190,False
MNT-102247,VH-3317,2024-11-10,Corrective,872.6815505960587,5.105713903723242,Brakes,334038,TECH-191,True
MNT-102248,VH-8316,2023-08-04,Corrective,1275.49366802604,12.041546915271068,"Tires,Oil Change,Electrical",100757,TECH-195,True
MNT-102249,VH-4001,2023-06-18,Emergency,2470.992514670703,16.290785215296484,"HVAC,Engine,Transmission",85929,TECH-120,False
MNT-102250,VH-3547,2024-08-16,Corrective,1251.0558650361904,37.033809651233206,"Brakes,HVAC,Suspension",48539,TECH-109,True
MNT-102251,VH-9723,2023-05-26,Scheduled,375.811986883891,1.0,Tires,319072,TECH-197,False
MNT-102252,VH-9887,2024-09-04,Preventive,443.37608454128247,1.0,Oil Change,415444,TECH-198,False
MNT-102253,VH-4057,2024-12-03,Corrective,632.5514650243218,12.813089275537102,"Engine,Suspension",186328,TECH-118,False
MNT-102254,VH-3450,2024-03-26,Emergency,2654.3254484575527,37.29323905902762,Engine,15231,TECH-171,True
MNT-102255,VH-3278,2024-10-23,Preventive,464.80483311382915,12.323352706198794,"Electrical,Suspension",255231,TECH-161,False
MNT-102256,VH-5547,2024-04-05,Preventive,458.5300291932331,2.5094358137581754,"Engine,Electrical,Oil Change",101845,TECH-142,False
MNT-102257,VH-2506,2024-03-27,Preventive,400.3740663802128,1.0428332681528534,Tires,290251,TECH-178,True
MNT-102258,VH-5684,2023-07-07,Scheduled,184.76141805214561,1.0,"HVAC,Electrical",93361,TECH-144,True
MNT-102259,VH-3671,2023-11-02,Preventive,603.030221709656,4.11247731437855,"Suspension,Oil Change",265040,TECH-154,False
MNT-102260,VH-8593,2023-09-29,Preventive,653.7266704787829,1.0,"Transmission,Brakes",339731,TECH-174,False
MNT-102261,VH-4042,2024-06-14,Preventive,371.3843932786276,1.0,Transmission,476171,TECH-111,False
MNT-102262,VH-2361,2023-02-12,Emergency,1837.6423894460956,61.05271598365681,Engine,13802,TECH-155,True
MNT-102263,VH-6636,2024-01-04,Scheduled,260.77334216747175,8.908371368713878,"Tires,Oil Change,Transmission",283586,TECH-180,True
MNT-102264,VH-1059,2024-08-12,Scheduled,335.60239811140235,1.0,"Electrical,Brakes,Transmission",408685,TECH-190,False
MNT-102265,VH-9821,2024-03-06,Emergency,1459.964363210322,39.43060677271632,"Tires,Brakes",22243,TECH-107,True
MNT-102266,VH-4862,2023-01-12,Preventive,290.5790481546396,5.779154071905177,"HVAC,Brakes",169803,TECH-132,False
MNT-102267,VH-1059,2024-12-07,Preventive,284.30244119993284,4.654810114234218,"Electrical,Brakes,Engine",162618,TECH-117,False
MNT-102268,VH-7359,2024-10-20,Preventive,626.4768969110478,1.9207794156674294,"HVAC,Brakes",133164,TECH-180,False
MNT-102269,VH-9393,2024-11-16,Preventive,255.2103691194715,1.8300957708163248,HVAC,103553,TECH-131,False
MNT-102270,VH-8866,2024-08-07,Corrective,1464.4917445991864,4.102064200592315,"Electrical,HVAC",110593,TECH-189,False
MNT-102271,VH-9737,2024-07-27,Emergency,3205.0700377422754,8.891981118360258,Tires,182021,TECH-160,True
MNT-102272,VH-7863,2024-08-22,Preventive,501.7382709199402,1.5650374006807766,"Engine,Suspension,HVAC",84751,TECH-113,False
MNT-102273,VH-9516,2024-04-25,Emergency,2632.2830843366246,8.153458273537748,"Suspension,HVAC,Tires",280102,TECH-157,False
MNT-102274,VH-7918,2024-10-15,Preventive,487.1327155647393,4.984945166578758,"Suspension,Electrical,Tires",357712,TECH-186,False
MNT-102275,VH-9274,2023-06-14,Scheduled,402.2152676361651,8.00271278804562,Engine,396945,TECH-124,False
MNT-102276,VH-5717,2023-05-31,Preventive,581.3039617026376,4.538040761265243,Tires,207792,TECH-111,False
MNT-102277,VH-5203,2024-07-16,Preventive,565.6407746218009,1.6759039759375118,Transmission,112696,TECH-192,False
MNT-102278,VH-6037,2024-07-13,Corrective,1715.8708065875917,29.061270819904237,"Brakes,Suspension",97864,TECH-170,False
MNT-102279,VH-7832,2023-12-25,Corrective,1506.4482220872528,21.82697517876447,"Suspension,Brakes",289976,TECH-104,False
MNT-102280,VH-8923,2024-02-23,Emergency,2501.910418287453,6.248139152660132,"Electrical,Engine",304065,TECH-188,False
MNT-102281,VH-4106,2024-05-28,Preventive,604.2403794855403,3.224000565853489,"Electrical,Engine,HVAC",196957,TECH-125,False
MNT-102282,VH-3618,2024-10-03,Preventive,247.22217480814115,1.3435577251824424,Brakes,49252,TECH-199,False
MNT-102283,VH-7741,2024-03-17,Corrective,1412.737000350481,19.05871167724439,"Suspension,Tires,Electrical",331287,TECH-113,True
MNT-102284,VH-2422,2023-12-04,Preventive,314.3917445465924,5.201739997624675,"Oil Change,Suspension",373749,TECH-126,False
MNT-102285,VH-8840,2024-04-22,Preventive,569.5009263014751,3.3289703921830744,"Transmission,HVAC,Oil Change",13020,TECH-154,False
MNT-102286,VH-7925,2024-10-30,Preventive,436.3128700618621,1.0,Suspension,368140,TECH-193,True
MNT-102287,VH-2587,2023-12-30,Preventive,512.4864222419075,13.620084835625569,"Engine,Oil Change,Electrical",239031,TECH-132,False
MNT-102288,VH-3092,2023-11-14,Preventive,632.6556255005413,1.2539473203928,"Tires,Engine,Electrical",299809,TECH-172,True
MNT-102289,VH-9948,2024-09-23,Corrective,1497.1360478651163,2.560396243607938,"Oil Change,Electrical",311412,TECH-188,False
MNT-102290,VH-3547,2024-11-16,Emergency,2604.2870572840557,5.364013841189706,Tires,449091,TECH-147,False
MNT-102291,VH-7741,2024-11-15,Scheduled,222.95551465390912,2.2570272217410157,"Transmission,HVAC,Engine",109490,TECH-151,False
MNT-102292,VH-6963,2024-10-22,Preventive,681.845476199336,15.550974008310147,"Oil Change,Tires,Suspension",170657,TECH-120,False
MNT-102293,VH-8579,2023-04-06,Preventive,466.127042247925,1.4763535233832505,Oil Change,256992,TECH-191,True
MNT-102294,VH-8425,2023-06-09,Scheduled,304.867127031601,4.737916076761612,"Transmission,Electrical,Tires",324534,TECH-170,False
MNT-102295,VH-6709,2023-10-06,Emergency,2508.877443528104,53.98303439350917,Oil Change,28331,TECH-107,False
MNT-102296,VH-3132,2024-07-19,Corrective,1069.1832868785884,2.974641879215981,"HVAC,Brakes",362029,TECH-128,False
MNT-102297,VH-8425,2023-03-01,Preventive,527.726112663545,6.213762192283743,"Engine,Brakes,Oil Change",204923,TECH-151,True
MNT-102298,VH-9105,2023-11-26,Preventive,478.0934862521197,4.010025028521226,"HVAC,Brakes,Transmission",241086,TECH-112,False
MNT-102299,VH-8376,2024-10-05,Preventive,512.1627265626227,1.0,"Brakes,Oil Change",45525,TECH-196,False
MNT-102300,VH-2084,2024-06-16,Corrective,706.8467884738297,11.767450013742797,"Electrical,Brakes,Oil Change",431824,TECH-162,False
MNT-102301,VH-5386,2024-04-17,Preventive,538.7414105562785,3.0506434668704148,"HVAC,Tires,Oil Change",261916,TECH-156,False
MNT-102302,VH-7832,2023-01-07,Corrective,1292.7463227609926,1.8726018563345228,Engine,62625,TECH-126,False
MNT-102303,VH-6071,2023-08-14,Corrective,1196.8524220582976,2.737664954684503,Transmission,320828,TECH-165,False
MNT-102304,VH-5717,2024-04-07,Preventive,544.5570816861568,1.0,"Brakes,Tires",404080,TECH-116,False
MNT-102305,VH-9682,2024-05-24,Scheduled,268.1427013795488,2.2967275341438755,HVAC,353096,TECH-134,False
MNT-102306,VH-1844,2023-05-20,Emergency,2436.066771260943,30.146059718667907,"Tires,Transmission,Electrical",485364,TECH-194,True
MNT-102307,VH-1215,2024-06-28,Preventive,799.811829661473,2.7447160365826475,Suspension,474035,TECH-151,True
MNT-102308,VH-7686,2023-11-23,Preventive,484.38414200071554,1.0,Electrical,307493,TECH-167,False
MNT-102309,VH-9682,2023-12-20,Preventive,413.5871762727811,9.612758129461424,"Suspension,Oil Change,Transmission",27847,TECH-194,False
MNT-102310,VH-6908,2024-10-23,Preventive,791.1437302503953,1.0,"Brakes,Oil Change,Electrical",13597,TECH-132,True
MNT-102311,VH-8316,2024-08-24,Corrective,1715.9248048864738,30.61271421706894,"Tires,Brakes,Oil Change",173396,TECH-168,True
MNT-102312,VH-6253,2024-11-03,Emergency,2879.0913149943026,36.26233963911108,"Oil Change,Tires",357626,TECH-136,False
MNT-102313,VH-5056,2023-06-02,Corrective,1353.963133979001,19.747569697953573,Engine,470344,TECH-153,False
MNT-102314,VH-3125,2023-07-12,Corrective,1434.915973086147,14.599771529075108,"Suspension,Electrical",398225,TECH-131,False
MNT-102315,VH-5478,2023-09-06,Corrective,1576.2889368760239,6.956622923985602,"Tires,Engine",281435,TECH-158,False
MNT-102316,VH-6346,2023-05-16,Preventive,416.88693669994103,28.55228073579445,"Electrical,Transmission",75904,TECH-155,False
MNT-102317,VH-3547,2024-01-18,Corrective,927.0391202650853,5.706762099032424,Brakes,48707,TECH-100,False
MNT-102318,VH-6908,2024-09-12,Scheduled,341.42833556863604,4.1255749812713995,"Brakes,Electrical",230858,TECH-103,False
MNT-102319,VH-9710,2023-09-18,Corrective,1225.1285418713271,6.1248125327248495,Oil Change,302255,TECH-140,False
MNT-102320,VH-1999,2023-12-19,Preventive,208.71576054109,12.281677262026728,"Transmission,HVAC",398242,TECH-163,False
MNT-102321,VH-1335,2023-03-13,Corrective,1144.043106546511,2.773609381801032,"Tires,Electrical",448171,TECH-191,False
MNT-102322,VH-2690,2023-12-26,Preventive,823.5860506959357,1.0,"Tires,Electrical",10640,TECH-111,False
MNT-102323,VH-2464,2023-03-18,Preventive,693.3768036954132,11.302896998232752,"HVAC,Oil Change",25165,TECH-174,True
MNT-102324,VH-6636,2024-05-20,Emergency,2602.3070544988404,37.167709598221975,"Transmission,Oil Change",300486,TECH-180,True
MNT-102325,VH-2381,2023-09-02,Preventive,190.31595767818771,10.658846962950022,"Electrical,Transmission",228263,TECH-138,False
MNT-102326,VH-3317,2023-06-23,Emergency,2044.0997472921676,100.84666940370369,Engine,296360,TECH-142,False
MNT-102327,VH-5028,2023-11-09,Corrective,1550.576749361528,15.587027182596366,Suspension,205854,TECH-101,False
MNT-102328,VH-2361,2023-11-26,Preventive,339.84052579964214,1.9257846641628786,"Engine,Tires,Transmission",450322,TECH-198,True
MNT-102329,VH-7686,2024-06-17,Corrective,941.6967770001299,1.9339690977525346,"Electrical,Engine",10390,TECH-161,False
MNT-102330,VH-8441,2024-01-07,Corrective,472.66991648220164,1.0,"Suspension,Transmission",195038,TECH-146,False
MNT-102331,VH-4984,2023-04-22,Preventive,356.174001114665,1.1978307645364177,"Brakes,Electrical,Tires",301611,TECH-101,False
MNT-102332,VH-4743,2024-02-22,Emergency,2483.785932014088,41.05621555219801,Transmission,146154,TECH-169,True
MNT-102333,VH-1620,2023-06-25,Preventive,433.3114892634543,1.249286346638249,Brakes,115558,TECH-113,False
MNT-102334,VH-5203,2024-09-23,Corrective,811.9489388232441,5.929533954676539,"HVAC,Engine,Electrical",159182,TECH-186,False
MNT-102335,VH-9710,2024-03-11,Preventive,433.1177939592798,1.0,Suspension,385284,TECH-113,True
MNT-102336,VH-7162,2023-05-16,Preventive,667.043533582001,9.855755837051559,"HVAC,Oil Change,Tires",466867,TECH-114,False
MNT-102337,VH-6071,2023-05-16,Scheduled,426.62646900325916,1.0,Engine,180136,TECH-190,True
MNT-102338,VH-4940,2024-04-21,Preventive,512.5677412855516,1.157799120159499,Engine,14478,TECH-191,False
MNT-102339,VH-9522,2023-11-27,Preventive,329.6624257489241,4.783806230549523,HVAC,393732,TECH-189,False
MNT-102340,VH-8316,2024-01-26,Preventive,367.45269235955936,2.63224426041289,HVAC,103691,TECH-175,False
MNT-102341,VH-1789,2023-04-21,Scheduled,251.96028204207067,1.1195448115650102,Oil Change,424025,TECH-173,False
MNT-102342,VH-6718,2024-01-24,Preventive,506.07933761955826,2.0890933152936433,"Transmission,Engine,Brakes",387658,TECH-184,False
MNT-102343,VH-1475,2024-06-01,Corrective,483.8599364252817,5.151853500520119,Suspension,124734,TECH-177,False
MNT-102344,VH-5717,2024-01-29,Preventive,397.33415928173565,22.146729706477966,Oil Change,89934,TECH-146,True
MNT-102345,VH-2216,2024-12-06,Preventive,387.26504900662144,1.5039183687646631,"Transmission,Brakes,Oil Change",44933,TECH-108,False
MNT-102346,VH-2910,2024-04-27,Preventive,489.9270843221309,2.2096476480057587,"Electrical,HVAC,Transmission",480047,TECH-136,False
MNT-102347,VH-5868,2023-05-08,Corrective,1197.2296849219306,6.671103303461338,Engine,80785,TECH-163,True
MNT-102348,VH-3233,2024-01-25,Corrective,1584.308510675706,2.3827849923846514,"Brakes,Engine,Electrical",458247,TECH-132,True
MNT-102349,VH-7863,2024-10-16,Corrective,1336.7083869286967,12.866073638381843,"Electrical,Transmission,Engine",426394,TECH-130,False
MNT-102350,VH-4976,2023-03-31,Emergency,2288.879626449879,30.963327532581843,HVAC,126557,TECH-187,False
MNT-102351,VH-9274,2024-06-19,Scheduled,234.33327874030377,1.4464477252773975,"Transmission,Oil Change,Engine",79423,TECH-189,True
MNT-102352,VH-7741,2024-10-29,Preventive,541.1258374183,9.31652480802306,"Tires,Electrical,Engine",356513,TECH-135,True
MNT-102353,VH-2216,2023-07-29,Corrective,1537.1285874684718,1.0,Tires,79075,TECH-156,False
MNT-102354,VH-4984,2024-03-19,Preventive,350.27474163395414,1.0,"Tires,Oil Change",77927,TECH-191,True
MNT-102355,VH-3125,2024-04-21,Corrective,1516.6168816241438,1.3272497246019053,Brakes,220648,TECH-180,False
MNT-102356,VH-1215,2024-12-27,Preventive,507.8662601743565,4.086145778713346,"Suspension,Brakes,Oil Change",26240,TECH-183,False
MNT-102357,VH-3473,2023-10-24,Preventive,549.4185031104304,1.2836336167386762,"Oil Change,Transmission,Electrical",71305,TECH-106,True
MNT-102358,VH-8579,2024-11-24,Preventive,576.832513916938,1.0,"HVAC,Tires",266323,TECH-101,True
MNT-102359,VH-4001,2023-07-03,Preventive,561.3985251428569,1.1043591022249797,"Suspension,Transmission,Brakes",34228,TECH-112,False
MNT-102360,VH-5844,2023-05-02,Preventive,495.8578381498471,1.0,"Oil Change,Electrical",495180,TECH-100,False
MNT-102361,VH-8000,2024-04-12,Preventive,460.15287917358853,3.267502758865376,"Engine,HVAC",492590,TECH-193,False
MNT-102362,VH-4106,2023-01-21,Preventive,523.2590104186639,4.560822712698932,"Engine,Suspension",354002,TECH-178,False
MNT-102363,VH-2422,2024-01-09,Preventive,560.6012736018058,2.362044358127678,"Electrical,HVAC,Oil Change",87030,TECH-131,False
MNT-102364,VH-8532,2023-03-22,Preventive,368.3076854766729,1.8049476926100716,Brakes,445278,TECH-199,False
MNT-102365,VH-1335,2023-06-04,Preventive,511.82401461479486,2.363227666882449,"Transmission,Engine",76624,TECH-169,False
MNT-102366,VH-7688,2024-12-19,Preventive,289.050465909227,1.2633951903058824,HVAC,181401,TECH-191,False
MNT-102367,VH-8866,2024-02-03,Preventive,348.4422930666575,1.0,"Electrical,Oil Change,Transmission",374531,TECH-102,True
MNT-102368,VH-6071,2024-04-26,Preventive,397.4050738267814,2.7640015509803244,"Electrical,Engine",73217,TECH-166,True
MNT-102369,VH-7136,2024-02-24,Preventive,354.8274777343745,5.071882541115387,"Engine,Transmission",293634,TECH-170,False
MNT-102370,VH-9646,2024-10-12,Preventive,553.8138657810815,5.773802550665923,"Electrical,Suspension",84301,TECH-124,False
MNT-102371,VH-1823,2024-08-11,Corrective,1014.4251733227649,6.304723533785738,Electrical,458239,TECH-188,False
MNT-102372,VH-6071,2024-11-08,Corrective,1082.3605101835437,1.4894563209715839,"Engine,HVAC,Suspension",82291,TECH-162,False
MNT-102373,VH-5912,2023-06-18,Corrective,634.1068307114272,18.219716792193697,"Engine,Transmission,Oil Change",353892,TECH-159,False
MNT-102374,VH-5203,2023-02-27,Corrective,1728.9537513881025,1.3429719807462617,Transmission,326362,TECH-186,True
MNT-102375,VH-9948,2024-06-11,Preventive,643.1826281345275,3.897624491797769,Oil Change,316628,TECH-123,False
MNT-102376,VH-8425,2023-11-02,Preventive,486.9966347470367,1.7933827655200565,"Brakes,Suspension,Engine",342803,TECH-116,False
MNT-102377,VH-5672,2023-01-01,Corrective,1033.896267854478,1.0,"Transmission,Brakes",37984,TECH-188,False
MNT-102378,VH-6443,2023-09-01,Corrective,1266.8998748535157,9.142967382634378,Engine,410009,TECH-117,True
MNT-102379,VH-6253,2023-03-16,Preventive,555.5913225220272,9.644156675388178,Oil Change,330098,TECH-157,False
MNT-102380,VH-8923,2023-06-12,Corrective,1383.718490113026,25.907832624435677,"Oil Change,Brakes,Tires",223652,TECH-188,False
MNT-102381,VH-2625,2024-05-15,Preventive,558.7798224073716,2.0943116508227257,"Engine,Suspension",342960,TECH-144,False
MNT-102382,VH-4890,2023-11-20,Preventive,744.7476420149413,2.2032500712784007,"Engine,Tires",176845,TECH-192,True
MNT-102383,VH-1169,2023-10-07,Corrective,140.24155906012584,8.977921050063646,Suspension,241940,TECH-156,False
MNT-102384,VH-3776,2023-10-06,Corrective,684.7150272728704,16.0140513441036,"Suspension,Electrical,HVAC",485009,TECH-114,False
MNT-102385,VH-6718,2024-12-04,Corrective,1465.5803389108382,9.97154117930689,"Brakes,Transmission",23730,TECH-182,False
MNT-102386,VH-9821,2024-10-07,Preventive,454.9730307387818,1.0,"Suspension,Engine,Electrical",259570,TECH-115,True
MNT-102387,VH-4247,2024-08-13,Scheduled,334.9232296215946,1.0,"Transmission,HVAC,Suspension",340463,TECH-176,True
MNT-102388,VH-5912,2024-12-26,Preventive,427.87518886933964,2.1243533978930103,"Suspension,Engine,Electrical",440335,TECH-115,False
MNT-102389,VH-9516,2024-06-04,Corrective,1439.9820554360858,1.175563623873199,"Brakes,Oil Change,Electrical",81814,TECH-192,False
MNT-102390,VH-4862,2023-01-12,Corrective,1296.111371663998,4.786042806435507,"Transmission,Oil Change",426218,TECH-123,False
MNT-102391,VH-5912,2023-09-07,Preventive,416.3658057090369,4.414443330336173,"Oil Change,Electrical",343364,TECH-180,True
MNT-102392,VH-8923,2023-05-12,Emergency,2565.0768413437986,4.012767507435134,"Transmission,Oil Change",297863,TECH-196,False
MNT-102393,VH-6463,2024-01-03,Corrective,1592.3418818840892,4.80267719444892,"Tires,HVAC,Engine",479115,TECH-101,False
MNT-102394,VH-9393,2023-05-16,Preventive,668.9714393839118,2.094415536254419,Suspension,100423,TECH-101,True
MNT-102395,VH-5844,2023-01-08,Corrective,1435.0358848454305,9.081324273508448,"Electrical,Transmission",223059,TECH-149,False
MNT-102396,VH-5912,2023-10-13,Corrective,1578.4523172499253,4.768695786619695,"Oil Change,Suspension,Electrical",240029,TECH-127,False
MNT-102397,VH-8959,2024-03-26,Preventive,626.9018430068095,4.747810376164558,"Tires,Engine,Suspension",280505,TECH-180,False
MNT-102398,VH-8563,2024-07-01,Corrective,1808.653005130705,9.49411348346436,"HVAC,Oil Change",391337,TECH-170,False
MNT-102399,VH-2625,2024-03-28,Corrective,50.0,7.534952916440266,"Transmission,Oil Change,HVAC",39728,TECH-126,False
MNT-102400,VH-9772,2023-07-09,Corrective,1990.4714230381073,1.1343478130007747,"Oil Change,Suspension,HVAC",391366,TECH-132,False
MNT-102401,VH-1169,2024-07-07,Scheduled,445.88992885774337,4.955265788329242,HVAC,89047,TECH-114,False
MNT-102402,VH-7922,2023-04-08,Preventive,339.1094891100505,4.263349990587536,Electrical,101795,TECH-190,False
MNT-102403,VH-1335,2024-04-10,Corrective,548.1332360535683,5.764222789437243,"Electrical,Oil Change",397987,TECH-182,True
MNT-102404,VH-4753,2024-01-30,Corrective,1214.754194789745,2.2129605511457475,"Tires,Electrical",77246,TECH-191,False
MNT-102405,VH-2410,2023-01-12,Corrective,1029.9011984548692,6.58912931491416,Brakes,379479,TECH-132,False
MNT-102406,VH-7925,2024-04-19,Preventive,482.18158778784266,4.4031291445890774,"Tires,HVAC,Suspension",228025,TECH-111,True
MNT-102407,VH-5056,2023-06-02,Emergency,2577.843408617884,48.17862775266556,HVAC,303720,TECH-116,False
MNT-102408,VH-8376,2023-09-20,Corrective,1983.9041186838936,11.29534102198177,Tires,229695,TECH-156,False
MNT-102409,VH-6463,2023-02-23,Preventive,646.9840199179687,1.9272964073238033,HVAC,309653,TECH-184,False
MNT-102410,VH-2391,2023-07-05,Preventive,766.4473875650045,1.1206177171080518,Transmission,322928,TECH-152,True
MNT-102411,VH-6463,2023-03-05,Corrective,1555.5346545398295,8.714468025082269,"Tires,Suspension,Electrical",20349,TECH-164,False
MNT-102412,VH-6908,2023-04-15,Preventive,618.8425383350241,11.03500451963647,Transmission,98011,TECH-146,False
MNT-102413,VH-7657,2023-08-15,Preventive,310.00726263201386,3.9007767610398436,Suspension,296826,TECH-132,False
MNT-102414,VH-2536,2023-04-02,Preventive,345.3793339281705,1.0,"Tires,Oil Change,Electrical",117771,TECH-152,True
MNT-102415,VH-2489,2024-01-24,Preventive,414.79901282244805,2.2798463158170374,"HVAC,Brakes,Suspension",51918,TECH-134,False
MNT-102416,VH-6985,2023-09-22,Corrective,549.9956979027435,27.339858631949014,"Tires,Oil Change,Suspension",231356,TECH-146,True
MNT-102417,VH-1366,2023-03-29,Corrective,1357.6736466811612,7.836625856148288,"Oil Change,Tires",455314,TECH-187,False
MNT-102418,VH-5226,2023-05-31,Corrective,1120.1047236694571,21.54235669788091,"HVAC,Tires",498205,TECH-129,True
MNT-102419,VH-2290,2024-04-01,Preventive,444.5435930660442,1.0,Suspension,38243,TECH-158,False
MNT-102420,VH-8000,2024-09-21,Emergency,1980.4955923419343,50.5613384206155,"Brakes,Oil Change",452662,TECH-143,False
MNT-102421,VH-8425,2024-02-15,Emergency,2415.0739651567815,1.0,"Electrical,Tires,Engine",402990,TECH-123,False
MNT-102422,VH-9682,2023-10-08,Corrective,1063.1248100192233,6.235756960086054,"Suspension,Tires",418736,TECH-170,False
MNT-102423,VH-9646,2024-10-05,Preventive,299.03810002897796,18.097843726918533,"Tires,Transmission,Brakes",308049,TECH-133,False
MNT-102424,VH-1215,2023-12-20,Preventive,496.64386637726227,7.020173763033099,"Suspension,Oil Change,Engine",466153,TECH-103,True
MNT-102425,VH-2381,2023-09-24,Corrective,1480.3783949889391,4.703073871454643,Brakes,22688,TECH-157,True
MNT-102426,VH-8866,2023-03-18,Preventive,661.8594362427348,3.161852482785313,"Oil Change,Engine",148139,TECH-109,False
MNT-102427,VH-6718,2023-08-20,Preventive,333.5788822061626,1.6702384893589826,"Suspension,Brakes,Electrical",443446,TECH-127,False
MNT-102428,VH-9887,2023-12-12,Corrective,1213.9706408392522,6.515890328789709,"Tires,HVAC",36022,TECH-144,False
MNT-102429,VH-3967,2024-04-22,Scheduled,296.8570640052839,5.828151923686797,"Engine,Brakes",282254,TECH-115,False
MNT-102430,VH-7688,2023-05-09,Preventive,535.1358070672555,2.6405905206815588,"Tires,Suspension",357620,TECH-130,False
MNT-102431,VH-2381,2024-10-24,Preventive,508.5912396093568,7.506287933520545,"Brakes,Suspension",84584,TECH-173,True
MNT-102432,VH-3490,2023-12-14,Scheduled,283.8090275984594,1.5701851196118304,"Transmission,Tires,HVAC",315020,TECH-136,True
MNT-102433,VH-8959,2024-08-02,Emergency,819.0493483168004,29.443561751589524,"Engine,HVAC",262524,TECH-184,False
MNT-102434,VH-3919,2024-05-18,Preventive,330.02619962497585,6.115972453346884,"Electrical,Transmission,HVAC",259132,TECH-163,False
MNT-102435,VH-7166,2024-06-13,Corrective,1166.8123306932898,6.750376277476024,"Transmission,Suspension,Tires",42309,TECH-133,False
MNT-102436,VH-4247,2023-10-04,Preventive,316.2519091579501,1.0,Brakes,307773,TECH-155,False
MNT-102437,VH-3214,2024-10-20,Preventive,595.6917610505933,1.0,"Oil Change,Brakes,Engine",254442,TECH-103,False
MNT-102438,VH-1835,2023-03-07,Corrective,1914.2501278491354,6.234965278159466,"Suspension,Engine,Oil Change",468287,TECH-116,False
MNT-102439,VH-3927,2024-09-18,Preventive,452.87481200013974,1.165821234351777,"HVAC,Engine",418054,TECH-105,True
MNT-102440,VH-6463,2024-03-28,Preventive,625.7505736866145,11.265315589118886,"Tires,Oil Change,Suspension",269178,TECH-140,False
MNT-102441,VH-4057,2024-06-05,Scheduled,216.8783136446505,1.0,"Engine,Oil Change,Transmission",183318,TECH-100,True
MNT-102442,VH-5868,2024-01-29,Corrective,2112.7449340470666,5.387607151453553,"Transmission,Brakes,Oil Change",234693,TECH-162,False
MNT-102443,VH-7863,2023-02-20,Corrective,967.633781757929,12.054454929179723,"Brakes,Electrical,Oil Change",203424,TECH-162,False
MNT-102444,VH-8316,2023-01-06,Corrective,1188.0365083904414,22.59532046672216,"Transmission,Brakes,Tires",226299,TECH-136,True
MNT-102445,VH-7929,2023-02-12,Preventive,499.47241239067387,1.5349592187907866,"Suspension,Brakes",270268,TECH-164,False
MNT-102446,VH-6963,2023-08-09,Corrective,1494.592184300231,1.0,"Oil Change,Electrical",341796,TECH-195,False
MNT-102447,VH-1420,2024-06-05,Corrective,1887.7859784653397,11.061626928091691,"Tires,Transmission,Oil Change",445919,TECH-153,False
MNT-102448,VH-1169,2023-11-15,Preventive,329.90706212122785,1.0,"HVAC,Oil Change",174267,TECH-130,False
MNT-102449,VH-8097,2024-12-30,Preventive,459.0602395666645,6.945129929818743,"HVAC,Electrical",264870,TECH-158,True
MNT-102450,VH-8103,2023-07-14,Corrective,1006.7262650859303,14.602628725604411,"Suspension,HVAC,Transmission",391277,TECH-115,True
MNT-102451,VH-2422,2023-05-10,Preventive,496.1866982643759,1.351312263970698,"Oil Change,HVAC",274753,TECH-157,False
MNT-102452,VH-1391,2024-07-01,Preventive,617.1773344012339,3.4412318746630826,Engine,114952,TECH-125,True
MNT-102453,VH-4247,2024-06-17,Corrective,1552.7334442988674,12.588864884043538,"Brakes,Tires",310235,TECH-128,False
MNT-102454,VH-5991,2024-06-27,Preventive,578.7521267842038,1.0,"Tires,Suspension",256963,TECH-153,False
MNT-102455,VH-1835,2024-05-01,Preventive,570.1728982247614,7.182922187890771,Oil Change,401974,TECH-127,False
MNT-102456,VH-1335,2024-02-15,Corrective,1532.177966519559,33.31518380271308,"Tires,Electrical",490424,TECH-139,False
MNT-102457,VH-7918,2023-07-14,Preventive,514.3305420907488,1.484300549147088,"Suspension,Oil Change,Brakes",309830,TECH-182,True
MNT-102458,VH-5912,2024-09-05,Preventive,584.101468002423,1.865951341086869,"HVAC,Electrical",267820,TECH-177,True
MNT-102459,VH-8653,2023-06-14,Preventive,467.0455116637355,6.766275626168385,Tires,375914,TECH-103,False
MNT-102460,VH-5912,2023-06-13,Corrective,613.0442539667919,7.885759395087234,"Engine,Tires",223954,TECH-185,False
MNT-102461,VH-8532,2023-07-08,Emergency,3094.0408689831065,62.04026790242985,Tires,258552,TECH-147,False
MNT-102462,VH-2410,2024-12-14,Preventive,605.6607357141083,1.9927376707775386,"Transmission,HVAC,Engine",214969,TECH-194,True
MNT-102463,VH-5991,2024-03-27,Emergency,1264.0320551707923,30.22123009620821,Transmission,122554,TECH-139,False
MNT-102464,VH-1072,2023-04-15,Preventive,479.4222538165546,1.0840534646465907,"Brakes,Suspension,HVAC",92511,TECH-121,False
MNT-102465,VH-2536,2024-02-04,Corrective,502.21966805718864,1.0,"Suspension,Oil Change,HVAC",200528,TECH-188,False
MNT-102466,VH-9948,2024-07-19,Preventive,417.8709093897013,6.692013673933047,"HVAC,Brakes,Tires",316710,TECH-153,False
MNT-102467,VH-5714,2024-09-05,Corrective,593.4440370326417,2.0083410231365337,"HVAC,Electrical",265814,TECH-154,False
MNT-102468,VH-3618,2023-06-19,Scheduled,253.2041224567359,1.6296948485495737,"Tires,Engine,Brakes",392625,TECH-143,True
MNT-102469,VH-6985,2024-01-28,Corrective,901.8957892307483,3.638304408920166,"Transmission,Tires,Brakes",271706,TECH-103,True
MNT-102470,VH-8425,2024-11-02,Emergency,2626.5539504833887,78.85437483302408,"Transmission,Suspension,Engine",167806,TECH-131,False
MNT-102471,VH-6775,2023-07-16,Scheduled,427.3667421958776,2.776552438180279,Transmission,254544,TECH-149,False
MNT-102472,VH-8468,2024-07-28,Preventive,451.100063399249,3.739290434513959,HVAC,43948,TECH-196,False
MNT-102473,VH-1059,2023-08-10,Scheduled,429.92307138479185,1.0,"Engine,Electrical,Suspension",441037,TECH-188,False
MNT-102474,VH-5226,2024-12-11,Preventive,487.92879582284974,1.9214877835266493,Electrical,372978,TECH-180,False
MNT-102475,VH-5056,2023-11-13,Emergency,3206.4905241257793,6.035900412623212,"Oil Change,Tires",148964,TECH-112,False
MNT-102476,VH-9821,2023-11-06,Scheduled,328.7871241509822,6.678083826518672,HVAC,184890,TECH-186,False
MNT-102477,VH-7359,2024-08-13,Preventive,584.9775049963201,1.0,Brakes,458946,TECH-188,True
MNT-102478,VH-5056,2023-02-28,Corrective,2186.1563879495206,34.84106669826607,"Engine,Suspension,Brakes",257535,TECH-135,True
MNT-102479,VH-1420,2023-06-27,Preventive,528.5267372355021,8.89506095643534,HVAC,181900,TECH-117,False
MNT-102480,VH-7359,2024-11-20,Preventive,361.26662428544785,1.0,"Engine,Oil Change,Tires",58581,TECH-171,False
MNT-102481,VH-2559,2023-08-18,Preventive,588.6275780443063,4.075676651903505,"Suspension,Brakes,Transmission",328341,TECH-188,True
MNT-102482,VH-8593,2023-04-10,Emergency,2409.9968899397986,2.8420835479455233,"Oil Change,Suspension,Brakes",398213,TECH-116,False
MNT-102483,VH-8918,2024-04-07,Emergency,2978.8400207248696,13.83731969772258,"Engine,Electrical",203420,TECH-160,True
MNT-102484,VH-7171,2023-06-10,Preventive,551.3633830152393,2.2069324809419384,"Engine,Electrical,Brakes",333403,TECH-190,True
MNT-102485,VH-6596,2023-06-15,Scheduled,456.6162159822047,1.8397744883358487,Brakes,252529,TECH-115,False
MNT-102486,VH-2393,2024-12-10,Preventive,707.3783002200593,1.0,"Transmission,Brakes",204282,TECH-127,False
MNT-102487,VH-2410,2024-11-15,Preventive,701.8780320305593,15.38006656511262,"Engine,HVAC,Oil Change",415967,TECH-185,True
MNT-102488,VH-9035,2024-05-10,Corrective,1138.3216121107273,1.0,"Transmission,Electrical,Engine",438923,TECH-131,False
MNT-102489,VH-8296,2024-04-22,Corrective,1229.7586584220103,41.434431957100045,"Electrical,Oil Change,HVAC",496965,TECH-183,True
MNT-102490,VH-5282,2023-10-08,Preventive,499.47097013912736,5.850821067682881,"Brakes,Transmission",79691,TECH-185,False
MNT-102491,VH-1366,2023-04-13,Preventive,493.5132431390109,5.614114968351418,"Transmission,Brakes,Tires",295295,TECH-101,True
MNT-102492,VH-1059,2024-06-27,Preventive,243.40623374768825,3.9773804534235992,"Engine,Electrical",468828,TECH-112,False
MNT-102493,VH-5478,2024-10-21,Corrective,1441.4258388513588,11.404450606614017,"Oil Change,Brakes,Transmission",28442,TECH-106,False
MNT-102494,VH-6019,2023-05-02,Preventive,418.1938917176285,1.0,"Tires,Transmission,Electrical",247722,TECH-140,False
MNT-102495,VH-2587,2024-03-01,Corrective,1291.948643598308,1.9897556219776504,"HVAC,Oil Change,Engine",136767,TECH-145,False
MNT-102496,VH-2464,2024-09-13,Emergency,2645.514335586495,4.320200756945341,"Electrical,Tires,Transmission",395424,TECH-145,False
MNT-102497,VH-8593,2024-09-16,Preventive,246.72059257344316,5.095300445791995,Suspension,86998,TECH-161,True
MNT-102498,VH-8000,2023-01-09,Emergency,2099.515970866227,15.872571979538446,"HVAC,Oil Change,Brakes",374636,TECH-159,False
MNT-102499,VH-6037,2024-10-02,Corrective,1234.5381712075423,4.536533226912235,"Transmission,Tires",19426,TECH-148,False
MNT-102500,VH-5478,2024-02-08,Preventive,573.5283525133419,10.789538470525494,"Brakes,HVAC,Oil Change",320428,TECH-156,False
MNT-102501,VH-5844,2023-06-19,Preventive,633.5127053603119,1.5860406442495154,HVAC,42292,TECH-184,True
MNT-102502,VH-5912,2024-06-29,Scheduled,398.7698529854276,1.4072701134578982,Oil Change,428057,TECH-147,True
MNT-102503,VH-3233,2023-09-27,Preventive,559.9617445173258,5.949420399297859,Electrical,353333,TECH-162,False
MNT-102504,VH-6473,2024-12-25,Emergency,3546.0213642180865,69.73529701559636,"Transmission,Tires,Brakes",334407,TECH-158,True
MNT-102505,VH-5684,2024-08-20,Preventive,900.6369904227856,2.2972511757364873,"Brakes,Tires,Suspension",480627,TECH-104,False
MNT-102506,VH-6071,2023-08-04,Preventive,483.2769445349296,1.4291248066316904,"Suspension,Electrical,Oil Change",141637,TECH-161,False
MNT-102507,VH-5478,2024-01-27,Preventive,401.9650883495408,1.7989629084033103,"Transmission,Suspension,Electrical",475798,TECH-154,True
MNT-102508,VH-8639,2023-04-30,Preventive,745.2055196877012,1.0,"Electrical,Oil Change",337018,TECH-132,False
MNT-102509,VH-9948,2023-01-09,Preventive,403.17112920797024,5.0027194131949955,"Brakes,Oil Change,Tires",434551,TECH-128,False
MNT-102510,VH-2290,2024-12-18,Corrective,642.8780876194811,9.296614103999417,Brakes,464591,TECH-175,False
MNT-102511,VH-8097,2023-09-22,Corrective,1051.4766948639844,12.99929217267271,"Oil Change,Electrical,HVAC",233450,TECH-189,True
MNT-102512,VH-2489,2023-10-17,Preventive,415.05194073227665,1.0,"Engine,Tires,Electrical",461586,TECH-107,False
MNT-102513,VH-9516,2024-04-24,Corrective,1754.040774316582,3.861024568734629,"Tires,HVAC",143204,TECH-138,False
MNT-102514,VH-5028,2023-06-30,Scheduled,253.20309461218812,6.8927388520847215,Transmission,173425,TECH-100,True
MNT-102515,VH-8296,2024-08-07,Corrective,979.3134039587662,1.0306040813646027,"Engine,Brakes",364495,TECH-146,True
MNT-102516,VH-3618,2024-04-10,Corrective,1122.608981212275,3.8795121767649627,HVAC,324154,TECH-132,False
MNT-102517,VH-2372,2024-09-29,Emergency,1695.4664988147347,25.174528121166098,"Electrical,Engine",375374,TECH-199,True
MNT-102518,VH-9887,2024-10-11,Corrective,1116.0364916276524,14.722456013672922,"Suspension,Transmission",49872,TECH-143,True
MNT-102519,VH-4106,2023-10-01,Preventive,510.22134635122774,1.7228718540553327,"Electrical,Oil Change",117783,TECH-100,False
MNT-102520,VH-5478,2023-01-18,Corrective,1216.6001823727875,8.298281505347237,Electrical,353876,TECH-122,False
MNT-102521,VH-6718,2024-12-08,Preventive,441.93473085639874,7.93974054592445,"Transmission,Suspension,Engine",481635,TECH-141,False
MNT-102522,VH-5714,2024-02-05,Preventive,784.9707834298671,12.34095671799223,"Engine,Brakes,Tires",21034,TECH-187,True
MNT-102523,VH-4042,2024-08-01,Preventive,506.6169509344659,9.03169418585991,"Brakes,HVAC,Engine",117370,TECH-192,False
MNT-102524,VH-7863,2024-03-27,Scheduled,371.8345066335054,3.4438266129432393,"Engine,Transmission",128064,TECH-198,False
MNT-102525,VH-2216,2024-09-04,Preventive,439.59169871987865,8.091641071912985,"Transmission,Oil Change",418248,TECH-144,True
MNT-102526,VH-7918,2024-09-21,Corrective,1074.2827190989253,11.701680980750288,Suspension,411255,TECH-157,True
MNT-102527,VH-1008,2023-11-14,Preventive,259.9787301591891,3.0200543872966863,"HVAC,Electrical,Transmission",369650,TECH-101,False
MNT-102528,VH-3450,2023-05-10,Preventive,334.28062469736017,1.0,"Tires,Transmission",76577,TECH-193,False
MNT-102529,VH-8918,2024-11-12,Preventive,431.31049666440975,1.5266450405526608,"Tires,HVAC",45266,TECH-109,False
MNT-102530,VH-1008,2023-03-05,Preventive,429.7881250217606,3.306800628354535,"Electrical,Oil Change",442606,TECH-169,False
MNT-102531,VH-5717,2024-05-12,Preventive,599.9611810200742,2.5923692144645796,"Oil Change,HVAC",286913,TECH-165,False
MNT-102532,VH-6323,2023-10-08,Preventive,568.7008512969867,1.5191804983143817,Suspension,463355,TECH-189,False
MNT-102533,VH-3540,2024-07-12,Corrective,1174.221875821769,8.12759603841656,"Brakes,Electrical,Oil Change",494737,TECH-123,False
MNT-102534,VH-3919,2024-09-20,Preventive,500.12886971836963,1.901061574878453,"Engine,Electrical",332729,TECH-184,True
MNT-102535,VH-5262,2023-05-20,Corrective,1254.399497191063,11.760385608318773,"Suspension,Tires,Brakes",384878,TECH-175,False
MNT-102536,VH-8103,2024-08-14,Preventive,231.31658458112685,1.1094366336528636,Transmission,484856,TECH-104,True
MNT-102537,VH-8376,2024-09-20,Emergency,1323.2019427634066,3.3552019305828744,"Brakes,HVAC",363765,TECH-136,True
MNT-102538,VH-5056,2023-10-17,Preventive,724.5204965639537,5.564935816486376,"Suspension,Tires,Oil Change",454612,TECH-188,True
MNT-102539,VH-8532,2024-01-01,Emergency,1845.6243863829004,5.215084014795355,"Tires,Oil Change,Engine",73062,TECH-198,False
MNT-102540,VH-2357,2023-07-04,Corrective,1033.0572993236594,6.612943700699901,"Electrical,Oil Change",262606,TECH-179,False
MNT-102541,VH-1468,2023-10-23,Preventive,282.54852732503105,1.0,"Oil Change,HVAC",108965,TECH-139,False
MNT-102542,VH-7171,2023-08-04,Corrective,925.5751754585574,11.174729434441485,Brakes,346408,TECH-168,False
MNT-102543,VH-5672,2024-04-10,Preventive,469.8142338998974,1.105959757943644,"Electrical,Engine,Tires",321996,TECH-118,False
MNT-102544,VH-4503,2023-12-26,Preventive,663.5117612106899,1.0008598507626059,"HVAC,Electrical,Engine",480709,TECH-101,False
MNT-102545,VH-3588,2023-05-02,Preventive,601.4558856978149,1.6798317832867664,Tires,376934,TECH-138,True
MNT-102546,VH-6473,2024-06-09,Emergency,1471.8464559470854,15.534820377913396,"HVAC,Transmission",129474,TECH-113,True
MNT-102547,VH-4001,2024-09-02,Scheduled,336.9174820562376,1.0,"Engine,Transmission,Brakes",204425,TECH-135,False
MNT-102548,VH-7807,2023-03-19,Preventive,292.12720308297736,5.608686874767694,"Suspension,Brakes",307074,TECH-173,False
MNT-102549,VH-3547,2024-10-31,Preventive,333.12419641195635,4.498928047725596,"Tires,Brakes,Transmission",407487,TECH-118,False
MNT-102550,VH-1072,2024-08-06,Corrective,444.39592154163176,48.6013363359161,"Suspension,Engine,Brakes",220507,TECH-170,False
MNT-102551,VH-8579,2024-06-04,Corrective,883.0912351086047,18.673675684264495,Brakes,145672,TECH-129,True
MNT-102552,VH-5684,2024-08-17,Preventive,469.0108768685201,1.402176560363676,"Tires,Suspension,Engine",286684,TECH-199,False
MNT-102553,VH-6605,2024-07-03,Corrective,1173.7976133428306,28.215308277592577,"Oil Change,Brakes",450527,TECH-129,False
MNT-102554,VH-9682,2024-03-27,Preventive,714.4005900452902,1.0,"Brakes,Transmission,Electrical",213455,TECH-152,False
MNT-102555,VH-8376,2024-11-12,Preventive,509.0941734519712,1.2544419030897815,"Oil Change,Transmission",24397,TECH-105,False
MNT-102556,VH-8296,2024-03-20,Corrective,1262.0305668378999,21.667083072859487,Oil Change,391362,TECH-111,True
MNT-102557,VH-3125,2023-12-05,Corrective,976.0321930725356,1.079213888852839,"HVAC,Brakes,Electrical",97879,TECH-197,False
MNT-102558,VH-2147,2023-10-05,Preventive,456.70064825724165,1.34892267363508,"Transmission,Engine,Oil Change",140911,TECH-166,False
MNT-102559,VH-5670,2024-10-15,Emergency,1988.9888233746415,15.637381690902602,HVAC,303170,TECH-174,False
MNT-102560,VH-4862,2024-04-16,Preventive,415.7662910493271,1.0,Brakes,174689,TECH-195,False
MNT-102561,VH-8664,2023-08-31,Corrective,744.3550558857147,6.359621625700303,"Brakes,Transmission,Suspension",455083,TECH-106,False
MNT-102562,VH-6596,2023-04-08,Emergency,1881.286202728741,19.753687987636944,"Transmission,Suspension",365292,TECH-108,False
MNT-102563,VH-8959,2023-12-05,Emergency,2152.654828141732,7.47700452351722,Engine,239716,TECH-127,False
MNT-102564,VH-4984,2023-01-14,Emergency,2285.5190062198917,1.0,Engine,111155,TECH-135,True
MNT-102565,VH-4940,2024-12-01,Emergency,2037.2789129961006,22.15792117098602,"Brakes,Suspension",107373,TECH-100,True
MNT-102566,VH-3618,2024-05-30,Preventive,416.42203225083796,1.0,"Engine,Transmission,Electrical",352508,TECH-167,False
MNT-102567,VH-8176,2024-11-26,Preventive,484.71404970749745,1.05588295174897,"Suspension,Oil Change,Engine",105507,TECH-139,False
MNT-102568,VH-1620,2024-09-03,Preventive,476.7090825550426,1.0,"HVAC,Transmission",451029,TECH-152,True
MNT-102569,VH-8468,2024-04-27,Preventive,600.2389157448991,1.0,Transmission,312193,TECH-160,False
MNT-102570,VH-9522,2023-12-05,Preventive,649.2835007305135,1.8267614753745496,"Brakes,Suspension,Oil Change",205990,TECH-142,False
MNT-102571,VH-6985,2023-03-06,Corrective,1259.3919292361065,4.243443543273504,Brakes,287232,TECH-173,False
MNT-102572,VH-5868,2024-02-13,Corrective,1163.4648931217957,1.5619769096367246,Engine,317104,TECH-164,True
MNT-102573,VH-5056,2023-12-09,Corrective,613.288518769075,12.589813199320659,"Tires,Engine",429537,TECH-150,False
MNT-102574,VH-8103,2023-11-29,Emergency,1199.731016751328,48.803103378260566,"Oil Change,Electrical,Tires",380819,TECH-112,True
MNT-102575,VH-6037,2023-01-02,Corrective,977.7368439542695,3.9377955738597894,"HVAC,Transmission,Brakes",130504,TECH-118,False
MNT-102576,VH-3278,2023-01-28,Corrective,1206.2351351054444,40.049755131736944,"Transmission,Tires,HVAC",373017,TECH-183,True
MNT-102577,VH-7657,2024-10-03,Corrective,1129.7511146768584,15.981683376783288,Brakes,40458,TECH-120,True
MNT-102578,VH-2464,2024-04-01,Scheduled,295.25188723229803,1.028388617428499,HVAC,202554,TECH-132,False
MNT-102579,VH-1620,2023-06-17,Preventive,364.12655267723403,1.0285940425423887,"Transmission,Electrical",274528,TECH-150,False
MNT-102580,VH-9862,2024-12-13,Corrective,2252.696600989495,1.186271659873519,"Suspension,HVAC,Electrical",231157,TECH-182,False
MNT-102581,VH-1789,2023-07-31,Preventive,522.3013581235498,1.0,"Transmission,HVAC,Suspension",11800,TECH-183,True
MNT-102582,VH-6636,2024-09-05,Preventive,315.2966685364702,5.998573998391481,"Suspension,Engine",240240,TECH-126,False
MNT-102583,VH-1093,2024-03-11,Preventive,393.90783672141356,1.1690441036727388,"Oil Change,Engine",92285,TECH-196,False
MNT-102584,VH-1835,2023-04-04,Corrective,1378.3534010883373,14.190373562529992,"Brakes,Transmission",134123,TECH-114,True
MNT-102585,VH-9887,2023-04-06,Preventive,473.20876173883056,1.0,"HVAC,Brakes,Tires",290266,TECH-136,False
MNT-102586,VH-8923,2024-12-25,Scheduled,304.42587994011944,2.39045076238171,"Transmission,Brakes",474336,TECH-144,False
MNT-102587,VH-2549,2024-03-31,Preventive,501.40280408378624,1.0,HVAC,422004,TECH-116,True
MNT-102588,VH-5684,2024-01-06,Preventive,411.0574290477306,1.0,"Suspension,Electrical",206948,TECH-137,False
MNT-102589,VH-7918,2024-02-08,Corrective,1068.623422280645,7.408208567788575,Oil Change,285502,TECH-179,True
MNT-102590,VH-1844,2023-03-30,Scheduled,501.6042710570503,1.0,Electrical,347093,TECH-183,False
MNT-102591,VH-4001,2024-12-17,Preventive,502.14341228886445,1.0,"Transmission,HVAC",245739,TECH-184,False
MNT-102592,VH-4057,2023-07-12,Preventive,729.6211443360071,1.2633422795585603,"Suspension,Engine",119464,TECH-127,False
MNT-102593,VH-3671,2023-02-15,Corrective,1659.6851794348786,1.0,"Oil Change,Brakes",233107,TECH-167,False
MNT-102594,VH-6346,2024-10-11,Scheduled,365.71161508644036,1.0,"Electrical,Oil Change,Tires",298752,TECH-176,True
MNT-102595,VH-8918,2023-04-09,Corrective,1376.4076735043661,4.166960518572256,"HVAC,Suspension",179759,TECH-115,True
MNT-102596,VH-6106,2024-05-12,Preventive,361.70180710855453,1.0,"Transmission,HVAC",441524,TECH-115,True
MNT-102597,VH-4503,2023-05-30,Corrective,839.081062972498,2.7949480755527456,"HVAC,Engine",171338,TECH-181,False
MNT-102598,VH-2549,2024-09-18,Preventive,637.6801688604456,1.5668234410764137,Transmission,86948,TECH-192,True
MNT-102599,VH-9723,2024-11-06,Emergency,2613.454678820707,11.959692060246415,"Tires,Engine,HVAC",199905,TECH-150,False
MNT-102600,VH-6323,2023-12-10,Corrective,932.528201660798,8.549325292237526,Brakes,363698,TECH-164,False
MNT-102601,VH-3540,2023-10-20,Preventive,630.2747446295482,4.758220664678238,"Electrical,Transmission,HVAC",111824,TECH-145,False
MNT-102602,VH-8547,2023-01-22,Scheduled,95.36107240477762,1.0,Oil Change,195864,TECH-141,False
MNT-102603,VH-1885,2023-10-13,Scheduled,339.37288229456425,1.0,"Oil Change,Tires,Transmission",19317,TECH-104,False
MNT-102604,VH-6346,2023-02-05,Corrective,1243.4602281336036,15.89868218691094,"Engine,Oil Change",298420,TECH-168,False
MNT-102605,VH-9682,2024-07-18,Emergency,2017.9252707243427,4.87882125795886,"Brakes,Electrical",236206,TECH-179,True
MNT-102606,VH-1072,2023-02-14,Preventive,644.8788086565116,6.422330696695996,"Oil Change,Tires",345767,TECH-126,False
MNT-102607,VH-8563,2024-08-10,Scheduled,462.7477863816291,1.0,"Engine,Oil Change,Brakes",311564,TECH-154,False
MNT-102608,VH-1008,2024-02-20,Preventive,564.2221329245498,1.0,"Suspension,Tires",122321,TECH-191,False
MNT-102609,VH-2391,2024-12-26,Corrective,1317.1884515279069,6.030271020959196,"HVAC,Tires",333669,TECH-138,False
MNT-102610,VH-2464,2023-04-09,Preventive,720.2848253232722,1.0,"Brakes,Electrical,Transmission",60540,TECH-184,False
MNT-102611,VH-7863,2023-08-13,Preventive,323.0454010590898,1.0,"Electrical,Brakes,Transmission",294809,TECH-131,False
MNT-102612,VH-8000,2024-10-04,Emergency,2854.754506176988,18.3666230856948,"Suspension,Electrical,Engine",233248,TECH-134,True
MNT-102613,VH-8316,2023-07-07,Preventive,418.4747185325558,4.117913778642643,"Tires,Engine",29812,TECH-146,True
MNT-102614,VH-9035,2023-04-02,Preventive,540.3260924319007,1.0,HVAC,350948,TECH-178,False
MNT-102615,VH-5635,2024-07-24,Scheduled,358.4979856748542,1.4745048225596378,"Suspension,Tires",67734,TECH-192,False
MNT-102616,VH-9646,2023-01-05,Preventive,482.9604785719283,2.773976446073801,"HVAC,Tires",420263,TECH-144,False
MNT-102617,VH-1588,2024-10-17,Corrective,1699.9171933193709,55.80202542229378,HVAC,63049,TECH-128,True
MNT-102618,VH-7359,2024-01-11,Preventive,639.9489669708115,1.0,"Transmission,Brakes,Tires",492329,TECH-174,False
MNT-102619,VH-2915,2024-05-12,Preventive,349.7358735904611,3.3223808817860405,"Tires,Engine",389705,TECH-110,False
MNT-102620,VH-1131,2023-12-21,Emergency,3635.6661412743438,16.381714625016837,"HVAC,Brakes,Tires",369920,TECH-143,False
MNT-102621,VH-6473,2023-02-06,Preventive,586.5936711153248,2.1911236928838953,"HVAC,Tires",295783,TECH-106,False
MNT-102622,VH-2357,2023-12-09,Preventive,409.38643757756427,1.6442768481363046,"Engine,HVAC",373272,TECH-180,False
MNT-102623,VH-1835,2024-06-18,Preventive,374.5008580918862,19.05116920610483,"Electrical,Brakes,Suspension",71443,TECH-114,True
MNT-102624,VH-3348,2024-06-11,Preventive,466.8946209426785,6.090025440436223,Engine,370704,TECH-135,False
MNT-102625,VH-7657,2024-12-24,Scheduled,332.04836061246414,4.0507408040324595,"Brakes,Tires",249534,TECH-182,False
MNT-102626,VH-4001,2023-12-02,Scheduled,439.22331816729246,1.0,"Electrical,Engine",422205,TECH-148,True
MNT-102627,VH-4688,2023-02-02,Corrective,1337.592157052845,2.075479065344325,Electrical,270724,TECH-139,False
MNT-102628,VH-3671,2024-09-19,Scheduled,288.72412903009075,1.5811636221246537,"HVAC,Electrical,Engine",388177,TECH-179,False
MNT-102629,VH-1823,2024-12-20,Preventive,642.4642393579184,1.8337789123583923,"Electrical,Transmission,Brakes",165984,TECH-184,False
MNT-102630,VH-5912,2023-05-26,Preventive,294.4131335193187,1.509756050768697,"HVAC,Engine,Brakes",79331,TECH-113,False
MNT-102631,VH-1588,2024-12-12,Preventive,425.77254401325524,6.493906396134923,"HVAC,Oil Change,Transmission",95336,TECH-198,False
MNT-102632,VH-8176,2023-12-23,Emergency,1828.8903850282845,15.127504025852474,Suspension,241876,TECH-179,False
MNT-102633,VH-8176,2024-02-04,Corrective,1256.6810888239597,2.8994487453616635,"HVAC,Oil Change",222869,TECH-135,False
MNT-102634,VH-4247,2024-05-26,Preventive,456.95277605478833,11.519609534868879,"HVAC,Tires,Electrical",249262,TECH-139,False
MNT-102635,VH-2147,2024-01-28,Preventive,623.6493680840002,2.923680816562834,HVAC,438151,TECH-130,False
MNT-102636,VH-1620,2024-10-22,Preventive,536.1382287654067,12.023760657853565,"Transmission,Electrical,Suspension",337521,TECH-148,False
MNT-102637,VH-3967,2024-07-04,Preventive,451.94658279094756,1.0,"Engine,Transmission,Suspension",25800,TECH-159,False
MNT-102638,VH-4743,2023-01-11,Corrective,2064.05995540886,5.22370489302169,"Brakes,HVAC,Electrical",230687,TECH-150,True
MNT-102639,VH-8857,2023-02-22,Corrective,1018.49656084106,2.2580068397770328,"Tires,Transmission,HVAC",47404,TECH-144,False
MNT-102640,VH-2506,2024-06-25,Preventive,746.3739891922827,1.7641199041019733,Transmission,46197,TECH-121,False
MNT-102641,VH-9801,2024-10-30,Corrective,1638.424332584063,22.434463771353876,"Tires,Transmission,Suspension",473617,TECH-114,False
MNT-102642,VH-4001,2023-08-21,Preventive,822.7323112811283,1.674655509190823,Suspension,374068,TECH-191,False
MNT-102643,VH-4862,2023-08-26,Preventive,568.4521234183759,6.745116670870613,HVAC,400305,TECH-106,False
MNT-102644,VH-4753,2023-11-21,Preventive,489.4483451211707,1.0,"Transmission,Engine,Oil Change",218919,TECH-197,False
MNT-102645,VH-7162,2024-05-20,Preventive,632.8582941035888,4.832362320510446,"Brakes,Transmission",319074,TECH-149,False
MNT-102646,VH-7741,2024-01-26,Emergency,2793.945649925661,1.0,"Electrical,Tires",112746,TECH-108,False
MNT-102647,VH-5386,2024-09-04,Emergency,2058.47500505426,62.96144922994443,"Transmission,Tires,Brakes",136423,TECH-183,False
MNT-102648,VH-2910,2023-02-05,Corrective,1597.028286565759,33.425444454808826,"Tires,Transmission",376659,TECH-199,False
MNT-102649,VH-5203,2023-11-10,Preventive,136.53959451005744,3.44154941742184,"Tires,Engine,Oil Change",316531,TECH-120,False
MNT-102650,VH-1712,2024-07-25,Preventive,431.7629236556785,2.241403098738899,"Tires,Engine,Oil Change",380664,TECH-120,False
MNT-102651,VH-9522,2023-02-05,Scheduled,348.6513742195652,2.065810539072638,"Transmission,Brakes",187903,TECH-101,False
MNT-102652,VH-1072,2024-09-16,Preventive,675.973984921041,1.0,"Transmission,Brakes,Engine",64537,TECH-108,False
MNT-102653,VH-1844,2024-07-10,Preventive,288.82318488540864,1.0,"Oil Change,Tires,Transmission",37070,TECH-103,False
MNT-102654,VH-8441,2024-03-13,Preventive,701.4767212770886,4.924297682267842,"Oil Change,Tires,Suspension",122674,TECH-134,False
MNT-102655,VH-3317,2023-02-20,Scheduled,594.5382897593319,2.148160553020912,"Engine,Oil Change,Tires",269629,TECH-146,True
MNT-102656,VH-9432,2024-08-31,Preventive,193.37305069027082,2.114319075736986,Transmission,409193,TECH-110,False
MNT-102657,VH-6443,2024-01-19,Corrective,725.1006433612745,13.714488444889831,Electrical,285775,TECH-132,False
MNT-102658,VH-9152,2024-05-03,Preventive,364.5162749652938,1.4706165414651984,"Suspension,Engine",352883,TECH-125,False
MNT-102659,VH-3092,2023-04-06,Preventive,421.2176222227828,7.927521058254261,"HVAC,Oil Change",336724,TECH-138,False
MNT-102660,VH-7166,2024-10-26,Emergency,3239.85278975017,27.965765499317058,"Brakes,Transmission,Oil Change",27886,TECH-108,False
MNT-102661,VH-4042,2024-12-24,Corrective,1571.7965800564,37.40108943194817,"Brakes,Suspension",141380,TECH-106,False
MNT-102662,VH-5844,2024-06-27,Preventive,675.0058711579131,15.952256311973553,"Suspension,HVAC,Engine",26551,TECH-100,True
MNT-102663,VH-9035,2024-04-02,Corrective,1079.0572808308702,7.797934466671746,"Suspension,Brakes",373949,TECH-167,False
MNT-102664,VH-4001,2024-01-28,Corrective,431.4887614264875,9.083887230724098,HVAC,363304,TECH-196,False
MNT-102665,VH-5056,2023-12-10,Preventive,665.3403587663236,3.663497844534474,HVAC,452268,TECH-175,True
MNT-102666,VH-1008,2024-05-23,Preventive,344.2146170019076,2.628733379954927,"Oil Change,Electrical,HVAC",471065,TECH-103,False
MNT-102667,VH-4057,2023-02-08,Preventive,536.3809515206981,7.541795520747495,"Engine,Electrical",469928,TECH-109,False
MNT-102668,VH-9682,2023-09-24,Preventive,186.80785443555982,4.129174044876717,"Electrical,Suspension",443976,TECH-185,False
MNT-102669,VH-3490,2024-05-01,Corrective,1429.2466833130193,6.336790285662442,"Oil Change,HVAC",98777,TECH-189,False
MNT-102670,VH-3927,2024-12-27,Corrective,985.0773027074281,4.15034498041221,"Brakes,Electrical,HVAC",431289,TECH-136,False
MNT-102671,VH-7657,2023-07-11,Corrective,1459.3956524961513,24.6123939294653,"Engine,Tires,Suspension",123732,TECH-173,False
MNT-102672,VH-2464,2024-04-25,Corrective,923.2891771977212,2.0153996547098396,"Brakes,Engine,Tires",110171,TECH-167,False
MNT-102673,VH-2290,2024-03-13,Preventive,568.1681345859055,4.213735305153691,"HVAC,Tires,Transmission",211859,TECH-156,True
MNT-102674,VH-5547,2024-07-09,Corrective,1738.3722521442037,6.857910002911966,Tires,395448,TECH-180,False
MNT-102675,VH-5226,2024-11-08,Preventive,518.6642362718388,5.508235146828155,"HVAC,Engine,Suspension",336745,TECH-151,False
MNT-102676,VH-5717,2023-04-12,Corrective,1733.9216363976125,3.792535719809467,"Suspension,Tires,Engine",130872,TECH-115,True
MNT-102677,VH-2393,2023-07-19,Preventive,436.1202615953387,5.419025312063754,Brakes,73589,TECH-190,False
MNT-102678,VH-9152,2023-02-03,Preventive,443.1464472076963,2.1193366075483846,"Transmission,Oil Change",446218,TECH-151,False
MNT-102679,VH-6323,2024-04-28,Preventive,504.81877436308145,3.958048789778955,"Transmission,HVAC",43909,TECH-104,True
MNT-102680,VH-1844,2023-06-04,Preventive,330.10011046147173,4.333456736875637,"Engine,Transmission,HVAC",129229,TECH-189,True
MNT-102681,VH-9824,2023-02-21,Emergency,3527.4287345548883,6.9342283277727566,Brakes,340954,TECH-179,False
MNT-102682,VH-9432,2023-08-25,Preventive,507.5676724956506,4.438807774292958,"Tires,HVAC",77054,TECH-193,False
MNT-102683,VH-5056,2023-03-31,Preventive,517.6446940735201,4.428075470938302,"Engine,HVAC,Oil Change",317053,TECH-130,False
MNT-102684,VH-1366,2024-11-10,Preventive,435.5668889389146,1.0,Suspension,499177,TECH-153,False
MNT-102685,VH-3671,2024-06-10,Corrective,965.2554154458275,13.026039660031069,"HVAC,Suspension,Tires",231451,TECH-114,True
MNT-102686,VH-5868,2023-10-12,Preventive,511.31200928280606,10.792778050174416,Brakes,397914,TECH-127,True
MNT-102687,VH-3540,2023-07-09,Emergency,2344.8634082823964,14.760134049151429,"Brakes,Electrical,HVAC",216705,TECH-175,False
MNT-102688,VH-1420,2023-08-29,Corrective,768.7862597531708,8.034861725279741,"Suspension,Brakes,Electrical",196007,TECH-116,True
MNT-102689,VH-6071,2023-10-16,Corrective,1818.7943644388788,1.0,"Suspension,Brakes",169815,TECH-180,True
MNT-102690,VH-2506,2023-07-29,Preventive,532.2227805583171,1.1977413034991555,HVAC,112311,TECH-111,False
MNT-102691,VH-1620,2023-06-21,Preventive,594.4335914236326,2.714464307469768,Suspension,459040,TECH-109,True
MNT-102692,VH-9682,2023-01-17,Preventive,655.6313453736616,3.071220649821529,"Electrical,Tires,Oil Change",37424,TECH-144,False
MNT-102693,VH-9035,2024-08-30,Preventive,623.9309183938143,1.0,"Electrical,Transmission",421856,TECH-105,False
MNT-102694,VH-9516,2023-04-19,Preventive,308.47864484031976,3.4666320582503345,"Oil Change,Engine,Tires",214330,TECH-172,False
MNT-102695,VH-9887,2023-05-30,Preventive,528.0328559521921,8.185332627092913,Electrical,128869,TECH-105,False
MNT-102696,VH-1169,2023-03-19,Preventive,642.1302042946951,1.2869329458221732,"Tires,Suspension",196196,TECH-131,True
MNT-102697,VH-1468,2024-01-25,Preventive,514.7694841290867,6.7569190700972594,"HVAC,Transmission",115001,TECH-137,False
MNT-102698,VH-3927,2024-06-27,Preventive,538.3151423722685,2.2531881598150902,Electrical,466454,TECH-118,False
MNT-102699,VH-9029,2024-02-16,Preventive,592.1020614770846,15.41992851976395,"Suspension,Electrical,HVAC",302445,TECH-150,True
MNT-102700,VH-3776,2023-10-12,Preventive,638.8513040425264,1.6530531187651138,Oil Change,304140,TECH-150,False
MNT-102701,VH-3919,2024-08-23,Preventive,511.91465952671086,1.7339323103881539,"Brakes,Engine,Suspension",358653,TECH-137,True
MNT-102702,VH-2357,2024-12-28,Corrective,931.6799809673041,18.147890318172664,"HVAC,Brakes",258347,TECH-107,False
MNT-102703,VH-2357,2024-03-05,Emergency,2158.968433344531,4.076839403840191,Brakes,59780,TECH-132,False
MNT-102704,VH-5360,2023-09-06,Preventive,504.8855868966049,17.507504083229374,HVAC,312747,TECH-199,False
MNT-102705,VH-6908,2023-12-19,Emergency,1618.8052855052936,21.71055241861496,Oil Change,429280,TECH-177,False
MNT-102706,VH-1461,2023-01-20,Preventive,398.39240038693123,11.242033956422363,Oil Change,460970,TECH-127,False
MNT-102707,VH-9152,2024-07-12,Preventive,519.2025667184452,2.5489951254816012,"Transmission,Brakes",23011,TECH-137,False
MNT-102708,VH-8376,2023-04-10,Corrective,846.0844468256071,23.30688863642764,"Tires,Brakes",362219,TECH-146,False
MNT-102709,VH-1059,2024-11-06,Preventive,521.4632026143261,3.011865569849714,"Brakes,Engine",280755,TECH-119,False
MNT-102710,VH-7162,2024-04-19,Corrective,1657.2516233213635,1.0,"Electrical,Engine,HVAC",437449,TECH-126,False
MNT-102711,VH-2549,2023-04-29,Scheduled,378.8480709955475,4.171796157242908,"HVAC,Tires",212774,TECH-164,False
MNT-102712,VH-8316,2024-11-09,Preventive,583.7299855292381,1.0,"Suspension,Brakes",353493,TECH-115,True
MNT-102713,VH-6071,2024-04-25,Preventive,592.9237206625148,2.5864103445584403,"Tires,Electrical",485681,TECH-148,False
MNT-102714,VH-1215,2024-07-03,Preventive,390.18200945892323,1.0,Electrical,96786,TECH-136,False
MNT-102715,VH-8593,2023-03-21,Preventive,564.1056336245695,3.267147796635929,"HVAC,Engine,Suspension",31255,TECH-197,False
MNT-102716,VH-4503,2023-12-19,Corrective,1010.2097406661957,15.202259602534763,"Brakes,Suspension,Engine",229925,TECH-146,True
MNT-102717,VH-7166,2024-08-18,Emergency,1266.160340813776,15.928769821909786,"Tires,Electrical,Transmission",318168,TECH-128,False
MNT-102718,VH-1823,2024-07-01,Preventive,411.06878306997123,3.604372235209551,HVAC,321736,TECH-196,False
MNT-102719,VH-9522,2024-05-10,Emergency,2614.4866190193748,1.8796870612804568,Transmission,288934,TECH-154,False
MNT-102720,VH-1999,2024-10-19,Preventive,578.6459691027749,6.078114027520077,"Electrical,Engine",40632,TECH-121,False
MNT-102721,VH-5450,2023-12-02,Corrective,1215.9296612727069,21.562345075475644,"Suspension,Oil Change",395726,TECH-125,False
MNT-102722,VH-6037,2023-07-09,Preventive,781.2899470626322,13.179241911009413,"Oil Change,Suspension,Engine",181498,TECH-131,False
MNT-102723,VH-1475,2023-12-26,Scheduled,315.3908867813974,1.0,"Brakes,Electrical,Transmission",308404,TECH-133,False
MNT-102724,VH-9152,2023-08-11,Preventive,398.63236794765197,10.485984856057195,Brakes,327736,TECH-112,False
MNT-102725,VH-2393,2023-11-25,Corrective,1277.7536369216864,40.82861309230204,"HVAC,Oil Change",316393,TECH-179,True
MNT-102726,VH-3618,2023-08-25,Corrective,920.7516465272264,11.553520041945687,"Brakes,Engine",242395,TECH-142,True
MNT-102727,VH-8532,2023-08-02,Preventive,646.0509449974955,3.2361747668450986,"Electrical,Transmission,Oil Change",180603,TECH-155,True
MNT-102728,VH-5360,2024-06-12,Preventive,570.7981034284185,1.0,"Electrical,Tires",461441,TECH-165,False
MNT-102729,VH-5478,2023-07-13,Preventive,626.0666425952468,3.2332359889477114,"Brakes,Tires",349720,TECH-195,False
MNT-102730,VH-5262,2023-02-04,Scheduled,283.2535017255524,1.0,Transmission,219107,TECH-118,True
MNT-102731,VH-9105,2023-01-25,Preventive,357.58122112921217,1.0,"Electrical,Oil Change",381227,TECH-152,True
MNT-102732,VH-7359,2023-03-27,Preventive,520.66409281967,5.23684638917872,"Brakes,Engine,Electrical",422191,TECH-186,False
MNT-102733,VH-4740,2024-05-23,Preventive,659.1458039162683,14.95522976040423,"HVAC,Electrical",197885,TECH-151,True
MNT-102734,VH-1093,2024-11-25,Preventive,337.1101513189001,5.165877663667621,"Oil Change,Engine,Electrical",238310,TECH-185,False
MNT-102735,VH-5056,2024-05-01,Preventive,334.9421062793741,7.881311359500524,Transmission,438306,TECH-120,False
MNT-102736,VH-1093,2024-08-03,Corrective,1761.1017344032134,46.16271577683608,Oil Change,132379,TECH-158,False
MNT-102737,VH-8425,2023-12-18,Preventive,532.7299494605886,1.0,Electrical,228415,TECH-112,True
MNT-102738,VH-8959,2023-07-01,Corrective,1517.7164063136584,3.265090411669767,HVAC,325128,TECH-128,True
MNT-102739,VH-3588,2023-05-29,Preventive,441.2584126835016,4.414367899127685,"Brakes,Tires",381545,TECH-190,False
MNT-102740,VH-9737,2023-03-27,Corrective,2126.7551055019853,1.0,"Suspension,Electrical",324677,TECH-114,True
MNT-102741,VH-5056,2023-04-15,Preventive,307.7688063180201,6.896003564041089,"Transmission,Engine,Tires",480779,TECH-169,False
MNT-102742,VH-3776,2024-01-26,Preventive,489.384583168061,11.893668870249417,"Brakes,Transmission",313323,TECH-110,False
MNT-102743,VH-9105,2024-11-30,Preventive,422.3170995261797,2.482712349614032,"HVAC,Transmission,Suspension",392205,TECH-190,False
MNT-102744,VH-6106,2024-10-08,Scheduled,432.38988896988894,2.219400227716372,Suspension,479457,TECH-178,False
MNT-102745,VH-5450,2023-01-13,Scheduled,135.8888205412399,2.7087363338536976,"Tires,Transmission",375350,TECH-108,False
MNT-102746,VH-8840,2023-01-14,Corrective,1398.1893356476467,4.971031239409755,"HVAC,Transmission",324926,TECH-172,False
MNT-102747,VH-3547,2023-07-15,Corrective,1851.6701589605118,3.8120743795458303,"Brakes,Tires,Engine",137562,TECH-198,True
MNT-102748,VH-1335,2023-10-15,Preventive,446.04374045682806,7.267934840907406,Brakes,287193,TECH-194,True
MNT-102749,VH-9394,2023-10-19,Corrective,1280.5505634536967,3.368408497819617,"Oil Change,Engine,Tires",210549,TECH-176,True
MNT-102750,VH-6709,2023-01-30,Scheduled,254.52774452521925,2.319088017734569,"Transmission,Brakes,Oil Change",44499,TECH-158,False
MNT-102751,VH-1468,2024-01-23,Corrective,1214.6582048911966,11.58293252673741,"Oil Change,Suspension",284139,TECH-162,False
MNT-102752,VH-3490,2024-07-12,Scheduled,265.63117141011077,1.0,Suspension,341306,TECH-171,True
MNT-102753,VH-3092,2023-05-14,Preventive,530.3851643014855,1.4689622543544731,"HVAC,Suspension",149158,TECH-187,True
MNT-102754,VH-3348,2023-09-08,Corrective,1729.4246842256457,18.4728372982933,"HVAC,Electrical",11165,TECH-101,True
MNT-102755,VH-1335,2023-06-11,Corrective,792.2109085762772,7.97935379202565,"Engine,Transmission,Tires",37226,TECH-181,False
MNT-102756,VH-8653,2023-11-04,Preventive,451.69460341649994,1.0,"Transmission,Oil Change",123051,TECH-148,True
MNT-102757,VH-4042,2023-08-11,Preventive,608.9407341775955,1.0,Tires,59404,TECH-149,False
MNT-102758,VH-9152,2023-10-17,Emergency,2422.9620444643847,29.02041055255369,"Electrical,Engine,Brakes",220772,TECH-187,False
MNT-102759,VH-7311,2023-07-15,Scheduled,460.1312255825808,1.0,Electrical,485885,TECH-106,False
MNT-102760,VH-4247,2023-07-19,Preventive,624.5212488615379,5.459992379934612,Electrical,493226,TECH-105,True
MNT-102761,VH-7162,2023-12-27,Emergency,2891.9475147608246,90.86716931084501,Oil Change,129229,TECH-167,False
MNT-102762,VH-8547,2023-02-11,Preventive,347.1388390398597,16.0564543998848,Electrical,142801,TECH-159,False
MNT-102763,VH-9522,2023-10-05,Corrective,1147.7955905318977,1.0,Oil Change,281139,TECH-106,False
MNT-102764,VH-3179,2024-09-09,Preventive,411.3277503626032,4.570076298690729,HVAC,140381,TECH-182,False
MNT-102765,VH-1072,2023-10-23,Preventive,493.0306385262439,1.0,"Tires,Transmission,Engine",60381,TECH-185,True
MNT-102766,VH-6605,2023-08-22,Preventive,343.56813637693006,2.3987402138771445,"Electrical,Tires",386172,TECH-189,False
MNT-102767,VH-2549,2024-04-01,Preventive,336.90912204990536,2.4147405631711587,"Suspension,Electrical",287782,TECH-126,False
MNT-102768,VH-2915,2024-09-16,Preventive,870.0893221314445,18.952210857419654,"Electrical,Suspension",427140,TECH-153,False
MNT-102769,VH-1823,2024-03-30,Corrective,970.0779616538782,4.737141916937735,"Oil Change,HVAC",478547,TECH-180,False
MNT-102770,VH-7863,2023-01-13,Preventive,426.06339302165816,1.0,"HVAC,Electrical",56327,TECH-196,True
MNT-102771,VH-7693,2023-10-16,Preventive,363.84259985871677,9.168385261852224,"Engine,Electrical,Suspension",489671,TECH-190,True
MNT-102772,VH-1716,2023-08-05,Preventive,520.9109602450849,7.086130615495422,Brakes,485153,TECH-131,False
MNT-102773,VH-1093,2023-04-10,Preventive,517.5762459020627,8.88350962295082,Electrical,334654,TECH-156,True
MNT-102774,VH-3490,2024-02-05,Preventive,373.0867240572237,13.288352228742818,Electrical,377633,TECH-113,True
MNT-102775,VH-3967,2024-07-10,Emergency,1748.8098973124152,62.38432759458957,Electrical,52882,TECH-179,True
MNT-102776,VH-2559,2023-01-09,Scheduled,342.0389523596863,1.6576226475533957,Transmission,286890,TECH-177,True
MNT-102777,VH-7925,2023-02-22,Preventive,469.5712113042063,1.3218269894312358,"Engine,Electrical",55439,TECH-135,False
MNT-102778,VH-8376,2024-09-06,Preventive,373.84550620105233,8.052945529309353,Brakes,11640,TECH-120,False
MNT-102779,VH-5386,2023-05-04,Preventive,601.2095085140052,1.3683272661917834,HVAC,110554,TECH-195,False
MNT-102780,VH-2587,2024-09-28,Preventive,535.593648592964,3.4430921411681297,"Oil Change,Tires",292157,TECH-152,False
MNT-102781,VH-4042,2024-10-31,Scheduled,251.14994151820775,7.682012293488302,"Transmission,Tires,Oil Change",130221,TECH-142,True
MNT-102782,VH-5717,2024-06-08,Preventive,746.8458310031823,2.057563002291027,Brakes,77424,TECH-154,False
MNT-102783,VH-8840,2024-09-19,Preventive,472.1570203790876,2.0395034899170708,"Tires,HVAC",293305,TECH-149,False
MNT-102784,VH-7686,2024-02-28,Corrective,1273.2068325907044,5.275131882284436,"Oil Change,Tires",153326,TECH-143,False
MNT-102785,VH-2559,2023-12-29,Preventive,77.19213386795286,1.0,"Oil Change,Engine,Electrical",159388,TECH-174,False
MNT-102786,VH-8653,2024-11-06,Preventive,643.3816767565932,8.387358700073731,"HVAC,Suspension",323694,TECH-178,False
MNT-102787,VH-5226,2023-04-06,Preventive,393.59638955871714,2.568986094845144,Tires,166845,TECH-194,False
MNT-102788,VH-2391,2023-05-18,Emergency,2962.70177721812,59.92973907210053,"Electrical,Transmission",357178,TECH-115,False
MNT-102789,VH-9710,2023-10-11,Corrective,1681.3435139893782,15.04762846842641,Oil Change,338344,TECH-155,False
MNT-102790,VH-2391,2024-03-12,Preventive,526.1182743599672,5.9137163228611955,"HVAC,Engine",258162,TECH-100,True
MNT-102791,VH-3618,2023-07-20,Emergency,2959.675667140801,6.5799691874772295,Suspension,73646,TECH-129,False
MNT-102792,VH-1391,2024-04-29,Preventive,519.8966478969857,3.3626283813285696,"Suspension,Engine",238282,TECH-147,False
MNT-102793,VH-1215,2023-07-19,Preventive,511.35029282168404,1.0,"Oil Change,Electrical",83446,TECH-198,False
MNT-102794,VH-4743,2023-10-22,Scheduled,238.35195589630194,1.0,"Tires,Oil Change",153649,TECH-190,False
MNT-102795,VH-1835,2023-07-25,Preventive,657.6175027800782,2.0118943588686706,Oil Change,345340,TECH-127,False
MNT-102796,VH-9274,2024-03-17,Preventive,359.46527567684075,1.0,"Suspension,Tires,Engine",269776,TECH-166,False
MNT-102797,VH-2391,2023-02-13,Corrective,1532.6803550264653,7.343474206613353,Oil Change,25239,TECH-148,False
MNT-102798,VH-7693,2024-09-30,Preventive,526.2847039585803,8.3364433431125,"Oil Change,HVAC",83507,TECH-136,False
MNT-102799,VH-5056,2024-11-16,Preventive,196.81489412553992,1.1561709704035021,Oil Change,73026,TECH-171,False
MNT-102800,VH-9274,2023-07-08,Corrective,1356.4566808429968,48.32755829498615,"Suspension,HVAC,Engine",128576,TECH-109,False
MNT-102801,VH-2625,2023-12-11,Corrective,916.2764931107743,17.613131634521785,"Brakes,Tires,Engine",244528,TECH-125,False
MNT-102802,VH-6605,2024-12-12,Preventive,590.5567949468945,11.899780742162156,"Electrical,HVAC",492825,TECH-145,True
MNT-102803,VH-2357,2023-12-23,Corrective,1645.5092770790345,24.10074790937258,"Suspension,Oil Change",55624,TECH-196,True
MNT-102804,VH-8468,2023-09-15,Corrective,1114.7332101607474,2.0171825410370596,"Tires,HVAC",293373,TECH-115,False
MNT-102805,VH-9029,2023-06-27,Emergency,2257.3392399394806,33.62272346442529,"Electrical,HVAC,Brakes",251913,TECH-105,True
MNT-102806,VH-9737,2023-05-10,Preventive,351.689134084141,4.771056707972721,"Suspension,Brakes",424811,TECH-188,False
MNT-102807,VH-6709,2024-06-25,Corrective,1037.4540710763074,17.129409526326874,"Oil Change,Suspension",165262,TECH-164,True
MNT-102808,VH-8097,2024-09-28,Emergency,3804.9956705256436,2.951766349746724,"Electrical,Suspension",311149,TECH-165,True
MNT-102809,VH-3348,2023-08-23,Corrective,1311.353582447407,28.949101443308265,Electrical,26941,TECH-132,False
MNT-102810,VH-5028,2024-05-22,Preventive,258.5659376375189,1.5554758126832702,Transmission,184124,TECH-170,False
MNT-102811,VH-8959,2024-03-29,Preventive,659.6878248585859,10.660186407932779,"Tires,Brakes,Transmission",147479,TECH-173,False
MNT-102812,VH-7832,2023-04-02,Corrective,756.3578620247392,4.988144907351866,Tires,221723,TECH-142,False
MNT-102813,VH-2410,2023-05-01,Preventive,556.3689041908414,1.0,"Suspension,HVAC,Tires",409582,TECH-183,False
MNT-102814,VH-7922,2024-12-11,Preventive,517.5734674792342,1.0,Tires,376654,TECH-113,True
MNT-102815,VH-6037,2024-03-17,Preventive,346.5225046619471,1.0,"Brakes,Tires",98146,TECH-157,False
MNT-102816,VH-8316,2023-09-22,Preventive,526.5107769376378,9.236619741561247,Electrical,150115,TECH-102,False
MNT-102817,VH-2147,2024-11-17,Preventive,459.73245520420386,1.0,"Brakes,Engine",279854,TECH-199,False
MNT-102818,VH-9821,2023-05-08,Emergency,2417.862256035472,15.447213419397906,"Oil Change,Electrical",299265,TECH-140,False
MNT-102819,VH-7688,2024-10-13,Emergency,2385.935040943257,22.763114785002944,Electrical,481675,TECH-164,False
MNT-102820,VH-7693,2024-03-23,Corrective,204.0599085304708,13.98504046713567,"Transmission,Engine",316948,TECH-120,False
MNT-102821,VH-8664,2024-12-24,Preventive,546.2164226778285,2.529660434320485,"Tires,Suspension,HVAC",327816,TECH-117,False
MNT-102822,VH-2464,2024-10-18,Preventive,527.8179595051975,1.0,"Transmission,HVAC,Tires",180729,TECH-167,True
MNT-102823,VH-8441,2024-06-04,Preventive,387.00912390923276,1.3238052876458999,Brakes,480197,TECH-111,False
MNT-102824,VH-9862,2024-12-23,Preventive,89.5639193763792,9.54859504110303,"Electrical,HVAC,Tires",381371,TECH-143,True
MNT-102825,VH-8563,2024-08-31,Corrective,1157.8240304602775,1.9719722356790164,"HVAC,Oil Change,Engine",212682,TECH-123,False
MNT-102826,VH-4057,2023-02-28,Preventive,386.3024575807053,5.606348590450488,"Electrical,HVAC,Oil Change",31652,TECH-123,False
MNT-102827,VH-1092,2023-06-19,Corrective,920.9565238129395,1.5352450170754541,"Electrical,Tires",222704,TECH-196,False
MNT-102828,VH-5717,2023-03-08,Preventive,906.4739122355775,2.081853732249167,HVAC,298212,TECH-196,False
MNT-102829,VH-6908,2024-09-17,Preventive,411.08610605306404,1.0,Suspension,398866,TECH-142,False
MNT-102830,VH-7311,2023-01-22,Corrective,1058.29236196206,4.178624169435846,Suspension,341735,TECH-161,True
MNT-102831,VH-3039,2023-09-14,Corrective,1207.6024955377939,21.706814755621473,"Oil Change,Brakes,Tires",209817,TECH-186,True
MNT-102832,VH-7832,2023-12-02,Preventive,550.0365610509116,4.082198587079525,"Transmission,Suspension,Electrical",333725,TECH-180,False
MNT-102833,VH-6443,2024-12-28,Corrective,909.6224988525544,1.8819612890958428,"Engine,HVAC,Brakes",19520,TECH-190,False
MNT-102834,VH-8790,2023-08-13,Corrective,1797.5318807721255,1.5711033835697816,"Suspension,HVAC",105142,TECH-168,True
MNT-102835,VH-9887,2024-07-16,Preventive,496.33479047858225,2.908663330778497,Transmission,132700,TECH-193,True
MNT-102836,VH-8959,2023-04-13,Preventive,492.07017873730905,4.861893343479952,"Oil Change,Tires",15315,TECH-135,False
MNT-102837,VH-4890,2024-05-16,Corrective,1535.5459413804206,3.305552842496268,HVAC,72256,TECH-167,False
MNT-102838,VH-1716,2023-03-18,Corrective,966.573830225913,18.745073535569922,HVAC,413344,TECH-197,False
MNT-102839,VH-9862,2024-10-14,Preventive,582.6627261655256,1.0,"Brakes,Suspension",230431,TECH-131,False
MNT-102840,VH-4001,2024-06-23,Scheduled,237.49201296426185,1.0,Oil Change,358707,TECH-155,True
MNT-102841,VH-2422,2023-07-28,Preventive,334.3028437973779,5.801723366595419,"Transmission,Electrical,HVAC",272152,TECH-102,False
MNT-102842,VH-1475,2023-04-13,Preventive,469.5611830274283,10.487722504397368,"Transmission,Brakes",45628,TECH-194,False
MNT-102843,VH-6253,2024-08-24,Preventive,548.5079102817822,1.0,"Transmission,HVAC,Oil Change",456714,TECH-173,False
MNT-102844,VH-9394,2024-02-08,Preventive,342.48339881301183,1.0,"Engine,HVAC",269650,TECH-163,False
MNT-102845,VH-2372,2024-08-30,Corrective,215.33201864922057,24.990281099833638,"Tires,Brakes,HVAC",80556,TECH-174,True
MNT-102846,VH-3039,2024-11-26,Corrective,1497.9100032437175,22.938096003764326,"Transmission,Brakes",30410,TECH-161,False
MNT-102847,VH-8857,2023-09-12,Preventive,439.24660005077703,4.777027130105899,Transmission,494548,TECH-142,False
MNT-102848,VH-8532,2023-05-18,Preventive,352.41139918914655,3.15738265222185,"HVAC,Brakes,Suspension",496998,TECH-125,False
MNT-102849,VH-6908,2023-10-25,Preventive,644.6680777041826,5.005987157983428,Brakes,220518,TECH-183,True
MNT-102850,VH-8866,2023-02-08,Corrective,2012.7795786557922,6.26773205044813,Suspension,316910,TECH-176,True
MNT-102851,VH-6775,2023-07-28,Corrective,867.0714431005002,10.214575853476305,"Electrical,Suspension,Transmission",338876,TECH-101,True
MNT-102852,VH-2147,2024-10-11,Scheduled,170.642817749293,1.0,"Electrical,Engine",478637,TECH-157,False
MNT-102853,VH-8866,2024-08-19,Preventive,379.03662383386035,3.333874121645631,"Electrical,Suspension,Brakes",338994,TECH-129,False
MNT-102854,VH-8563,2023-04-25,Preventive,550.1241571987587,2.281320563913857,"Tires,Electrical",33107,TECH-166,False
MNT-102855,VH-3092,2023-09-21,Preventive,400.1406235672735,1.0,"Brakes,Suspension",441822,TECH-182,False
MNT-102856,VH-7693,2023-09-08,Corrective,578.1868553707408,6.273572794121463,Tires,308772,TECH-111,False
MNT-102857,VH-1420,2023-11-22,Preventive,571.9539852346891,2.858118233038796,Transmission,426041,TECH-178,True
MNT-102858,VH-8468,2024-09-17,Corrective,2373.74251744261,6.691621777975059,"Brakes,Suspension",490746,TECH-165,True
MNT-102859,VH-8468,2024-08-19,Preventive,489.79223237717565,1.0,"Suspension,Electrical,HVAC",131863,TECH-148,True
MNT-102860,VH-6443,2024-06-08,Preventive,506.62588718106764,8.254528058750598,"Brakes,Engine",305367,TECH-103,False
MNT-102861,VH-6835,2023-08-13,Preventive,404.7464156179036,7.070390252745566,"Suspension,Transmission,HVAC",148869,TECH-115,False
MNT-102862,VH-9682,2024-09-16,Corrective,59.49214193288117,15.948529197473636,"HVAC,Electrical",168896,TECH-143,False
MNT-102863,VH-6636,2024-02-29,Emergency,3170.2900764591614,9.38362617787216,"HVAC,Brakes,Electrical",329120,TECH-118,True
MNT-102864,VH-9516,2024-01-02,Preventive,491.68631482573846,1.444344341480387,Brakes,411035,TECH-116,True
MNT-102865,VH-2587,2023-05-24,Emergency,2535.9682264356275,35.34605208108986,Transmission,225596,TECH-113,False
MNT-102866,VH-6718,2024-05-02,Corrective,1468.8475224024905,17.482437000159152,Tires,11670,TECH-129,True
MNT-102867,VH-7863,2024-10-01,Corrective,1142.0509742243225,6.62388497382406,"Tires,Engine",477280,TECH-195,True
MNT-102868,VH-5672,2023-05-29,Preventive,428.96354607862986,2.6453947926054706,"Brakes,HVAC",107519,TECH-173,True
MNT-102869,VH-2464,2023-01-07,Preventive,377.3637941645927,2.391256083309833,Tires,135103,TECH-111,False
MNT-102870,VH-6775,2024-06-21,Preventive,814.7478953600047,11.788644173476888,"Brakes,Transmission,Tires",305781,TECH-105,False
MNT-102871,VH-6443,2024-09-07,Preventive,536.0350994625496,1.0,"HVAC,Brakes,Suspension",402535,TECH-130,False
MNT-102872,VH-5912,2023-06-29,Corrective,1272.5836882722829,27.625250109125258,"Tires,HVAC,Electrical",429117,TECH-150,True
MNT-102873,VH-1712,2023-09-26,Preventive,436.19394232960775,3.5941730247108885,Oil Change,276890,TECH-158,True
MNT-102874,VH-4247,2023-08-15,Preventive,574.3495923084461,4.072587739656308,"Oil Change,Suspension,Brakes",247747,TECH-101,True
MNT-102875,VH-5262,2023-12-25,Corrective,1482.7438750079227,24.827004450800622,HVAC,125912,TECH-168,True
MNT-102876,VH-1468,2024-08-02,Preventive,714.9174778704796,29.57410092823789,"Engine,Transmission",293557,TECH-135,False
MNT-102877,VH-1366,2024-03-12,Preventive,554.3340573968485,1.0,Brakes,343547,TECH-125,True
MNT-102878,VH-8563,2023-12-31,Preventive,557.1982707104846,3.267243511290193,"Suspension,Electrical",92196,TECH-191,True
MNT-102879,VH-8840,2023-07-06,Preventive,468.7796246398185,2.2967444526655276,Transmission,148634,TECH-153,False
MNT-102880,VH-8547,2024-05-18,Corrective,804.2235272328871,6.750646358144063,Tires,64929,TECH-182,True
MNT-102881,VH-2391,2024-12-05,Corrective,363.0886456297835,15.381769613888874,HVAC,321945,TECH-139,True
MNT-102882,VH-5714,2023-09-19,Preventive,712.2009689171133,5.32529188217387,"Brakes,Electrical",247969,TECH-121,False
MNT-102883,VH-5670,2023-02-06,Emergency,2487.6553836046646,37.05948384269505,"Engine,Oil Change",431548,TECH-183,False
MNT-102884,VH-2489,2023-03-10,Preventive,368.7932449172202,5.0038277875163155,"Brakes,Tires",232475,TECH-176,True
MNT-102885,VH-1072,2023-08-26,Preventive,439.90652182021597,6.511490474700193,"Engine,Electrical",359181,TECH-185,True
MNT-102886,VH-1620,2024-12-25,Corrective,1753.877786834209,14.671391634924358,"Suspension,Oil Change",341916,TECH-189,False
MNT-102887,VH-7863,2023-09-09,Preventive,508.2507644273891,2.5867059234030116,"Transmission,Engine,Electrical",397431,TECH-189,True
MNT-102888,VH-6718,2024-08-29,Preventive,582.157735094595,5.274606357893955,Electrical,217899,TECH-189,True
MNT-102889,VH-1215,2024-10-19,Corrective,1399.7300006738149,1.4178073534717934,Brakes,235982,TECH-113,False
MNT-102890,VH-1366,2023-05-17,Preventive,493.219949602194,1.0,"Transmission,Electrical,Suspension",47462,TECH-193,False
MNT-102891,VH-6323,2023-04-23,Corrective,1705.3373154245542,6.148075105447068,"Suspension,Tires,Brakes",52382,TECH-138,False
MNT-102892,VH-9948,2023-05-20,Corrective,1374.519478990583,1.0,Transmission,66371,TECH-197,False
MNT-102893,VH-1092,2023-07-28,Preventive,713.7387389780837,8.740827534248544,"Electrical,Engine,Transmission",489479,TECH-176,True
MNT-102894,VH-1391,2023-08-08,Emergency,1713.6727611474548,42.973751242115554,Tires,327856,TECH-141,False
MNT-102895,VH-1093,2024-06-27,Preventive,594.1638749927274,6.915121823527498,Electrical,49569,TECH-176,False
MNT-102896,VH-3540,2024-08-25,Corrective,1116.1650135447285,2.722076365747471,"Electrical,HVAC",115829,TECH-144,False
MNT-102897,VH-6718,2023-06-19,Preventive,613.957299508418,1.4188388501845002,"Engine,Transmission",166840,TECH-104,False
MNT-102898,VH-5262,2024-06-15,Preventive,356.9855863073069,1.0342062786473682,"Tires,HVAC,Electrical",28797,TECH-118,False
MNT-102899,VH-5478,2024-07-09,Preventive,614.6546215440588,5.1579738920312845,"Suspension,Brakes,Transmission",375971,TECH-105,False
MNT-102900,VH-7918,2023-08-19,Corrective,1396.538300964179,1.0,Suspension,98310,TECH-133,False
MNT-102901,VH-2422,2023-02-04,Preventive,506.14765517236765,1.0,"Brakes,Engine,HVAC",142724,TECH-122,False
MNT-102902,VH-5262,2023-02-15,Preventive,564.4419017563904,1.0,Electrical,426681,TECH-144,False
MNT-102903,VH-6323,2023-10-20,Preventive,644.0582700738125,3.005206550545951,Oil Change,495647,TECH-188,True
MNT-102904,VH-2910,2024-03-17,Preventive,235.1483037531574,7.58209306758385,"Transmission,HVAC",159874,TECH-138,False
MNT-102905,VH-5360,2023-12-29,Scheduled,347.8283343460615,1.8768492597991924,"Oil Change,HVAC",220729,TECH-169,True
MNT-102906,VH-4984,2024-01-10,Corrective,1895.7107614071947,12.354847254113253,"Suspension,Electrical,Oil Change",97434,TECH-186,False
MNT-102907,VH-6019,2023-12-05,Scheduled,293.2101121836147,4.418296489884564,"Suspension,Electrical",416051,TECH-104,False
MNT-102908,VH-1169,2023-02-11,Scheduled,242.24583201815534,1.7489002196549583,"Tires,Oil Change,HVAC",230070,TECH-102,False
MNT-102909,VH-8923,2023-09-03,Emergency,890.7660656275148,10.628193166649314,"Transmission,Suspension",409805,TECH-156,True
MNT-102910,VH-8376,2023-05-15,Preventive,550.9629729892391,1.197847845406518,"Oil Change,Tires",117981,TECH-186,True
MNT-102911,VH-1835,2024-05-25,Emergency,3116.1643788230276,58.832986978101005,Electrical,343332,TECH-165,False
MNT-102912,VH-2422,2024-10-28,Corrective,1202.956688015389,1.0,"Brakes,Oil Change",180450,TECH-154,False
MNT-102913,VH-6443,2024-06-06,Preventive,611.5121106879105,2.3544168623679638,"Suspension,Engine,Brakes",116419,TECH-188,False
MNT-102914,VH-2361,2023-08-10,Preventive,343.9102701671701,1.0,"Tires,Oil Change,Brakes",214835,TECH-139,False
MNT-102915,VH-4716,2024-09-05,Scheduled,289.0450926846673,1.0,"Engine,Oil Change",341606,TECH-108,False
MNT-102916,VH-1420,2023-06-29,Corrective,1792.506780656891,1.0,Suspension,50134,TECH-100,False
MNT-102917,VH-5672,2024-11-19,Emergency,2402.366902981869,40.26990612502194,"Engine,Brakes",388339,TECH-138,False
MNT-102918,VH-4042,2023-11-14,Preventive,512.5591286132935,4.285991548534104,Oil Change,65547,TECH-142,False
MNT-102919,VH-9516,2024-11-07,Preventive,697.8523403920575,1.7029445834914907,"Tires,Engine,Brakes",333755,TECH-130,True
MNT-102920,VH-6709,2023-08-03,Corrective,1576.0660980807734,2.741621292820313,Tires,431384,TECH-163,False
MNT-102921,VH-2915,2023-06-15,Preventive,629.8320331059813,1.2289433073282632,"Suspension,Transmission",425614,TECH-148,False
MNT-102922,VH-9522,2023-01-19,Preventive,350.426353063414,1.0,"Suspension,Electrical,HVAC",356437,TECH-113,True
MNT-102923,VH-9862,2023-09-16,Preventive,607.9533128714971,8.532546746700472,"Oil Change,Engine,Tires",96430,TECH-117,False
MNT-102924,VH-4106,2024-08-10,Preventive,468.6470143727934,1.0,"Electrical,HVAC",14581,TECH-100,False
MNT-102925,VH-2910,2024-01-22,Corrective,909.9661618012904,45.00813564848144,"Oil Change,Tires",69996,TECH-123,False
MNT-102926,VH-6605,2023-12-22,Scheduled,406.72092909348066,4.427086400372642,"Engine,HVAC",36168,TECH-146,False
MNT-102927,VH-5717,2024-03-16,Scheduled,409.154348139532,2.4914496890817994,"HVAC,Engine",164713,TECH-160,False
MNT-102928,VH-5360,2023-02-20,Preventive,583.89185438456,9.766503583930762,"Electrical,Suspension",479220,TECH-185,False
MNT-102929,VH-1823,2024-06-03,Emergency,2848.081703603124,76.12060256498405,"HVAC,Suspension,Transmission",242940,TECH-162,False
MNT-102930,VH-1588,2023-01-19,Emergency,2139.454317632815,1.0,Transmission,312789,TECH-108,True
MNT-102931,VH-1823,2024-09-13,Scheduled,351.7049958338009,1.0,"Transmission,Suspension",184620,TECH-184,False
MNT-102932,VH-2393,2023-11-26,Corrective,1864.0611884347104,21.427992587155366,"Transmission,Engine,Suspension",39945,TECH-117,True
MNT-102933,VH-3278,2024-05-10,Preventive,749.1577541799146,13.248863444558587,"Electrical,Engine",249843,TECH-103,False
MNT-102934,VH-5386,2023-07-23,Preventive,508.7096870826213,3.8436794129680325,"Transmission,Electrical,Tires",123654,TECH-197,False
MNT-102935,VH-6596,2023-06-11,Preventive,551.1640947681196,1.126384087859153,"Tires,Oil Change",242209,TECH-180,False
MNT-102936,VH-7171,2023-06-24,Preventive,164.0797321825396,7.089007386185275,"HVAC,Transmission",34046,TECH-190,False
MNT-102937,VH-5714,2023-03-22,Preventive,525.7820482037222,1.1871687901513364,"Electrical,Oil Change,Suspension",84709,TECH-150,False
MNT-102938,VH-4106,2023-11-23,Corrective,347.8441654475191,4.441860376869693,"Tires,Suspension,Transmission",143689,TECH-191,False
MNT-102939,VH-2084,2023-10-17,Corrective,934.9349212537235,31.72200613433347,"HVAC,Transmission",370614,TECH-167,False
MNT-102940,VH-1885,2024-05-01,Preventive,616.1209709101443,2.4144411245684303,Transmission,339537,TECH-198,False
MNT-102941,VH-6835,2023-09-16,Preventive,636.0284264793228,1.5771153193151368,"Tires,HVAC,Brakes",44128,TECH-185,False
MNT-102942,VH-1335,2024-01-14,Preventive,715.491577572865,2.7769573935993606,HVAC,131694,TECH-104,False
MNT-102943,VH-8579,2024-10-03,Emergency,3055.975155075558,53.37066010765129,Suspension,214910,TECH-180,False
MNT-102944,VH-9035,2024-01-27,Preventive,348.02868198246335,2.1035221934403543,Transmission,393342,TECH-105,True
MNT-102945,VH-8316,2024-12-09,Preventive,542.0632284923178,3.01391251973219,Engine,292575,TECH-142,False
MNT-102946,VH-1420,2024-05-24,Preventive,421.65552260790565,4.427545310037029,"Suspension,Oil Change,Electrical",344323,TECH-175,True
MNT-102947,VH-7918,2023-12-27,Preventive,510.1049511424093,1.0,"HVAC,Suspension,Tires",38852,TECH-196,True
MNT-102948,VH-1420,2024-11-04,Preventive,343.85005110731737,3.6395385883895033,"Oil Change,Electrical,HVAC",115518,TECH-141,True
MNT-102949,VH-4890,2023-12-24,Scheduled,414.7274741410131,1.7122309866517418,"Oil Change,Electrical",330966,TECH-118,False
MNT-102950,VH-1420,2024-09-02,Preventive,594.8742773105956,4.2904673913238875,"Transmission,Engine",497670,TECH-137,False
MNT-102951,VH-8176,2024-11-22,Preventive,418.5850484720818,1.0,"Transmission,Engine",226228,TECH-174,False
MNT-102952,VH-5203,2024-03-30,Preventive,574.178772269722,1.8588435099407268,"Oil Change,Electrical",498797,TECH-125,False
MNT-102953,VH-3039,2024-07-06,Emergency,4007.315611177308,38.542240786467836,Transmission,438242,TECH-114,False
MNT-102954,VH-9274,2024-12-27,Preventive,555.9716355308915,2.9421071162608,Electrical,254960,TECH-134,False
MNT-102955,VH-5635,2024-02-13,Preventive,686.5534798857448,1.4152069196737014,Engine,47020,TECH-193,True
MNT-102956,VH-6596,2023-03-22,Preventive,317.03680433549005,4.502759253958235,"Oil Change,HVAC",328630,TECH-196,False
MNT-102957,VH-8547,2023-01-21,Corrective,1066.3642025291422,1.0,"Suspension,HVAC,Oil Change",326213,TECH-161,True
MNT-102958,VH-4753,2023-10-14,Corrective,1051.6373386553973,3.9889373193247453,Transmission,495899,TECH-110,False
MNT-102959,VH-8579,2024-08-30,Scheduled,454.01981601903714,1.765520255373973,"Tires,Engine,Electrical",328493,TECH-133,True
MNT-102960,VH-8918,2024-11-08,Preventive,546.2201912215047,2.7538929822741385,Tires,29004,TECH-126,True
MNT-102961,VH-3450,2023-10-27,Preventive,780.1672042843612,2.0824141899079076,"Suspension,Electrical",339851,TECH-137,False
MNT-102962,VH-8790,2024-01-24,Corrective,1754.4907026410044,22.93334376843257,HVAC,155329,TECH-142,False
MNT-102963,VH-6019,2023-12-17,Corrective,1886.1862068889425,8.156966947500148,"Brakes,Transmission",181280,TECH-195,True
MNT-102964,VH-3348,2023-03-18,Preventive,485.2024722462811,4.376390424301954,Suspension,211960,TECH-146,False
MNT-102965,VH-5262,2023-03-27,Corrective,1784.317375660935,15.964588040089087,"Transmission,Brakes,Suspension",168600,TECH-138,True
MNT-102966,VH-9682,2024-03-29,Preventive,166.10201110290694,1.0375183060555184,"Engine,Tires,Oil Change",398051,TECH-109,False
MNT-102967,VH-1461,2024-09-25,Preventive,617.0524406177967,3.721090966308794,Brakes,327140,TECH-144,True
MNT-102968,VH-1475,2024-01-03,Scheduled,258.6924755078131,1.6836418265555675,"Brakes,Suspension",346459,TECH-169,False
MNT-102969,VH-1059,2023-03-19,Preventive,469.39007981267594,1.0,Electrical,61588,TECH-175,True
MNT-102970,VH-4890,2024-12-18,Scheduled,270.0804701184169,1.0,HVAC,52659,TECH-109,True
MNT-102971,VH-7688,2024-02-09,Preventive,326.81895660765883,10.529056940608559,Brakes,125086,TECH-154,False
MNT-102972,VH-5203,2024-12-09,Preventive,457.3460766141699,2.187354025478015,"Suspension,Tires",219852,TECH-148,False
MNT-102973,VH-6019,2024-08-22,Preventive,461.38790167388817,1.0,"Transmission,HVAC",169557,TECH-138,False
MNT-102974,VH-3214,2023-03-29,Emergency,3790.2560807691634,5.605643677115326,"Brakes,HVAC",163238,TECH-161,False
MNT-102975,VH-1215,2023-11-20,Preventive,401.63032983419043,2.741344101182664,"Brakes,Electrical",490885,TECH-132,False
MNT-102976,VH-7162,2023-03-13,Corrective,1515.340952960771,12.285675608229756,"Transmission,Brakes",450602,TECH-165,False
MNT-102977,VH-3132,2023-10-03,Emergency,3201.2973940375937,86.60099027430809,Tires,449745,TECH-198,False
MNT-102978,VH-5028,2024-10-09,Corrective,1710.8249385242727,9.86424483603695,"Transmission,Engine",160958,TECH-159,False
MNT-102979,VH-9522,2024-10-24,Corrective,975.1277132984399,5.82384161479221,"Brakes,HVAC,Transmission",20831,TECH-198,False
MNT-102980,VH-1059,2023-06-13,Preventive,462.1060083613758,7.648645148304021,"Suspension,Engine,Electrical",15005,TECH-173,False
MNT-102981,VH-9821,2024-10-25,Preventive,377.4406377500862,5.692988929470922,"Oil Change,HVAC",105648,TECH-177,False
MNT-102982,VH-6106,2024-08-12,Corrective,981.886532566065,10.282322264872075,"Oil Change,Suspension",436598,TECH-110,True
MNT-102983,VH-8176,2024-12-28,Scheduled,430.68058047767784,3.730867934374612,Suspension,61101,TECH-140,False
MNT-102984,VH-7166,2023-01-10,Preventive,480.7228336252565,1.1085073568182624,"Transmission,Oil Change,Tires",300258,TECH-147,False
MNT-102985,VH-1835,2024-11-12,Corrective,1396.6566218514572,2.946698739841226,"Engine,Brakes",274235,TECH-126,False
MNT-102986,VH-9029,2024-05-09,Corrective,1075.7534110917827,2.516322887329304,Engine,193029,TECH-160,False
MNT-102987,VH-5844,2023-10-19,Emergency,1414.3192589013076,42.365925898894005,"Transmission,Oil Change,Tires",359552,TECH-114,False
MNT-102988,VH-1468,2023-08-03,Preventive,584.8591268392618,1.0,Electrical,153057,TECH-152,False
MNT-102989,VH-5226,2024-07-24,Corrective,1765.3656553942774,16.871155817668924,"Transmission,Tires,Engine",359209,TECH-161,False
MNT-102990,VH-2464,2023-08-20,Preventive,619.2592409409187,1.0,"Oil Change,Transmission",150258,TECH-122,False
MNT-102991,VH-1844,2023-05-19,Corrective,1166.61924446575,51.817626479127384,"Oil Change,Brakes,Engine",22331,TECH-127,False
MNT-102992,VH-7311,2023-04-03,Preventive,223.24257245854193,1.0,"Suspension,Oil Change",302435,TECH-110,True
MNT-102993,VH-9394,2024-12-07,Preventive,475.7242521642756,4.050958105783984,Engine,47023,TECH-129,True
MNT-102994,VH-8639,2023-11-27,Corrective,169.98615646060284,7.4325382068270915,Suspension,446560,TECH-166,False
MNT-102995,VH-3618,2024-03-09,Scheduled,159.36627067897442,1.0,"HVAC,Brakes,Tires",231363,TECH-131,False
MNT-102996,VH-2372,2023-07-17,Preventive,486.4321485893723,4.475861295673192,Transmission,448510,TECH-157,False
MNT-102997,VH-3817,2023-09-24,Preventive,502.5931233070935,1.0,"HVAC,Electrical,Brakes",68970,TECH-107,False
MNT-102998,VH-9887,2024-01-26,Corrective,1012.3399256471326,1.6456911108384484,"Brakes,Electrical",164706,TECH-179,False
MNT-102999,VH-5844,2024-03-02,Preventive,445.09221904548383,1.8194485832932126,"Tires,Oil Change",412173,TECH-106,False
MNT-103000,VH-5028,2024-07-08,Preventive,466.2469379908507,2.9629912667352456,"HVAC,Tires,Brakes",143198,TECH-131,True
MNT-103001,VH-7922,2023-11-27,Preventive,423.40338374803144,2.050475544197238,"Transmission,Engine",294453,TECH-186,False
MNT-103002,VH-4057,2024-04-12,Preventive,471.2953250208379,5.44721448725735,HVAC,441513,TECH-106,False
MNT-103003,VH-7832,2024-07-24,Preventive,1039.6035311090886,1.0,"Tires,Engine,Electrical",367226,TECH-173,False
MNT-103004,VH-1420,2023-11-20,Preventive,266.706285937189,1.0,Electrical,189126,TECH-173,True
MNT-103005,VH-8790,2024-02-09,Preventive,793.8467254184756,1.0331342915398507,"Oil Change,Tires,HVAC",320529,TECH-111,False
MNT-103006,VH-2910,2024-10-29,Corrective,1265.663619689512,4.748565707982253,"Suspension,Brakes",72325,TECH-184,False
MNT-103007,VH-8532,2023-04-01,Preventive,748.4465827400944,4.3352095989027974,Brakes,292631,TECH-101,False
MNT-103008,VH-8296,2024-11-03,Preventive,730.1585543825313,1.7670311836369677,Tires,400572,TECH-154,False
MNT-103009,VH-1716,2024-08-27,Corrective,497.42700717472667,1.0892180699919178,"Suspension,Electrical",423313,TECH-147,False
MNT-103010,VH-8593,2023-02-23,Corrective,1178.0972940950705,3.154699588640192,Electrical,178971,TECH-159,False
MNT-103011,VH-2381,2023-09-28,Corrective,1153.8267613137589,5.974552860465914,Brakes,462681,TECH-125,False
MNT-103012,VH-1008,2023-07-05,Corrective,1539.4363606016454,1.0,HVAC,220863,TECH-160,False
MNT-103013,VH-8959,2023-07-21,Emergency,3046.012255121337,4.945696338064962,Brakes,436923,TECH-170,False
MNT-103014,VH-8923,2024-03-08,Preventive,476.2912589125966,1.0,"Oil Change,Engine",54314,TECH-141,True
MNT-103015,VH-5868,2023-05-09,Preventive,633.1382560179707,1.0,"Tires,Suspension,Oil Change",309585,TECH-116,False
MNT-103016,VH-9887,2023-12-25,Scheduled,393.40141172134753,1.2241261136274637,"Oil Change,Transmission",466439,TECH-195,False
MNT-103017,VH-2506,2024-12-17,Preventive,520.0929646437763,1.0,Electrical,180207,TECH-153,False
MNT-103018,VH-2559,2023-04-29,Corrective,757.9977788621682,1.0,"HVAC,Engine",366453,TECH-169,False
MNT-103019,VH-3179,2024-01-16,Corrective,2009.39285505841,1.6541545571385785,"Oil Change,Engine",468931,TECH-149,False
MNT-103020,VH-2536,2024-09-11,Corrective,1190.983546404327,10.351982384449467,"Brakes,HVAC,Suspension",204985,TECH-182,False
MNT-103021,VH-6709,2024-07-18,Preventive,197.41552887464366,8.761029868967668,"Electrical,Suspension,HVAC",97625,TECH-166,False
MNT-103022,VH-3132,2024-01-31,Preventive,353.50648810627496,1.0,HVAC,450705,TECH-152,False
MNT-103023,VH-1789,2023-07-15,Corrective,773.6200527080023,2.826480118098025,Suspension,333795,TECH-169,False
MNT-103024,VH-8445,2023-07-04,Preventive,709.5102463669587,1.1653156845208732,"Tires,Suspension",337246,TECH-137,False
MNT-103025,VH-7693,2023-12-28,Preventive,439.2257447109992,1.0,"HVAC,Brakes",340272,TECH-197,True
MNT-103026,VH-8468,2023-11-14,Corrective,1850.464544728635,25.86298163117484,Brakes,315523,TECH-193,False
MNT-103027,VH-4743,2024-10-04,Preventive,653.279307634235,4.624787254503968,"Oil Change,Suspension,Electrical",86842,TECH-108,False
MNT-103028,VH-8532,2024-01-12,Corrective,1031.6596393359403,1.0,"Engine,Brakes,Oil Change",226427,TECH-178,False
MNT-103029,VH-4503,2024-10-06,Preventive,635.0695852558476,1.5579456357132784,"Brakes,Suspension,Oil Change",168983,TECH-138,False
MNT-103030,VH-1008,2023-03-29,Scheduled,284.78669672892806,5.3681839169846794,"Brakes,Engine",31304,TECH-156,False
MNT-103031,VH-1131,2024-03-19,Corrective,1108.556813945123,5.249130400935512,Suspension,413455,TECH-165,True
MNT-103032,VH-9646,2024-03-02,Emergency,2315.981486164441,21.826981693675783,"HVAC,Brakes,Engine",319053,TECH-129,False
MNT-103033,VH-5868,2023-08-18,Preventive,304.2796594804152,10.651501524132057,Tires,470392,TECH-133,False
MNT-103034,VH-3179,2024-09-16,Corrective,1454.5045923022067,7.427172703957526,Oil Change,268196,TECH-183,False
MNT-103035,VH-7166,2024-10-14,Corrective,1531.3357916901477,7.427470763985568,Electrical,237857,TECH-165,False
MNT-103036,VH-2910,2024-12-18,Scheduled,422.34442933730935,1.653966978986908,"Tires,Engine,Transmission",132185,TECH-180,False
MNT-103037,VH-2357,2024-12-15,Preventive,649.1362047790177,1.3612593996328657,"Brakes,Oil Change,HVAC",167608,TECH-151,False
MNT-103038,VH-8857,2024-04-13,Preventive,318.3625737370906,4.567288646228298,"Suspension,Brakes,Oil Change",53112,TECH-198,False
MNT-103039,VH-3814,2023-12-25,Preventive,633.0335193410257,1.0,"HVAC,Oil Change,Suspension",224317,TECH-130,False
MNT-103040,VH-7918,2023-06-20,Preventive,513.4136974447084,1.8327207430789323,"Electrical,Transmission",195477,TECH-187,False
MNT-103041,VH-2587,2024-02-15,Preventive,474.7486929029343,2.2479671533488,"Brakes,Oil Change",454127,TECH-197,False
MNT-103042,VH-7688,2024-11-02,Preventive,524.9690460024242,1.0,"Brakes,Suspension",485104,TECH-196,False
MNT-103043,VH-8866,2023-04-22,Corrective,1316.192444240611,1.1387583011735576,Tires,326312,TECH-143,True
MNT-103044,VH-8923,2023-04-15,Preventive,489.7591797662654,1.1942015742663568,"Suspension,Transmission,Engine",156069,TECH-194,False
MNT-103045,VH-2410,2024-12-22,Corrective,1034.07288564591,8.8725574656612,"Tires,Brakes,Oil Change",176468,TECH-117,False
MNT-103046,VH-8866,2024-11-16,Emergency,2170.5776898248823,103.88943378193086,"Electrical,Tires,Transmission",38775,TECH-159,True
MNT-103047,VH-7832,2023-09-22,Scheduled,271.14953211350803,3.2738792736759605,"Oil Change,HVAC",15505,TECH-180,True
MNT-103048,VH-8445,2024-07-20,Preventive,620.1967497605617,3.937595857812141,"Oil Change,Brakes",24419,TECH-160,True
MNT-103049,VH-4001,2023-08-25,Corrective,1436.5003705489248,1.3137414389283064,"Engine,Tires",48676,TECH-164,False
MNT-103050,VH-7359,2023-05-25,Preventive,365.7557771504659,5.52569261645729,"Suspension,Tires",458778,TECH-163,True
MNT-103051,VH-6605,2023-09-07,Corrective,692.5608489513052,5.561808324328127,Brakes,369511,TECH-105,False
MNT-103052,VH-1072,2024-12-26,Preventive,801.17808502707,1.0,HVAC,329353,TECH-153,False
MNT-103053,VH-7162,2024-08-13,Preventive,231.56443098001864,15.198763195145109,Tires,354754,TECH-197,False
MNT-103054,VH-1885,2024-11-30,Corrective,1523.6845413519318,11.011714291486891,"Engine,Electrical,Tires",136977,TECH-143,True
MNT-103055,VH-6709,2023-09-11,Corrective,1203.2791273360592,38.364364478238315,"Transmission,Brakes",303679,TECH-157,True
MNT-103056,VH-1789,2024-02-06,Preventive,663.6947809052093,3.4493533492328843,Electrical,274267,TECH-152,False
MNT-103057,VH-4890,2024-08-04,Corrective,1768.1928509297754,17.92171624196619,Suspension,294368,TECH-179,True
MNT-103058,VH-1823,2024-06-17,Preventive,401.4945416957588,2.4833042502647453,Brakes,51199,TECH-143,False
MNT-103059,VH-1092,2024-11-21,Preventive,703.1143365529276,1.0,"Engine,Electrical,Transmission",41174,TECH-182,True
MNT-103060,VH-1131,2023-03-05,Preventive,458.19917210800884,2.866226237258674,"HVAC,Engine",192804,TECH-148,False
MNT-103061,VH-1885,2023-03-28,Corrective,838.6066482970683,1.0,HVAC,386136,TECH-165,False
MNT-103062,VH-7166,2024-07-02,Preventive,478.7726897089031,4.548108812228167,"Transmission,Oil Change,Suspension",126611,TECH-157,True
MNT-103063,VH-3776,2024-03-02,Preventive,335.32182841589304,2.7234846052194457,"Electrical,Tires,Brakes",276119,TECH-145,False
MNT-103064,VH-9887,2024-06-27,Corrective,1463.8452729635046,8.417452676380783,"Electrical,Oil Change,HVAC",290182,TECH-154,False
MNT-103065,VH-5203,2023-05-06,Scheduled,362.8393615109556,4.043089887443557,"Engine,Transmission,Suspension",277727,TECH-167,False
MNT-103066,VH-7166,2023-05-24,Corrective,1331.2943327758408,12.208187417549635,Engine,213297,TECH-152,False
MNT-103067,VH-5262,2023-01-18,Preventive,689.4930326871997,1.8653832599068316,"Engine,Oil Change,Electrical",408883,TECH-145,False
MNT-103068,VH-1072,2023-06-18,Preventive,504.37559025370024,1.3794856510573108,"HVAC,Brakes,Suspension",206794,TECH-101,True
MNT-103069,VH-7925,2024-06-11,Corrective,1207.0846018927402,1.0980124848793396,"Suspension,Engine,HVAC",32950,TECH-100,False
MNT-103070,VH-6605,2024-12-26,Corrective,1057.3485814986138,2.4564947002662043,"Engine,Tires",173967,TECH-191,True
MNT-103071,VH-6963,2024-12-27,Preventive,523.6023232340096,9.175880472123987,"Oil Change,Tires",488883,TECH-172,False
MNT-103072,VH-1059,2023-10-26,Preventive,140.6769534405804,21.907828054426968,"HVAC,Tires",184909,TECH-123,False
MNT-103073,VH-7171,2024-03-03,Preventive,361.08891567735446,3.6766034784947426,HVAC,432141,TECH-192,False
MNT-103074,VH-8579,2023-09-08,Preventive,464.9621436194395,5.3249352263338094,"HVAC,Electrical",409376,TECH-198,False
MNT-103075,VH-6775,2023-12-20,Corrective,1393.844207706926,12.49637133789508,Brakes,403909,TECH-165,False
MNT-103076,VH-2357,2024-05-06,Corrective,1318.6510917507242,3.2569168387656386,Engine,259585,TECH-135,False
MNT-103077,VH-5226,2024-06-01,Preventive,689.4561681900133,3.276848827101679,"Transmission,Tires",278669,TECH-150,True
MNT-103078,VH-1844,2024-08-26,Preventive,276.52909231967226,1.0,"Electrical,Transmission,HVAC",482084,TECH-142,False
MNT-103079,VH-9035,2023-08-11,Corrective,1588.6913778524315,7.1850967816709455,"HVAC,Engine",477920,TECH-121,True
MNT-103080,VH-8664,2023-08-29,Preventive,403.5423670280381,7.280305769321331,"Transmission,Oil Change",162192,TECH-163,True
MNT-103081,VH-6443,2024-03-21,Preventive,635.1554010910043,1.0,"Brakes,Oil Change",374584,TECH-130,True
MNT-103082,VH-6963,2023-08-12,Corrective,1086.1393085893842,32.97636869594867,"Electrical,Tires",223101,TECH-106,False
MNT-103083,VH-2290,2024-04-28,Scheduled,293.9262063871338,1.895348840846105,"Electrical,Engine",112490,TECH-143,False
MNT-103084,VH-5868,2023-02-02,Emergency,2727.3134981815488,81.83890955420605,Brakes,82333,TECH-155,True
MNT-103085,VH-2147,2024-06-25,Preventive,535.4863333760192,1.4252234646277124,Transmission,412588,TECH-176,False
MNT-103086,VH-2393,2024-09-21,Preventive,635.0818839486604,1.3442896578389705,"Brakes,Electrical",30378,TECH-105,False
MNT-103087,VH-3967,2024-01-30,Corrective,1049.0168085149885,3.382269253204095,Engine,17349,TECH-141,False
MNT-103088,VH-3618,2023-03-30,Scheduled,318.5175734106737,1.0,"Tires,HVAC",183806,TECH-112,False
MNT-103089,VH-3348,2023-06-19,Corrective,771.2144151408329,13.876172186937392,Tires,39287,TECH-183,False
MNT-103090,VH-2290,2024-01-18,Emergency,1940.765068444461,23.142845397968216,"Electrical,Engine,HVAC",138944,TECH-131,False
MNT-103091,VH-1215,2023-09-17,Scheduled,136.1915482929193,3.0631375410842616,"Brakes,Engine",244313,TECH-101,False
MNT-103092,VH-5056,2024-07-29,Preventive,451.9231951440529,1.0,"Engine,Tires,Electrical",443651,TECH-191,False
MNT-103093,VH-9152,2023-08-26,Preventive,432.42560212187936,1.3932297928282236,Brakes,398816,TECH-171,False
MNT-103094,VH-4976,2023-10-08,Preventive,547.2811554718799,3.6665058751466053,"Oil Change,Brakes,Transmission",209558,TECH-175,True
MNT-103095,VH-6071,2024-10-07,Scheduled,462.3394019042534,1.0,"Electrical,Transmission,HVAC",258039,TECH-168,False
MNT-103096,VH-3214,2023-08-28,Preventive,463.311379947433,3.378824139831867,"HVAC,Electrical",176243,TECH-167,False
MNT-103097,VH-3473,2024-03-06,Emergency,1491.7932935279869,7.8157867171731175,Transmission,36325,TECH-101,True
MNT-103098,VH-5991,2024-01-23,Corrective,660.9377913611605,15.648666574544453,Oil Change,227846,TECH-181,False
MNT-103099,VH-1716,2024-12-21,Emergency,2292.477011799566,4.335322053021724,"Suspension,Oil Change,HVAC",100373,TECH-102,False
MNT-103100,VH-3817,2023-03-24,Preventive,323.4553354442809,11.748572795432036,Transmission,251677,TECH-158,False
MNT-103101,VH-8653,2024-01-02,Emergency,2302.8815102626945,6.896194680970502,"Oil Change,HVAC,Engine",189252,TECH-169,False
MNT-103102,VH-9948,2024-08-23,Scheduled,379.3180869207173,2.2727633385548245,"Brakes,Transmission,Electrical",371792,TECH-121,False
MNT-103103,VH-2559,2024-09-24,Preventive,291.2010239644784,7.399785940984688,"Brakes,Tires,Engine",268810,TECH-155,False
MNT-103104,VH-2361,2024-12-25,Emergency,1687.2348843622653,47.93675598480603,Tires,148902,TECH-132,False
MNT-103105,VH-8790,2024-05-31,Preventive,713.762190387317,3.65243024410195,"Suspension,HVAC,Tires",76958,TECH-156,False
MNT-103106,VH-9522,2024-03-21,Preventive,448.3116615060125,6.931217680752853,"Tires,Electrical,Brakes",282332,TECH-191,False
MNT-103107,VH-7929,2023-08-29,Preventive,312.16079436256564,5.524833358374869,"Brakes,Transmission",425950,TECH-190,False
MNT-103108,VH-9008,2024-02-05,Preventive,829.2345779083496,4.346403980766284,Oil Change,405900,TECH-168,False
MNT-103109,VH-8445,2024-04-19,Corrective,1357.6361657788732,3.2927295799579426,Brakes,466668,TECH-136,True
MNT-103110,VH-3233,2024-10-05,Corrective,727.8475042285329,19.811126945967416,Suspension,390351,TECH-166,True
MNT-103111,VH-7162,2023-11-27,Corrective,1413.1955798304487,1.0,"HVAC,Brakes,Transmission",99653,TECH-143,False
MNT-103112,VH-7688,2024-12-13,Preventive,718.2813490275848,4.322781339007368,Electrical,421506,TECH-131,True
MNT-103113,VH-3278,2024-10-10,Corrective,1909.100172298713,6.406165317762687,Tires,153933,TECH-168,True
MNT-103114,VH-7832,2024-07-06,Preventive,518.937891375864,1.0,Brakes,244066,TECH-103,False
MNT-103115,VH-9737,2023-11-13,Preventive,631.6489446784832,1.0,"Tires,Brakes,Engine",176880,TECH-184,False
MNT-103116,VH-8547,2024-10-24,Corrective,396.48565964678914,3.2429962438409348,"Tires,Electrical,Engine",98802,TECH-193,True
MNT-103117,VH-9682,2023-06-30,Preventive,543.3308272071938,2.9048279505474413,"Brakes,Transmission",30934,TECH-148,False
MNT-103118,VH-2381,2023-10-06,Preventive,363.47786304561316,9.382460922813946,"Electrical,Tires",184375,TECH-161,False
MNT-103119,VH-8857,2024-05-21,Preventive,553.6559762769073,7.096963009669678,"Electrical,HVAC,Engine",322432,TECH-179,False
MNT-103120,VH-3588,2023-05-14,Corrective,1259.2872582691873,3.2909216378779895,Brakes,271152,TECH-143,True
MNT-103121,VH-7693,2024-01-22,Preventive,708.2769207859174,1.0,"Electrical,Oil Change",174506,TECH-118,False
MNT-103122,VH-1468,2024-07-26,Preventive,388.94043126918535,8.953152566620037,"Tires,Suspension",493409,TECH-193,False
MNT-103123,VH-4753,2023-05-08,Preventive,602.6444236366499,1.405755273202,"HVAC,Transmission,Electrical",327199,TECH-189,False
MNT-103124,VH-9821,2023-02-04,Scheduled,373.4941466724778,1.6920677602084806,Tires,137705,TECH-172,False
MNT-103125,VH-3927,2023-01-13,Preventive,484.81478550816047,4.157916300351603,"Oil Change,Suspension",194078,TECH-148,True
MNT-103126,VH-1712,2023-06-09,Corrective,650.5473203465068,10.25110939755956,"Suspension,HVAC,Transmission",230219,TECH-172,False
MNT-103127,VH-8296,2023-07-18,Corrective,1516.7561016383943,5.289617615177452,Oil Change,396661,TECH-185,False
MNT-103128,VH-5262,2023-12-27,Preventive,493.3815030450336,3.899163615620501,"Oil Change,Electrical,Brakes",194110,TECH-137,False
MNT-103129,VH-1475,2024-08-17,Preventive,544.3224535624207,2.8458688327377866,"HVAC,Suspension,Transmission",375804,TECH-176,False
MNT-103130,VH-8000,2023-12-29,Corrective,1020.3618393034064,12.35276973282051,"Engine,HVAC,Transmission",30554,TECH-163,True
MNT-103131,VH-6775,2023-01-01,Preventive,406.821927940047,8.11766475125794,"Suspension,Transmission,Electrical",88610,TECH-130,False
MNT-103132,VH-9723,2023-05-20,Corrective,1180.1944742589512,24.529175652640724,Transmission,35055,TECH-112,False
MNT-103133,VH-5991,2023-01-11,Preventive,530.0892587970582,1.1745915432732867,"HVAC,Tires",88655,TECH-162,False
MNT-103134,VH-7657,2024-05-05,Preventive,597.8237987402923,1.0,"Brakes,Oil Change,Suspension",333638,TECH-134,False
MNT-103135,VH-7807,2024-03-28,Emergency,3256.402492081496,24.44933766943543,"Electrical,Transmission",297081,TECH-110,False
MNT-103136,VH-7686,2023-04-18,Preventive,520.4772968765049,1.3101293662607163,"Tires,Engine,HVAC",498281,TECH-102,False
MNT-103137,VH-3540,2024-05-10,Scheduled,329.19249429863856,1.0,Brakes,217513,TECH-183,False
MNT-103138,VH-9887,2024-10-07,Preventive,507.93509266005685,5.021629216816893,"Transmission,Brakes,Oil Change",144551,TECH-164,True
MNT-103139,VH-9646,2023-06-11,Corrective,677.757985431422,5.998179263046484,"Transmission,HVAC",234473,TECH-126,False
MNT-103140,VH-4753,2023-05-13,Preventive,505.7305328758042,2.5044215248157378,"HVAC,Oil Change,Transmission",111169,TECH-107,True
MNT-103141,VH-1072,2024-08-09,Preventive,686.5611873230587,2.3488034245958223,HVAC,397528,TECH-186,False
MNT-103142,VH-1366,2024-04-29,Preventive,485.902123778341,8.18927363164258,"Brakes,Electrical,Oil Change",301979,TECH-130,True
MNT-103143,VH-7929,2023-11-06,Corrective,1221.6784689551719,2.8132914729534617,"Oil Change,Suspension,Engine",283130,TECH-171,True
MNT-103144,VH-5635,2023-09-21,Scheduled,321.4392910859638,1.0,"Engine,Transmission",429291,TECH-133,False
MNT-103145,VH-1008,2024-08-18,Emergency,1875.814698336776,26.17895671966442,"Tires,Engine",269678,TECH-147,False
MNT-103146,VH-5844,2024-06-30,Preventive,496.5428803178725,5.139186873475515,"Transmission,HVAC,Tires",252978,TECH-129,False
MNT-103147,VH-3618,2024-10-05,Preventive,192.20746778912144,2.9672067447710853,HVAC,447128,TECH-180,True
MNT-103148,VH-5912,2023-06-05,Preventive,431.7478866467135,8.292451742111739,Engine,471066,TECH-152,False
MNT-103149,VH-6019,2023-08-13,Preventive,347.6967106815507,1.85879192104849,"Brakes,Oil Change,Electrical",150673,TECH-185,False
MNT-103150,VH-8790,2024-08-24,Preventive,281.35370253713376,5.269889289942852,Electrical,263136,TECH-121,True
MNT-103151,VH-9682,2024-05-07,Scheduled,364.70783855794525,4.610557513889741,"Engine,Transmission,HVAC",295547,TECH-169,False
MNT-103152,VH-3317,2024-06-26,Scheduled,208.22577836213227,1.0,Electrical,472216,TECH-103,False
MNT-103153,VH-1844,2024-03-20,Preventive,560.325079233636,1.2772468076455843,Oil Change,11426,TECH-168,False
MNT-103154,VH-6985,2024-03-14,Emergency,2437.475300561991,54.149988996496134,"Transmission,Oil Change,Suspension",174835,TECH-150,False
MNT-103155,VH-8425,2023-01-24,Preventive,400.43993848690803,1.2283729602773559,"Engine,Suspension",479405,TECH-179,False
MNT-103156,VH-1092,2024-06-05,Corrective,1203.0139272569706,1.2090134309969334,"Transmission,Electrical",332030,TECH-183,False
MNT-103157,VH-3179,2023-11-20,Emergency,3201.4524403853843,91.5410771091101,Tires,76393,TECH-159,False
MNT-103158,VH-1335,2024-12-01,Preventive,667.3146052769437,1.0,"HVAC,Electrical",24126,TECH-153,True
MNT-103159,VH-7922,2024-04-04,Preventive,364.5258849611753,4.531176983356058,"Tires,Brakes",175580,TECH-198,False
MNT-103160,VH-2410,2023-08-23,Preventive,491.9415834344017,4.369501747481905,Oil Change,406762,TECH-114,False
MNT-103161,VH-8468,2023-08-28,Preventive,416.62812300226364,2.339637578711805,"Suspension,Oil Change",475726,TECH-170,False
MNT-103162,VH-7922,2024-04-10,Preventive,606.6113255680679,3.1916032486829646,Engine,213146,TECH-126,True
MNT-103163,VH-1999,2024-02-23,Scheduled,356.3389284494555,2.0497686633888073,Brakes,393969,TECH-196,False
MNT-103164,VH-3450,2024-08-08,Corrective,1430.4111709756091,19.53743920848968,Transmission,277984,TECH-160,False
MNT-103165,VH-5360,2024-06-19,Corrective,789.9008511489168,24.004914287515128,"HVAC,Suspension",102022,TECH-169,False
MNT-103166,VH-1335,2023-01-23,Preventive,444.11830049037053,1.0,"Tires,Suspension,Engine",106400,TECH-164,True
MNT-103167,VH-3125,2023-09-14,Preventive,445.63937270001355,1.0,"Brakes,HVAC,Suspension",384059,TECH-154,False
MNT-103168,VH-5450,2023-07-01,Preventive,288.5942969976504,1.7180662567662721,Oil Change,81185,TECH-147,False
MNT-103169,VH-4716,2024-03-01,Preventive,684.6320857495373,1.0,HVAC,162189,TECH-180,True
MNT-103170,VH-3547,2023-06-21,Preventive,626.2179146856088,1.57101690626513,Brakes,49807,TECH-177,True
MNT-103171,VH-3605,2024-06-29,Preventive,492.1255499440107,6.176068179590619,"Suspension,Tires,HVAC",100129,TECH-132,True
MNT-103172,VH-9772,2023-07-03,Corrective,1346.2928123742417,10.383778851538136,"Tires,Electrical,Engine",79358,TECH-120,False
MNT-103173,VH-9394,2024-04-23,Emergency,3061.032458947403,52.043780802021374,"Suspension,Brakes,Engine",101957,TECH-199,True
MNT-103174,VH-8532,2024-11-05,Scheduled,622.7286760378183,1.0004077257494235,"HVAC,Oil Change",300536,TECH-105,True
MNT-103175,VH-8563,2024-04-05,Preventive,440.4347363150496,1.0,"Engine,Electrical,Tires",168739,TECH-193,False
MNT-103176,VH-1008,2023-01-04,Scheduled,269.865794814375,5.275594305112151,"Electrical,Engine,HVAC",442485,TECH-114,True
MNT-103177,VH-3927,2023-11-27,Emergency,2310.8057474838415,11.433737687288996,Suspension,325798,TECH-125,False
MNT-103178,VH-8097,2024-09-19,Scheduled,252.08151572014242,1.0,Electrical,447442,TECH-152,False
MNT-103179,VH-8664,2024-12-10,Preventive,553.230062859181,9.16762860881358,"Brakes,HVAC",476741,TECH-140,False
MNT-103180,VH-2357,2023-06-15,Preventive,346.6626061909225,2.2891611342130176,Engine,467942,TECH-124,True
MNT-103181,VH-5670,2023-06-09,Corrective,1170.675724715425,1.0,"Engine,Brakes,Oil Change",323788,TECH-123,True
MNT-103182,VH-3179,2023-05-29,Preventive,522.2420905051187,21.395510964839467,"Oil Change,HVAC",79851,TECH-164,False
MNT-103183,VH-9772,2023-11-14,Preventive,246.5051052811997,1.7629523328851868,Electrical,370776,TECH-102,True
MNT-103184,VH-6605,2024-09-01,Emergency,3079.8876785982707,32.77665657566088,Oil Change,63636,TECH-138,False
MNT-103185,VH-7311,2024-06-28,Preventive,579.852494060678,2.1845753673645643,Suspension,228005,TECH-130,False
MNT-103186,VH-1620,2024-05-14,Corrective,851.8142787600414,4.341996016977049,Suspension,43094,TECH-100,True
MNT-103187,VH-1215,2023-06-14,Emergency,2196.4502953637966,5.338874214304942,"Engine,Electrical,Brakes",451311,TECH-147,False
MNT-103188,VH-8103,2024-04-01,Emergency,3640.5003067268053,14.630469614400083,HVAC,285855,TECH-137,False
MNT-103189,VH-6985,2023-05-26,Preventive,502.2610008182819,1.7072384430153378,"Engine,Suspension,Oil Change",78908,TECH-158,False
MNT-103190,VH-1335,2023-08-18,Preventive,209.11207649515637,4.468261689987009,Transmission,111760,TECH-106,True
MNT-103191,VH-5360,2024-04-18,Preventive,662.504178515645,4.382293807837029,"HVAC,Brakes",61734,TECH-116,True
MNT-103192,VH-1712,2024-07-12,Preventive,603.6631018359969,1.5542215204502046,"HVAC,Brakes",103160,TECH-107,False
MNT-103193,VH-2357,2024-11-04,Preventive,341.8168209807771,1.0,Brakes,343058,TECH-164,False
MNT-103194,VH-5028,2024-04-22,Preventive,780.471351690959,5.920823431732939,"Transmission,Suspension",321756,TECH-150,True
MNT-103195,VH-9035,2023-09-06,Emergency,3065.2255122033935,5.626619890426479,Transmission,212585,TECH-192,True
MNT-103196,VH-6835,2024-08-20,Preventive,219.5179323786635,1.0,"Transmission,Oil Change,Electrical",168410,TECH-182,False
MNT-103197,VH-3490,2023-11-05,Preventive,612.8654321881849,16.03654547843996,"Brakes,Suspension,Electrical",413005,TECH-184,True
MNT-103198,VH-3132,2024-01-09,Preventive,369.02126107547434,6.294802698854791,Suspension,166222,TECH-175,True
MNT-103199,VH-1420,2023-01-23,Scheduled,456.9892639600613,1.8280920455028262,"Suspension,Transmission",483042,TECH-170,False
MNT-103200,VH-5282,2024-01-23,Corrective,847.0462898988079,7.844561800610323,Electrical,466203,TECH-180,True
MNT-103201,VH-3547,2024-05-29,Corrective,1628.1871845569528,55.09590711554458,"Engine,Suspension,Transmission",480032,TECH-117,False
MNT-103202,VH-7925,2023-07-18,Emergency,2832.332727320702,4.262354837500935,"Transmission,Oil Change",60109,TECH-117,True
MNT-103203,VH-5478,2024-08-21,Corrective,1079.4669280157916,1.5954925495500842,"Oil Change,Transmission,Brakes",444868,TECH-129,False
MNT-103204,VH-2410,2023-09-01,Preventive,398.9834359178878,4.044267511148215,"Brakes,Electrical,HVAC",197241,TECH-130,False
MNT-103205,VH-4001,2023-03-03,Preventive,455.41397094048847,3.365392107346713,"Suspension,Tires,HVAC",280893,TECH-132,False
MNT-103206,VH-6473,2024-08-04,Emergency,2482.3678674796047,76.02852331434622,"HVAC,Suspension",451667,TECH-104,False
MNT-103207,VH-8468,2024-07-21,Corrective,951.4046078852348,1.9624662755147166,"Electrical,Engine",300092,TECH-126,True
MNT-103208,VH-7136,2023-04-01,Preventive,511.5625107021887,1.2818566571217411,"Suspension,Brakes,Electrical",309460,TECH-186,False
MNT-103209,VH-5056,2023-08-04,Preventive,435.54215309350866,1.9329831946918015,"Suspension,Oil Change,Electrical",173512,TECH-194,True
MNT-103210,VH-5717,2023-07-05,Emergency,3334.461273098015,67.03415839873084,"Oil Change,Tires",196986,TECH-148,True
MNT-103211,VH-1059,2024-04-17,Corrective,748.6042796291147,1.0,Electrical,360350,TECH-123,False
MNT-103212,VH-8579,2024-03-05,Preventive,212.0016254669477,1.8214632200758922,"Engine,Oil Change,Transmission",493334,TECH-108,False
MNT-103213,VH-5844,2023-10-17,Corrective,465.5037252534779,25.707346471798402,"Electrical,Oil Change,HVAC",425568,TECH-187,False
MNT-103214,VH-7359,2024-09-02,Corrective,865.3902745192082,9.25348543251634,"Tires,Engine,Transmission",367028,TECH-125,True
MNT-103215,VH-3967,2023-10-03,Preventive,546.214109307231,2.8548065911560467,"Electrical,Engine,Tires",235755,TECH-116,True
MNT-103216,VH-6253,2023-10-29,Preventive,570.9814925004816,6.03065873743725,"Suspension,Electrical",246893,TECH-168,False
MNT-103217,VH-5717,2024-08-18,Preventive,607.9793156517911,2.683675705509908,Brakes,34473,TECH-121,False
MNT-103218,VH-4940,2023-11-08,Corrective,678.2863575462193,12.74078273554385,Tires,428996,TECH-107,True
MNT-103219,VH-6019,2024-06-16,Corrective,1352.1867218074829,8.678160023734321,"Brakes,Oil Change",366189,TECH-124,False
MNT-103220,VH-9432,2023-11-04,Corrective,820.2390183861764,3.56302591213253,"Electrical,HVAC,Suspension",145256,TECH-153,False
MNT-103221,VH-5684,2023-10-01,Corrective,1089.3083357595053,15.991640902877876,"Brakes,Electrical",109449,TECH-101,True
MNT-103222,VH-9948,2023-01-15,Scheduled,325.8297758258154,1.0,"Electrical,HVAC",154434,TECH-132,False
MNT-103223,VH-6473,2024-11-24,Corrective,859.581613026379,39.611802736458536,"Suspension,Brakes,Transmission",215666,TECH-141,True
MNT-103224,VH-5991,2024-12-29,Preventive,575.0211202791953,4.720727637292778,"Tires,Transmission,Electrical",52912,TECH-164,True
MNT-103225,VH-8923,2024-10-08,Emergency,3273.2068438403185,52.4835105426859,Engine,451190,TECH-118,False
MNT-103226,VH-2915,2024-11-11,Corrective,1659.3563247126274,11.7415437122345,"Tires,HVAC",387148,TECH-156,True
MNT-103227,VH-9646,2024-11-14,Corrective,2058.3193618297546,7.074451416322903,"Suspension,Oil Change,Engine",423271,TECH-172,False
MNT-103228,VH-7925,2024-07-01,Preventive,526.6118134573723,4.0929707988574435,"Suspension,Transmission,Electrical",272106,TECH-115,False
MNT-103229,VH-8653,2024-06-05,Preventive,271.7723332772322,5.522827586927546,HVAC,401641,TECH-171,True
MNT-103230,VH-4042,2023-03-04,Preventive,655.0860267016715,7.421128085279502,"Electrical,Suspension,HVAC",173473,TECH-117,True
MNT-103231,VH-1789,2024-11-09,Preventive,418.5659015457487,5.74002316384489,Oil Change,475042,TECH-170,False
MNT-103232,VH-6963,2024-02-10,Scheduled,321.1648951587531,1.0,"Electrical,HVAC,Suspension",283058,TECH-152,False
MNT-103233,VH-5717,2024-06-08,Corrective,1348.5950811778034,12.093735115111247,"Transmission,HVAC",391722,TECH-148,False
MNT-103234,VH-8653,2023-04-26,Preventive,429.89737470439815,4.463593149328393,"Electrical,Oil Change,Suspension",399274,TECH-136,True
MNT-103235,VH-8579,2024-03-11,Emergency,1459.1808843057681,24.527952304650718,Electrical,437842,TECH-121,False
MNT-103236,VH-1823,2023-10-30,Corrective,960.3532311205522,14.427757472113878,"Transmission,HVAC,Tires",369157,TECH-102,False
MNT-103237,VH-9772,2023-04-30,Corrective,839.7229311399717,4.8169598262054,"Oil Change,Electrical,HVAC",152062,TECH-148,True
MNT-103238,VH-7657,2024-07-25,Preventive,349.2349766531761,10.238481099788295,"Tires,Transmission,Brakes",294136,TECH-144,True
MNT-103239,VH-9887,2024-07-15,Corrective,1296.078125187421,12.695095838067457,"Transmission,Suspension,HVAC",342707,TECH-163,True
MNT-103240,VH-5262,2024-04-15,Emergency,2420.4433050013777,10.380449593034818,"Engine,Oil Change",130140,TECH-159,False
MNT-103241,VH-2690,2023-06-23,Corrective,1019.177312009554,15.644815835627252,Suspension,174412,TECH-164,True
MNT-103242,VH-9821,2023-12-18,Corrective,956.7631269864564,20.37101552417721,Electrical,106710,TECH-142,False
MNT-103243,VH-2422,2024-04-07,Preventive,399.8047880992773,1.0,"Engine,Suspension,Transmission",62031,TECH-178,False
MNT-103244,VH-5360,2024-03-16,Preventive,429.8956950374593,1.0,HVAC,174328,TECH-122,True
MNT-103245,VH-7741,2023-01-03,Emergency,2648.550678835672,27.960807079159906,"Engine,Electrical",140136,TECH-137,False
MNT-103246,VH-4042,2023-05-04,Preventive,695.9871823943735,3.4464477367863497,Transmission,302666,TECH-116,False
MNT-103247,VH-1008,2024-09-27,Scheduled,342.2645526070438,1.318476116724893,Oil Change,73738,TECH-109,False
MNT-103248,VH-9274,2023-05-14,Preventive,308.0515748308195,1.0,HVAC,336182,TECH-113,False
MNT-103249,VH-3125,2024-10-21,Corrective,1541.4681218522867,29.426274752151357,"Tires,Brakes",83111,TECH-170,False
MNT-103250,VH-8959,2024-04-03,Corrective,1079.0301180464987,1.0,"Suspension,HVAC,Brakes",284784,TECH-118,False
MNT-103251,VH-2422,2023-08-21,Preventive,637.0728990223103,1.0338950887970915,"Electrical,HVAC,Brakes",188103,TECH-168,False
MNT-103252,VH-8176,2024-07-30,Preventive,742.1925670356081,2.7073956893748203,Brakes,65162,TECH-151,False
MNT-103253,VH-6346,2023-01-26,Corrective,759.0739687838982,19.644379382389516,"Transmission,Electrical",58017,TECH-101,False
MNT-103254,VH-5478,2023-10-18,Emergency,2213.8237281528354,34.84277166410675,"HVAC,Electrical",325930,TECH-108,True
MNT-103255,VH-3605,2024-01-08,Corrective,1006.9817086828307,1.4237955023865934,"Electrical,Brakes",287796,TECH-129,False
MNT-103256,VH-5450,2024-09-09,Emergency,2524.0308421812833,24.480739877994584,Brakes,58229,TECH-134,False
MNT-103257,VH-2464,2023-07-07,Preventive,664.8504528350034,2.895488831016415,"Electrical,Brakes",267672,TECH-170,True
MNT-103258,VH-8468,2023-01-10,Emergency,1241.4772734858896,78.88330383134239,"Engine,Oil Change,Suspension",31973,TECH-100,False
MNT-103259,VH-3919,2023-03-13,Corrective,1606.3859869470075,6.7196107430990555,"HVAC,Electrical,Tires",153829,TECH-197,True
MNT-103260,VH-7832,2023-03-10,Preventive,603.5735130941041,1.2264352165284944,"Oil Change,HVAC,Tires",305498,TECH-184,False
MNT-103261,VH-1999,2023-11-01,Corrective,587.6582025381443,1.035361316752899,"Transmission,Oil Change,Electrical",284770,TECH-141,False
MNT-103262,VH-2464,2024-01-30,Corrective,1062.5566358816288,5.876222555094551,Brakes,287402,TECH-154,False
MNT-103263,VH-3092,2023-02-27,Corrective,1251.7808829197377,3.3712425324841906,Brakes,318639,TECH-121,False
MNT-103264,VH-3092,2024-08-05,Corrective,984.8824103055,33.395475315662125,"Brakes,Engine,Tires",350515,TECH-140,True
MNT-103265,VH-1215,2024-08-06,Corrective,1845.9617815404304,12.493593598615776,"Oil Change,Tires",354496,TECH-176,True
MNT-103266,VH-5203,2024-02-05,Preventive,473.64083377652474,8.115504428308853,"Engine,HVAC,Suspension",250048,TECH-173,False
MNT-103267,VH-7918,2023-11-30,Preventive,334.44543321793515,5.043030417618149,"HVAC,Tires,Brakes",126314,TECH-144,True
MNT-103268,VH-6908,2023-03-03,Corrective,893.9962290410915,10.58899955049833,Electrical,112988,TECH-106,False
MNT-103269,VH-2464,2024-08-19,Preventive,594.1682722624404,1.962495836611821,Engine,82966,TECH-112,False
MNT-103270,VH-5203,2024-10-03,Corrective,854.6173761253611,1.0,Engine,94652,TECH-158,False
MNT-103271,VH-3540,2024-04-12,Preventive,616.5507236091894,9.948647601173187,"Electrical,Tires",274876,TECH-122,False
MNT-103272,VH-8097,2023-03-07,Scheduled,391.6714909986844,14.12607014371695,"Transmission,HVAC,Brakes",479032,TECH-100,True
MNT-103273,VH-7162,2024-09-10,Corrective,2106.395160660073,16.88661048315413,"Oil Change,Brakes,HVAC",345491,TECH-118,True
MNT-103274,VH-1468,2024-11-28,Preventive,492.5915802676928,6.604411800093651,"Oil Change,Tires,Transmission",98159,TECH-143,False
MNT-103275,VH-6718,2023-08-10,Preventive,568.3013135512808,1.836712241763388,"Engine,Transmission,Electrical",219256,TECH-144,False
MNT-103276,VH-3348,2023-02-28,Emergency,2269.1795376788373,9.480891745401925,"Electrical,Tires",342725,TECH-156,False
MNT-103277,VH-6963,2024-02-12,Preventive,154.31237819380715,1.9238034998376892,Electrical,414396,TECH-101,False
MNT-103278,VH-1475,2023-07-10,Corrective,846.2184490151977,15.187752700750202,"Suspension,Engine",85765,TECH-140,False
MNT-103279,VH-5991,2024-01-11,Emergency,1478.592471187655,3.2320506064572383,"HVAC,Oil Change,Suspension",54624,TECH-147,False
MNT-103280,VH-4890,2023-07-13,Corrective,1458.4542578542053,12.084607143526895,"Transmission,Engine",442404,TECH-126,False
MNT-103281,VH-9682,2023-06-03,Corrective,1243.1605019979722,23.449888387047054,HVAC,100205,TECH-172,False
MNT-103282,VH-7918,2024-04-29,Preventive,593.1916417184555,1.7771449697126542,Brakes,336942,TECH-146,True
MNT-103283,VH-8959,2023-03-01,Preventive,322.18721327739854,2.9387686239367126,"Brakes,Transmission,Electrical",245993,TECH-109,False
MNT-103284,VH-6835,2024-09-28,Corrective,813.086948740287,17.13468509930019,"Electrical,HVAC",252828,TECH-135,False
MNT-103285,VH-6709,2024-12-26,Preventive,587.4227228640696,1.0813111681757825,"Tires,Transmission,Brakes",113367,TECH-174,False
MNT-103286,VH-6709,2023-12-14,Emergency,3836.573376903735,6.734583152911581,Electrical,331646,TECH-123,False
MNT-103287,VH-2410,2023-10-07,Corrective,1061.477677640792,5.383237849844273,Oil Change,253840,TECH-183,False
MNT-103288,VH-6718,2024-09-11,Corrective,1325.7835806261448,2.9932575468874356,"Tires,Transmission,HVAC",409248,TECH-157,False
MNT-103289,VH-3588,2023-08-08,Emergency,3327.6729009163696,29.151239421830336,Tires,271006,TECH-193,False
MNT-103290,VH-3540,2023-03-16,Corrective,653.8098473430779,28.764830338606387,Oil Change,318422,TECH-144,False
MNT-103291,VH-5912,2024-03-20,Preventive,616.171434461564,8.361488298443579,"Suspension,Transmission",232192,TECH-172,False
MNT-103292,VH-9948,2024-05-27,Corrective,1007.3928926100502,61.32072008878729,"Engine,Suspension,Brakes",82681,TECH-133,False
MNT-103293,VH-8840,2023-11-11,Scheduled,332.8019053164287,3.1712271214999026,"Electrical,Oil Change",369234,TECH-109,False
MNT-103294,VH-2381,2023-10-18,Preventive,480.6513411261059,5.303075093712754,"Transmission,Electrical,HVAC",356232,TECH-120,False
MNT-103295,VH-2393,2024-03-06,Preventive,208.2078134760843,1.0,Electrical,231511,TECH-185,False
MNT-103296,VH-8639,2024-01-27,Corrective,905.3756840379217,7.179387795167268,"HVAC,Electrical,Tires",199984,TECH-104,False
MNT-103297,VH-2410,2024-01-19,Emergency,3271.638733810186,22.832658884946824,"Engine,Transmission,HVAC",432687,TECH-134,False
MNT-103298,VH-7171,2023-12-03,Preventive,630.1557089730051,2.3466142249338104,Transmission,419413,TECH-131,True
MNT-103299,VH-8959,2023-08-07,Corrective,1422.6885874027953,7.252962656734469,"Tires,Suspension",88111,TECH-109,False
MNT-103300,VH-8316,2024-01-07,Scheduled,431.6777682303708,7.537382875490197,Brakes,124396,TECH-155,False
MNT-103301,VH-8425,2024-02-22,Preventive,593.2965932188907,3.7488227812625525,"Brakes,Oil Change,HVAC",184830,TECH-111,False
MNT-103302,VH-3814,2024-08-26,Emergency,1722.0000963962327,7.917843408386501,Electrical,412856,TECH-159,True
MNT-103303,VH-5672,2024-04-08,Preventive,518.828738668241,1.6203989443742048,"Brakes,HVAC,Tires",425160,TECH-189,True
MNT-103304,VH-9394,2024-06-05,Preventive,305.6767428426508,1.2251038578085267,"Brakes,HVAC,Electrical",421049,TECH-134,False
MNT-103305,VH-7832,2024-11-16,Preventive,431.0294999928993,1.3358095229566833,Tires,242785,TECH-175,False
MNT-103306,VH-8468,2023-07-15,Corrective,1251.689497617266,10.558465440783234,"Suspension,Brakes,Engine",220439,TECH-195,False
MNT-103307,VH-8857,2023-12-23,Preventive,584.8465520732561,2.025921672814773,Oil Change,434479,TECH-117,True
MNT-103308,VH-4688,2023-03-28,Preventive,534.3850214473127,2.1011851041321474,"Tires,Electrical,Brakes",282039,TECH-180,False
MNT-103309,VH-8593,2023-12-29,Preventive,435.76178470934747,6.515194449789452,"Tires,Engine,HVAC",303558,TECH-179,True
MNT-103310,VH-8532,2023-12-19,Preventive,440.70354913415116,16.01832693482944,Engine,403814,TECH-149,True
MNT-103311,VH-3132,2024-11-10,Emergency,1293.953535427458,11.116816990520267,Engine,442642,TECH-123,False
MNT-103312,VH-7162,2024-04-07,Preventive,533.3548155954431,1.0,Brakes,76702,TECH-143,False
MNT-103313,VH-1335,2023-06-24,Preventive,551.4885296245196,1.0,"HVAC,Tires",342867,TECH-146,True
MNT-103314,VH-8547,2023-06-28,Emergency,1249.3716784193725,1.0,"Tires,Suspension",53891,TECH-101,False
MNT-103315,VH-4940,2024-01-07,Preventive,573.1748912334364,1.0224255419915167,"HVAC,Oil Change",343898,TECH-126,False
MNT-103316,VH-3233,2024-01-25,Preventive,739.3307715060803,5.1570927201908985,"Electrical,Oil Change,Tires",297235,TECH-131,False
MNT-103317,VH-8000,2024-08-02,Scheduled,316.14657365724526,1.3675826677189526,HVAC,122254,TECH-139,False
MNT-103318,VH-9394,2023-02-25,Corrective,1197.6840710517793,1.0,Tires,96893,TECH-171,True
MNT-103319,VH-8468,2024-04-09,Preventive,565.9934261797407,4.25745320311171,"Engine,Tires,Transmission",96070,TECH-173,False
MNT-103320,VH-6037,2023-02-01,Corrective,1192.0783440367172,5.410145336366946,Transmission,98783,TECH-176,False
MNT-103321,VH-1835,2024-09-07,Emergency,2152.0176542218596,31.519127295242235,Engine,116867,TECH-187,False
MNT-103322,VH-4247,2023-03-04,Emergency,2438.9579317596163,32.656073947781984,"Brakes,Electrical",45794,TECH-128,True
MNT-103323,VH-9821,2024-07-18,Preventive,311.4890703831476,1.9801834343527462,Engine,90465,TECH-130,False
MNT-103324,VH-7171,2023-09-15,Corrective,1228.7647305502446,3.4086301631434814,"Engine,Transmission",36240,TECH-165,True
MNT-103325,VH-8376,2024-10-02,Preventive,671.4887231683203,1.0607920040663485,"Oil Change,Transmission,HVAC",249855,TECH-154,True
MNT-103326,VH-3540,2024-03-04,Emergency,1737.8019761582577,64.2674936904366,"HVAC,Electrical,Transmission",52633,TECH-173,False
MNT-103327,VH-7918,2023-10-13,Corrective,1121.1733238204504,30.19212413428857,"Tires,Brakes",188744,TECH-176,False
MNT-103328,VH-2361,2024-05-28,Preventive,739.0080414418827,1.0,Transmission,120226,TECH-172,False
MNT-103329,VH-7162,2023-12-26,Preventive,545.0062734977461,1.0,"Tires,Oil Change,Brakes",302843,TECH-102,False
MNT-103330,VH-4740,2024-07-16,Preventive,616.3787774410298,1.4277262333594767,Transmission,61618,TECH-128,False
MNT-103331,VH-7311,2023-02-04,Preventive,498.7283670672778,6.138444439182251,"Oil Change,HVAC",87775,TECH-175,False
MNT-103332,VH-9274,2024-08-13,Corrective,989.9783653747901,16.75298267752301,"Transmission,Electrical,Tires",43787,TECH-189,True
MNT-103333,VH-6636,2023-07-20,Preventive,574.7676827243642,1.0518910535639752,Tires,190357,TECH-157,False
MNT-103334,VH-2372,2023-05-25,Corrective,767.6074319483461,1.0,Electrical,305061,TECH-112,False
MNT-103335,VH-8593,2024-04-12,Scheduled,345.5961402276327,1.0,"Tires,HVAC",372428,TECH-129,False
MNT-103336,VH-2625,2023-02-02,Preventive,613.9696630394039,8.483287301791433,"Suspension,Tires",220498,TECH-195,False
MNT-103337,VH-3540,2024-06-26,Corrective,626.2731226981389,7.375488420888693,"Engine,Brakes",313306,TECH-145,True
MNT-103338,VH-8468,2023-07-29,Scheduled,208.72355594832817,1.4073346435195615,"Suspension,Engine,Oil Change",197750,TECH-151,False
MNT-103339,VH-4106,2024-04-13,Corrective,1373.839936772478,1.0,"Tires,Engine,HVAC",384816,TECH-185,False
MNT-103340,VH-3547,2024-02-06,Emergency,2099.437870300231,9.012263243059829,"Electrical,Engine,Suspension",250083,TECH-174,False
MNT-103341,VH-7693,2024-11-11,Preventive,486.9982410207658,3.149288332792918,"Engine,Oil Change,Tires",16469,TECH-198,True
MNT-103342,VH-3348,2023-09-26,Preventive,430.6307139689279,3.388597330861426,Oil Change,255650,TECH-106,False
MNT-103343,VH-1588,2023-09-22,Preventive,472.2509477558682,1.5005977271797513,"HVAC,Oil Change,Suspension",369354,TECH-173,False
MNT-103344,VH-5684,2024-02-14,Preventive,336.09631735442247,1.115809551809936,"HVAC,Tires,Suspension",411907,TECH-144,False
MNT-103345,VH-1620,2023-01-14,Corrective,1649.9716241189712,3.434496580974864,Engine,265677,TECH-100,False
MNT-103346,VH-4890,2023-10-24,Corrective,508.89348418026384,1.0,Oil Change,71719,TECH-178,False
MNT-103347,VH-9824,2023-12-24,Preventive,551.125834870556,3.8011571219121367,"Suspension,HVAC",306688,TECH-125,False
MNT-103348,VH-8445,2024-09-03,Corrective,1384.7724754410779,7.248780475099403,"Brakes,Electrical,Suspension",309825,TECH-162,False
MNT-103349,VH-5056,2023-09-25,Preventive,363.1112323689788,1.0,"HVAC,Oil Change,Engine",380202,TECH-178,False
MNT-103350,VH-1835,2024-03-13,Corrective,744.5827051978844,5.862314113299588,Electrical,323569,TECH-164,True
MNT-103351,VH-4984,2023-12-24,Preventive,390.15620868603565,1.8506539030772506,Brakes,391132,TECH-123,True
MNT-103352,VH-1131,2024-06-07,Preventive,488.44437247777387,1.0,Tires,37086,TECH-108,True
MNT-103353,VH-4976,2023-08-29,Preventive,426.45474740518455,5.025306831988241,Engine,421154,TECH-110,True
MNT-103354,VH-5672,2024-05-08,Corrective,1006.9645452548929,7.7805418328361275,Brakes,73385,TECH-108,False
MNT-103355,VH-3039,2024-01-04,Preventive,584.5168144857457,1.0,"Suspension,Brakes,Oil Change",470922,TECH-127,False
MNT-103356,VH-5868,2023-06-08,Corrective,975.8627349143103,19.032396797362487,"Transmission,Suspension,Oil Change",469378,TECH-111,False
MNT-103357,VH-5714,2023-03-15,Preventive,583.3179677980529,1.0,Tires,214052,TECH-102,False
MNT-103358,VH-3540,2023-07-16,Emergency,2571.923026350497,33.973170630541276,Electrical,442661,TECH-129,False
MNT-103359,VH-5714,2024-06-10,Scheduled,63.80155074769249,1.5408426790724152,"Electrical,Oil Change",194060,TECH-162,False
MNT-103360,VH-8376,2024-02-25,Emergency,2463.5462150693334,5.72446607873824,HVAC,166833,TECH-107,False
MNT-103361,VH-3814,2024-02-23,Corrective,1354.754638973148,3.1578414557648182,"Brakes,Electrical",28523,TECH-179,False
MNT-103362,VH-8468,2024-04-11,Emergency,1662.374203573489,4.042105046831034,"Transmission,Tires,Brakes",471072,TECH-118,False
MNT-103363,VH-9394,2023-07-07,Corrective,1533.5713841664194,6.579258362974323,"Suspension,HVAC",189896,TECH-178,False
MNT-103364,VH-8653,2024-02-13,Corrective,492.15815852816536,7.104644687796672,"Transmission,Electrical",106386,TECH-160,True
MNT-103365,VH-3132,2024-02-16,Scheduled,281.35580985088154,1.4934436805327063,"Suspension,HVAC",154415,TECH-188,True
MNT-103366,VH-2464,2023-10-28,Corrective,1971.4842694464924,6.599357265523596,"Tires,Brakes,Electrical",241738,TECH-197,False
MNT-103367,VH-5684,2024-05-21,Corrective,1164.3494461952903,21.37140133591953,Engine,112221,TECH-125,False
MNT-103368,VH-6775,2023-04-11,Emergency,179.4152383159103,4.796010564249907,"Transmission,Oil Change,Tires",426313,TECH-106,False
MNT-103369,VH-5635,2023-12-20,Preventive,540.1055235841575,1.0,Brakes,229078,TECH-164,False
MNT-103370,VH-8547,2023-11-19,Preventive,551.4000757159009,1.270131209104912,"Brakes,Transmission,HVAC",250038,TECH-119,False
MNT-103371,VH-7162,2024-03-19,Scheduled,331.82032103149425,1.0,"Electrical,Brakes,HVAC",377847,TECH-112,False
MNT-103372,VH-7359,2024-01-23,Corrective,1090.6815886306229,4.451901452534882,"Oil Change,HVAC",425029,TECH-190,False
MNT-103373,VH-8857,2024-04-19,Preventive,617.9500861020108,1.6150352620867308,"HVAC,Electrical",437409,TECH-112,False
MNT-103374,VH-8103,2023-01-10,Corrective,483.52744637936416,4.540360492488333,"Electrical,Brakes,Engine",409814,TECH-142,False
MNT-103375,VH-3490,2024-03-10,Preventive,355.85753332634135,1.2453110470167539,"Electrical,HVAC",171506,TECH-112,False
MNT-103376,VH-4503,2023-01-04,Preventive,425.7878863722599,1.0,"Tires,HVAC",188668,TECH-110,False
MNT-103377,VH-9274,2024-03-24,Preventive,468.46495613082294,3.6263677304811033,"Transmission,Brakes,Oil Change",212171,TECH-186,False
MNT-103378,VH-9105,2024-09-07,Preventive,416.7064689897528,1.254582684203735,"Tires,Suspension",348520,TECH-141,False
MNT-103379,VH-8579,2024-04-23,Preventive,587.978215359688,1.0,Oil Change,287482,TECH-179,False
MNT-103380,VH-7918,2023-09-13,Scheduled,254.9030130867999,1.0,Oil Change,281571,TECH-130,False
MNT-103381,VH-3233,2024-06-04,Scheduled,473.71992975982755,1.0,"Electrical,Engine,Suspension",268906,TECH-156,False
MNT-103382,VH-1391,2023-08-25,Preventive,717.9076409090704,1.4328414549645483,Electrical,273933,TECH-115,False
MNT-103383,VH-7311,2024-07-29,Emergency,2314.8163476514087,1.0,Oil Change,400870,TECH-148,True
MNT-103384,VH-6963,2024-09-28,Corrective,1042.7651208674695,5.1359097382209065,"Transmission,HVAC",68648,TECH-194,True
MNT-103385,VH-3817,2024-11-22,Preventive,489.2996085387975,7.529737495942154,"Brakes,HVAC",257079,TECH-157,True
MNT-103386,VH-3967,2024-04-14,Corrective,1231.0143285576605,23.0233221415652,"Brakes,Transmission",380978,TECH-169,False
MNT-103387,VH-5282,2023-08-12,Preventive,732.0281262412177,1.0,"Transmission,Tires",465009,TECH-146,False
MNT-103388,VH-7162,2024-03-17,Preventive,411.2216979876807,7.178548524493691,"Brakes,Electrical,Engine",283114,TECH-176,True
MNT-103389,VH-5450,2024-04-18,Preventive,604.9006377674222,2.755277194012221,"Oil Change,Suspension,Tires",253128,TECH-168,False
MNT-103390,VH-6835,2024-09-15,Emergency,1395.3373976115768,4.876921961062729,"Suspension,Transmission",425992,TECH-168,False
MNT-103391,VH-6636,2024-10-11,Preventive,587.6837515287015,1.0,"HVAC,Tires,Suspension",18484,TECH-129,False
MNT-103392,VH-9737,2024-03-15,Corrective,954.5297806135521,12.090257828225155,"Transmission,Tires",34195,TECH-137,False
MNT-103393,VH-2506,2024-09-08,Preventive,450.93842119528983,1.0,"Engine,HVAC",97446,TECH-101,False
MNT-103394,VH-1461,2023-09-05,Preventive,611.1605139354624,2.5165229872185266,"Brakes,Transmission,Electrical",458853,TECH-173,False
MNT-103395,VH-8857,2024-01-08,Preventive,693.4064431814502,14.34136871559824,"Brakes,Engine,Oil Change",307388,TECH-188,False
MNT-103396,VH-6775,2024-12-22,Corrective,1658.7809580247304,9.416706427282906,"Brakes,Tires,Oil Change",42739,TECH-103,True
MNT-103397,VH-7311,2024-04-05,Corrective,1809.4032864982487,13.274563543851695,"Tires,Electrical,Brakes",259047,TECH-190,False
MNT-103398,VH-2559,2024-08-31,Preventive,574.9899987913101,1.5162129439771137,Transmission,240639,TECH-143,True
MNT-103399,VH-6605,2023-05-15,Preventive,232.40201213889918,8.013890917382529,"Oil Change,Suspension,Electrical",347646,TECH-121,False
MNT-103400,VH-4057,2023-04-22,Preventive,489.959805970513,3.77177948403933,Electrical,22494,TECH-145,False
MNT-103401,VH-8097,2024-03-20,Scheduled,351.0000351109332,1.3316141048672192,"Transmission,Electrical",223977,TECH-152,True
MNT-103402,VH-1468,2023-09-01,Emergency,2138.069318405846,10.466733090624858,"Electrical,HVAC,Tires",434017,TECH-152,False
MNT-103403,VH-5226,2024-02-03,Emergency,2126.904758994934,38.41500773422162,"Engine,Electrical,Tires",50754,TECH-175,True
MNT-103404,VH-3540,2024-05-07,Corrective,1163.501408334487,59.872837925822594,"Electrical,Oil Change",44212,TECH-170,False
MNT-103405,VH-4042,2023-05-22,Preventive,538.3927854113291,1.0,Suspension,104517,TECH-184,False
MNT-103406,VH-3817,2023-04-07,Corrective,719.917681535525,2.655428165502202,"Electrical,HVAC,Oil Change",488140,TECH-188,False
MNT-103407,VH-3278,2024-03-22,Emergency,1711.773806807129,26.449944554463965,"HVAC,Electrical",160280,TECH-147,False
MNT-103408,VH-9516,2024-08-26,Preventive,531.3023466821577,1.506374590110957,"Suspension,HVAC",80061,TECH-101,False
MNT-103409,VH-2361,2023-10-02,Preventive,331.12063332878034,1.1798272341627065,"Transmission,Oil Change",285180,TECH-198,True
MNT-103410,VH-3132,2023-07-03,Preventive,866.9198748132452,1.0749062916854655,HVAC,475039,TECH-178,False
MNT-103411,VH-3473,2024-08-19,Preventive,392.2826379584953,2.975699037041852,"Engine,Transmission,Suspension",254528,TECH-190,False
MNT-103412,VH-8441,2023-10-05,Preventive,428.49170180477824,1.1916259825670845,"Electrical,HVAC",193375,TECH-122,False
MNT-103413,VH-6636,2023-11-15,Corrective,1016.7712301224478,1.0,"Electrical,Transmission",201172,TECH-116,False
MNT-103414,VH-9682,2024-03-23,Preventive,818.9766696504587,1.4697736790114766,"Brakes,Transmission,Tires",418133,TECH-124,False
MNT-103415,VH-8923,2023-02-05,Preventive,322.2955026673977,2.212251938957371,"Engine,Oil Change",55743,TECH-134,False
MNT-103416,VH-4940,2024-12-22,Corrective,959.9230651028168,3.7873221615335098,Brakes,89856,TECH-199,False
MNT-103417,VH-8097,2024-12-05,Preventive,213.78429001587278,4.062258359223009,"Tires,Transmission",453582,TECH-164,True
MNT-103418,VH-4503,2023-11-30,Scheduled,410.82562846667355,3.425566435608528,Tires,212954,TECH-100,False
MNT-103419,VH-2422,2024-10-18,Scheduled,287.91828717234404,1.3447748469131113,"Oil Change,Tires",134206,TECH-165,True
MNT-103420,VH-7166,2023-07-05,Preventive,368.1525651428623,1.0732042038496885,"Electrical,Suspension,Brakes",465732,TECH-144,False
MNT-103421,VH-3490,2024-01-16,Corrective,1111.8898845707538,10.062384029048166,Suspension,216385,TECH-135,False
MNT-103422,VH-8579,2023-09-18,Preventive,647.0688313284468,4.529714928057343,Electrical,72834,TECH-167,False
MNT-103423,VH-8563,2024-09-13,Preventive,646.2988437368565,3.116801953204892,Engine,472044,TECH-174,False
MNT-103424,VH-5844,2023-09-27,Emergency,1788.1759078189634,120.95069709962767,Engine,198332,TECH-146,False
MNT-103425,VH-7807,2024-10-18,Corrective,382.6214004451408,1.0,"HVAC,Brakes",349354,TECH-152,False
MNT-103426,VH-1072,2023-10-25,Preventive,304.1283324842909,7.234955447405472,"Engine,Suspension",347429,TECH-173,True
MNT-103427,VH-7807,2024-10-29,Emergency,2144.424997783794,21.57955140036608,"Suspension,HVAC",216279,TECH-134,False
MNT-103428,VH-9105,2023-07-06,Preventive,691.3752140199529,1.543778467621185,Suspension,62514,TECH-165,False
MNT-103429,VH-3547,2024-07-31,Corrective,1375.8515793278277,2.6989191381233852,"Tires,Transmission,Oil Change",73020,TECH-196,False
MNT-103430,VH-9646,2024-12-05,Preventive,660.8703547622001,4.624439746615589,"Electrical,Brakes,HVAC",311767,TECH-133,False
MNT-103431,VH-2690,2024-10-15,Preventive,578.3746002852725,3.0279911888456796,"Electrical,Engine,Oil Change",289527,TECH-115,True
MNT-103432,VH-2357,2024-04-16,Preventive,1026.6348497954627,1.0,"Suspension,Tires,Oil Change",101409,TECH-165,True
MNT-103433,VH-2559,2024-02-22,Corrective,901.8011140776275,4.828276890990352,"Transmission,HVAC",112408,TECH-184,False
MNT-103434,VH-2084,2023-08-07,Corrective,800.3695885449833,8.286476857023708,"Suspension,HVAC",66039,TECH-104,False
MNT-103435,VH-7863,2023-12-26,Preventive,510.23869151293644,3.7249761456945745,"Brakes,Electrical,Engine",384153,TECH-125,False
MNT-103436,VH-5714,2024-07-19,Preventive,167.25370340501826,3.4386131933843713,HVAC,89099,TECH-172,False
MNT-103437,VH-4001,2023-07-10,Preventive,570.2423538847708,4.311505775211439,"Brakes,HVAC,Transmission",119053,TECH-184,False
MNT-103438,VH-6253,2023-03-04,Preventive,627.961227251058,1.0,"Transmission,Brakes",117128,TECH-130,False
MNT-103439,VH-8376,2023-11-16,Preventive,430.65685406207825,1.0,"Oil Change,Tires",298085,TECH-134,False
MNT-103440,VH-7136,2023-11-09,Corrective,1480.6192204261383,3.332605269438125,HVAC,479934,TECH-186,False
MNT-103441,VH-5360,2024-11-16,Preventive,372.92315876324597,1.0,"Brakes,HVAC",243930,TECH-160,False
MNT-103442,VH-9274,2023-11-21,Emergency,2116.9794673710703,8.208669034355745,"HVAC,Brakes",190826,TECH-195,False
MNT-103443,VH-3233,2024-05-11,Preventive,761.8699690244691,1.0,Oil Change,204663,TECH-109,False
MNT-103444,VH-5203,2024-05-02,Preventive,286.20107752938657,6.344724449572765,"Electrical,Brakes,Suspension",383306,TECH-188,False
MNT-103445,VH-6963,2023-05-16,Preventive,649.2140326276146,1.0,Transmission,203077,TECH-148,False
MNT-103446,VH-5360,2024-09-07,Preventive,379.78993843287486,3.6167684465587113,"Oil Change,HVAC,Electrical",228952,TECH-106,False
MNT-103447,VH-7311,2023-05-14,Corrective,1747.4584262253113,5.8399396362628115,"Electrical,Suspension",208088,TECH-172,False
MNT-103448,VH-9152,2023-06-24,Emergency,3301.9417681894115,4.41466158508013,Transmission,493138,TECH-189,True
MNT-103449,VH-6019,2024-10-21,Preventive,208.77716700234015,8.836436167874957,Tires,92257,TECH-154,False
MNT-103450,VH-9737,2024-04-09,Preventive,216.65113139765452,5.11300389393441,Electrical,371333,TECH-119,True
MNT-103451,VH-5478,2024-03-28,Corrective,1497.212483383102,26.557528993966983,"Transmission,Tires",183044,TECH-121,False
MNT-103452,VH-1169,2023-10-19,Corrective,903.8502821152222,1.0,"Engine,Brakes,Tires",227746,TECH-198,True
MNT-103453,VH-8547,2024-11-18,Corrective,1187.591002629684,1.9357957015876424,"Transmission,Tires,Engine",46563,TECH-188,False
MNT-103454,VH-1461,2024-02-28,Preventive,341.7717842170065,3.4914036269855755,"HVAC,Brakes,Oil Change",453700,TECH-186,True
MNT-103455,VH-5360,2023-11-12,Corrective,821.3220780651227,15.098035250333284,Brakes,123286,TECH-143,False
MNT-103456,VH-9862,2024-10-23,Preventive,548.3838360685268,1.1701331121921374,"Engine,Electrical",206624,TECH-182,True
MNT-103457,VH-3814,2024-06-18,Corrective,1326.562942079278,17.02714656163454,"Oil Change,Electrical",234889,TECH-117,True
MNT-103458,VH-5991,2023-01-20,Preventive,330.07908734031787,3.548545736460555,Transmission,334689,TECH-147,False
MNT-103459,VH-9682,2024-04-28,Preventive,821.1812335553859,11.441219256160839,"Engine,Transmission",305859,TECH-198,False
MNT-103460,VH-5056,2024-08-15,Emergency,1999.4720497362227,116.0721551408392,"Tires,Brakes,Engine",23614,TECH-112,True
MNT-103461,VH-8639,2023-12-12,Corrective,999.4483811672103,3.559143599470718,HVAC,244672,TECH-157,False
MNT-103462,VH-5386,2023-06-02,Corrective,707.2904755723105,2.308984105820704,"Engine,Oil Change",375545,TECH-196,False
MNT-103463,VH-6775,2023-06-07,Preventive,270.92229228467716,1.0,Tires,137743,TECH-106,False
MNT-103464,VH-9105,2023-03-26,Corrective,1473.0335760347837,10.47298822812746,HVAC,289966,TECH-103,False
MNT-103465,VH-9029,2023-06-01,Scheduled,285.6175984778151,1.0,"Electrical,Suspension,Transmission",408336,TECH-171,True
MNT-103466,VH-3814,2023-05-06,Scheduled,398.4535510904641,1.0,"Tires,Suspension,Oil Change",173424,TECH-143,False
MNT-103467,VH-7688,2024-07-01,Corrective,1380.4192103493274,3.0393456630898346,Suspension,110158,TECH-117,True
MNT-103468,VH-2915,2024-12-10,Preventive,388.50664199168466,3.3605826021007448,"Transmission,Oil Change",354140,TECH-175,False
MNT-103469,VH-8918,2023-10-05,Preventive,433.02048876042386,2.4822206782645324,"Suspension,Electrical",326852,TECH-197,False
MNT-103470,VH-6443,2024-08-12,Preventive,746.7822965658863,3.4915068110067993,Oil Change,250013,TECH-123,False
MNT-103471,VH-5282,2024-02-10,Preventive,378.87400267275075,2.6825386668489006,"HVAC,Electrical,Transmission",151044,TECH-127,True
MNT-103472,VH-3618,2024-12-08,Preventive,438.7428622011097,3.929808743225242,"Transmission,Suspension",360123,TECH-195,False
MNT-103473,VH-4862,2024-06-01,Preventive,514.0926801428593,2.9434136481467403,"Electrical,Tires",478614,TECH-108,False
MNT-103474,VH-9824,2023-07-19,Preventive,217.48318117656407,4.735969651104895,HVAC,295570,TECH-126,False
MNT-103475,VH-3540,2024-04-05,Corrective,1547.5285706439452,26.406327434365817,Electrical,237947,TECH-192,True
MNT-103476,VH-3132,2024-06-10,Preventive,496.2283293952732,1.1636070058020707,Transmission,66797,TECH-127,False
MNT-103477,VH-1059,2023-02-20,Preventive,574.3709512831472,10.051253158601073,"Tires,Engine",357210,TECH-117,True
MNT-103478,VH-7657,2023-04-01,Corrective,1253.9856121794517,4.924920622564581,"Brakes,Transmission,Oil Change",420614,TECH-162,False
MNT-103479,VH-3473,2024-03-31,Corrective,1833.0680945184372,28.70165646608075,"Oil Change,Tires,Engine",158629,TECH-133,False
MNT-103480,VH-5717,2024-02-03,Preventive,552.3816414321844,2.3547708933639835,Electrical,99593,TECH-159,False
MNT-103481,VH-1131,2023-02-14,Corrective,1162.4824345041388,5.882737828868346,"Engine,Suspension,Electrical",245955,TECH-187,True
MNT-103482,VH-7311,2024-03-25,Preventive,597.2182117496436,6.847877568817349,"Suspension,Oil Change,Electrical",26988,TECH-139,False
MNT-103483,VH-9394,2023-07-12,Preventive,658.0673219348537,2.2693398113036394,"Suspension,HVAC,Transmission",488859,TECH-181,False
MNT-103484,VH-8639,2024-03-18,Corrective,1149.313181718448,1.0218639802647862,"Oil Change,Electrical",30668,TECH-175,True
MNT-103485,VH-7657,2023-11-09,Corrective,1387.1607432530257,2.3453549091431443,"Oil Change,Engine,Brakes",111734,TECH-179,False
MNT-103486,VH-7171,2023-04-12,Scheduled,171.77772415463187,2.7610021993138805,"Transmission,Engine",404451,TECH-199,False
MNT-103487,VH-9887,2023-09-09,Emergency,2323.0665763541233,2.526573909830468,"HVAC,Suspension",237281,TECH-196,False
MNT-103488,VH-6463,2024-05-06,Preventive,344.9190035090108,1.0,"Engine,Brakes",63311,TECH-193,False
MNT-103489,VH-3817,2024-05-27,Preventive,454.21879944451587,4.550958077218306,"HVAC,Transmission,Suspension",68595,TECH-131,True
MNT-103490,VH-6473,2024-04-05,Corrective,1660.3890013291325,12.263705751963315,"Electrical,Suspension",457742,TECH-190,False
MNT-103491,VH-8176,2024-07-14,Preventive,451.2285969962161,4.917422095782546,"Engine,Tires,Oil Change",369240,TECH-121,True
MNT-103492,VH-9105,2024-05-27,Emergency,3498.25679299709,21.250105345887984,"Tires,Electrical,Brakes",55388,TECH-118,False
MNT-103493,VH-4042,2024-10-25,Preventive,533.5530908012723,2.2391165372555215,"Tires,HVAC,Electrical",19236,TECH-108,True
MNT-103494,VH-5670,2024-05-10,Preventive,383.0647234553895,2.8574259120369647,"Brakes,Electrical,Tires",258705,TECH-197,True
MNT-103495,VH-6718,2023-12-14,Corrective,1604.4851542679353,1.0,"Tires,Electrical,HVAC",84220,TECH-146,False
MNT-103496,VH-1131,2023-04-13,Scheduled,328.2326565188725,3.0135575733093574,Brakes,191130,TECH-195,True
MNT-103497,VH-8579,2023-03-18,Preventive,546.0311780039868,5.702071285232888,"Suspension,Electrical,Engine",338504,TECH-127,False
MNT-103498,VH-6019,2024-05-31,Scheduled,252.57876359116187,1.0,"HVAC,Transmission",119953,TECH-119,False
MNT-103499,VH-5226,2023-03-22,Corrective,1201.2805393961357,17.009552306293052,"Brakes,Electrical,Transmission",321653,TECH-168,False
MNT-103500,VH-1093,2024-04-13,Preventive,492.75935742088507,1.0,Electrical,147837,TECH-190,True
MNT-103501,VH-5028,2023-04-28,Corrective,1006.8686894977299,3.075610607237436,"HVAC,Electrical,Tires",116973,TECH-106,False
MNT-103502,VH-4862,2023-11-24,Corrective,1831.8251527190264,10.160880459772294,"HVAC,Suspension,Electrical",51356,TECH-142,False
MNT-103503,VH-8000,2023-07-09,Corrective,1234.0515400437525,31.512517022709552,Engine,189662,TECH-178,False
MNT-103504,VH-6019,2024-03-30,Preventive,123.30639117276161,1.0,"Engine,HVAC",476974,TECH-133,False
MNT-103505,VH-8664,2023-12-21,Preventive,424.84680509791724,4.9894410085014504,"Suspension,Oil Change,Electrical",187287,TECH-113,False
MNT-103506,VH-8959,2024-05-12,Preventive,707.7153104387389,1.0,"HVAC,Engine",478247,TECH-168,False
MNT-103507,VH-5912,2023-11-13,Preventive,647.1270223779596,3.7526396051083393,"Oil Change,Brakes",73626,TECH-174,False
MNT-103508,VH-2910,2024-01-02,Preventive,658.5147476218258,2.850547770492766,"Electrical,Engine",273034,TECH-135,False
MNT-103509,VH-8532,2023-01-30,Corrective,1647.7738120518934,2.419055735537531,Suspension,358241,TECH-172,False
MNT-103510,VH-6835,2024-06-07,Preventive,898.2591837449918,8.026412941104466,"Tires,Electrical,HVAC",196602,TECH-164,False
MNT-103511,VH-3490,2023-07-31,Scheduled,361.2311671813635,1.0,Transmission,176797,TECH-104,False
MNT-103512,VH-6985,2023-01-18,Corrective,730.096345945715,9.74756660510755,"HVAC,Suspension,Oil Change",424855,TECH-113,True
MNT-103513,VH-6596,2024-02-25,Corrective,1271.1986016669946,1.696607401316589,"Suspension,Electrical,Tires",100303,TECH-147,False
MNT-103514,VH-2910,2023-12-10,Corrective,398.4374436196251,9.383725054149256,"Engine,Transmission,Brakes",225846,TECH-135,False
MNT-103515,VH-1844,2024-10-30,Scheduled,340.3647602909883,1.0,"Engine,HVAC,Transmission",91847,TECH-118,False
MNT-103516,VH-5547,2024-09-29,Corrective,1093.1315210800037,10.123310235187107,"Oil Change,Engine",226953,TECH-128,True
MNT-103517,VH-2587,2024-05-29,Corrective,1223.0089140710254,23.84890467836302,Suspension,77510,TECH-102,True
MNT-103518,VH-3919,2023-06-02,Scheduled,317.4902038551235,3.029747693050904,Engine,488954,TECH-102,False
MNT-103519,VH-7359,2023-09-10,Corrective,1282.4996725455123,25.57221984820019,HVAC,485470,TECH-172,False
MNT-103520,VH-2915,2023-01-24,Preventive,524.3118509894763,16.10682280357429,Tires,370910,TECH-133,False
MNT-103521,VH-4247,2024-12-17,Preventive,386.0064062386964,1.172300939487956,"Transmission,Oil Change,Brakes",459602,TECH-148,True
MNT-103522,VH-9393,2023-10-29,Corrective,1634.3274785031588,12.494024767128813,"Tires,Oil Change,Transmission",120495,TECH-129,True
MNT-103523,VH-4057,2023-08-08,Scheduled,314.70533119498924,2.075428407146985,"Oil Change,Brakes",357170,TECH-121,False
MNT-103524,VH-6323,2023-12-23,Corrective,1118.7095440937662,21.63122556844498,"Tires,Engine,Transmission",258001,TECH-172,True
MNT-103525,VH-6463,2024-02-06,Preventive,627.0373110510628,1.35128982691563,"Electrical,Tires,Brakes",397156,TECH-135,False
MNT-103526,VH-8959,2023-01-04,Preventive,718.7601920999505,6.79143636473323,"Engine,Transmission,Brakes",328954,TECH-157,False
MNT-103527,VH-1835,2023-02-18,Corrective,1276.9731717419565,3.8904376427880853,HVAC,99058,TECH-124,False
MNT-103528,VH-3588,2024-02-23,Preventive,456.384537096134,1.0,"Oil Change,HVAC,Suspension",477320,TECH-166,False
MNT-103529,VH-2910,2023-02-15,Emergency,2678.405487840848,26.75178771166905,"Tires,Suspension",254954,TECH-163,True
MNT-103530,VH-6605,2024-05-31,Preventive,275.54043279140365,5.5744698468887846,Suspension,190005,TECH-110,False
MNT-103531,VH-7693,2023-04-04,Corrective,1449.2440375030474,1.2534668736423238,"Brakes,Suspension,Engine",331580,TECH-121,False
MNT-103532,VH-5282,2024-05-08,Corrective,812.9244346701322,12.308747053640802,"Suspension,Tires",65422,TECH-108,False
MNT-103533,VH-2357,2024-04-24,Preventive,495.75517566254683,3.7984088311355553,Electrical,359398,TECH-104,False
MNT-103534,VH-9394,2023-01-17,Preventive,308.2674644601001,8.382715178151042,"HVAC,Engine",188827,TECH-176,False
MNT-103535,VH-8532,2023-03-10,Preventive,455.37220721598635,1.3116249766644172,Electrical,27528,TECH-153,True
MNT-103536,VH-5478,2023-10-30,Corrective,1252.6237381996154,1.0,Oil Change,161499,TECH-105,False
MNT-103537,VH-7693,2024-11-15,Preventive,458.9531301764396,6.528742639937596,"Brakes,Suspension",107379,TECH-105,False
MNT-103538,VH-9152,2024-07-21,Preventive,463.66062488134634,7.345466324597327,"Brakes,Electrical",242525,TECH-124,False
MNT-103539,VH-9862,2023-05-27,Corrective,1550.5537783358347,52.411965538668795,"Suspension,Oil Change",427845,TECH-106,True
MNT-103540,VH-3547,2024-11-25,Scheduled,372.40646146293284,1.517625495835083,"HVAC,Oil Change,Brakes",447310,TECH-162,False
MNT-103541,VH-1475,2024-11-16,Corrective,1172.155161220085,3.721812796081112,Engine,321174,TECH-146,False
MNT-103542,VH-6605,2023-12-26,Preventive,268.47798459356704,1.9932694426929811,"Tires,Engine",340928,TECH-164,False
MNT-103543,VH-6473,2024-11-29,Scheduled,265.03212592937456,1.0,Brakes,229097,TECH-101,False
MNT-103544,VH-5672,2024-04-17,Preventive,592.6084618662254,3.016876501809405,"HVAC,Tires",45444,TECH-192,False
MNT-103545,VH-7741,2024-07-15,Preventive,442.0887160357326,3.2111432281561596,"Tires,Electrical",164483,TECH-149,False
MNT-103546,VH-8176,2023-04-04,Preventive,478.77009813937644,1.0,"Suspension,Tires,Transmission",32040,TECH-172,False
MNT-103547,VH-3671,2024-07-04,Preventive,393.3373809211685,2.186870860194043,"Transmission,Oil Change,Brakes",483558,TECH-186,False
MNT-103548,VH-9516,2023-09-22,Emergency,2737.737298864943,1.0,Oil Change,372504,TECH-177,True
MNT-103549,VH-7929,2024-03-13,Corrective,985.9922154889184,14.748583135754249,Oil Change,474110,TECH-138,False
MNT-103550,VH-8097,2024-04-04,Preventive,473.835345659762,1.3831616188293039,Transmission,340543,TECH-189,False
MNT-103551,VH-4740,2024-09-16,Preventive,508.6243688883261,8.900628405433931,"HVAC,Electrical",412397,TECH-127,False
MNT-103552,VH-8918,2024-01-06,Preventive,465.29116849817086,3.305023496055484,"HVAC,Engine,Tires",232844,TECH-169,False
MNT-103553,VH-9737,2024-04-20,Corrective,1241.7246350831504,1.0,"Tires,Engine,Electrical",290445,TECH-100,True
MNT-103554,VH-4984,2023-08-10,Preventive,347.5463433440408,5.50078585327968,Engine,105092,TECH-148,True
MNT-103555,VH-4106,2024-07-15,Corrective,1420.018782261299,1.0,Electrical,350071,TECH-105,False
MNT-103556,VH-7162,2024-08-09,Preventive,552.4509652611692,3.4529599671715836,"Oil Change,Engine,Transmission",118573,TECH-115,True
MNT-103557,VH-8296,2023-11-04,Preventive,542.7842871260239,1.8965597584140812,"Electrical,Brakes",360453,TECH-142,False
MNT-103558,VH-5226,2024-04-12,Corrective,1210.2630837179381,11.042801424001993,Oil Change,253410,TECH-155,False
MNT-103559,VH-7359,2024-12-24,Preventive,400.9765173612897,3.6771655838646633,"Suspension,Transmission,Electrical",407588,TECH-160,False
MNT-103560,VH-7807,2024-10-09,Emergency,2408.953867934695,6.038217157087862,"Transmission,HVAC,Engine",193940,TECH-105,False
MNT-103561,VH-7922,2023-03-16,Preventive,378.01082935761633,2.4944100534804825,"Tires,Brakes",28221,TECH-153,False
MNT-103562,VH-3125,2023-01-21,Corrective,1690.8250935894134,16.036469108375936,HVAC,314776,TECH-167,False
MNT-103563,VH-6985,2024-02-03,Preventive,707.8235696559237,11.684316008956046,"HVAC,Tires",181741,TECH-182,False
MNT-103564,VH-7171,2024-11-10,Preventive,526.474667289703,1.5467635854342294,"Transmission,HVAC,Electrical",221090,TECH-129,False
MNT-103565,VH-3233,2023-06-19,Corrective,1037.1095546712459,15.215220668499871,"Transmission,Electrical",420077,TECH-113,False
MNT-103566,VH-3214,2024-06-21,Emergency,3003.4149263863605,39.70931795296573,"Engine,Oil Change,Transmission",167351,TECH-148,False
MNT-103567,VH-5478,2023-01-06,Emergency,2452.769009985848,32.17229004541694,"HVAC,Transmission,Engine",242798,TECH-147,True
MNT-103568,VH-6596,2023-01-02,Corrective,1221.4345105418315,2.3890676983203614,Brakes,179489,TECH-111,False
MNT-103569,VH-7807,2023-05-04,Preventive,611.6377321769423,2.5991659504838203,"Electrical,Oil Change,HVAC",103962,TECH-167,False
MNT-103570,VH-3814,2024-11-22,Preventive,415.810892799346,1.0,"Electrical,Engine,Transmission",368163,TECH-162,False
MNT-103571,VH-5478,2023-08-09,Preventive,728.1376288024856,7.752016591394388,"Electrical,Suspension",393567,TECH-117,False
MNT-103572,VH-8547,2023-05-15,Scheduled,408.0600202419374,3.2879411338222444,"Tires,Engine,Suspension",488649,TECH-163,True
MNT-103573,VH-5991,2024-05-12,Preventive,385.43457218176894,7.536161121381987,"Suspension,Transmission,Engine",93157,TECH-172,True
MNT-103574,VH-1366,2024-09-08,Corrective,794.9653741770217,5.207653302788189,"HVAC,Suspension,Tires",297278,TECH-106,True
MNT-103575,VH-4247,2023-11-27,Scheduled,238.7698915255081,1.0,"Brakes,Tires,Suspension",413849,TECH-183,False
MNT-103576,VH-6963,2023-02-01,Emergency,2864.4379543040104,30.907646361419594,"Suspension,Engine",120059,TECH-101,False
MNT-103577,VH-2290,2024-09-25,Scheduled,448.3573390042282,1.0,"Brakes,Electrical",208352,TECH-138,True
MNT-103578,VH-1716,2024-02-22,Preventive,719.7567256062523,1.9894419177717624,Engine,34550,TECH-148,False
MNT-103579,VH-6443,2024-07-08,Scheduled,50.0,2.689437294700203,"Oil Change,Transmission",68119,TECH-106,False
MNT-103580,VH-1131,2023-06-28,Preventive,222.17950344519033,1.0,"Engine,HVAC",201947,TECH-182,True
MNT-103581,VH-5547,2023-09-10,Emergency,2289.532222100337,38.007330914798075,Suspension,288723,TECH-133,False
MNT-103582,VH-8653,2023-01-14,Preventive,211.95022866950205,1.0,Brakes,74120,TECH-114,False
MNT-103583,VH-1072,2024-06-08,Preventive,601.7174632584423,2.6692441552970885,Tires,359874,TECH-122,False
MNT-103584,VH-8468,2024-04-06,Preventive,522.7296558999054,1.0,"Suspension,Oil Change",291382,TECH-154,True
MNT-103585,VH-3540,2024-11-04,Preventive,439.8674936455779,1.0,"Brakes,Suspension,HVAC",253824,TECH-138,False
MNT-103586,VH-8790,2023-04-26,Preventive,463.78864388702397,7.361022613982767,"Oil Change,HVAC",212342,TECH-117,False
MNT-103587,VH-5478,2024-07-05,Emergency,2722.595705813008,45.62606379074706,Engine,87373,TECH-186,True
MNT-103588,VH-4247,2024-04-15,Corrective,680.098549298333,12.05753125012458,HVAC,103624,TECH-175,True
MNT-103589,VH-6323,2024-07-26,Preventive,191.3424727791019,5.960068507146086,"Suspension,Tires",185486,TECH-143,True
MNT-103590,VH-2391,2024-08-22,Corrective,974.3356903731403,4.3834159912094375,Electrical,63890,TECH-184,False
MNT-103591,VH-1059,2023-06-06,Preventive,493.31078181564226,1.0,Oil Change,160537,TECH-136,False
MNT-103592,VH-9274,2023-07-05,Preventive,695.7216134180784,11.154935299920849,"Engine,Transmission",330182,TECH-128,True
MNT-103593,VH-3450,2023-04-21,Preventive,454.96761045031565,5.600427615118884,Tires,182196,TECH-109,True
MNT-103594,VH-4976,2024-02-26,Corrective,856.9828421343922,3.290976663713095,Tires,239754,TECH-141,False
MNT-103595,VH-8445,2024-01-04,Corrective,1255.2084429612999,2.859853564060487,"HVAC,Tires,Suspension",297552,TECH-145,False
MNT-103596,VH-8547,2024-07-04,Corrective,452.58774846793835,2.3066160680460794,"Brakes,Oil Change",479274,TECH-146,False
MNT-103597,VH-8103,2024-02-14,Preventive,824.8820062843724,3.293103652168252,"Oil Change,Tires,Brakes",200375,TECH-121,False
MNT-103598,VH-9887,2024-12-22,Scheduled,299.05774593648215,2.966711715122358,Brakes,394217,TECH-133,False
MNT-103599,VH-6963,2023-12-08,Corrective,540.9950348080347,14.666103910080468,Oil Change,474594,TECH-103,False
MNT-103600,VH-7807,2023-09-22,Scheduled,351.9599197991247,1.0,"Suspension,Tires,Oil Change",288673,TECH-148,False
MNT-103601,VH-3348,2024-01-26,Preventive,440.3118714196668,1.2877352974344265,"Brakes,HVAC,Tires",240920,TECH-141,False
MNT-103602,VH-7807,2023-05-31,Preventive,586.1468931238368,10.082784225153505,"Suspension,Tires,Transmission",207150,TECH-134,True
MNT-103603,VH-2410,2023-06-09,Preventive,351.6170071686203,3.407592181881213,"Engine,Transmission",303593,TECH-133,False
MNT-103604,VH-7686,2024-03-25,Preventive,432.06933725119393,1.0,Electrical,60824,TECH-184,False
MNT-103605,VH-5714,2023-06-17,Preventive,601.935641742375,6.991958786603792,"Brakes,Suspension",317265,TECH-122,False
MNT-103606,VH-2915,2023-01-14,Preventive,704.4405262382157,1.1408269157025281,Electrical,62699,TECH-121,True
MNT-103607,VH-9824,2024-07-09,Preventive,525.1134876867807,2.6824832291744896,Transmission,362368,TECH-134,False
MNT-103608,VH-7693,2023-08-20,Emergency,2937.8845750091314,33.414448239232605,Transmission,92759,TECH-143,False
MNT-103609,VH-7657,2024-01-26,Preventive,637.6740463168503,1.9390636614403085,Tires,31360,TECH-186,False
MNT-103610,VH-1885,2023-09-01,Preventive,545.5529603893668,1.0,Transmission,13826,TECH-165,False
MNT-103611,VH-1391,2024-07-24,Emergency,1257.4649882022986,12.328655164363136,"Electrical,Engine,Oil Change",385069,TECH-152,False
MNT-103612,VH-5203,2024-09-14,Scheduled,245.6340872368994,1.0,HVAC,446272,TECH-158,False
MNT-103613,VH-7929,2024-06-10,Preventive,328.03589973336807,8.480194403056766,"Transmission,HVAC",164161,TECH-196,False
MNT-103614,VH-3125,2023-08-09,Preventive,329.5148162468479,2.862052558295629,Electrical,379136,TECH-150,True
MNT-103615,VH-3605,2024-01-28,Corrective,1392.1465647432392,12.913286330287498,"Engine,HVAC",484345,TECH-118,False
MNT-103616,VH-8959,2024-08-06,Preventive,524.800075332769,1.1130551377787152,"Electrical,Oil Change,Brakes",363379,TECH-112,True
MNT-103617,VH-2536,2024-03-30,Preventive,601.2556213532077,2.692217218935628,Brakes,419966,TECH-168,False
MNT-103618,VH-5450,2024-02-20,Corrective,935.8113068404903,6.007196488443066,Electrical,174706,TECH-109,False
MNT-103619,VH-9824,2023-09-28,Preventive,454.5990689022406,14.263463658285874,"Engine,Suspension",201765,TECH-107,False
MNT-103620,VH-3278,2023-02-16,Preventive,795.5884925984881,2.0294585319729674,"Transmission,Tires,Suspension",310331,TECH-104,False
MNT-103621,VH-7657,2023-03-04,Preventive,470.8527732854468,6.2869806373901245,Electrical,84366,TECH-126,False
MNT-103622,VH-8593,2024-10-21,Corrective,304.42494854066706,3.6974322521648624,"Engine,Brakes,Tires",239570,TECH-180,False
MNT-103623,VH-8296,2024-05-17,Preventive,554.4739382830084,2.5604627779651405,"Brakes,HVAC,Electrical",122837,TECH-178,True
MNT-103624,VH-3125,2024-11-15,Preventive,331.00026791048094,1.0837200811904906,Transmission,203375,TECH-184,False
MNT-103625,VH-2549,2024-08-08,Preventive,371.8656605390054,3.7577305009194757,"Engine,Suspension,Electrical",475470,TECH-171,False
MNT-103626,VH-6718,2024-12-23,Preventive,461.25696114928485,5.834764871254523,"Electrical,Brakes",111983,TECH-110,False
MNT-103627,VH-6106,2023-12-04,Preventive,635.158880088675,2.4560974801981232,"Suspension,Oil Change,HVAC",103228,TECH-144,True
MNT-103628,VH-9432,2023-05-13,Scheduled,285.96380646194126,2.192198050385269,"Electrical,Engine",67497,TECH-195,True
MNT-103629,VH-3039,2023-10-02,Corrective,616.3314919042976,7.8213958700065405,Suspension,236001,TECH-111,False
MNT-103630,VH-9646,2024-11-22,Corrective,1660.9184131651941,2.417880493128414,"Tires,Transmission,Engine",209681,TECH-161,False
MNT-103631,VH-9393,2023-08-13,Preventive,391.43654783887627,1.3680310403020683,Brakes,497354,TECH-174,False
MNT-103632,VH-7807,2024-02-07,Scheduled,435.8583946084524,2.0099474310090106,"HVAC,Oil Change,Engine",170262,TECH-135,False
MNT-103633,VH-9948,2024-04-13,Preventive,377.7466399820775,1.0,"HVAC,Electrical",101067,TECH-109,True
MNT-103634,VH-2410,2024-04-02,Preventive,385.5403671720817,1.0,"Brakes,Suspension,HVAC",482547,TECH-164,False
MNT-103635,VH-2216,2023-06-30,Preventive,349.77493219488207,10.4779170309781,"Transmission,Oil Change,Electrical",396882,TECH-143,False
MNT-103636,VH-8316,2024-04-27,Corrective,1282.7069288423224,6.521683738663791,"Brakes,Tires",170801,TECH-192,False
MNT-103637,VH-2422,2023-12-16,Corrective,481.48838364534436,21.33977258518606,"Transmission,Engine,Electrical",446758,TECH-153,True
MNT-103638,VH-2625,2023-06-01,Corrective,1297.8154773905794,4.223171124800293,"Brakes,Oil Change",434928,TECH-183,True
MNT-103639,VH-4503,2023-06-22,Corrective,371.8416317362129,17.571441279031873,"Transmission,Brakes",30372,TECH-198,True
MNT-103640,VH-4976,2023-07-23,Preventive,559.7833614633814,2.8673499761697543,Oil Change,228014,TECH-197,True
MNT-103641,VH-6718,2024-08-15,Preventive,608.9589501609285,1.9358954090587748,Suspension,380977,TECH-189,False
MNT-103642,VH-2391,2024-06-04,Preventive,293.7213218911394,6.633829289714156,"HVAC,Suspension",297769,TECH-188,False
MNT-103643,VH-1420,2023-01-15,Corrective,1648.6076895657657,1.0,"Oil Change,HVAC",56029,TECH-185,False
MNT-103644,VH-3348,2023-03-20,Corrective,843.2416907835017,1.0259507618928692,"Transmission,Tires",22731,TECH-189,False
MNT-103645,VH-2587,2024-12-25,Preventive,604.7190606620148,14.078066810742024,"HVAC,Oil Change,Transmission",474770,TECH-126,False
MNT-103646,VH-9035,2024-09-27,Corrective,841.582547379009,15.432717962211584,"Transmission,HVAC,Brakes",12845,TECH-178,False
MNT-103647,VH-5028,2024-01-31,Corrective,1362.7263263830969,55.824308565970796,"Engine,Suspension,Transmission",203783,TECH-189,False
MNT-103648,VH-6835,2023-10-19,Corrective,506.56391927714355,6.771368685826227,"Brakes,HVAC",218283,TECH-104,False
MNT-103649,VH-7929,2024-06-20,Corrective,1507.4072770978955,11.60945309053617,"Brakes,Tires,Suspension",20182,TECH-189,True
MNT-103650,VH-2915,2024-09-02,Preventive,591.8802254880761,1.1678546908151133,Oil Change,53255,TECH-114,False
MNT-103651,VH-2084,2023-08-27,Preventive,679.2739267153526,1.0,"Tires,Electrical,Brakes",92218,TECH-175,False
MNT-103652,VH-5360,2024-02-16,Preventive,492.844573435432,1.350411320984479,"Brakes,Tires",273852,TECH-148,False
MNT-103653,VH-7162,2023-04-09,Corrective,1545.1759007209296,4.92565168614322,"Oil Change,Transmission,Tires",50336,TECH-156,False
MNT-103654,VH-3278,2023-11-03,Preventive,462.5806402393595,1.0940575780837234,"Transmission,Engine,Suspension",491937,TECH-158,True
MNT-103655,VH-9008,2023-08-01,Preventive,350.75113180562096,3.758566496459574,Suspension,231687,TECH-143,False
MNT-103656,VH-2290,2023-06-08,Preventive,144.28614357554096,1.201646291717035,Suspension,308183,TECH-166,True
MNT-103657,VH-3278,2024-10-20,Preventive,399.2098168006433,1.0,"Suspension,Electrical,Transmission",449337,TECH-107,False
MNT-103658,VH-7832,2024-01-09,Corrective,205.2907335759213,1.0,"Tires,HVAC",496933,TECH-166,True
MNT-103659,VH-1620,2024-08-12,Preventive,81.24979077319347,3.085804808558239,"Brakes,HVAC",469293,TECH-168,True
MNT-103660,VH-3317,2023-08-07,Preventive,739.4595336142016,8.15254397635061,"Transmission,Electrical,Tires",190093,TECH-102,False
MNT-103661,VH-3473,2024-02-17,Preventive,436.10391066581184,16.963176401904903,Suspension,210296,TECH-122,False
MNT-103662,VH-5717,2023-02-19,Preventive,574.4872758698317,6.608742949906429,HVAC,30901,TECH-157,False
MNT-103663,VH-5547,2024-08-09,Preventive,472.1842984389231,6.413303974083664,"Suspension,Tires,HVAC",28173,TECH-150,False
MNT-103664,VH-4976,2023-04-03,Preventive,438.34053590807713,2.9009639948363795,"Brakes,Electrical",409515,TECH-112,False
MNT-103665,VH-3132,2024-09-20,Preventive,152.53398763847287,2.144866553241484,HVAC,391341,TECH-169,False
MNT-103666,VH-4001,2023-04-22,Corrective,791.4746638849742,10.91111358458007,"Oil Change,Suspension",137531,TECH-130,False
MNT-103667,VH-6985,2024-07-17,Preventive,525.4876782593554,1.532035671641121,"Tires,HVAC",211160,TECH-154,False
MNT-103668,VH-3588,2024-09-05,Corrective,755.733605137294,17.89655156904448,HVAC,262297,TECH-121,False
MNT-103669,VH-6071,2024-01-17,Preventive,572.5745514408014,1.0,"Suspension,Engine",77535,TECH-196,False
MNT-103670,VH-7922,2023-11-27,Corrective,1098.039720506322,1.909763265114181,"Tires,Transmission",32360,TECH-118,False
MNT-103671,VH-6605,2024-12-26,Corrective,1736.7068428224538,5.301151608182222,Transmission,383021,TECH-163,False
MNT-103672,VH-9432,2024-04-25,Preventive,621.3365092816881,7.451670299778765,"Oil Change,Suspension,Brakes",293975,TECH-117,True
MNT-103673,VH-4716,2023-03-14,Preventive,599.6713159699003,1.0,"HVAC,Engine",246870,TECH-139,False
MNT-103674,VH-9737,2024-07-30,Scheduled,338.3679816881308,1.3371044254509898,"Electrical,HVAC,Suspension",325141,TECH-131,False
MNT-103675,VH-6463,2024-09-19,Corrective,1095.096465732439,21.382551903936516,"Tires,Brakes,HVAC",366822,TECH-113,False
MNT-103676,VH-2915,2024-07-23,Preventive,515.5672371974349,11.833349124808294,"Suspension,Transmission",377338,TECH-173,False
MNT-103677,VH-8547,2023-01-28,Preventive,517.0414347873761,3.899769430455252,Oil Change,237623,TECH-177,False
MNT-103678,VH-6908,2023-10-27,Preventive,377.2423974241838,1.0,"Engine,Oil Change,HVAC",289102,TECH-193,False
MNT-103679,VH-6463,2024-01-17,Preventive,470.3904129740015,7.889949027279091,"HVAC,Transmission,Electrical",31467,TECH-190,False
MNT-103680,VH-3233,2024-11-27,Scheduled,332.77854083089557,1.7125937953294252,"Brakes,Electrical,Suspension",153953,TECH-118,False
MNT-103681,VH-8425,2024-03-09,Preventive,218.81079424326532,1.0,"Oil Change,Suspension",234384,TECH-160,False
MNT-103682,VH-1072,2024-05-02,Preventive,376.0245188271707,4.6159341381695125,"Electrical,Tires",55431,TECH-196,False
MNT-103683,VH-1391,2023-11-05,Preventive,429.15527684786997,3.2636041593093417,"Electrical,Suspension,HVAC",328719,TECH-109,True
MNT-103684,VH-4940,2024-09-22,Preventive,675.923817584408,1.0,"Transmission,Brakes,Suspension",280801,TECH-151,True
MNT-103685,VH-1844,2024-09-26,Preventive,719.4782122528295,1.0,"Tires,Electrical",356702,TECH-153,False
MNT-103686,VH-5282,2023-12-30,Corrective,559.6538624720383,1.3443546375550393,"Electrical,Oil Change,HVAC",254255,TECH-173,True
MNT-103687,VH-1391,2023-03-04,Preventive,673.1695105685926,5.973557204656955,"Transmission,Engine",262036,TECH-139,False
MNT-103688,VH-1131,2023-11-23,Emergency,985.8689926015165,15.205392236598794,"Brakes,Transmission,Engine",334002,TECH-122,False
MNT-103689,VH-8103,2024-01-04,Preventive,401.88740892521855,3.4956620078311307,"HVAC,Oil Change",108033,TECH-174,False
MNT-103690,VH-1468,2023-08-20,Scheduled,491.9015208346766,1.949273932064756,"Oil Change,Suspension",38713,TECH-127,False
MNT-103691,VH-3671,2023-09-24,Corrective,939.7503171750012,23.37400274060675,"Electrical,Oil Change",419595,TECH-139,False
MNT-103692,VH-8532,2023-10-27,Preventive,649.812628562284,1.0,Tires,483030,TECH-119,True
MNT-103693,VH-6718,2023-01-31,Preventive,441.040654323126,4.506279984591863,Oil Change,175215,TECH-186,False
MNT-103694,VH-2147,2024-12-10,Preventive,908.905683773643,5.2412169668516375,Oil Change,398704,TECH-168,True
MNT-103695,VH-1008,2024-10-27,Emergency,3068.3226609429876,6.396073794582601,"Oil Change,Tires",364159,TECH-139,False
MNT-103696,VH-1461,2024-06-27,Corrective,1217.1247200984599,13.407935972673886,"Electrical,Engine,Brakes",34958,TECH-185,False
MNT-103697,VH-3473,2023-11-14,Emergency,1714.5736166965603,74.41729294389728,Transmission,30525,TECH-183,False
MNT-103698,VH-9737,2023-02-13,Preventive,726.7452803127424,4.091983829275132,"Transmission,Engine",39510,TECH-195,False
MNT-103699,VH-9105,2023-10-02,Preventive,470.5821962962859,3.189844836568123,Tires,430862,TECH-177,False
MNT-103700,VH-1468,2023-04-02,Preventive,510.4149981469872,1.5892451961870082,Brakes,219749,TECH-114,False
MNT-103701,VH-3927,2024-05-03,Corrective,817.8094722735938,14.50721828989304,"Engine,Electrical,Brakes",278393,TECH-139,False
MNT-103702,VH-9737,2024-12-28,Preventive,753.190797624032,2.900327049430261,Suspension,394246,TECH-129,False
MNT-103703,VH-8563,2024-01-12,Scheduled,502.3358501104532,1.0,"HVAC,Engine",251231,TECH-182,False
MNT-103704,VH-7922,2024-10-07,Corrective,790.4918298232141,13.696141546530793,"HVAC,Electrical,Engine",285128,TECH-182,True
MNT-103705,VH-9821,2023-01-08,Preventive,789.8313552233949,9.010518742069605,"Oil Change,Transmission,Tires",215431,TECH-113,False
MNT-103706,VH-8593,2024-12-17,Preventive,450.62256726478864,1.0,"HVAC,Brakes",185040,TECH-183,True
MNT-103707,VH-4743,2024-08-23,Preventive,659.5451029714163,1.0,Electrical,367773,TECH-173,False
MNT-103708,VH-7863,2024-12-05,Emergency,3087.7510020933632,17.484248200501128,HVAC,139178,TECH-197,True
MNT-103709,VH-1059,2023-07-06,Corrective,473.30654428124467,5.107686009233427,"Oil Change,HVAC",326982,TECH-151,False
MNT-103710,VH-3490,2024-10-27,Preventive,300.3887261628989,11.938541596020043,"Suspension,Electrical,Oil Change",270050,TECH-168,True
MNT-103711,VH-6037,2024-11-01,Preventive,274.45306264884107,3.836901114784197,"Oil Change,HVAC",93193,TECH-195,False
MNT-103712,VH-5226,2023-12-18,Preventive,631.2650253322556,12.5401442203721,"Brakes,Suspension",270341,TECH-146,True
MNT-103713,VH-1131,2023-10-16,Preventive,663.4274185474948,1.0,"Transmission,Tires",170650,TECH-103,False
MNT-103714,VH-2489,2023-08-29,Preventive,524.7431606693099,3.799654434300874,"HVAC,Brakes,Suspension",357963,TECH-188,False
MNT-103715,VH-1823,2024-09-08,Preventive,489.9963948322235,12.761572572978556,"Transmission,Electrical",267552,TECH-130,False
MNT-103716,VH-9646,2024-11-26,Preventive,389.6126871964235,3.128345258686831,Brakes,319118,TECH-185,False
MNT-103717,VH-1716,2024-03-18,Corrective,836.6788800498582,8.566654505149,HVAC,491152,TECH-157,True
MNT-103718,VH-7832,2023-01-02,Preventive,440.97618543125856,1.0,"Electrical,Brakes,HVAC",364248,TECH-121,False
MNT-103719,VH-7918,2024-04-09,Preventive,611.0857557769402,5.654819311234691,Oil Change,424789,TECH-176,False
MNT-103720,VH-9393,2023-12-16,Scheduled,465.3242307822,3.3332138536678966,Transmission,454457,TECH-183,False
MNT-103721,VH-2391,2023-03-06,Emergency,1787.1691758043967,4.399743691911999,Electrical,58129,TECH-179,False
MNT-103722,VH-3540,2023-05-25,Corrective,1165.4417013261223,16.636927575023577,"HVAC,Electrical,Transmission",22481,TECH-102,False
MNT-103723,VH-3618,2023-05-08,Scheduled,206.80262920970856,1.0,"Engine,Electrical",174509,TECH-178,False
MNT-103724,VH-6106,2024-08-02,Corrective,730.579760266218,30.583380090173826,"Transmission,Brakes",497534,TECH-141,True
MNT-103725,VH-9105,2024-06-05,Corrective,1318.071864378974,7.983626536225953,"HVAC,Transmission,Electrical",312578,TECH-141,False
MNT-103726,VH-3814,2023-09-08,Corrective,1002.4973259783017,16.370761482241694,Suspension,269766,TECH-100,True
MNT-103727,VH-6323,2023-05-20,Preventive,487.4112388510434,9.62287334991245,"Suspension,Brakes",330629,TECH-170,False
MNT-103728,VH-9801,2023-02-08,Emergency,1411.8930447859225,16.142629774953814,Oil Change,25353,TECH-172,True
MNT-103729,VH-3618,2024-03-27,Corrective,1100.5952725637583,1.1884277383211477,"Electrical,HVAC,Brakes",28546,TECH-127,True
MNT-103730,VH-5386,2024-01-15,Preventive,393.8131939698285,1.0,Tires,144437,TECH-124,False
MNT-103731,VH-3671,2024-01-31,Corrective,1622.6799903904987,28.000183776647276,"HVAC,Oil Change,Transmission",128081,TECH-123,False
MNT-103732,VH-1131,2023-11-09,Preventive,696.4507347679055,2.1556327244058173,"Transmission,Brakes",338467,TECH-113,True
MNT-103733,VH-6908,2023-09-20,Scheduled,277.85954037370675,1.6258567080574666,"Brakes,Electrical,Oil Change",146081,TECH-139,False
MNT-103734,VH-5478,2023-04-18,Preventive,503.837655576976,1.0,HVAC,236687,TECH-137,True
MNT-103735,VH-3605,2023-03-01,Preventive,888.5393149561163,1.0,Transmission,148182,TECH-128,True
MNT-103736,VH-4716,2023-01-12,Preventive,552.8003539718468,11.159947866242186,Transmission,109891,TECH-135,False
MNT-103737,VH-9737,2023-03-23,Preventive,414.66939008436333,5.998660137255981,Suspension,235593,TECH-121,False
MNT-103738,VH-7929,2023-07-12,Emergency,1808.1986070709931,3.644180996698194,"Tires,Transmission",184922,TECH-154,False
MNT-103739,VH-1620,2024-04-11,Preventive,658.406916232487,1.4991179813163187,Transmission,91158,TECH-122,False
MNT-103740,VH-8857,2024-09-19,Corrective,1245.7419179386889,4.143941362345083,Suspension,234543,TECH-103,False
MNT-103741,VH-9035,2024-05-06,Corrective,1363.4912108059239,1.0,"Brakes,Oil Change",221203,TECH-168,False
MNT-103742,VH-7657,2023-08-01,Preventive,435.3313847384196,8.817866109173046,"Electrical,Brakes",423824,TECH-158,True
MNT-103743,VH-6019,2024-01-24,Preventive,192.43634076429657,1.0,"HVAC,Oil Change,Transmission",356449,TECH-158,True
MNT-103744,VH-1008,2023-10-19,Preventive,424.49763471730637,14.335199332914708,"Electrical,Brakes",178576,TECH-161,False
MNT-103745,VH-5450,2024-10-09,Corrective,1741.249090047343,6.646417461364491,"Oil Change,Transmission",44314,TECH-195,False
MNT-103746,VH-1366,2024-06-27,Preventive,431.5041340724663,2.252493588516637,Suspension,320850,TECH-185,False
MNT-103747,VH-3605,2023-10-07,Scheduled,254.7369107651272,1.8917479113768656,"Transmission,Brakes,Suspension",401602,TECH-136,False
MNT-103748,VH-8445,2023-07-23,Preventive,594.1933067668838,1.8027381164822955,"HVAC,Transmission",457959,TECH-197,False
MNT-103749,VH-2549,2024-10-06,Corrective,1276.1304973794613,1.0,"Electrical,Engine",141337,TECH-143,False
MNT-103750,VH-3473,2024-07-06,Corrective,642.7245999943265,7.314558518388502,"Tires,Brakes,Engine",123596,TECH-166,False
MNT-103751,VH-6473,2024-10-15,Corrective,1013.3522777582796,7.85046401095274,Oil Change,410485,TECH-184,True
MNT-103752,VH-1468,2024-03-27,Preventive,240.82381759424175,1.818042795384104,"Suspension,Transmission,Oil Change",153058,TECH-110,True
MNT-103753,VH-3132,2024-10-07,Scheduled,264.53285776671413,1.0,HVAC,186514,TECH-102,False
MNT-103754,VH-2147,2024-05-05,Preventive,424.09680266079886,1.0,"Electrical,Brakes",206811,TECH-136,False
MNT-103755,VH-5717,2023-11-03,Corrective,1363.4166009874286,15.998863758817787,"Electrical,HVAC",366147,TECH-185,True
MNT-103756,VH-2915,2024-04-26,Scheduled,305.3294627047251,1.1782435635818207,"HVAC,Electrical,Suspension",43157,TECH-149,False
MNT-103757,VH-4743,2024-03-25,Preventive,351.93695991059064,3.0566883540529624,Transmission,430776,TECH-142,False
MNT-103758,VH-8316,2024-06-14,Preventive,562.2616090814872,7.296118965406771,HVAC,90143,TECH-197,False
MNT-103759,VH-2587,2023-07-28,Preventive,659.1963454290762,3.2617594847666576,"Tires,Engine",180700,TECH-122,True
MNT-103760,VH-3132,2024-07-13,Corrective,288.79642989574825,8.747947783280049,"Brakes,Tires",224357,TECH-123,False
MNT-103761,VH-3671,2023-10-15,Corrective,1176.2066394437766,17.659672049922243,"Suspension,Transmission,HVAC",271106,TECH-164,False
MNT-103762,VH-1620,2024-11-09,Preventive,403.0052648575244,1.047640869840349,"Electrical,Tires",355759,TECH-177,False
MNT-103763,VH-2464,2024-02-27,Preventive,533.15035580729,2.9132637072343774,Engine,262619,TECH-182,True
MNT-103764,VH-9824,2024-08-17,Preventive,646.4700146314758,1.0,Electrical,363814,TECH-114,False
MNT-103765,VH-6106,2023-12-11,Corrective,1212.4545984855135,9.730839171899374,"Suspension,Electrical",308295,TECH-150,True
MNT-103766,VH-2410,2024-04-04,Scheduled,108.13759681619436,1.0,Oil Change,334656,TECH-115,False
MNT-103767,VH-9801,2024-12-10,Preventive,540.3049709984631,6.550543011543313,HVAC,434762,TECH-120,False
MNT-103768,VH-9035,2023-01-21,Preventive,624.1473182038392,5.849663699608697,"Electrical,Brakes,Transmission",166471,TECH-111,False
MNT-103769,VH-3547,2024-10-29,Corrective,1255.4025512603762,4.741303016009749,Tires,322253,TECH-167,True
MNT-103770,VH-4057,2023-10-10,Preventive,328.06379959698916,1.0,"Electrical,Brakes",240020,TECH-122,False
MNT-103771,VH-5672,2024-12-14,Preventive,518.043126194987,2.874344174190725,Brakes,114443,TECH-195,True
MNT-103772,VH-9393,2023-06-27,Preventive,554.9989020127352,1.0,Tires,302506,TECH-179,False
MNT-103773,VH-1008,2024-09-21,Preventive,512.8550413498081,1.0,"Transmission,Brakes,HVAC",329917,TECH-155,False
MNT-103774,VH-2506,2024-09-25,Preventive,615.5433057936676,4.360634829334423,"Engine,Suspension,Electrical",109665,TECH-150,True
MNT-103775,VH-8579,2023-01-06,Corrective,1253.5101405707728,6.419252471486214,Transmission,365232,TECH-179,False
MNT-103776,VH-4862,2024-03-21,Corrective,781.9474119846332,1.0,"HVAC,Electrical",61449,TECH-150,False
MNT-103777,VH-1391,2024-07-15,Preventive,265.95186668487054,3.3529668238106263,Oil Change,321248,TECH-160,False
MNT-103778,VH-1885,2024-12-12,Corrective,549.3287612498233,3.172221628851193,"HVAC,Suspension,Oil Change",301186,TECH-164,False
MNT-103779,VH-2361,2023-01-18,Preventive,628.588420272643,8.598453792667275,"Transmission,Engine",451816,TECH-168,True
MNT-103780,VH-1789,2024-11-03,Preventive,448.9344040748477,1.0,Tires,208919,TECH-124,False
MNT-103781,VH-1092,2024-08-09,Preventive,318.74717467370533,6.433572366263586,"HVAC,Transmission,Electrical",371997,TECH-185,False
MNT-103782,VH-8866,2023-06-08,Preventive,574.1629231439179,1.851983944279928,"HVAC,Engine",184173,TECH-142,False
MNT-103783,VH-9522,2023-03-21,Corrective,1565.4810080694665,12.842971019926535,HVAC,311965,TECH-141,False
MNT-103784,VH-7686,2024-10-12,Corrective,1126.9731941699924,1.0,"Oil Change,Suspension,HVAC",175288,TECH-109,False
MNT-103785,VH-5912,2024-02-09,Preventive,626.5104664108543,2.0166764872910243,Transmission,154513,TECH-184,False
MNT-103786,VH-8563,2023-06-15,Corrective,1560.4272249108399,1.0,"Suspension,Electrical",313321,TECH-122,True
MNT-103787,VH-7918,2024-07-24,Preventive,625.6647051623779,4.722967390935258,"Oil Change,HVAC",197513,TECH-151,False
MNT-103788,VH-3473,2023-02-07,Scheduled,498.6734300916413,2.9916339600295996,"Tires,Engine,Electrical",326584,TECH-190,False
MNT-103789,VH-6963,2024-01-19,Preventive,686.1532169488094,2.205025464857747,"Tires,Electrical,Suspension",463711,TECH-188,False
MNT-103790,VH-3927,2023-07-11,Preventive,472.3454790224028,1.0,HVAC,326044,TECH-123,False
MNT-103791,VH-9862,2024-07-24,Corrective,847.9627107169662,12.105970960659464,Oil Change,176893,TECH-143,False
MNT-103792,VH-3540,2023-03-11,Emergency,3127.464770262798,56.886385047192846,"Suspension,Brakes,HVAC",422531,TECH-134,False
MNT-103793,VH-8840,2024-05-08,Preventive,662.2911385279451,1.0,"Brakes,Suspension",195049,TECH-139,True
MNT-103794,VH-1468,2023-07-22,Corrective,1245.0511183011745,5.855165380886843,"Suspension,Oil Change",420532,TECH-122,False
MNT-103795,VH-6775,2024-09-20,Preventive,504.96033771579715,1.3251715351517788,Oil Change,493896,TECH-132,True
MNT-103796,VH-4984,2024-12-19,Emergency,2578.549619598905,1.0,"Transmission,HVAC,Electrical",117340,TECH-174,False
MNT-103797,VH-7832,2023-11-05,Corrective,1636.7564413392654,4.795440470783591,Oil Change,323069,TECH-136,False
MNT-103798,VH-7311,2023-07-08,Corrective,1084.2506659377293,12.442844530370182,"Tires,HVAC,Suspension",348346,TECH-152,False
MNT-103799,VH-1059,2023-12-05,Emergency,2965.2300367686853,15.805140463320164,Transmission,434992,TECH-137,False
MNT-103800,VH-3618,2023-07-06,Preventive,680.6505371025704,4.583076050136971,HVAC,136553,TECH-163,True
MNT-103801,VH-7657,2023-09-09,Corrective,1399.6542821643013,13.81846456702123,"Engine,HVAC",100290,TECH-158,True
MNT-103802,VH-3348,2023-09-23,Scheduled,327.28837129990256,2.0848848740276296,"Electrical,Brakes",250344,TECH-169,True
MNT-103803,VH-2549,2023-10-27,Corrective,932.3186440346827,40.206625717911805,Tires,430174,TECH-126,False
MNT-103804,VH-8468,2023-04-04,Corrective,1585.3048030576144,1.0,"Tires,Transmission",103676,TECH-107,False
MNT-103805,VH-6071,2023-02-02,Corrective,584.5621299325705,1.0,"Oil Change,Tires",472380,TECH-127,False
MNT-103806,VH-2506,2024-06-04,Scheduled,392.19848108351846,1.4856753918422534,"Brakes,Oil Change,Tires",469983,TECH-184,False
MNT-103807,VH-3473,2024-10-24,Corrective,1447.266103769687,3.9799109741224106,Electrical,125885,TECH-118,False
MNT-103808,VH-4001,2024-04-09,Corrective,971.3843605518616,13.275035480309274,"HVAC,Suspension,Engine",342142,TECH-187,False
MNT-103809,VH-8445,2023-04-20,Preventive,575.4076326248569,3.6514052318583663,"Electrical,Tires",135188,TECH-113,True
MNT-103810,VH-5672,2023-01-25,Preventive,576.458996463184,3.166678018864542,"Suspension,HVAC",171442,TECH-133,False
MNT-103811,VH-8532,2024-05-15,Corrective,1361.3512478896532,4.799240359162312,"Suspension,Engine",316525,TECH-128,True
MNT-103812,VH-2381,2024-06-17,Corrective,1379.7199926634876,19.183936773053237,"Tires,Brakes",438075,TECH-192,False
MNT-103813,VH-4057,2023-11-18,Preventive,559.3781310107286,5.677761580172085,"Electrical,Engine,Oil Change",368915,TECH-155,False
MNT-103814,VH-7162,2023-03-30,Preventive,763.8340445525871,2.2021855993246997,"Transmission,HVAC",481575,TECH-185,False
MNT-103815,VH-8468,2023-01-05,Preventive,636.0077573925317,1.560611761583877,"Tires,HVAC,Suspension",11005,TECH-138,False
MNT-103816,VH-9862,2024-11-20,Preventive,307.54349322075956,6.7044684492817135,Electrical,173686,TECH-128,False
MNT-103817,VH-2910,2024-07-28,Preventive,445.95358010986894,2.29854052484855,"HVAC,Oil Change",149341,TECH-168,False
MNT-103818,VH-2549,2023-01-14,Preventive,413.96902135299,1.0,"HVAC,Tires,Transmission",464296,TECH-191,False
MNT-103819,VH-2361,2023-07-21,Preventive,137.8313151093849,6.4632056302990115,Transmission,334571,TECH-171,False
MNT-103820,VH-8840,2023-05-02,Preventive,148.00994266128538,5.908163179838186,"Tires,Suspension,Engine",497532,TECH-181,False
MNT-103821,VH-6323,2024-03-09,Preventive,722.4811644270892,2.5152421467869472,"Engine,HVAC",286995,TECH-157,False
MNT-103822,VH-7166,2024-02-19,Preventive,573.7464091339583,7.523627561801408,"Engine,Brakes,Electrical",366335,TECH-126,True
MNT-103823,VH-8639,2024-09-08,Preventive,422.2560232526615,8.242506049384208,"Engine,Suspension",256652,TECH-153,True
MNT-103824,VH-5203,2024-05-18,Preventive,509.72841718393516,1.0,"Tires,Electrical,Transmission",270004,TECH-106,False
MNT-103825,VH-9393,2024-01-20,Preventive,313.5030045247735,2.3306076071640867,"Tires,Oil Change,Engine",134287,TECH-150,True
MNT-103826,VH-6037,2024-12-27,Preventive,463.6508982752926,1.3179802999458543,"HVAC,Suspension",182108,TECH-186,False
MNT-103827,VH-3317,2023-10-09,Preventive,653.3711719265411,6.223649847221752,Engine,215982,TECH-193,False
MNT-103828,VH-6443,2024-12-03,Preventive,475.00798992386837,3.122576181512852,"Engine,Electrical,Tires",299632,TECH-191,True
MNT-103829,VH-3588,2023-01-31,Preventive,394.44147380183927,9.266546830119708,"Suspension,HVAC,Tires",436040,TECH-170,False
MNT-103830,VH-2506,2024-03-18,Corrective,1586.8286526394882,1.559944259588842,"Brakes,Oil Change,HVAC",189305,TECH-193,False
MNT-103831,VH-2506,2023-10-05,Preventive,453.85931840984017,6.0155616117095825,Brakes,446006,TECH-122,False
MNT-103832,VH-9432,2023-07-11,Emergency,3282.326900406611,14.874641413225806,"Tires,HVAC,Transmission",48133,TECH-147,False
MNT-103833,VH-2393,2024-04-29,Corrective,1324.6537298680996,11.113900755944156,"Transmission,Tires",310920,TECH-114,False
MNT-103834,VH-4740,2024-03-11,Corrective,1083.2616601378095,5.550721519173498,Engine,96290,TECH-175,False
MNT-103835,VH-8923,2023-03-03,Preventive,562.8969435011336,7.655318324908903,Tires,128030,TECH-185,True
MNT-103836,VH-5844,2024-07-29,Corrective,1165.5413261660551,9.917042027133478,Transmission,192104,TECH-132,False
MNT-103837,VH-5912,2023-12-21,Preventive,591.5775131325472,3.915667247200433,Engine,447688,TECH-170,False
MNT-103838,VH-8468,2024-03-06,Emergency,2840.533063706538,9.81321670509788,Engine,171286,TECH-132,False
MNT-103839,VH-8840,2023-06-11,Corrective,1601.2210054454213,22.594346022551594,Engine,432912,TECH-130,True
MNT-103840,VH-1844,2024-07-27,Corrective,1244.4326775542168,6.745349468867342,"Engine,HVAC",283560,TECH-194,False
MNT-103841,VH-4001,2023-10-02,Preventive,595.9385713756815,1.343849084121517,Transmission,144802,TECH-188,True
MNT-103842,VH-8441,2024-02-22,Preventive,297.7079086833538,1.0,"Tires,Oil Change",127840,TECH-128,True
MNT-103843,VH-6473,2024-07-10,Preventive,493.76816761069307,8.502409111610122,"Electrical,Suspension",499058,TECH-185,False
MNT-103844,VH-8296,2023-10-17,Preventive,297.0785382376707,6.271515419523974,Transmission,438159,TECH-123,True
MNT-103845,VH-8176,2024-02-07,Corrective,1690.1700366062382,2.1345248053954906,"Suspension,Transmission",229858,TECH-194,False
MNT-103846,VH-8441,2024-08-07,Preventive,443.3235028443297,1.0,"Oil Change,HVAC",348786,TECH-138,True
MNT-103847,VH-3547,2023-04-01,Preventive,586.8044055889886,6.622644585317427,"Transmission,Suspension",63292,TECH-136,False
MNT-103848,VH-4743,2023-05-12,Scheduled,381.4295292738291,2.703169779973281,"HVAC,Engine,Electrical",396424,TECH-151,False
MNT-103849,VH-5672,2024-03-15,Preventive,458.22771336405674,1.0,"Oil Change,Transmission",107369,TECH-195,False
MNT-103850,VH-8653,2023-08-04,Corrective,734.7159817481287,20.073869175700736,"Tires,Brakes",227521,TECH-196,True
MNT-103851,VH-9646,2023-03-12,Corrective,1197.513141229479,7.712640652510381,"Brakes,Tires,Suspension",67633,TECH-128,False
MNT-103852,VH-8790,2024-05-22,Corrective,1647.1662621806502,17.818187580403674,"Tires,Transmission,Oil Change",214406,TECH-119,False
MNT-103853,VH-6253,2023-03-02,Emergency,1588.7564924394865,12.839241509909721,"Electrical,Transmission,Suspension",295820,TECH-116,False
MNT-103854,VH-7741,2023-01-18,Corrective,1080.5700936765545,8.86553348189114,"Brakes,Tires,Suspension",334523,TECH-120,False
MNT-103855,VH-1716,2024-08-18,Corrective,563.7198045318795,17.91809584115815,"Electrical,HVAC",188340,TECH-116,False
MNT-103856,VH-5844,2024-04-26,Preventive,540.501723144197,3.065439415382388,"Tires,Brakes",12974,TECH-170,False
MNT-103857,VH-5028,2024-11-19,Preventive,361.98680224046313,1.872256124077648,"Tires,Engine,Electrical",209991,TECH-135,True
MNT-103858,VH-2381,2024-05-15,Preventive,321.4336018422001,3.6079153838810964,Transmission,328888,TECH-140,True
MNT-103859,VH-8425,2023-12-09,Scheduled,462.4833792159095,1.0,"Transmission,HVAC",266703,TECH-107,True
MNT-103860,VH-4862,2024-03-03,Preventive,613.3227320388412,1.0,Electrical,167311,TECH-117,False
MNT-103861,VH-2393,2024-01-24,Scheduled,372.16953341066034,1.495496205948628,"Transmission,HVAC",25383,TECH-124,False
MNT-103862,VH-1092,2023-10-01,Corrective,1252.658536744244,15.842885087363744,"Suspension,Brakes,Oil Change",458870,TECH-188,False
MNT-103863,VH-3132,2024-10-02,Emergency,3319.9552999273888,6.965178206140587,"Electrical,Engine,Tires",481084,TECH-105,True
MNT-103864,VH-2372,2023-11-05,Corrective,1097.0215674952808,14.323566984591691,"Tires,Transmission,Electrical",281855,TECH-107,True
MNT-103865,VH-8959,2024-06-01,Preventive,568.8547832903927,1.0,"HVAC,Electrical",278482,TECH-145,True
MNT-103866,VH-3618,2023-09-12,Preventive,359.7262852499887,1.0,"Tires,Electrical",413384,TECH-187,False
MNT-103867,VH-3179,2023-06-17,Preventive,273.0920553176411,1.0,Brakes,95480,TECH-139,True
MNT-103868,VH-8097,2024-04-18,Preventive,715.1558836070183,5.100808571103465,"Electrical,Brakes,Oil Change",172752,TECH-109,False
MNT-103869,VH-4688,2024-07-17,Preventive,858.6087409279171,1.0,"Tires,Brakes",403674,TECH-148,True
MNT-103870,VH-7807,2024-04-11,Preventive,718.7203142036038,1.0,Suspension,205541,TECH-159,False
MNT-103871,VH-7925,2023-06-28,Corrective,1058.70014830901,1.3667726612782245,"Transmission,Electrical",371063,TECH-148,True
MNT-103872,VH-6709,2024-05-01,Preventive,336.57498506649085,7.175264698512014,"Brakes,Oil Change",491180,TECH-147,True
MNT-103873,VH-5282,2023-08-25,Preventive,686.6396225891596,1.516692653469626,"Engine,Tires",393025,TECH-123,True
MNT-103874,VH-3776,2023-10-30,Corrective,1417.109189926436,6.853839729072928,"Suspension,HVAC,Tires",74307,TECH-129,False
MNT-103875,VH-2915,2023-03-01,Preventive,601.8921985284476,1.0,"Transmission,HVAC,Oil Change",430013,TECH-147,False
MNT-103876,VH-5282,2023-07-23,Preventive,752.4032337899557,1.982372033162377,"Electrical,HVAC",277787,TECH-183,False
MNT-103877,VH-5028,2023-06-13,Corrective,1087.2413599550036,1.9062418552996183,"Transmission,Suspension,Brakes",261302,TECH-124,True
MNT-103878,VH-8593,2024-09-15,Emergency,2075.922224539595,68.09276984104133,"Transmission,Tires",489879,TECH-182,False
MNT-103879,VH-5635,2023-03-18,Preventive,452.3781812146281,3.507274755820125,HVAC,117680,TECH-183,True
MNT-103880,VH-5717,2023-03-04,Corrective,1206.9125779685237,5.157988251737553,"Electrical,HVAC",391887,TECH-176,False
MNT-103881,VH-4862,2024-06-24,Corrective,964.0442494164016,1.0,Electrical,81434,TECH-123,True
MNT-103882,VH-7918,2024-03-03,Corrective,1237.359031582419,16.11272281758672,"Oil Change,Brakes,HVAC",191509,TECH-155,True
MNT-103883,VH-1823,2024-04-06,Scheduled,418.1119267497861,1.0,"Tires,HVAC,Engine",476756,TECH-174,False
MNT-103884,VH-8441,2024-09-12,Corrective,1473.1555986619926,20.504068590383206,"Electrical,Engine,Suspension",377150,TECH-126,False
MNT-103885,VH-2357,2023-04-24,Preventive,930.475194689213,1.0,"Engine,Tires,Electrical",21543,TECH-193,False
MNT-103886,VH-4984,2024-04-19,Emergency,2870.00507195729,6.964468987851472,"Electrical,Engine",108575,TECH-146,False
MNT-103887,VH-2410,2024-10-30,Preventive,453.8659681983746,1.0,"Suspension,Engine",456302,TECH-145,False
MNT-103888,VH-5282,2023-04-17,Preventive,467.4580749231239,1.0,"Engine,Transmission",241329,TECH-129,False
MNT-103889,VH-2910,2024-04-11,Preventive,290.5889285006938,1.0,"Oil Change,Electrical",161639,TECH-176,False
MNT-103890,VH-8857,2024-05-21,Scheduled,415.5300318477945,3.692736358602796,Suspension,251217,TECH-128,False
MNT-103891,VH-1588,2024-06-05,Corrective,1764.5890439276598,1.0,Oil Change,94044,TECH-117,False
MNT-103892,VH-9035,2023-07-24,Preventive,233.54929990399842,6.007873702289588,"Oil Change,Brakes,Transmission",389693,TECH-102,True
MNT-103893,VH-9887,2024-07-24,Emergency,3883.780788646053,48.2313683906786,"Oil Change,Tires,HVAC",200883,TECH-183,False
MNT-103894,VH-1008,2024-08-14,Emergency,1502.792270467573,40.10091975605081,Transmission,75879,TECH-168,False
MNT-103895,VH-5684,2023-10-17,Preventive,356.9403589121856,4.401654848138488,"Engine,Tires,Suspension",234973,TECH-187,True
MNT-103896,VH-4976,2024-02-02,Corrective,349.0238385126993,7.345472276391738,"Electrical,HVAC,Suspension",97687,TECH-163,False
MNT-103897,VH-9393,2023-01-11,Scheduled,467.9888108307756,1.0,"Oil Change,HVAC",491705,TECH-167,False
MNT-103898,VH-6443,2024-01-15,Preventive,646.8345460419393,1.6382346275797763,"Electrical,Tires",347837,TECH-157,False
MNT-103899,VH-9105,2024-06-07,Preventive,592.2586126623193,6.645342947860612,Transmission,27805,TECH-156,True
MNT-103900,VH-9682,2024-01-26,Corrective,979.9425727298346,27.30118470760121,Electrical,445786,TECH-121,False
MNT-103901,VH-1844,2023-05-11,Preventive,333.28162028807446,3.3929993248975485,"Tires,HVAC",441726,TECH-100,False
MNT-103902,VH-8441,2024-03-04,Preventive,571.403317207272,9.312581244039526,Tires,426302,TECH-145,False
MNT-103903,VH-8653,2024-06-12,Corrective,870.7524247372014,5.268623441185486,"Brakes,Oil Change",155684,TECH-139,False
MNT-103904,VH-6463,2024-09-18,Preventive,438.27757223535957,4.335997808989887,"HVAC,Transmission,Oil Change",381551,TECH-158,False
MNT-103905,VH-7863,2024-04-24,Preventive,311.04118687502825,1.0,"Electrical,Brakes",480099,TECH-122,True
MNT-103906,VH-8918,2024-12-12,Preventive,537.2976030601518,4.543490311424781,"Electrical,Suspension,Transmission",190682,TECH-111,True
MNT-103907,VH-8840,2024-04-06,Preventive,418.08163398565097,10.692854287036866,Brakes,112487,TECH-138,False
MNT-103908,VH-5282,2023-08-15,Corrective,1345.81444822395,1.0404939704510054,"Suspension,Transmission,Brakes",46805,TECH-195,True
MNT-103909,VH-3605,2024-08-16,Preventive,548.6572107029326,3.973976879739358,"Transmission,Engine",448549,TECH-178,True
MNT-103910,VH-4106,2024-01-03,Corrective,1627.6732567075458,1.5685660923788396,HVAC,434895,TECH-138,True
MNT-103911,VH-1461,2023-09-07,Corrective,1669.2177958697803,17.725512916649624,Electrical,136159,TECH-107,False
MNT-103912,VH-1789,2024-07-22,Preventive,684.4630661570109,2.7378904035559812,HVAC,11502,TECH-152,False
MNT-103913,VH-8664,2023-08-12,Emergency,1416.6105062677798,2.1884302302533896,Engine,372909,TECH-140,False
MNT-103914,VH-7171,2024-11-23,Corrective,767.5986809685925,5.740169338438952,Suspension,136995,TECH-111,False
MNT-103915,VH-5056,2024-02-10,Preventive,308.94394531540047,1.0,Transmission,174136,TECH-171,False
MNT-103916,VH-4503,2024-04-04,Scheduled,451.295043840159,1.0944234934155732,"Engine,Brakes",482025,TECH-113,False
MNT-103917,VH-9029,2024-07-04,Scheduled,236.99214528769653,1.0,"Engine,Suspension,Brakes",290929,TECH-134,True
MNT-103918,VH-7162,2024-08-17,Corrective,1119.4048488488113,4.691692196083127,"HVAC,Suspension",314558,TECH-182,False
MNT-103919,VH-1391,2023-02-18,Emergency,2774.57138506893,7.585325263249316,Engine,278531,TECH-197,False
MNT-103920,VH-1712,2024-12-07,Preventive,804.0180343135771,7.236967101740544,Engine,298771,TECH-192,False
MNT-103921,VH-7807,2024-07-15,Scheduled,241.71341205451097,1.960953003248916,"Electrical,Tires",414345,TECH-199,True
MNT-103922,VH-6709,2023-03-07,Preventive,562.5859298145992,8.653570553251178,"Tires,Oil Change,Engine",297193,TECH-175,False
MNT-103923,VH-2910,2023-09-10,Preventive,245.56409061697687,4.059228441944007,Tires,303616,TECH-121,True
MNT-103924,VH-4716,2023-07-27,Preventive,625.3543652624353,3.5768890177656743,"HVAC,Tires,Brakes",24118,TECH-191,True
MNT-103925,VH-2536,2024-05-15,Preventive,405.977647240566,3.521866359983072,"Engine,Brakes",293466,TECH-198,False
MNT-103926,VH-5203,2024-09-19,Preventive,535.8929936582246,5.578563752159281,HVAC,117350,TECH-198,True
MNT-103927,VH-2915,2023-02-18,Preventive,534.9315216930095,10.84782612904628,"Transmission,Brakes,Engine",317451,TECH-118,False
MNT-103928,VH-3317,2024-05-24,Corrective,1506.6951644696062,3.9446163501831197,HVAC,60901,TECH-119,True
MNT-103929,VH-1588,2024-06-21,Preventive,301.2357743770109,2.9548305263252184,"Transmission,Engine,Brakes",240062,TECH-169,True
MNT-103930,VH-8579,2023-12-15,Corrective,1971.8869773414617,4.152302894618023,"Oil Change,Transmission,Electrical",102439,TECH-100,False
MNT-103931,VH-3233,2024-12-28,Preventive,595.2962459707472,11.4521533061767,"HVAC,Oil Change,Transmission",182667,TECH-135,True
MNT-103932,VH-3348,2023-11-02,Corrective,1651.6868325638532,14.712193092989281,"Suspension,Brakes,Transmission",231369,TECH-135,False
MNT-103933,VH-1335,2024-09-21,Preventive,262.4060286742078,1.1362125965906216,"Oil Change,Electrical",293002,TECH-101,False
MNT-103934,VH-1215,2024-04-11,Preventive,485.0404350363633,1.0,Oil Change,27743,TECH-172,True
MNT-103935,VH-2625,2024-11-19,Preventive,430.67605372934986,1.3286693916049148,Electrical,397745,TECH-148,False
MNT-103936,VH-4001,2023-07-29,Preventive,698.4637264333887,1.4869670236133428,"Suspension,HVAC,Transmission",328773,TECH-147,True
MNT-103937,VH-1823,2023-08-03,Preventive,638.856572336627,1.2569785623863754,HVAC,232487,TECH-181,False
MNT-103938,VH-6106,2023-10-26,Corrective,1053.01868900616,7.5036846332524325,Tires,18266,TECH-163,False
MNT-103939,VH-2910,2023-07-15,Corrective,956.056507655629,7.903777926954288,Suspension,262772,TECH-155,False
MNT-103940,VH-3927,2023-04-15,Preventive,471.3390194382389,5.109061206914334,Transmission,470967,TECH-188,False
MNT-103941,VH-7688,2023-04-12,Emergency,1950.0272405592918,3.361964046830594,"Engine,Suspension",454593,TECH-139,True
MNT-103942,VH-8445,2023-03-25,Emergency,1956.2894969235324,13.198417207353101,Transmission,54806,TECH-153,True
MNT-103943,VH-1789,2023-03-03,Preventive,728.8058228265445,9.624118180522515,"HVAC,Electrical,Oil Change",355584,TECH-104,False
MNT-103944,VH-7925,2023-12-15,Scheduled,340.09471674154565,2.116309848805732,HVAC,266619,TECH-111,True
MNT-103945,VH-5450,2024-05-21,Preventive,777.2522021070947,2.218228666928107,Oil Change,65781,TECH-131,False
MNT-103946,VH-5450,2023-01-24,Corrective,1458.925136726078,4.28308467975027,Oil Change,128021,TECH-133,True
MNT-103947,VH-9801,2023-08-13,Scheduled,346.98216667411896,1.0,"Tires,Oil Change,Brakes",449630,TECH-173,True
MNT-103948,VH-3179,2024-06-08,Scheduled,362.32067742184864,1.0,"Electrical,Transmission",209008,TECH-180,True
MNT-103949,VH-8866,2024-01-19,Preventive,370.5540486191609,1.7041164458079714,"Suspension,Tires,Brakes",260028,TECH-122,False
MNT-103950,VH-3967,2023-08-20,Preventive,173.28824271110625,6.891676149910843,Suspension,455305,TECH-137,False
MNT-103951,VH-1716,2024-10-08,Scheduled,316.24497521829085,1.0,Transmission,421206,TECH-136,True
MNT-103952,VH-1092,2024-02-09,Preventive,712.7074806134265,11.34752692561992,"HVAC,Brakes,Transmission",239860,TECH-167,False
MNT-103953,VH-9274,2023-05-25,Emergency,2171.296571876762,1.0,"Transmission,Oil Change",436208,TECH-167,False
MNT-103954,VH-2536,2023-07-23,Corrective,707.6718586080334,1.036614162124954,"Engine,Transmission,Suspension",31126,TECH-152,True
MNT-103955,VH-2549,2024-08-15,Emergency,1478.0888432798197,51.50442413739525,"Brakes,Suspension,Oil Change",472993,TECH-136,True
MNT-103956,VH-1366,2024-03-31,Corrective,1664.8893757464039,12.641759726410438,"Electrical,Suspension",259262,TECH-193,False
MNT-103957,VH-7688,2024-08-15,Preventive,418.78803494914206,4.944748145663642,"Brakes,Engine,Transmission",259663,TECH-172,False
MNT-103958,VH-2489,2023-03-04,Preventive,398.31064115417445,7.2419341773801165,HVAC,379674,TECH-180,False
MNT-103959,VH-9801,2024-02-13,Preventive,337.73653988612205,2.439073537170556,"Oil Change,Engine",349918,TECH-124,False
MNT-103960,VH-5360,2024-03-06,Scheduled,323.52461459673015,3.451145237177131,Electrical,34368,TECH-155,True
MNT-103961,VH-1008,2024-01-18,Corrective,638.4668925847074,8.10145448008928,"Tires,Brakes,Suspension",139464,TECH-162,True
MNT-103962,VH-4890,2024-01-21,Preventive,503.28951679866975,3.8620693732015132,"Transmission,Tires,Engine",221485,TECH-181,False
MNT-103963,VH-6636,2023-07-19,Corrective,768.1899736567971,38.048087071630384,"Electrical,Engine",53361,TECH-153,False
MNT-103964,VH-1215,2023-09-11,Emergency,3692.542119424702,10.676338320413327,"Transmission,Engine",317515,TECH-109,True
MNT-103965,VH-7686,2023-06-20,Scheduled,432.6374856169457,1.0,"Tires,Oil Change,Suspension",408246,TECH-186,False
MNT-103966,VH-3233,2024-03-13,Preventive,428.11339248607965,7.252931996952971,"Transmission,HVAC,Oil Change",489826,TECH-170,False
MNT-103967,VH-3039,2023-06-04,Scheduled,380.5564231804929,1.0,"Oil Change,Brakes",487921,TECH-116,False
MNT-103968,VH-8653,2023-03-24,Scheduled,473.342733975005,1.0,"Tires,HVAC",234157,TECH-162,False
MNT-103969,VH-1420,2024-10-09,Corrective,993.2482501267555,13.242143178994091,"Electrical,Transmission",393018,TECH-157,False
MNT-103970,VH-6346,2024-01-25,Scheduled,257.3174714484017,1.0675367656368542,"Electrical,Oil Change",184979,TECH-120,False
MNT-103971,VH-2422,2024-06-27,Preventive,361.3942645135119,10.26251212097116,Oil Change,104943,TECH-189,False
MNT-103972,VH-2216,2023-01-14,Corrective,1378.03102097043,1.0,"Engine,Brakes",144660,TECH-163,False
MNT-103973,VH-5450,2024-02-29,Preventive,480.81372276631635,2.056886521812247,"HVAC,Oil Change,Tires",357423,TECH-117,True
MNT-103974,VH-1620,2024-07-12,Corrective,914.9837629860167,8.566769134657225,"Engine,Brakes,Oil Change",332751,TECH-139,True
MNT-103975,VH-6346,2024-09-12,Scheduled,478.37584298271696,1.0,HVAC,172736,TECH-128,False
MNT-103976,VH-5868,2024-04-16,Preventive,563.8748177207395,8.030231822349545,"Brakes,Electrical,Transmission",445209,TECH-134,False
MNT-103977,VH-3540,2023-06-25,Preventive,371.4716061032347,4.096434110432568,Suspension,307838,TECH-192,False
MNT-103978,VH-9682,2024-05-15,Corrective,1846.147558370733,4.772777042037394,"HVAC,Oil Change",426521,TECH-153,True
MNT-103979,VH-9801,2024-02-13,Preventive,790.6431465114819,4.79121797457193,"Suspension,Electrical,HVAC",81079,TECH-115,False
MNT-103980,VH-6323,2024-10-24,Preventive,296.43705955432307,3.069088123339563,Suspension,452177,TECH-162,True
MNT-103981,VH-9737,2024-03-29,Corrective,1191.9590371321478,1.7590475961322336,Brakes,258996,TECH-197,False
MNT-103982,VH-4862,2024-05-05,Corrective,1267.089891604287,19.97829003727554,"Tires,Engine,HVAC",67972,TECH-117,False
MNT-103983,VH-8103,2024-12-03,Preventive,634.7977298676033,2.860802830844805,"Oil Change,Tires",444317,TECH-113,True
MNT-103984,VH-6323,2024-03-29,Preventive,496.17292458281975,1.0,"Oil Change,Transmission,Tires",460459,TECH-177,True
MNT-103985,VH-2625,2023-07-27,Emergency,2109.850868729528,42.80572066929446,"Transmission,Electrical,Oil Change",347304,TECH-177,False
MNT-103986,VH-4106,2024-05-30,Emergency,2321.3388859776114,21.817078453947893,"Brakes,Tires",17327,TECH-162,False
MNT-103987,VH-1461,2023-08-21,Preventive,660.5407082909434,2.0621408863911084,Engine,175011,TECH-108,True
MNT-103988,VH-2489,2024-08-12,Preventive,543.889494181093,3.116975558692121,"Tires,Transmission",69563,TECH-197,True
MNT-103989,VH-5717,2023-10-27,Preventive,374.70715925200096,1.542005249531726,"Oil Change,Suspension",365401,TECH-121,False
MNT-103990,VH-6323,2024-07-05,Preventive,402.54558963963404,1.6849687301189298,Tires,444599,TECH-131,True
MNT-103991,VH-5717,2023-05-06,Emergency,3392.0375269940896,17.837392985925266,Tires,364310,TECH-114,True
MNT-103992,VH-7832,2023-04-12,Preventive,468.8054988962501,1.0,Brakes,232444,TECH-188,False
MNT-103993,VH-1461,2023-08-06,Emergency,2841.428377926222,21.632468556364586,"Brakes,Electrical,Transmission",62118,TECH-177,False
MNT-103994,VH-8563,2024-11-14,Preventive,537.8719531665699,1.0,Tires,135814,TECH-133,False
MNT-103995,VH-2587,2024-10-16,Preventive,644.5225658162909,1.0519905704616577,"Engine,Brakes",406127,TECH-122,True
MNT-103996,VH-3540,2023-11-21,Preventive,235.05022333913223,1.0,"HVAC,Oil Change",306819,TECH-155,False
MNT-103997,VH-6037,2023-09-13,Corrective,1164.7240134921508,3.5315341199506873,"Electrical,Oil Change,Tires",152922,TECH-131,True
MNT-103998,VH-2690,2023-10-08,Preventive,763.6435333909512,2.8392033535528385,Tires,26608,TECH-167,False
MNT-103999,VH-4753,2024-04-28,Preventive,442.9918864234377,12.679588283097202,Engine,168164,TECH-158,True
MNT-104000,VH-5635,2024-09-03,Preventive,522.6824095459995,9.925145061570884,Tires,287137,TECH-103,False
MNT-104001,VH-9105,2023-03-19,Preventive,611.9528552858626,1.0,"Oil Change,Suspension,HVAC",102627,TECH-168,False
MNT-104002,VH-2357,2024-08-20,Preventive,375.3744889783101,2.632764408226083,"Tires,Suspension,Transmission",408769,TECH-197,True
MNT-104003,VH-3540,2024-02-10,Preventive,398.73059675891113,1.0,Brakes,376396,TECH-191,False
MNT-104004,VH-8959,2024-06-26,Preventive,337.47746091233057,4.0187828750629055,"Transmission,Engine",496046,TECH-168,False
MNT-104005,VH-2549,2024-04-02,Preventive,422.1566389977255,1.0,"Engine,Electrical,Brakes",169567,TECH-118,True
MNT-104006,VH-3919,2023-02-14,Preventive,316.9260824267428,3.0120166016573138,"Oil Change,Engine",484621,TECH-161,False
MNT-104007,VH-9824,2023-08-14,Emergency,4151.636953372893,80.08198154595156,"Oil Change,Tires",301934,TECH-173,False
MNT-104008,VH-6106,2023-04-17,Emergency,2122.9317540881825,2.774080013706811,"Tires,Brakes,Engine",170692,TECH-162,False
MNT-104009,VH-7686,2023-08-05,Corrective,433.3047510182672,1.148122157652578,"Transmission,Suspension,Electrical",321231,TECH-198,False
MNT-104010,VH-6718,2024-01-16,Preventive,459.968854404626,5.674468447762006,"Engine,Brakes",285164,TECH-164,False
MNT-104011,VH-3233,2023-12-20,Preventive,527.1145304136411,4.863012796097974,"Transmission,Tires,Oil Change",432619,TECH-175,False
MNT-104012,VH-8468,2023-02-07,Scheduled,458.79348497059516,2.330000348074648,"Brakes,Transmission",457486,TECH-121,False
MNT-104013,VH-1999,2023-07-16,Corrective,1288.1977027146545,21.526082510357426,"Oil Change,Suspension,Electrical",326972,TECH-135,True
MNT-104014,VH-7657,2024-06-17,Preventive,573.5581002060246,6.6452156040752985,"Transmission,HVAC",362263,TECH-148,True
MNT-104015,VH-2559,2023-06-09,Corrective,1132.1378620365044,4.989348466574262,"Suspension,Oil Change",471520,TECH-173,True
MNT-104016,VH-3278,2023-10-31,Preventive,386.61891340121974,4.78180385338925,Suspension,318670,TECH-107,False
MNT-104017,VH-8103,2024-10-19,Preventive,473.0233915519536,1.923328314587124,"Engine,Suspension",73884,TECH-107,True
MNT-104018,VH-7136,2024-01-25,Preventive,449.90809108959945,2.6284443692783204,Transmission,424510,TECH-131,False
MNT-104019,VH-5547,2023-06-27,Corrective,1559.5237816535946,18.046417994446198,"Electrical,Suspension,Engine",297560,TECH-127,False
MNT-104020,VH-4057,2024-05-12,Preventive,304.87540204162246,4.816639977474233,Engine,254617,TECH-132,False
MNT-104021,VH-7741,2023-02-05,Corrective,1481.8907279544121,32.41781592276477,"Oil Change,Brakes",392012,TECH-172,True
MNT-104022,VH-4862,2023-03-30,Corrective,831.2990412068191,23.44293760174899,Suspension,190501,TECH-100,False
MNT-104023,VH-8563,2024-10-01,Corrective,1302.3467869059461,7.246394382359373,"Electrical,Brakes",281076,TECH-181,True
MNT-104024,VH-4743,2023-12-20,Emergency,1632.476146506462,4.80748458615743,Transmission,367748,TECH-103,True
MNT-104025,VH-4753,2023-10-09,Preventive,580.7826321302123,5.988495161061603,"HVAC,Tires,Engine",347017,TECH-125,True
MNT-104026,VH-7925,2024-12-11,Emergency,1695.8276352624544,28.249048344672225,HVAC,404233,TECH-132,True
MNT-104027,VH-9821,2023-11-05,Preventive,411.61603987660703,1.0,Engine,268562,TECH-106,True
MNT-104028,VH-6443,2023-06-06,Corrective,1381.1761621653816,2.540022964378702,"Oil Change,Suspension,Transmission",200484,TECH-109,False
MNT-104029,VH-7741,2023-03-16,Scheduled,307.9867647657739,1.0,"Brakes,Oil Change",98586,TECH-178,False
MNT-104030,VH-8593,2024-11-15,Preventive,629.4555980511578,13.692968926231734,"HVAC,Transmission",16886,TECH-108,False
MNT-104031,VH-7311,2024-04-23,Preventive,407.8762839796319,1.5471479763588334,"Oil Change,Transmission,Tires",440410,TECH-153,True
MNT-104032,VH-8664,2023-10-14,Preventive,530.3701444072166,1.0,"HVAC,Electrical",111184,TECH-138,False
MNT-104033,VH-4042,2023-06-27,Emergency,1731.5822938439926,26.232081866015612,"Brakes,Electrical",125379,TECH-133,False
MNT-104034,VH-7863,2023-03-03,Scheduled,317.99279286219974,2.6113574512021986,"Tires,Electrical",122129,TECH-166,False
MNT-104035,VH-3233,2023-02-10,Corrective,1740.7620420276144,14.145195427329828,"Brakes,Suspension,Tires",449577,TECH-198,False
MNT-104036,VH-8445,2023-12-01,Preventive,260.2685243094286,5.425061613393691,Transmission,278559,TECH-112,True
MNT-104037,VH-5360,2023-01-15,Preventive,665.1651147806438,3.354901471061941,Transmission,205798,TECH-196,False
MNT-104038,VH-9522,2023-03-11,Preventive,486.6296450198105,6.265018384144431,Transmission,463235,TECH-157,False
MNT-104039,VH-9821,2023-03-09,Preventive,454.30282482398275,5.602726538314356,"Oil Change,Electrical,Transmission",53850,TECH-124,False
MNT-104040,VH-8425,2024-06-08,Corrective,1659.337553952081,14.542411053102489,"Engine,Transmission,Electrical",118963,TECH-158,True
MNT-104041,VH-4688,2024-05-12,Scheduled,423.258982762298,1.03750714244957,"Electrical,Tires,HVAC",226779,TECH-109,False
MNT-104042,VH-7359,2023-09-10,Preventive,611.051161488632,1.0,"Oil Change,Brakes,Tires",161665,TECH-159,False
MNT-104043,VH-3919,2024-06-07,Corrective,1154.7050412349624,1.0,"Tires,Transmission,Electrical",333410,TECH-124,False
MNT-104044,VH-5912,2023-11-06,Corrective,1228.6525233208092,50.05834954816518,"Oil Change,Engine",345589,TECH-133,False
MNT-104045,VH-6718,2023-02-16,Scheduled,467.69108193762816,2.3874854875959657,HVAC,400262,TECH-135,False
MNT-104046,VH-1008,2024-11-19,Corrective,922.9647092747273,1.0,Transmission,96416,TECH-124,False
MNT-104047,VH-3490,2024-07-16,Preventive,477.22055801858346,3.7279493791406533,Electrical,403766,TECH-187,False
MNT-104048,VH-5684,2023-10-04,Emergency,1739.9486398574677,83.10464362213688,"HVAC,Electrical,Suspension",11510,TECH-140,True
MNT-104049,VH-9710,2024-06-13,Preventive,353.60224143669984,4.889562576239662,"Oil Change,Transmission",198825,TECH-152,False
MNT-104050,VH-9516,2023-11-18,Corrective,1515.123247376487,1.0,"Electrical,Suspension",361681,TECH-186,False
MNT-104051,VH-7171,2023-08-07,Corrective,1640.8351408911449,17.764278353087402,"Tires,HVAC,Engine",115259,TECH-182,False
MNT-104052,VH-6718,2023-11-29,Preventive,702.9584562816951,4.296795110573835,"Brakes,Tires",428568,TECH-179,True
MNT-104053,VH-8000,2024-08-27,Preventive,468.69937170147193,2.2473219802925386,"HVAC,Transmission,Engine",30872,TECH-199,False
MNT-104054,VH-6323,2024-06-14,Corrective,1108.4071566267498,9.250627764006058,"Brakes,Tires,HVAC",140795,TECH-118,False
MNT-104055,VH-2464,2023-08-07,Preventive,421.778243607814,1.0,"Engine,Tires",171148,TECH-185,False
MNT-104056,VH-1620,2023-08-25,Corrective,1581.761914669934,22.230515697285444,"Brakes,Tires",245493,TECH-123,False
MNT-104057,VH-8664,2023-04-02,Corrective,931.8480190691316,18.14110415291312,"Engine,Oil Change,Transmission",169045,TECH-103,True
MNT-104058,VH-3776,2024-09-20,Emergency,3371.710311051186,22.09852907028118,"Suspension,Transmission",134451,TECH-122,False
MNT-104059,VH-4688,2023-03-23,Preventive,352.22487188545915,3.9075297459043745,"Electrical,Oil Change,Suspension",80649,TECH-122,False
MNT-104060,VH-8532,2023-12-01,Corrective,1445.2161049540198,1.0,Suspension,12505,TECH-142,False
MNT-104061,VH-8923,2023-05-31,Scheduled,312.78742209788567,2.0049279205439396,Engine,164558,TECH-159,False
MNT-104062,VH-4862,2023-04-01,Preventive,626.2643399547493,1.0494556082032105,Engine,342088,TECH-156,False
MNT-104063,VH-1131,2024-03-08,Preventive,425.5484329912757,4.632521450466963,"Tires,Suspension,Transmission",224969,TECH-165,False
MNT-104064,VH-9824,2024-11-22,Preventive,248.736270013083,11.149048555019657,Electrical,264720,TECH-135,False
MNT-104065,VH-1620,2024-11-16,Preventive,317.2429144343645,3.25003009214541,Suspension,405176,TECH-162,True
MNT-104066,VH-5844,2023-06-06,Preventive,541.3933631082219,2.5332928549490017,Transmission,52168,TECH-174,True
MNT-104067,VH-7657,2024-10-06,Preventive,669.7288264138974,7.810983774781677,Tires,419469,TECH-185,False
MNT-104068,VH-1072,2023-12-27,Preventive,765.3398952480261,1.0,Suspension,327177,TECH-117,False
MNT-104069,VH-2391,2023-11-27,Preventive,696.9707405899816,4.288791624451132,Transmission,79188,TECH-155,False
MNT-104070,VH-6596,2024-05-31,Corrective,1478.579016765115,29.099495366643353,Suspension,81053,TECH-119,False
MNT-104071,VH-6709,2024-02-08,Emergency,2612.1082406961737,41.22285081782585,Tires,436910,TECH-149,False
MNT-104072,VH-5262,2023-05-22,Preventive,594.6798143146165,9.807913660264605,"Brakes,Engine",157793,TECH-196,True
MNT-104073,VH-3540,2024-05-14,Emergency,2494.561153914096,12.949695940808454,"Engine,HVAC,Brakes",301264,TECH-136,False
MNT-104074,VH-1092,2024-01-27,Preventive,401.1412323612024,1.9657691950793155,Electrical,304116,TECH-148,False
MNT-104075,VH-5203,2024-04-10,Preventive,468.47623668712646,1.963695531785719,"Engine,Transmission",357885,TECH-175,False
MNT-104076,VH-5478,2023-02-13,Scheduled,452.0860246452839,1.0,"Engine,Tires,Electrical",480930,TECH-175,False
MNT-104077,VH-8000,2023-06-28,Preventive,640.4525193659086,3.3126694413021798,Suspension,96900,TECH-176,True
MNT-104078,VH-1391,2023-02-26,Preventive,535.3720602788876,1.1904398779422758,"Electrical,Tires,Transmission",337796,TECH-189,False
MNT-104079,VH-8563,2023-06-07,Corrective,549.2352578938128,8.511728875937361,"Tires,Oil Change",396869,TECH-183,False
MNT-104080,VH-6463,2023-03-26,Preventive,458.3621315964202,3.2362882078418744,"Electrical,Brakes,Transmission",499474,TECH-122,False
MNT-104081,VH-1588,2023-07-30,Scheduled,393.85807016252625,6.309996560277432,"HVAC,Engine",381427,TECH-158,False
MNT-104082,VH-9432,2023-11-18,Preventive,649.714730478983,1.0,Transmission,175409,TECH-109,False
MNT-104083,VH-9824,2023-11-24,Corrective,1198.7757827103744,4.884687458093868,Tires,451409,TECH-198,False
MNT-104084,VH-3179,2024-05-15,Corrective,1583.3947543140735,3.69820539328118,HVAC,346372,TECH-132,False
MNT-104085,VH-7863,2023-07-03,Preventive,398.0188105169656,1.0,Tires,324505,TECH-143,False
MNT-104086,VH-1131,2023-10-19,Preventive,622.872952815329,1.0,"Engine,Electrical,Tires",454142,TECH-178,False
MNT-104087,VH-6963,2024-08-23,Preventive,529.303403114061,1.2158954553401433,"Oil Change,Tires",22875,TECH-153,False
MNT-104088,VH-8579,2024-11-02,Preventive,302.70773720860757,8.434818425734296,"Oil Change,HVAC",36682,TECH-176,False
MNT-104089,VH-4106,2024-04-11,Corrective,1103.259100742427,1.5891727441643022,"Brakes,HVAC",277337,TECH-180,False
MNT-104090,VH-4862,2024-03-08,Emergency,3325.6387060567276,7.246735622257848,Transmission,487172,TECH-194,False
MNT-104091,VH-3233,2023-12-21,Preventive,472.8775738864408,1.0,"Oil Change,HVAC",275873,TECH-106,False
MNT-104092,VH-9862,2023-07-08,Emergency,2904.607930629182,24.088216892846063,"Engine,Suspension,Oil Change",331562,TECH-122,True
MNT-104093,VH-8923,2024-02-26,Preventive,681.7003701801123,1.0,"Engine,Oil Change,Brakes",483703,TECH-146,False
MNT-104094,VH-2216,2023-10-22,Preventive,494.77212625713133,5.588809072447995,"Brakes,Transmission,Engine",333807,TECH-134,False
MNT-104095,VH-5386,2024-03-18,Corrective,1080.6417814388592,12.5910171926436,"Transmission,Oil Change,Brakes",52194,TECH-147,False
MNT-104096,VH-1461,2023-06-13,Corrective,1525.5233022044536,4.941454436056724,"Oil Change,Transmission",87246,TECH-118,False
MNT-104097,VH-8468,2023-06-17,Preventive,367.48616126128877,2.8374489248952006,"Electrical,Oil Change",262828,TECH-163,True
MNT-104098,VH-5672,2023-06-27,Corrective,1510.1394035566884,23.282211600827324,HVAC,419220,TECH-156,True
MNT-104099,VH-4890,2024-04-05,Preventive,731.2433575303546,5.1307479010444155,Engine,97374,TECH-122,True
MNT-104100,VH-5547,2023-07-04,Preventive,559.4988687582692,17.355484212386564,"HVAC,Suspension",275262,TECH-190,False
MNT-104101,VH-3125,2023-04-06,Scheduled,292.3926740238966,1.0,"Brakes,Tires,Oil Change",21410,TECH-192,True
MNT-104102,VH-6323,2024-06-24,Preventive,358.64065706290745,3.475038686235638,"Transmission,Oil Change,HVAC",18464,TECH-164,True
MNT-104103,VH-3547,2024-04-19,Preventive,562.1211002535198,1.0,"Suspension,Tires,Engine",477839,TECH-112,False
MNT-104104,VH-8445,2023-04-07,Preventive,449.7747004329816,1.0,Suspension,305824,TECH-172,True
MNT-104105,VH-8653,2024-09-25,Preventive,441.118448590424,5.779882982575764,Suspension,487587,TECH-157,False
MNT-104106,VH-3125,2024-10-19,Corrective,1512.7503336313277,1.0,"Electrical,HVAC,Tires",438889,TECH-151,False
MNT-104107,VH-3540,2023-03-01,Corrective,1056.194077167995,12.95640578967461,"HVAC,Suspension,Tires",275717,TECH-177,False
MNT-104108,VH-3605,2023-02-20,Corrective,1613.4277232267486,13.436295066370587,Engine,480024,TECH-187,False
MNT-104109,VH-6019,2024-02-13,Scheduled,484.33814335789157,1.0238661991245446,Engine,160851,TECH-129,True
MNT-104110,VH-8468,2023-12-08,Corrective,433.99890672683614,8.578730597547231,"Brakes,Suspension,Transmission",408137,TECH-196,False
MNT-104111,VH-7686,2023-08-04,Corrective,880.6337842782632,19.16252098651837,"Brakes,HVAC,Oil Change",182859,TECH-184,False
MNT-104112,VH-6323,2023-02-11,Preventive,413.21747876260997,5.131860792434695,"Transmission,Suspension",331949,TECH-193,False
MNT-104113,VH-8296,2023-02-09,Corrective,1999.152771703839,20.805218819602437,"Brakes,HVAC,Oil Change",146308,TECH-143,False
MNT-104114,VH-6718,2023-01-18,Preventive,291.5787546505129,5.1358251507061645,"Transmission,Suspension,Oil Change",452867,TECH-167,False
MNT-104115,VH-3125,2024-07-31,Preventive,445.6126392965017,3.8831745877695756,Oil Change,57363,TECH-114,False
MNT-104116,VH-8441,2024-10-31,Preventive,662.8433544366102,7.515389637687412,Brakes,413060,TECH-184,False
MNT-104117,VH-3233,2024-03-03,Preventive,602.1167854902653,4.053430672196093,"Suspension,Electrical,Oil Change",192928,TECH-198,False
MNT-104118,VH-6323,2023-09-28,Emergency,2753.1852430957883,16.200908860445097,"HVAC,Tires",211910,TECH-144,False
MNT-104119,VH-4057,2024-03-01,Preventive,390.55944278974613,19.840439999477322,"HVAC,Transmission,Engine",390044,TECH-142,True
MNT-104120,VH-5714,2024-08-21,Preventive,730.8423856462659,1.0,"Electrical,Transmission,Brakes",141180,TECH-185,False
MNT-104121,VH-6071,2024-04-29,Preventive,441.76945530026796,1.0,"Oil Change,Tires",455700,TECH-196,False
MNT-104122,VH-2357,2023-12-31,Corrective,1270.0024328112552,3.870106231750402,"Tires,HVAC",14599,TECH-160,False
MNT-104123,VH-9737,2023-11-30,Preventive,801.3864081313454,8.30569111132337,Transmission,273680,TECH-149,False
MNT-104124,VH-1712,2023-07-04,Preventive,683.5683109906238,3.436486653876505,Oil Change,306449,TECH-143,False
MNT-104125,VH-5684,2023-01-08,Corrective,1676.9814205871373,6.435010352659179,Electrical,261761,TECH-102,True
MNT-104126,VH-5714,2023-05-02,Emergency,2298.667456325895,16.473468505714294,"HVAC,Engine",395395,TECH-131,False
MNT-104127,VH-2625,2024-01-10,Corrective,1611.91968233215,2.828063441709346,Brakes,35430,TECH-193,False
MNT-104128,VH-1999,2023-04-26,Preventive,457.23923405034066,2.6260789217762475,Suspension,95311,TECH-172,False
MNT-104129,VH-5991,2024-06-02,Preventive,402.018711668224,1.0,"HVAC,Suspension",346939,TECH-167,False
MNT-104130,VH-7863,2023-04-11,Preventive,213.64300555649504,3.066851713061921,"Oil Change,Suspension",270290,TECH-145,True
MNT-104131,VH-1335,2023-03-01,Preventive,581.9806024110181,10.51728297707551,Transmission,425421,TECH-131,True
MNT-104132,VH-3132,2024-04-29,Preventive,371.71731374747435,4.6460604920303386,"Suspension,Brakes,HVAC",408019,TECH-175,False
MNT-104133,VH-6775,2023-10-27,Corrective,1736.5080450968082,4.255383220125307,Transmission,147327,TECH-104,False
MNT-104134,VH-7359,2024-02-28,Preventive,617.2999720366224,3.367958588022613,HVAC,188088,TECH-122,False
MNT-104135,VH-1844,2023-07-20,Preventive,498.775631324603,1.0,Tires,59081,TECH-105,True
MNT-104136,VH-8445,2023-08-23,Emergency,1991.7308921227584,13.751121147597498,Oil Change,274942,TECH-127,False
MNT-104137,VH-3278,2024-06-13,Preventive,200.05663757594607,1.3610964871642834,Electrical,273604,TECH-149,False
MNT-104138,VH-3490,2023-05-29,Preventive,388.8786499716565,4.284235653797003,HVAC,170857,TECH-166,False
MNT-104139,VH-3618,2024-11-09,Preventive,236.1344999197574,2.792780412888052,Tires,314840,TECH-108,False
MNT-104140,VH-9824,2023-04-27,Preventive,453.337922999585,1.6282577263221838,"Oil Change,Electrical",273170,TECH-132,True
MNT-104141,VH-9432,2024-01-11,Preventive,682.0487088584837,2.555828222131068,Brakes,142183,TECH-127,False
MNT-104142,VH-3348,2024-11-17,Preventive,779.3765504579836,4.2858143864875515,"Transmission,Suspension",134611,TECH-144,False
MNT-104143,VH-5684,2023-04-21,Corrective,835.5414257767898,10.694719339452373,"Oil Change,HVAC,Transmission",466347,TECH-103,True
MNT-104144,VH-9008,2023-01-28,Corrective,1185.7858843540064,15.223699463134292,"Tires,Engine,HVAC",287217,TECH-168,False
MNT-104145,VH-7929,2024-02-18,Preventive,306.9030883033681,1.7052704734434487,"Suspension,Oil Change",87032,TECH-138,False
MNT-104146,VH-7832,2023-09-17,Preventive,699.8904256213252,1.0,"Brakes,Tires,Engine",376026,TECH-174,True
MNT-104147,VH-8840,2023-12-24,Corrective,1868.7698084139647,46.58046228416135,"Transmission,Oil Change,HVAC",298810,TECH-139,False
MNT-104148,VH-2361,2024-11-06,Preventive,115.91848092674263,5.841067378849759,"Transmission,HVAC,Oil Change",178006,TECH-151,False
MNT-104149,VH-1461,2024-08-21,Preventive,724.2458126285923,2.221783598944671,"Oil Change,HVAC,Electrical",336478,TECH-187,False
MNT-104150,VH-8653,2023-10-29,Emergency,2285.664875409321,39.43957611912809,"HVAC,Suspension",416439,TECH-194,False
MNT-104151,VH-3473,2024-08-24,Preventive,480.4435540326865,2.6237787165705018,Electrical,493612,TECH-131,False
MNT-104152,VH-7925,2024-06-02,Preventive,386.8075511761432,3.2141576629893343,"Electrical,Transmission,Engine",104983,TECH-145,True
MNT-104153,VH-9824,2024-01-22,Corrective,1468.6859321707614,2.3587576714834135,HVAC,252011,TECH-196,False
MNT-104154,VH-1461,2024-05-07,Corrective,1390.0213962473474,14.396958152855674,"Suspension,Oil Change,Brakes",97706,TECH-159,False
MNT-104155,VH-2422,2023-03-12,Emergency,1926.999411038883,30.606226119350538,"Transmission,Tires,Electrical",290789,TECH-194,False
MNT-104156,VH-2372,2023-12-27,Corrective,1863.057871882329,30.815851410427086,"HVAC,Brakes",320673,TECH-170,False
MNT-104157,VH-4940,2023-06-10,Corrective,1109.0914184728063,17.52655354022862,"Engine,Electrical,Suspension",30630,TECH-121,False
MNT-104158,VH-5868,2024-06-30,Preventive,563.132974897832,1.2189878798452238,HVAC,384117,TECH-101,False
MNT-104159,VH-5360,2023-07-02,Scheduled,520.503418500959,7.106269843631206,HVAC,482277,TECH-105,False
MNT-104160,VH-7171,2023-11-06,Emergency,2173.9579467014005,1.8941966645925756,"Electrical,Brakes,Transmission",10073,TECH-185,True
MNT-104161,VH-7741,2024-11-26,Preventive,655.4082131506035,2.750253199972504,"HVAC,Oil Change,Suspension",305986,TECH-143,False
MNT-104162,VH-4716,2023-07-13,Corrective,638.8023832140691,12.338302402132191,"Brakes,Oil Change,Engine",307093,TECH-176,False
MNT-104163,VH-3817,2023-12-14,Preventive,650.4258816464129,4.473771618977476,"Engine,Transmission,HVAC",481320,TECH-162,False
MNT-104164,VH-3317,2023-09-04,Scheduled,334.9722025458389,1.0,"Oil Change,HVAC,Suspension",129640,TECH-119,False
MNT-104165,VH-1093,2023-05-08,Corrective,872.8714058090872,1.0,"Tires,Engine",272077,TECH-175,False
MNT-104166,VH-6323,2023-02-24,Scheduled,419.16255630708156,3.618767471725683,"Transmission,Electrical",306676,TECH-147,True
MNT-104167,VH-7166,2024-05-19,Emergency,3883.979087220162,29.813588223609905,"Oil Change,Brakes",359712,TECH-127,False
MNT-104168,VH-3547,2023-02-01,Emergency,1989.9996036021046,38.37886377367044,"Brakes,Engine",302319,TECH-115,True
MNT-104169,VH-3671,2024-02-12,Emergency,2585.4913770302487,4.330293337457914,Oil Change,213121,TECH-157,False
MNT-104170,VH-6323,2023-06-09,Scheduled,233.9968868212765,3.554507919230024,"Oil Change,Tires",137226,TECH-119,False
MNT-104171,VH-8000,2023-04-02,Corrective,1516.740105137521,12.680519570963007,"Oil Change,Tires,Engine",213224,TECH-139,False
MNT-104172,VH-1716,2023-11-07,Preventive,527.1652963856357,1.9892065643413996,"Oil Change,Suspension,HVAC",277364,TECH-155,False
MNT-104173,VH-6908,2023-02-15,Preventive,398.96452870850476,3.4905165702916245,"Suspension,Transmission",188104,TECH-168,True
MNT-104174,VH-6443,2023-11-30,Corrective,1321.300227792756,1.7804489690808483,"Electrical,Brakes,Suspension",150356,TECH-125,False
MNT-104175,VH-3179,2024-11-07,Preventive,579.8734247377911,2.153081832190311,"Tires,Transmission,Electrical",26903,TECH-139,True
MNT-104176,VH-9801,2024-08-04,Corrective,1701.2765832579234,48.78947387380562,"Transmission,Tires",380941,TECH-165,False
MNT-104177,VH-9105,2024-05-17,Preventive,381.8662329264358,2.458271116549251,HVAC,421782,TECH-197,True
MNT-104178,VH-2506,2023-08-22,Emergency,2519.8270040377156,1.0,"HVAC,Oil Change,Transmission",129959,TECH-125,False
MNT-104179,VH-6106,2023-08-10,Preventive,654.7528462673293,1.0,"Suspension,HVAC,Engine",86203,TECH-151,True
MNT-104180,VH-1789,2024-04-14,Scheduled,472.430791077697,1.4218888317250253,"Suspension,Electrical,Oil Change",488220,TECH-101,True
MNT-104181,VH-1468,2024-12-08,Preventive,485.9612789880123,10.731633755904753,"Oil Change,Brakes",341557,TECH-172,False
MNT-104182,VH-6908,2023-04-08,Corrective,1242.3942905563622,1.8251246096685456,"Transmission,Brakes,Oil Change",312222,TECH-105,True
MNT-104183,VH-8532,2024-05-04,Corrective,1233.7569117906828,1.805362363442883,Electrical,228221,TECH-159,True
MNT-104184,VH-9821,2023-01-03,Corrective,950.5582034405342,2.9481374528847732,Transmission,492405,TECH-189,True
MNT-104185,VH-9723,2023-08-12,Preventive,461.21496144153747,1.0,Transmission,242387,TECH-196,False
MNT-104186,VH-5386,2023-11-26,Preventive,438.5165445859888,6.263983034465927,"Electrical,HVAC,Engine",134896,TECH-137,False
MNT-104187,VH-9862,2024-05-19,Emergency,1995.787265430211,40.42023541733819,"Electrical,HVAC,Engine",219538,TECH-161,False
MNT-104188,VH-9862,2024-02-13,Corrective,1759.370256226071,6.790524270469618,"Engine,Tires",257080,TECH-187,False
MNT-104189,VH-9522,2024-04-30,Preventive,448.3548460329343,3.8288968255469116,Tires,191160,TECH-169,False
MNT-104190,VH-9393,2024-05-06,Preventive,254.40110409400526,1.0,"HVAC,Suspension,Engine",346999,TECH-127,False
MNT-104191,VH-5028,2023-07-31,Preventive,394.04351989729827,1.0,"HVAC,Electrical",249683,TECH-182,False
MNT-104192,VH-6253,2024-09-16,Emergency,2550.104697470408,39.16921216320443,"HVAC,Brakes,Engine",472317,TECH-114,False
MNT-104193,VH-6346,2023-02-02,Corrective,1172.8102138853776,7.511906210129391,Brakes,340419,TECH-106,True
MNT-104194,VH-3927,2023-12-20,Preventive,558.985522964439,7.98887223276606,"Engine,Oil Change,Suspension",196760,TECH-140,False
MNT-104195,VH-5056,2024-06-13,Scheduled,238.66244003792502,2.140272001477475,"Electrical,Engine",458364,TECH-122,False
MNT-104196,VH-3814,2023-06-05,Scheduled,268.0944633142083,1.0,"Engine,Oil Change,Suspension",340427,TECH-154,False
MNT-104197,VH-9522,2024-07-01,Preventive,621.9926843920322,10.751696119186358,"Engine,Suspension,Transmission",427553,TECH-137,False
MNT-104198,VH-8316,2023-09-27,Preventive,558.1877094131636,1.0,"Oil Change,Suspension,Engine",432599,TECH-151,False
MNT-104199,VH-3348,2024-03-03,Preventive,548.8024743072212,1.0,"Brakes,Engine",108366,TECH-144,False
MNT-104200,VH-5912,2023-11-09,Corrective,2102.326558629269,5.276165254706278,"HVAC,Suspension",474473,TECH-145,False
MNT-104201,VH-1008,2023-05-05,Corrective,673.3734816637161,14.440680759192656,"Transmission,HVAC,Suspension",398886,TECH-104,False
MNT-104202,VH-1475,2023-02-07,Corrective,1375.3628382110305,1.0,Engine,48080,TECH-110,False
MNT-104203,VH-5360,2023-02-21,Emergency,3505.589458062417,12.457713359373237,"Engine,Tires",137675,TECH-131,False
MNT-104204,VH-1835,2024-10-12,Preventive,371.647322994061,4.973985608897256,"Suspension,HVAC",320154,TECH-184,True
MNT-104205,VH-1844,2023-07-18,Corrective,1762.344528224748,5.092454574071618,"Suspension,Brakes,Engine",129300,TECH-172,True
MNT-104206,VH-8639,2023-12-09,Corrective,1002.9452549709443,1.0,"Brakes,Oil Change,Tires",149362,TECH-115,True
MNT-104207,VH-8103,2023-08-22,Preventive,632.3711354205135,1.0,"Oil Change,HVAC",482494,TECH-144,False
MNT-104208,VH-3547,2023-03-15,Preventive,400.6733993823004,11.6123234070817,Suspension,60479,TECH-166,False
MNT-104209,VH-3817,2023-08-20,Emergency,3473.774697581335,64.34399724609264,Engine,219031,TECH-106,False
MNT-104210,VH-3132,2024-01-19,Preventive,413.4133318506583,5.0625154890100195,"HVAC,Oil Change,Brakes",114171,TECH-155,True
MNT-104211,VH-9723,2023-06-19,Corrective,1399.3870300346625,1.0,"Brakes,Engine",220625,TECH-112,False
MNT-104212,VH-8923,2023-11-30,Preventive,198.57367206750877,1.0,"Engine,Oil Change",377035,TECH-118,True
MNT-104213,VH-6019,2024-07-28,Preventive,701.4645994239283,4.539539235679071,Brakes,301902,TECH-195,False
MNT-104214,VH-9682,2024-12-05,Corrective,990.8032303468551,16.359501555011732,HVAC,472782,TECH-141,True
MNT-104215,VH-2381,2023-01-19,Scheduled,381.26567391708005,1.1475495571491678,"Engine,HVAC",440646,TECH-147,True
MNT-104216,VH-9737,2023-02-21,Corrective,960.7547519792132,10.456655905424252,Brakes,408407,TECH-141,True
MNT-104217,VH-2549,2023-11-09,Preventive,653.6050187282318,3.669978115621503,"Brakes,Tires,Suspension",242797,TECH-161,True
MNT-104218,VH-6963,2023-10-08,Preventive,611.3245548885882,2.2616934221249476,Engine,365264,TECH-189,False
MNT-104219,VH-2410,2024-05-11,Preventive,456.60895493563504,1.411493590192496,"Engine,Suspension,HVAC",476603,TECH-117,False
MNT-104220,VH-3348,2023-04-29,Preventive,574.1593781037044,8.83809127826203,"Oil Change,Suspension",162463,TECH-164,False
MNT-104221,VH-3092,2023-07-06,Preventive,388.7805186245457,3.5838838128067074,Suspension,157430,TECH-164,False
MNT-104222,VH-7832,2024-08-08,Preventive,514.0437762598615,1.1232477067644253,"Engine,Brakes,HVAC",316727,TECH-172,True
MNT-104223,VH-4890,2023-10-16,Preventive,785.8125281249022,1.0,"Engine,Brakes,Transmission",212338,TECH-164,True
MNT-104224,VH-9432,2024-03-08,Corrective,1659.2925611528312,19.027685121372567,Electrical,314174,TECH-193,False
MNT-104225,VH-4976,2024-02-17,Preventive,317.4489505880389,4.40374372824165,"Tires,Transmission,Electrical",368120,TECH-115,False
MNT-104226,VH-5844,2023-02-05,Preventive,643.5015457190531,1.1092681620021299,Tires,132568,TECH-113,False
MNT-104227,VH-7657,2024-12-28,Emergency,1919.3618601653313,39.726948349625566,"Engine,Suspension",245832,TECH-154,False
MNT-104228,VH-2549,2023-11-23,Preventive,478.39125442923023,7.972571072955099,Engine,190085,TECH-157,True
MNT-104229,VH-3919,2024-06-05,Preventive,367.8372443032041,1.0186546706067827,"Oil Change,Electrical",198703,TECH-191,False
MNT-104230,VH-8441,2023-04-24,Preventive,439.6974923534448,1.0,"Oil Change,Transmission,Brakes",260711,TECH-150,True
MNT-104231,VH-2549,2023-01-10,Emergency,2652.199630907479,43.56518222843726,"Engine,Electrical",39697,TECH-104,True
MNT-104232,VH-5203,2023-07-15,Corrective,1092.2146082300692,6.483933260264286,"Engine,Electrical,Suspension",183607,TECH-101,False
MNT-104233,VH-1008,2024-04-23,Preventive,204.01223121640373,2.342739909226427,"Engine,Electrical,Oil Change",434054,TECH-190,True
MNT-104234,VH-2410,2023-09-19,Preventive,419.0426313573805,8.826395492085759,"Oil Change,Tires,Electrical",204894,TECH-176,False
MNT-104235,VH-9393,2024-02-25,Preventive,378.55372821783885,3.2933742678964526,Oil Change,449702,TECH-169,False
MNT-104236,VH-1835,2024-11-23,Corrective,1520.323077790852,6.432994882688959,"Brakes,Engine,Suspension",356997,TECH-118,False
MNT-104237,VH-4890,2024-08-09,Preventive,715.9540570656186,1.2954758461235272,"Oil Change,Transmission",309728,TECH-138,True
MNT-104238,VH-3776,2024-05-19,Preventive,503.39982259193647,1.0,"Electrical,Suspension,Engine",146498,TECH-136,False
MNT-104239,VH-1059,2024-08-08,Preventive,534.8416251760844,8.280832078558715,"Oil Change,Transmission",145613,TECH-105,True
MNT-104240,VH-9035,2024-05-09,Preventive,746.3468472678558,2.6426059957266794,"HVAC,Transmission",166126,TECH-138,False
MNT-104241,VH-9274,2024-11-29,Preventive,519.8837599229684,1.0,"Brakes,Transmission,Engine",495025,TECH-184,False
MNT-104242,VH-7166,2023-01-30,Scheduled,401.970476625807,5.488247385865873,Suspension,102259,TECH-194,True
MNT-104243,VH-1059,2023-04-01,Preventive,493.13748792908655,6.786375079829622,"Oil Change,Engine",162853,TECH-147,True
MNT-104244,VH-2357,2024-06-23,Corrective,1013.8850314121765,2.827252569829804,"HVAC,Engine,Oil Change",466880,TECH-102,True
MNT-104245,VH-5684,2024-08-06,Corrective,1719.825148352931,13.055167351328757,Engine,146498,TECH-189,True
MNT-104246,VH-3776,2024-08-06,Emergency,2166.3694589881943,12.104265353761742,Electrical,40003,TECH-107,False
MNT-104247,VH-9737,2024-07-14,Scheduled,381.6604151449409,3.8946626554758574,"Suspension,Tires",228212,TECH-152,True
MNT-104248,VH-5670,2023-12-22,Emergency,2900.063199237772,11.71105851756893,"Brakes,Engine",109242,TECH-167,False
MNT-104249,VH-4976,2023-03-15,Scheduled,203.5647491999265,1.0,"HVAC,Oil Change,Suspension",215043,TECH-164,False
MNT-104250,VH-5912,2024-04-13,Scheduled,395.83428170983103,3.6503839932374182,"Electrical,Oil Change,HVAC",187876,TECH-198,True
MNT-104251,VH-8296,2023-06-22,Preventive,632.936272277836,8.078098186523599,"Oil Change,Brakes,Electrical",76051,TECH-141,False
MNT-104252,VH-4890,2023-10-19,Corrective,896.5359180637238,5.50708492700103,Engine,387314,TECH-106,False
MNT-104253,VH-6718,2023-06-08,Corrective,1280.2569475654639,1.0,"Oil Change,Electrical",54598,TECH-178,False
MNT-104254,VH-4001,2024-06-27,Emergency,2930.82345279755,12.39342490007544,"Tires,Electrical",308472,TECH-108,False
MNT-104255,VH-9737,2023-02-15,Preventive,613.8176021213019,10.80952039428945,"Electrical,Tires",432039,TECH-103,True
MNT-104256,VH-4106,2024-01-25,Corrective,915.7791646756327,55.3083566347066,"Electrical,Brakes",485847,TECH-144,False
MNT-104257,VH-3278,2024-12-09,Corrective,1343.7344123457008,23.77745725837883,"Suspension,Brakes,HVAC",462771,TECH-116,False
MNT-104258,VH-2506,2024-11-08,Preventive,362.16333660706925,10.218485561638483,Brakes,473104,TECH-158,True
MNT-104259,VH-1131,2024-10-13,Corrective,1898.4574494143399,6.5649421245808295,"Electrical,Brakes,Suspension",13312,TECH-166,False
MNT-104260,VH-2381,2023-06-28,Preventive,284.02680557260794,1.0,"Suspension,Electrical",232612,TECH-142,False
MNT-104261,VH-9824,2024-11-05,Corrective,799.7113604830467,6.650348170581003,"Brakes,Electrical",498012,TECH-108,True
MNT-104262,VH-2910,2024-10-10,Corrective,1918.357625284007,9.742030415086402,"Brakes,Suspension",14864,TECH-162,False
MNT-104263,VH-2290,2023-07-15,Emergency,2593.966385692324,14.149718156042827,"Transmission,Engine",329857,TECH-125,False
MNT-104264,VH-2559,2024-11-07,Preventive,616.693706240199,5.312082782230322,"Engine,HVAC,Electrical",450244,TECH-123,False
MNT-104265,VH-5226,2024-06-21,Corrective,525.7472139605858,6.404461302629805,Oil Change,152381,TECH-166,False
MNT-104266,VH-6037,2023-02-03,Corrective,1848.898368106006,1.0,"Suspension,Brakes",174208,TECH-122,False
MNT-104267,VH-5478,2024-08-21,Corrective,1493.900040803237,2.808204828991553,"HVAC,Suspension,Oil Change",422919,TECH-176,False
MNT-104268,VH-2357,2023-02-09,Corrective,1626.270471123383,5.531203148567819,Engine,59326,TECH-172,True
MNT-104269,VH-8664,2024-06-13,Preventive,316.9957992023848,1.1147479777392006,"Electrical,Suspension",200707,TECH-190,False
MNT-104270,VH-2536,2023-11-18,Emergency,1785.391830258499,17.902423295989102,"Electrical,Tires",12714,TECH-107,False
MNT-104271,VH-9862,2024-10-07,Preventive,483.4440021565457,2.5073677576991016,"Electrical,HVAC,Suspension",439258,TECH-160,False
MNT-104272,VH-9887,2023-05-16,Preventive,489.269834928662,5.069430581670794,"Engine,Oil Change",125570,TECH-154,False
MNT-104273,VH-6596,2023-01-15,Preventive,383.9405472588641,1.6943473406192424,Engine,32284,TECH-190,False
MNT-104274,VH-5282,2024-07-15,Preventive,397.8450779453624,5.680985693332197,Electrical,35890,TECH-119,False
MNT-104275,VH-6709,2023-02-22,Preventive,269.97878901230024,6.983878709263482,"Transmission,HVAC,Electrical",235441,TECH-179,False
MNT-104276,VH-1716,2024-02-06,Corrective,1203.175430549098,28.468412344161607,Brakes,479543,TECH-140,False
MNT-104277,VH-5203,2023-04-04,Preventive,303.8514151112515,1.0,"HVAC,Electrical",372396,TECH-103,False
MNT-104278,VH-1712,2023-10-29,Corrective,1432.4820876831034,2.3924411925985445,HVAC,367318,TECH-102,False
MNT-104279,VH-5844,2023-03-03,Preventive,313.63612912758884,5.226955706692748,Oil Change,468865,TECH-194,False
MNT-104280,VH-5056,2024-10-08,Preventive,504.91708237783877,1.4655410996740812,Suspension,132217,TECH-122,False
MNT-104281,VH-1215,2024-02-17,Corrective,1389.508006366473,33.37043771673265,Brakes,209302,TECH-146,False
MNT-104282,VH-5028,2024-06-09,Corrective,549.2854286504199,17.997135109639196,Engine,450565,TECH-161,False
MNT-104283,VH-5478,2024-10-06,Preventive,345.88176067620645,1.0,"Tires,Brakes,HVAC",377547,TECH-156,False
MNT-104284,VH-6718,2023-07-17,Preventive,382.17119579166706,1.7476231675682217,"Suspension,Transmission",121422,TECH-128,False
MNT-104285,VH-9522,2023-10-05,Scheduled,323.55219563453477,1.0,Engine,165175,TECH-134,False
MNT-104286,VH-8445,2023-12-17,Preventive,296.5686511519773,3.062929424953741,Engine,225058,TECH-192,False
MNT-104287,VH-3450,2023-04-08,Emergency,3964.1567011565567,80.9593145787526,HVAC,117870,TECH-130,True
MNT-104288,VH-9274,2023-02-24,Preventive,497.98258866840723,3.8659511673084577,Suspension,234625,TECH-144,True
MNT-104289,VH-6019,2024-10-07,Scheduled,387.995871794029,1.0,"Brakes,HVAC,Suspension",284973,TECH-144,False
MNT-104290,VH-5717,2023-10-30,Preventive,350.85962334718704,1.2693681005797675,"Brakes,Suspension",64153,TECH-129,True
MNT-104291,VH-4862,2023-10-06,Corrective,1517.327243921407,14.273226565551731,HVAC,182134,TECH-150,False
MNT-104292,VH-8653,2024-10-03,Preventive,507.2404262206275,4.402514303807173,"Brakes,Electrical",207716,TECH-188,False
MNT-104293,VH-3814,2024-02-28,Emergency,2943.729619961794,23.83417273099379,"Suspension,Transmission,Oil Change",227409,TECH-105,False
MNT-104294,VH-8593,2023-11-11,Emergency,3067.136267387934,44.6633947606364,"Engine,Brakes",478211,TECH-122,False
MNT-104295,VH-5635,2023-11-08,Preventive,514.9720192748387,1.0,Brakes,127731,TECH-173,True
MNT-104296,VH-6718,2024-11-30,Scheduled,501.90027666789075,1.0,Electrical,107658,TECH-177,False
MNT-104297,VH-9710,2024-05-06,Preventive,576.2782332289867,1.0,"HVAC,Electrical,Oil Change",444885,TECH-191,True
MNT-104298,VH-6596,2024-02-28,Emergency,2951.426805784733,16.092273054672816,"Tires,Engine,Electrical",411826,TECH-154,False
MNT-104299,VH-2549,2023-11-20,Preventive,360.4482956757911,8.584908629417301,"Suspension,Electrical,Engine",387816,TECH-137,False
MNT-104300,VH-6709,2023-01-05,Preventive,659.5629705430301,2.103253735996159,"Electrical,HVAC",204150,TECH-144,True
MNT-104301,VH-2506,2024-04-01,Preventive,487.9157579104329,3.4049903334565883,"Brakes,Engine",454460,TECH-110,True
MNT-104302,VH-8959,2024-09-10,Preventive,767.2354574856993,10.11187249354228,"Tires,HVAC,Electrical",63629,TECH-187,True
MNT-104303,VH-3919,2023-05-27,Scheduled,274.4480557240697,1.2589029287391416,Electrical,204855,TECH-172,True
MNT-104304,VH-4940,2023-12-21,Preventive,481.66368790594504,1.0274231639568956,"Electrical,Engine",372881,TECH-195,False
MNT-104305,VH-3540,2023-02-27,Emergency,1517.1126196831556,18.46705168350182,"Engine,Tires,Suspension",339597,TECH-189,False
MNT-104306,VH-3317,2023-04-13,Emergency,3935.802778799738,19.248280426477255,"Electrical,Oil Change",446389,TECH-130,True
MNT-104307,VH-8425,2023-04-17,Corrective,1631.5675761877835,1.0,Transmission,250729,TECH-138,True
MNT-104308,VH-3671,2024-11-23,Emergency,2710.659238746297,54.3874640760676,"Suspension,Electrical,Engine",135099,TECH-130,True
MNT-104309,VH-2393,2023-02-10,Preventive,360.13509158144234,3.505761808224555,"Electrical,Brakes",108824,TECH-140,True
MNT-104310,VH-3348,2023-07-26,Emergency,3790.1078360664487,19.438001082475413,"Tires,Transmission",16915,TECH-163,True
MNT-104311,VH-9824,2023-10-13,Corrective,1125.7903585356146,26.82697486612582,"Tires,Electrical",163333,TECH-126,False
MNT-104312,VH-1885,2024-12-28,Emergency,4507.862501930938,28.03049908882172,Transmission,385963,TECH-158,True
MNT-104313,VH-2915,2024-07-25,Preventive,604.414738458244,1.1145510533639615,Oil Change,268164,TECH-130,False
MNT-104314,VH-7359,2023-02-02,Corrective,1464.3439552053069,10.97587294662362,"Transmission,Engine,Brakes",63566,TECH-157,False
MNT-104315,VH-6106,2023-05-14,Corrective,1581.5710478788274,13.830876519506585,"Electrical,Transmission",89252,TECH-176,False
MNT-104316,VH-8425,2024-05-28,Preventive,423.0701072853907,1.0,HVAC,250499,TECH-138,False
MNT-104317,VH-5991,2024-09-17,Preventive,627.9047609432664,3.6320481028763116,Engine,65529,TECH-180,True
MNT-104318,VH-2372,2024-03-10,Preventive,316.3909022089773,2.8817075365941824,Brakes,307345,TECH-190,True
MNT-104319,VH-2410,2024-10-02,Preventive,462.5545178921666,2.086154324551612,"Transmission,Brakes,Tires",309460,TECH-171,False
MNT-104320,VH-2361,2024-10-24,Emergency,2199.1277322115634,7.949020788147408,"Electrical,HVAC,Engine",360916,TECH-117,False
MNT-104321,VH-5670,2023-08-26,Scheduled,423.30365706140213,4.137074922999491,"Tires,Electrical,Transmission",241531,TECH-188,True
MNT-104322,VH-2422,2023-12-23,Preventive,494.13922328805785,1.0,"Transmission,Oil Change,Suspension",244629,TECH-186,False
MNT-104323,VH-2410,2023-05-08,Preventive,430.21768239908226,6.404379204966848,"Transmission,Suspension,HVAC",39083,TECH-145,False
MNT-104324,VH-8316,2023-03-27,Corrective,1978.0976423012012,6.858599275775113,Electrical,483968,TECH-168,False
MNT-104325,VH-5672,2023-04-27,Emergency,1608.8687683906276,4.836266115107781,Tires,472638,TECH-102,False
MNT-104326,VH-7929,2024-05-07,Emergency,2631.853497989498,30.00967324462534,Tires,264149,TECH-147,False
MNT-104327,VH-9737,2023-12-02,Preventive,788.5010412541385,9.05801867486188,Oil Change,139378,TECH-113,True
MNT-104328,VH-3233,2024-06-07,Corrective,772.1746829517322,4.696554812058964,Tires,330537,TECH-183,False
MNT-104329,VH-3348,2024-01-07,Corrective,1998.8899857160825,2.4251869366273757,"Suspension,Engine,HVAC",399905,TECH-140,True
MNT-104330,VH-9862,2023-05-08,Preventive,571.0823464268005,8.972921876119997,Suspension,398360,TECH-110,False
MNT-104331,VH-7166,2023-10-24,Corrective,1111.914616421692,56.20963583543441,Tires,32800,TECH-133,False
MNT-104332,VH-7162,2024-01-12,Preventive,589.1045100742273,1.0,Electrical,153294,TECH-180,False
MNT-104333,VH-9682,2024-03-04,Corrective,606.9120549573001,9.181929174207337,"HVAC,Oil Change,Electrical",284039,TECH-139,False
MNT-104334,VH-4862,2024-06-07,Preventive,479.41751381497625,3.235798536219961,"HVAC,Transmission",323496,TECH-191,False
MNT-104335,VH-5844,2024-05-07,Corrective,627.7702944898726,6.47927267645999,Oil Change,107098,TECH-168,True
MNT-104336,VH-6443,2024-05-23,Corrective,925.7502581750157,30.535930769454847,Oil Change,64434,TECH-165,False
MNT-104337,VH-8296,2024-03-01,Corrective,1656.803249645508,7.7615617314683,"Transmission,Oil Change,Engine",426718,TECH-122,False
MNT-104338,VH-1131,2024-06-14,Preventive,730.3095230126438,5.053342093007746,"Suspension,Tires",467145,TECH-168,False
MNT-104339,VH-3092,2023-10-28,Preventive,367.2751328324966,3.904790946918689,Oil Change,436256,TECH-111,False
MNT-104340,VH-6596,2024-05-07,Scheduled,496.2366380274714,1.0,"Tires,Engine,Suspension",299626,TECH-104,False
MNT-104341,VH-9862,2023-09-10,Preventive,598.9659848010728,6.233697734297979,Brakes,60044,TECH-177,False
MNT-104342,VH-5028,2023-08-30,Preventive,527.8686172192254,1.0,Oil Change,32350,TECH-100,False
MNT-104343,VH-6908,2024-02-27,Preventive,532.1431346164691,1.9932754384785387,Engine,318697,TECH-105,False
MNT-104344,VH-9522,2024-09-05,Corrective,1656.921264159876,12.149788900937516,"Oil Change,Electrical",420744,TECH-174,False
MNT-104345,VH-8840,2023-08-04,Preventive,404.21175018621716,3.5199867789492068,"Suspension,Tires,Electrical",428608,TECH-109,False
MNT-104346,VH-2690,2024-01-19,Preventive,284.77333901342763,1.1017834929305395,"Electrical,Engine",87268,TECH-113,False
MNT-104347,VH-7136,2023-09-06,Preventive,489.51786850937555,6.059076016075226,Oil Change,499998,TECH-112,True
MNT-104348,VH-2372,2024-12-06,Corrective,860.9515792824266,8.567382102627793,HVAC,190888,TECH-129,False
MNT-104349,VH-1716,2024-08-10,Preventive,402.63300274668956,1.8357954924689028,Suspension,399926,TECH-129,False
MNT-104350,VH-6037,2023-09-15,Preventive,992.8853379495131,1.1420543405643564,"Electrical,Brakes",209008,TECH-132,False
MNT-104351,VH-5991,2023-07-04,Corrective,1919.4548810981669,5.394776792372856,"Oil Change,Transmission",221069,TECH-148,True
MNT-104352,VH-9105,2024-10-09,Preventive,411.62006956363285,1.4438684968359508,"HVAC,Tires",166725,TECH-122,True
MNT-104353,VH-1008,2024-01-12,Scheduled,466.6522694370225,1.0,Transmission,35058,TECH-187,False
MNT-104354,VH-4976,2023-02-18,Corrective,1786.702737873476,45.80554087768068,"Brakes,Suspension",430502,TECH-176,False
MNT-104355,VH-2536,2024-10-04,Preventive,384.38271702005875,2.209815517053419,"HVAC,Oil Change",30266,TECH-182,False
MNT-104356,VH-2361,2024-03-11,Preventive,428.26021651565065,11.960630255655348,"Transmission,HVAC",470266,TECH-160,False
MNT-104357,VH-7657,2024-05-08,Preventive,612.8859327217275,3.4649217643480448,HVAC,364629,TECH-108,False
MNT-104358,VH-8468,2023-10-27,Preventive,567.5603494621992,2.2782632378537024,Oil Change,68851,TECH-109,True
MNT-104359,VH-5282,2023-08-09,Corrective,1176.366987852233,5.5000342821268795,Engine,114735,TECH-179,False
MNT-104360,VH-5912,2023-07-06,Corrective,1054.0037301430584,12.240708791571507,Tires,306761,TECH-169,False
MNT-104361,VH-3817,2024-08-22,Corrective,1834.2126549334669,19.70517847555845,"Electrical,Tires,Transmission",44442,TECH-140,False
MNT-104362,VH-3348,2024-04-29,Corrective,1414.1148107400563,2.1442904891656505,"Electrical,Transmission",197016,TECH-114,False
MNT-104363,VH-5635,2023-04-17,Corrective,1371.6171697195518,8.87877617040881,"Engine,HVAC",397247,TECH-128,False
MNT-104364,VH-5635,2023-02-01,Preventive,649.645793545844,4.798154305314995,"Tires,Suspension,HVAC",37638,TECH-145,True
MNT-104365,VH-5912,2023-12-14,Corrective,888.944542020725,3.843615251453918,Electrical,58007,TECH-107,True
MNT-104366,VH-2422,2024-01-16,Scheduled,489.84118396289716,3.110020059421989,"Transmission,Engine,Brakes",393659,TECH-147,False
MNT-104367,VH-8316,2023-03-18,Preventive,516.487030437005,2.145191209761881,"Brakes,Oil Change",441707,TECH-135,True
MNT-104368,VH-3588,2023-09-09,Corrective,646.0097619233627,4.216128616172549,"Transmission,Brakes,HVAC",328493,TECH-107,False
MNT-104369,VH-1716,2023-07-29,Scheduled,134.53453258295553,1.313059885259677,Brakes,385298,TECH-124,False
MNT-104370,VH-9522,2024-12-02,Preventive,501.9117491453651,1.2308890752912756,HVAC,353426,TECH-100,False
MNT-104371,VH-7311,2024-04-01,Preventive,708.4058335571995,2.0084898110639626,Oil Change,349123,TECH-136,True
MNT-104372,VH-3588,2023-05-16,Corrective,1045.6791166882135,34.07805467948725,"Brakes,HVAC,Suspension",280934,TECH-141,False
MNT-104373,VH-6775,2023-11-29,Preventive,530.3835283984788,1.0,"Transmission,Engine,Brakes",62520,TECH-152,False
MNT-104374,VH-7929,2023-02-22,Emergency,2421.687672771901,4.633589366976338,"Electrical,HVAC,Engine",118717,TECH-163,False
MNT-104375,VH-1093,2024-04-03,Preventive,602.1369606970418,1.0,"Oil Change,HVAC",395448,TECH-170,False
MNT-104376,VH-8468,2024-12-25,Preventive,553.7186163165942,3.581396506392365,"HVAC,Engine",66510,TECH-190,False
MNT-104377,VH-9035,2024-01-07,Emergency,2854.612910792127,5.044364562002484,"Tires,Electrical,Brakes",489695,TECH-150,False
MNT-104378,VH-2910,2024-03-10,Preventive,185.05970921110816,3.033122770746285,"HVAC,Tires",10666,TECH-129,False
MNT-104379,VH-2147,2023-11-14,Preventive,401.7302195259359,2.1188059162859365,"Transmission,HVAC,Engine",205610,TECH-149,False
MNT-104380,VH-3450,2023-05-21,Preventive,401.9504952817197,6.8919441441946585,"Suspension,Brakes,Tires",428977,TECH-117,True
MNT-104381,VH-5386,2024-12-21,Corrective,1942.8682981790867,24.216859933166972,"Oil Change,Electrical,Suspension",249745,TECH-188,False
MNT-104382,VH-5547,2024-12-08,Preventive,472.46618104722614,6.429239218521874,"Oil Change,Tires,Suspension",360322,TECH-184,True
MNT-104383,VH-8103,2024-05-16,Preventive,544.0506920212314,2.7128885254795065,"HVAC,Oil Change",285109,TECH-169,False
MNT-104384,VH-9737,2024-09-07,Scheduled,313.790903500309,1.0,"HVAC,Transmission",471238,TECH-107,False
MNT-104385,VH-9035,2024-10-07,Preventive,539.3914798789979,2.531062458735318,"Engine,Suspension,Oil Change",183563,TECH-190,True
MNT-104386,VH-7657,2023-12-22,Corrective,747.3239703219309,1.0,Suspension,378144,TECH-197,False
MNT-104387,VH-8296,2023-09-03,Corrective,1292.3944519284676,21.547032906522936,Transmission,312191,TECH-172,False
MNT-104388,VH-8296,2023-12-15,Preventive,448.149088054989,11.330187665627323,"Brakes,Suspension,HVAC",328756,TECH-189,False
MNT-104389,VH-5714,2024-01-25,Corrective,1616.3918450069887,3.0134257995593368,"Suspension,Oil Change,Brakes",274889,TECH-135,True
MNT-104390,VH-5028,2024-07-08,Corrective,608.2626294743316,15.265035686779946,HVAC,16337,TECH-143,False
MNT-104391,VH-2391,2023-04-04,Preventive,418.5647530533047,1.0,Electrical,300176,TECH-148,False
MNT-104392,VH-2625,2024-12-30,Preventive,231.67101332104096,3.213846988902728,HVAC,348151,TECH-179,False
MNT-104393,VH-1712,2024-07-10,Corrective,1155.2757224054772,1.0693250343246479,Electrical,452433,TECH-101,False
MNT-104394,VH-9394,2023-07-25,Preventive,333.50961728409624,1.453679363885775,Transmission,23812,TECH-157,False
MNT-104395,VH-3605,2024-10-10,Preventive,413.62950200091905,2.6873990943393884,"HVAC,Engine",116479,TECH-161,False
MNT-104396,VH-7918,2023-08-04,Preventive,456.3618163000265,7.870258001423052,"Tires,Suspension,Transmission",228208,TECH-186,True
MNT-104397,VH-9710,2024-12-22,Emergency,2451.7886084227416,16.426571798692965,Engine,274189,TECH-148,True
MNT-104398,VH-2625,2024-06-02,Preventive,299.5548584240124,3.2223832176847576,"Suspension,Brakes",260969,TECH-146,False
MNT-104399,VH-1468,2024-11-22,Corrective,1286.1100755621073,15.04774096545652,"Transmission,Oil Change",10099,TECH-123,True
MNT-104400,VH-4862,2023-02-08,Corrective,1788.4725776408968,2.063473498188686,"HVAC,Engine",479208,TECH-130,True
MNT-104401,VH-3927,2024-03-19,Preventive,709.9787196943579,9.838682932928,"Suspension,HVAC",204970,TECH-148,False
MNT-104402,VH-2690,2024-02-09,Preventive,635.6297519346905,1.0,HVAC,355283,TECH-181,True
MNT-104403,VH-2625,2023-01-25,Corrective,856.4586095927012,8.112541975474553,"Electrical,Suspension,Oil Change",282190,TECH-192,False
MNT-104404,VH-3814,2023-12-02,Corrective,1383.4681986898786,1.2436696873991062,"Engine,Electrical,Oil Change",210844,TECH-117,False
MNT-104405,VH-1716,2024-06-11,Corrective,958.912521372222,8.252589022887728,"Electrical,HVAC",49148,TECH-118,False
MNT-104406,VH-6346,2024-03-23,Corrective,1922.4126565216657,1.0,Brakes,119100,TECH-170,False
MNT-104407,VH-6253,2023-01-26,Emergency,2852.3687576320744,29.611518281753114,Transmission,270604,TECH-147,False
MNT-104408,VH-1588,2024-05-18,Corrective,1343.784123380959,1.0,"Brakes,Suspension,Electrical",33461,TECH-110,False
MNT-104409,VH-8959,2023-06-14,Emergency,3984.1169572748868,61.74207706534641,"Engine,Oil Change",207603,TECH-118,False
MNT-104410,VH-3605,2024-05-09,Corrective,904.6549444769214,7.607459689683188,"Suspension,Transmission,Engine",258064,TECH-170,False
MNT-104411,VH-9105,2024-08-27,Emergency,4184.297749026537,36.57284262712367,Transmission,433844,TECH-148,False
MNT-104412,VH-2422,2024-03-14,Preventive,461.97685503857235,1.4044440923706212,Oil Change,28774,TECH-184,False
MNT-104413,VH-8532,2024-03-12,Preventive,347.486681361882,3.1119877723749747,"Transmission,Oil Change,Suspension",473116,TECH-156,False
MNT-104414,VH-1093,2023-12-14,Corrective,1592.8719256519964,3.1556678175205968,"Tires,Engine,Suspension",22499,TECH-126,False
MNT-104415,VH-9737,2024-05-06,Preventive,350.91427000485726,1.6076276989998557,"Brakes,Electrical",492051,TECH-180,False
MNT-104416,VH-7688,2023-09-02,Corrective,643.5381545626104,18.80920478705921,"Brakes,Engine",36749,TECH-175,True
MNT-104417,VH-6605,2024-09-01,Preventive,588.0764815764456,2.668257819488842,"Engine,HVAC,Electrical",27788,TECH-176,True
MNT-104418,VH-7693,2024-12-03,Corrective,576.9307469996004,22.48360192391031,"Oil Change,Transmission",322438,TECH-117,True
MNT-104419,VH-3618,2024-12-13,Preventive,450.76811403105967,9.214416822176553,"Brakes,HVAC",363170,TECH-106,False
MNT-104420,VH-9646,2023-11-30,Preventive,554.251082970479,1.0,Electrical,253339,TECH-158,True
MNT-104421,VH-6596,2023-01-26,Preventive,476.4578848348956,1.0,"Engine,Brakes",286407,TECH-114,False
MNT-104422,VH-8639,2024-11-22,Emergency,2227.8386329166187,45.524770807942524,"Brakes,Transmission,Suspension",175107,TECH-170,True
MNT-104423,VH-8296,2023-05-26,Preventive,398.6579357653889,1.0,"Tires,Engine,Oil Change",57257,TECH-168,False
MNT-104424,VH-1131,2023-05-14,Preventive,434.6943178009816,1.0,"Oil Change,Electrical",413606,TECH-166,True
MNT-104425,VH-1844,2023-09-29,Scheduled,573.3933252999245,3.024860296827975,"Oil Change,Suspension",10956,TECH-166,False
MNT-104426,VH-7918,2023-06-12,Preventive,778.0675305845238,4.25590425027697,"Electrical,Oil Change,Brakes",14364,TECH-124,True
MNT-104427,VH-9152,2024-12-27,Corrective,1151.017363106726,8.311273802885236,"Engine,Transmission",41986,TECH-102,False
MNT-104428,VH-3776,2024-12-07,Preventive,735.4263765591878,1.49407334808235,"Oil Change,Brakes,HVAC",480297,TECH-146,True
MNT-104429,VH-3817,2024-08-06,Corrective,600.3011688342126,1.1333536563520166,"Electrical,Brakes,Oil Change",482476,TECH-154,True
MNT-104430,VH-2147,2024-10-25,Emergency,1759.8733171255217,31.320616085989585,"Suspension,Oil Change,Engine",322048,TECH-193,False
MNT-104431,VH-4716,2024-08-09,Preventive,438.56992246678317,3.0653761245829028,"Brakes,HVAC",334076,TECH-182,False
MNT-104432,VH-1215,2024-12-17,Corrective,1846.6930597234532,5.522989279332213,"HVAC,Brakes,Transmission",499373,TECH-154,False
MNT-104433,VH-4688,2024-02-04,Preventive,784.8548984796303,2.246426058960351,"Suspension,Tires",431093,TECH-180,True
MNT-104434,VH-3179,2023-01-15,Preventive,639.7035729192453,7.0584607704252305,"HVAC,Electrical",487601,TECH-105,False
MNT-104435,VH-1620,2024-01-27,Preventive,652.1355433267688,7.2123827853249995,"Oil Change,Transmission,Brakes",498205,TECH-123,True
MNT-104436,VH-5670,2023-12-23,Preventive,583.5782352340444,5.644642579131932,Transmission,28760,TECH-143,False
MNT-104437,VH-3927,2024-08-09,Corrective,728.6824739855388,5.536794247934333,"Oil Change,Electrical,Engine",426982,TECH-160,False
MNT-104438,VH-4743,2024-09-10,Preventive,426.4207707273705,3.1513837741165207,"Suspension,Transmission",98535,TECH-158,True
MNT-104439,VH-3214,2024-08-03,Corrective,792.8685379294221,7.8999510558772865,"Brakes,Oil Change",241203,TECH-118,False
MNT-104440,VH-2464,2023-04-11,Corrective,1571.3669089360515,1.0,"Suspension,Tires,Electrical",12373,TECH-176,False
MNT-104441,VH-8664,2023-12-22,Preventive,397.13405777176183,4.096598468374679,Transmission,425283,TECH-132,False
MNT-104442,VH-8103,2023-11-01,Preventive,388.4740851051655,1.57623138102006,Electrical,42824,TECH-116,True
MNT-104443,VH-6709,2023-11-15,Preventive,357.1890688734385,1.403330193749381,"Brakes,Engine,Electrical",293735,TECH-135,False
MNT-104444,VH-8959,2024-09-12,Scheduled,207.2005645766843,1.0,"HVAC,Suspension,Engine",369117,TECH-183,True
MNT-104445,VH-6709,2024-09-30,Preventive,645.6050577705803,1.2217826932837061,Brakes,334201,TECH-114,False
MNT-104446,VH-8840,2023-07-25,Preventive,775.0412023795377,1.9351503753320365,"Oil Change,Tires",14460,TECH-163,False
MNT-104447,VH-1391,2023-06-18,Preventive,346.06265511583274,1.0764375272019402,Oil Change,208679,TECH-128,False
MNT-104448,VH-8790,2024-10-11,Preventive,499.7909626987347,1.0,"Electrical,HVAC,Engine",38558,TECH-162,True
MNT-104449,VH-6443,2024-10-04,Preventive,501.94985063794167,7.548920035353637,"Tires,Electrical,Transmission",476736,TECH-189,False
MNT-104450,VH-3919,2024-05-25,Corrective,1028.6737143908167,1.5392166862340921,"Electrical,Transmission",234915,TECH-191,True
MNT-104451,VH-3927,2024-05-05,Preventive,552.5324730422246,1.110878077473948,"Electrical,Oil Change,Brakes",357777,TECH-132,True
MNT-104452,VH-2393,2024-08-05,Preventive,320.81051581831224,1.0,"Electrical,Suspension",433591,TECH-147,True
MNT-104453,VH-9710,2024-05-10,Preventive,465.96935909694565,9.024319332102198,"Engine,Transmission,Electrical",31861,TECH-190,False
MNT-104454,VH-3278,2023-07-16,Corrective,1273.7691803771438,4.132929124611884,"Electrical,Engine,Oil Change",52587,TECH-106,False
MNT-104455,VH-8639,2024-01-10,Preventive,563.8182854556933,3.707912609128538,"Suspension,Engine",421742,TECH-187,True
MNT-104456,VH-5547,2024-01-22,Corrective,382.80277779527944,2.7921318192520563,Oil Change,351656,TECH-120,False
MNT-104457,VH-5717,2024-06-29,Preventive,389.34669456412666,3.027579599434053,"Suspension,Transmission",65289,TECH-189,False
MNT-104458,VH-2464,2023-10-25,Preventive,493.03938360081264,1.422861689544674,"Transmission,Engine,Brakes",207078,TECH-162,False
MNT-104459,VH-6636,2024-12-04,Preventive,574.6031822735877,1.0,Electrical,163103,TECH-104,True
MNT-104460,VH-4890,2024-08-21,Preventive,598.4324533392792,1.0,Tires,21788,TECH-183,False
MNT-104461,VH-9432,2023-07-13,Corrective,1314.255856900614,2.155860222491707,"Brakes,Tires",250491,TECH-132,False
MNT-104462,VH-5714,2024-12-07,Emergency,1249.5655587602607,8.979250428631932,"Tires,Suspension,Electrical",423197,TECH-134,False
MNT-104463,VH-4247,2023-07-29,Preventive,507.0999628783111,1.8690192880188907,"Suspension,Transmission",80048,TECH-158,False
MNT-104464,VH-6019,2024-03-02,Emergency,3113.537225827484,21.613036218816678,"Electrical,Tires,Oil Change",235970,TECH-131,False
MNT-104465,VH-9432,2024-09-01,Preventive,546.749629103985,1.0,Oil Change,296138,TECH-121,False
MNT-104466,VH-4890,2023-03-10,Scheduled,470.03499680590915,4.783508525264854,"Engine,HVAC",163282,TECH-158,True
MNT-104467,VH-6019,2024-09-23,Preventive,428.88927567831024,1.7783831130988272,"Transmission,Engine",122905,TECH-156,False
MNT-104468,VH-6473,2023-12-26,Corrective,841.6670434728965,4.309273893326834,"Electrical,Suspension,HVAC",174832,TECH-198,False
MNT-104469,VH-8468,2023-08-30,Preventive,424.2928036416896,10.707439935766208,"Electrical,Transmission,Engine",390695,TECH-156,False
MNT-104470,VH-3450,2024-09-02,Corrective,1534.1527935794993,29.24173195160669,"Suspension,Brakes",237269,TECH-130,False
MNT-104471,VH-8593,2023-02-03,Preventive,442.5461434513126,1.0,"HVAC,Electrical,Tires",35154,TECH-129,False
MNT-104472,VH-3927,2023-07-25,Emergency,1125.3929802716666,55.8031670846041,"Tires,Engine",383030,TECH-104,False
MNT-104473,VH-9862,2024-05-28,Preventive,427.168894744664,5.280314952549424,"Brakes,Transmission",58566,TECH-174,False
MNT-104474,VH-9887,2024-12-30,Preventive,697.7452781275963,7.562469630602135,Electrical,69446,TECH-160,True
MNT-104475,VH-3927,2023-02-18,Emergency,2105.0753136833537,11.331357048394414,"Brakes,Engine,Transmission",291781,TECH-154,False
MNT-104476,VH-8316,2023-11-21,Corrective,1728.177185902381,21.455194047616367,Engine,16829,TECH-184,False
MNT-104477,VH-9029,2023-10-15,Preventive,720.8065657099193,1.0333026884663719,Suspension,154807,TECH-156,False
MNT-104478,VH-8923,2024-06-10,Emergency,2070.9332502276857,36.442093564443056,"Electrical,HVAC,Suspension",402916,TECH-109,True
MNT-104479,VH-8563,2024-06-03,Preventive,274.02559525725644,21.145323729796704,"Suspension,Engine,Oil Change",104635,TECH-197,False
MNT-104480,VH-5262,2024-12-23,Corrective,1365.1365869653443,3.6176349061687088,"Oil Change,Suspension,Tires",285202,TECH-134,False
MNT-104481,VH-3317,2023-06-19,Corrective,783.8443669845217,1.0,"Suspension,HVAC",57681,TECH-124,True
MNT-104482,VH-7863,2024-11-09,Corrective,1217.6381789273019,6.063800430260695,Brakes,398437,TECH-138,False
MNT-104483,VH-9862,2024-11-05,Preventive,373.5440413855796,3.988850496587081,Tires,59174,TECH-129,True
MNT-104484,VH-4057,2023-03-11,Preventive,324.1981775037997,1.0,"Brakes,Oil Change",146963,TECH-197,True
MNT-104485,VH-9723,2023-01-09,Emergency,2131.1313263210154,46.95115126470315,"Suspension,Brakes",189363,TECH-187,False
MNT-104486,VH-4753,2023-08-09,Preventive,588.433719220064,7.169508631630578,"HVAC,Suspension",68045,TECH-107,False
MNT-104487,VH-5672,2023-10-02,Preventive,600.5232691715714,2.0183382177657725,Electrical,206828,TECH-196,True
MNT-104488,VH-2587,2023-01-10,Corrective,1316.3890752849904,6.205520691787649,Electrical,311006,TECH-139,False
MNT-104489,VH-8468,2023-02-26,Preventive,566.8841980956732,5.751949310219061,HVAC,309083,TECH-159,False
MNT-104490,VH-2464,2023-10-21,Preventive,370.06886038349353,8.60997910876262,"Brakes,Oil Change",160887,TECH-143,True
MNT-104491,VH-8639,2024-09-25,Corrective,1145.7255939411232,9.591344406452588,"Engine,Oil Change,Suspension",484124,TECH-112,False
MNT-104492,VH-8857,2023-12-03,Corrective,1178.2637218003192,2.2658365615614087,Tires,39002,TECH-114,True
MNT-104493,VH-5868,2023-12-02,Preventive,412.7590130433874,5.675863245256256,"HVAC,Transmission,Suspension",160627,TECH-197,False
MNT-104494,VH-5056,2023-01-27,Corrective,1200.0111667524693,5.122612216164441,"Tires,Brakes",363207,TECH-186,False
MNT-104495,VH-1420,2024-05-22,Emergency,3026.4541894240037,22.180749974546252,"Tires,Suspension",44712,TECH-195,True
MNT-104496,VH-2506,2024-02-28,Corrective,2083.5674826783024,8.45390608995279,Tires,229547,TECH-188,False
MNT-104497,VH-9029,2024-10-17,Corrective,975.4391085532475,6.110721840046244,Engine,136088,TECH-170,False
MNT-104498,VH-6463,2023-01-05,Preventive,568.5534670876518,3.3369562504157693,"Engine,Transmission",344667,TECH-143,False
MNT-104499,VH-5203,2023-01-11,Preventive,522.8157839545546,4.300798414003734,"HVAC,Electrical,Tires",82121,TECH-175,False
MNT-104500,VH-7688,2023-02-10,Preventive,875.9461896622137,1.3770437077957323,Brakes,230959,TECH-118,False
MNT-104501,VH-1885,2024-04-20,Preventive,487.46015156196836,4.38837078212643,"Engine,Tires,Oil Change",369812,TECH-134,True
MNT-104502,VH-2506,2024-06-29,Preventive,507.63003473206294,3.7124197302080226,"Tires,Suspension",151455,TECH-190,False
MNT-104503,VH-6443,2023-12-05,Emergency,3101.2389963842193,1.0,Electrical,153876,TECH-140,False
MNT-104504,VH-8857,2023-03-08,Preventive,459.2047714763404,1.0,"Tires,Suspension,Electrical",240894,TECH-191,True
MNT-104505,VH-9035,2023-03-22,Preventive,633.1322187549797,6.447906074250904,Oil Change,346634,TECH-139,False
MNT-104506,VH-2361,2023-04-05,Preventive,514.1823256628519,2.1919559496735617,"Transmission,Suspension,Engine",264576,TECH-179,True
MNT-104507,VH-6636,2024-12-15,Preventive,637.9788140392869,1.812797256682087,"HVAC,Tires,Brakes",124303,TECH-152,False
MNT-104508,VH-4688,2023-10-07,Preventive,359.1663636529971,2.5673867131286086,"Suspension,Electrical,Oil Change",255751,TECH-106,True
MNT-104509,VH-7657,2023-04-30,Preventive,420.3508659375937,2.8179317451504993,"Oil Change,Suspension,HVAC",265887,TECH-132,True
MNT-104510,VH-8563,2023-03-04,Preventive,496.14131630625457,1.0,"Tires,Oil Change,Transmission",467187,TECH-106,True
MNT-104511,VH-9646,2023-10-18,Preventive,469.6793748984829,1.1265631182992124,"Tires,Electrical",183691,TECH-173,False
MNT-104512,VH-2536,2024-10-23,Scheduled,456.7308790040986,2.7166668169325017,"Oil Change,Tires,Electrical",163228,TECH-197,True
MNT-104513,VH-9737,2024-01-16,Preventive,462.2343598257406,6.230244746309656,Tires,80271,TECH-151,False
MNT-104514,VH-9393,2024-04-09,Scheduled,339.86817925793946,1.0,"HVAC,Tires,Electrical",164050,TECH-159,True
MNT-104515,VH-5844,2024-09-14,Preventive,363.07789445218873,1.28218395981017,Electrical,144137,TECH-194,False
MNT-104516,VH-2690,2023-03-11,Preventive,392.0592672994745,1.0,Brakes,382191,TECH-154,False
MNT-104517,VH-3776,2024-10-07,Scheduled,508.7814791538882,3.6027091261948954,Engine,264875,TECH-134,False
MNT-104518,VH-3776,2023-12-22,Emergency,2209.4344175157707,64.73347654742685,Engine,19048,TECH-156,True
MNT-104519,VH-3233,2023-06-10,Corrective,725.0989655127144,29.28219841152471,Oil Change,450427,TECH-170,False
MNT-104520,VH-9862,2023-08-11,Emergency,2262.983815191298,24.60352407961537,"Oil Change,HVAC,Engine",177984,TECH-146,False
MNT-104521,VH-3540,2024-05-23,Corrective,1376.034600981861,8.249002915662022,Electrical,309554,TECH-162,True
MNT-104522,VH-5912,2024-05-19,Corrective,874.9846334399779,1.1935923602519456,"Suspension,Oil Change",314158,TECH-103,False
MNT-104523,VH-8923,2024-08-21,Preventive,614.1515953663757,1.0,"Transmission,Tires",10708,TECH-181,True
MNT-104524,VH-9274,2023-11-23,Preventive,575.6682151566821,4.164860202067816,"Oil Change,Engine,HVAC",374386,TECH-177,True
MNT-104525,VH-2915,2024-01-29,Preventive,523.5622106168667,2.7656975135966504,"Suspension,Brakes",357747,TECH-134,False
MNT-104526,VH-2410,2023-05-28,Preventive,526.4568303913261,2.3281602737489355,"Oil Change,Electrical,Brakes",162518,TECH-183,False
MNT-104527,VH-2410,2024-07-17,Preventive,282.83862719732315,4.446220356526436,"Oil Change,Transmission",318624,TECH-171,False
MNT-104528,VH-6037,2024-11-25,Preventive,419.57560257854504,3.786197781772792,Brakes,465984,TECH-129,False
MNT-104529,VH-1391,2024-11-16,Preventive,739.9730744942285,5.005600622749437,Oil Change,375482,TECH-111,True
MNT-104530,VH-4057,2023-04-28,Preventive,624.6556943429215,3.593747588068659,"Transmission,Suspension",157323,TECH-137,True
MNT-104531,VH-6253,2023-08-20,Preventive,500.9051113531495,9.421427283771608,"Engine,Suspension",40476,TECH-103,False
MNT-104532,VH-5844,2024-01-30,Corrective,1246.926721812001,2.404501164756787,"Brakes,Tires,HVAC",425951,TECH-154,False
MNT-104533,VH-8376,2023-07-30,Preventive,284.36390874007145,1.227444702598684,"Transmission,Oil Change",440165,TECH-105,False
MNT-104534,VH-1335,2023-08-17,Preventive,683.2824090829984,1.0,"HVAC,Brakes,Suspension",232817,TECH-137,False
MNT-104535,VH-7693,2024-01-22,Preventive,658.6827035161767,3.0159558275540905,"Brakes,Tires,Transmission",132668,TECH-125,False
MNT-104536,VH-1475,2023-05-08,Corrective,1495.710996159245,14.949459807605283,"Engine,Suspension,Electrical",97262,TECH-152,True
MNT-104537,VH-9737,2023-06-06,Preventive,279.4152528130343,1.0,"Suspension,HVAC,Brakes",216331,TECH-161,False
MNT-104538,VH-4106,2024-06-29,Corrective,1075.4558007867804,25.017044386161153,"Transmission,Tires",433797,TECH-196,True
MNT-104539,VH-6473,2024-06-03,Scheduled,262.481358681478,1.0,Tires,395608,TECH-168,False
MNT-104540,VH-5450,2024-11-25,Preventive,378.0863591078225,1.0,"HVAC,Suspension,Oil Change",470545,TECH-134,True
MNT-104541,VH-3092,2023-02-03,Preventive,594.0600457012955,1.0,Tires,92545,TECH-170,False
MNT-104542,VH-3776,2024-05-03,Preventive,182.94472458466385,5.005092877376586,"Engine,Tires,Brakes",218941,TECH-142,True
MNT-104543,VH-8468,2024-11-21,Corrective,2055.3619094488113,16.750293077141617,"Oil Change,Engine,Brakes",97290,TECH-145,False
MNT-104544,VH-3179,2024-06-01,Emergency,2576.8176042580517,42.239730281858584,Electrical,422563,TECH-110,False
MNT-104545,VH-3450,2023-05-23,Preventive,686.746181684686,3.40981374075266,"Brakes,Tires,Oil Change",481599,TECH-117,True
MNT-104546,VH-8857,2024-01-02,Preventive,643.903413799601,1.0,"HVAC,Brakes",173291,TECH-182,True
MNT-104547,VH-4001,2024-12-22,Preventive,538.572864711487,2.9045578961306027,Oil Change,209999,TECH-149,True
MNT-104548,VH-4984,2024-07-03,Corrective,1232.9690996008344,30.562235162460762,"Tires,Brakes",460147,TECH-192,False
MNT-104549,VH-9105,2024-10-27,Preventive,639.8563275054055,3.1718760117484632,Engine,114958,TECH-105,True
MNT-104550,VH-9821,2023-11-02,Corrective,1021.1514907771283,1.4149206868759001,"Transmission,Brakes",334280,TECH-130,False
MNT-104551,VH-8097,2024-01-08,Preventive,343.4194097655195,1.0,Oil Change,176777,TECH-184,False
MNT-104552,VH-7922,2024-05-05,Preventive,483.14759270615014,4.191924214216137,"Oil Change,Suspension,Brakes",194110,TECH-183,False
MNT-104553,VH-2391,2023-05-04,Scheduled,256.0086460933667,8.120800396359487,"Engine,Transmission,Oil Change",242883,TECH-157,False
MNT-104554,VH-5450,2024-06-11,Corrective,1483.757067604158,1.0,"Brakes,HVAC",244110,TECH-126,True
MNT-104555,VH-5670,2024-03-21,Corrective,1297.406469519869,2.0394108968826217,Oil Change,63004,TECH-122,True
MNT-104556,VH-2690,2023-10-10,Corrective,1331.8492210380516,1.0,Oil Change,200069,TECH-114,False
MNT-104557,VH-6596,2023-04-15,Preventive,471.84043855878866,10.155053896958682,Transmission,423198,TECH-166,False
MNT-104558,VH-4976,2024-05-07,Preventive,213.74841403628142,4.071577767757258,Engine,372073,TECH-175,False
MNT-104559,VH-5912,2024-10-20,Scheduled,367.06555810419627,1.0,Electrical,281112,TECH-137,False
MNT-104560,VH-1835,2024-09-17,Corrective,775.6966362358372,1.0,Oil Change,49423,TECH-110,False
MNT-104561,VH-1092,2023-05-18,Corrective,1022.6322927980041,13.556196638795619,HVAC,171044,TECH-118,True
MNT-104562,VH-9824,2024-01-21,Scheduled,315.44730614248965,1.0,"Suspension,Transmission",232868,TECH-149,False
MNT-104563,VH-8176,2024-11-18,Corrective,1207.1132819145748,9.860189455760061,Transmission,130379,TECH-111,True
MNT-104564,VH-8316,2024-12-16,Emergency,2570.1547628225017,54.24046252873251,Brakes,455446,TECH-128,False
MNT-104565,VH-4976,2024-11-29,Preventive,472.5323033897887,3.023496440579132,"Engine,Suspension",455236,TECH-179,True
MNT-104566,VH-9432,2024-07-23,Preventive,531.2277861658688,1.430481649143022,"Brakes,Suspension",481860,TECH-112,False
MNT-104567,VH-5991,2023-09-28,Scheduled,316.1575112127034,1.0,"Tires,HVAC,Oil Change",101733,TECH-120,True
MNT-104568,VH-6908,2024-12-15,Scheduled,401.81398847270736,2.3962573284752926,Oil Change,173110,TECH-163,False
MNT-104569,VH-1823,2023-12-31,Preventive,385.59442397758926,1.0,"Oil Change,Suspension",261549,TECH-106,False
MNT-104570,VH-1588,2023-09-18,Preventive,652.4392339402773,2.321404440977785,"Brakes,Tires,HVAC",389916,TECH-174,False
MNT-104571,VH-1008,2024-09-26,Corrective,1688.794142101415,8.936797359581494,"Transmission,Engine",66906,TECH-160,False
MNT-104572,VH-5450,2023-04-17,Preventive,360.3203924258553,5.503894592235982,Electrical,37558,TECH-140,True
MNT-104573,VH-1059,2023-11-26,Preventive,241.95684344599118,1.0,"Transmission,Oil Change",341912,TECH-132,False
MNT-104574,VH-8918,2023-04-01,Emergency,2787.5646302665787,26.943381152986916,HVAC,301813,TECH-116,False
MNT-104575,VH-1335,2023-01-01,Preventive,233.564551779361,3.9584787967599793,"Engine,Oil Change",278624,TECH-188,True
MNT-104576,VH-8639,2024-06-05,Scheduled,357.84964787532226,1.0,"Electrical,Tires,HVAC",166073,TECH-169,False
MNT-104577,VH-8000,2024-03-16,Corrective,1663.083123549139,8.281251390998662,Transmission,23243,TECH-128,False
MNT-104578,VH-7686,2023-07-13,Preventive,440.60748596062706,2.3073238931311373,"Brakes,Suspension",260830,TECH-173,False
MNT-104579,VH-8579,2023-12-01,Corrective,1191.8319387053743,8.840086963898763,"Transmission,Tires,Brakes",471106,TECH-180,False
MNT-104580,VH-1461,2024-01-30,Corrective,1046.1068414072047,7.676337058181884,"Tires,HVAC",446276,TECH-116,False
MNT-104581,VH-8296,2024-02-10,Preventive,787.3413260900547,2.6110961443998413,"Brakes,HVAC,Oil Change",341079,TECH-147,False
MNT-104582,VH-3125,2024-05-10,Preventive,706.7892838455248,1.3295475679303168,Engine,261049,TECH-197,False
MNT-104583,VH-8000,2024-02-24,Emergency,1263.53341647161,86.21695848177593,"Brakes,HVAC",83421,TECH-151,False
MNT-104584,VH-9723,2024-03-24,Preventive,645.518742138175,2.8246126651301138,"Suspension,Transmission",71710,TECH-112,False
MNT-104585,VH-9723,2024-03-07,Corrective,1332.5024529802458,3.813248441310657,Suspension,124679,TECH-118,False
MNT-104586,VH-1468,2024-04-28,Preventive,607.0427269368078,1.0,Brakes,498775,TECH-166,False
MNT-104587,VH-7171,2023-04-13,Preventive,684.5165710754636,1.0,"Engine,Suspension,HVAC",374316,TECH-168,False
MNT-104588,VH-3348,2023-01-03,Preventive,531.9634243868009,5.512174123938817,"Oil Change,Tires",230711,TECH-187,False
MNT-104589,VH-9394,2024-08-30,Corrective,1857.5182666296237,1.0,"Brakes,Tires",135890,TECH-146,False
MNT-104590,VH-9723,2024-02-14,Preventive,746.481545529706,1.0,"Transmission,Oil Change",479016,TECH-153,True
MNT-104591,VH-8918,2023-08-28,Preventive,473.7343696630521,3.3686147439296876,Brakes,315292,TECH-164,False
MNT-104592,VH-9948,2023-10-16,Scheduled,188.4961367186673,2.682883104642204,"HVAC,Oil Change",474901,TECH-143,False
MNT-104593,VH-4976,2023-04-11,Corrective,1081.7299946556261,21.20612798332044,"HVAC,Tires,Electrical",411161,TECH-168,True
MNT-104594,VH-7693,2024-12-11,Corrective,1110.2593226720323,2.4424704642548063,"HVAC,Suspension",331213,TECH-123,True
MNT-104595,VH-3132,2023-10-24,Corrective,702.6330232950519,1.8211070607719517,"Suspension,Transmission,Electrical",397997,TECH-188,False
MNT-104596,VH-8103,2024-05-16,Preventive,402.9971349386174,3.9299372793539633,"Brakes,HVAC",122006,TECH-181,False
MNT-104597,VH-2381,2023-01-24,Preventive,638.3457217136781,3.9761622026150736,Tires,195538,TECH-198,True
MNT-104598,VH-3919,2023-09-16,Preventive,330.24593022979093,1.0,"Oil Change,Transmission,Suspension",395914,TECH-122,False
MNT-104599,VH-8790,2024-07-28,Emergency,3408.050599366922,24.429157570638637,Engine,319434,TECH-119,True
MNT-104600,VH-9772,2024-01-01,Corrective,1195.3265662551319,43.18320339981989,"Tires,Transmission",207615,TECH-112,False
MNT-104601,VH-4716,2024-02-01,Corrective,1326.028884107712,4.335570087783065,"Brakes,Engine",366111,TECH-108,False
MNT-104602,VH-1008,2024-08-06,Preventive,303.7531028459226,2.140537343968566,"Engine,HVAC,Transmission",89384,TECH-187,False
MNT-104603,VH-2625,2023-03-20,Corrective,1041.3659205245137,15.251520453558413,"Transmission,Tires,Electrical",276445,TECH-157,True
MNT-104604,VH-5714,2024-10-03,Preventive,187.49282573339366,1.5519063977201026,"Engine,HVAC,Electrical",253090,TECH-139,True
MNT-104605,VH-9948,2024-08-03,Corrective,495.2699917852216,7.1922681539188345,"Engine,Tires,Brakes",189185,TECH-165,False
MNT-104606,VH-7918,2023-03-08,Preventive,641.3318294521533,1.877287728758871,"Brakes,HVAC",419437,TECH-103,True
MNT-104607,VH-8639,2023-11-05,Preventive,358.19930759689714,8.753146155533948,"Suspension,Transmission",134068,TECH-141,False
MNT-104608,VH-2536,2024-05-22,Preventive,609.3859665086535,2.0853354284042527,Tires,291292,TECH-155,True
MNT-104609,VH-1169,2024-01-19,Preventive,548.3290027127562,1.0,"Suspension,Transmission",420832,TECH-167,False
MNT-104610,VH-1461,2024-06-11,Corrective,1111.169186095606,9.044137399049095,"Oil Change,Transmission,Tires",27839,TECH-100,False
MNT-104611,VH-8959,2023-11-09,Preventive,267.6136913856642,8.186845266595501,Engine,488608,TECH-109,False
MNT-104612,VH-7166,2024-04-28,Emergency,2346.759117696145,4.132580685796771,"Suspension,Transmission",283052,TECH-103,False
MNT-104613,VH-3132,2024-05-07,Preventive,340.068718128137,1.0,Brakes,294473,TECH-106,False
MNT-104614,VH-9008,2023-06-17,Preventive,763.8413737539653,3.3509412317993625,"Transmission,Electrical",16749,TECH-136,True
MNT-104615,VH-7863,2023-08-22,Scheduled,118.10255264277748,1.0,"Tires,Suspension",461395,TECH-113,True
MNT-104616,VH-3919,2024-12-08,Preventive,441.8844596472965,1.7057947352249474,"Electrical,Transmission,Brakes",425547,TECH-158,False
MNT-104617,VH-5684,2024-01-31,Corrective,1327.9322931147897,26.502802553779993,"Transmission,Brakes,Suspension",317891,TECH-176,True
MNT-104618,VH-1823,2023-07-26,Emergency,3810.1313514442127,17.591059558180177,Electrical,189510,TECH-121,False
MNT-104619,VH-9948,2024-11-28,Preventive,606.9108241481016,1.0,"Oil Change,Engine",21641,TECH-179,False
MNT-104620,VH-3588,2024-03-20,Corrective,1556.1370377730057,23.281442576353875,"Transmission,Suspension,Electrical",409523,TECH-107,False
MNT-104621,VH-6596,2023-05-19,Corrective,1861.9010083716491,5.361591828235786,"Suspension,Transmission",451912,TECH-105,False
MNT-104622,VH-6908,2024-05-15,Preventive,559.4467342569484,6.075583060680426,HVAC,405374,TECH-124,False
MNT-104623,VH-1008,2023-04-28,Preventive,606.2520510899099,1.25175996921156,"HVAC,Transmission,Engine",47521,TECH-169,False
MNT-104624,VH-8103,2024-06-21,Preventive,363.6300228923591,1.0,Brakes,38413,TECH-112,True
MNT-104625,VH-8296,2024-10-18,Corrective,1380.5111244409427,4.9110656324065785,"Electrical,HVAC,Brakes",358536,TECH-145,False
MNT-104626,VH-6636,2023-10-31,Preventive,518.468982247791,1.295340606884969,"HVAC,Brakes,Suspension",199000,TECH-192,True
MNT-104627,VH-1475,2024-11-03,Emergency,1811.100177833915,3.6364303265709177,"Engine,Tires,Transmission",69626,TECH-127,False
MNT-104628,VH-2393,2023-05-17,Preventive,602.1585520503426,7.242048277225577,"Tires,HVAC,Transmission",72141,TECH-188,False
MNT-104629,VH-9029,2024-04-29,Emergency,3806.8320360528323,42.7964768790209,"Oil Change,HVAC",310763,TECH-156,False
MNT-104630,VH-9801,2024-12-21,Scheduled,348.096115814738,1.0785042190210004,"Electrical,Transmission,Brakes",109953,TECH-137,False
MNT-104631,VH-1716,2023-11-16,Corrective,1471.3292244580086,10.06802315510583,"Tires,Suspension,Transmission",102717,TECH-170,False
MNT-104632,VH-3039,2024-05-09,Preventive,399.1662163093226,2.137553556626888,"Electrical,Suspension",436011,TECH-128,False
MNT-104633,VH-8790,2023-08-12,Preventive,425.8894146006454,7.0613320845516725,HVAC,482091,TECH-153,False
MNT-104634,VH-4001,2024-09-17,Preventive,437.489855646702,8.684757406135002,"Engine,Brakes",165954,TECH-187,False
MNT-104635,VH-1335,2024-09-30,Preventive,319.6873622440933,4.4886854430858225,"Engine,Brakes",233556,TECH-139,False
MNT-104636,VH-8579,2024-04-04,Preventive,444.7072797486712,10.279727194022346,Engine,108690,TECH-140,True
MNT-104637,VH-5672,2023-06-20,Corrective,1824.2594546613946,1.0,"Electrical,HVAC",22139,TECH-140,False
MNT-104638,VH-1072,2024-12-05,Scheduled,395.9207116523782,1.1497537835029494,"Tires,Oil Change,Brakes",397402,TECH-135,False
MNT-104639,VH-6596,2024-09-10,Preventive,592.4214078591151,3.6211624829998397,"Transmission,Engine,Suspension",10573,TECH-191,False
MNT-104640,VH-5672,2024-10-27,Corrective,1381.436947139866,11.24951818675921,"Oil Change,Suspension,Electrical",78745,TECH-151,False
MNT-104641,VH-2587,2024-08-01,Preventive,599.1322480674523,2.1293210453278286,Tires,348706,TECH-127,False
MNT-104642,VH-1072,2023-11-12,Emergency,3699.106580896875,13.964918500948183,"Transmission,Brakes,Oil Change",363161,TECH-185,False
MNT-104643,VH-3214,2024-04-29,Preventive,673.1458484240782,1.0,"Oil Change,Engine,Tires",67129,TECH-130,True
MNT-104644,VH-9682,2023-07-16,Corrective,2138.130764499888,34.48554383352745,"Tires,Electrical",208828,TECH-123,False
MNT-104645,VH-8316,2024-09-14,Preventive,364.4889521877244,6.188746437419183,Electrical,222118,TECH-165,False
MNT-104646,VH-4890,2023-04-20,Preventive,583.2381640815656,2.4049310524100203,"Electrical,Oil Change,Brakes",457166,TECH-193,False
MNT-104647,VH-3233,2024-09-21,Emergency,2308.722307790003,43.050432544049116,"HVAC,Transmission,Tires",352313,TECH-126,True
MNT-104648,VH-5672,2023-05-15,Corrective,1845.6861684410815,18.459626203690608,"HVAC,Tires,Suspension",230567,TECH-115,True
MNT-104649,VH-1844,2023-01-08,Preventive,556.4430743588545,11.200643200512046,Brakes,262074,TECH-148,False
MNT-104650,VH-2290,2024-01-13,Preventive,551.8435859060257,2.433194387202441,"Brakes,Engine,Tires",308812,TECH-124,False
MNT-104651,VH-4890,2024-09-23,Preventive,388.0739443441605,1.0,"Oil Change,Brakes",131601,TECH-197,False
MNT-104652,VH-4984,2024-02-14,Corrective,518.3218242481003,1.5691582340653456,"Engine,Transmission",344953,TECH-189,False
MNT-104653,VH-4976,2023-09-30,Preventive,606.8112650792649,1.0,"Oil Change,Electrical",101512,TECH-170,False
MNT-104654,VH-6775,2024-01-02,Emergency,4490.31830154042,14.604462093631584,"Oil Change,Engine",296376,TECH-155,False
MNT-104655,VH-5360,2023-04-05,Preventive,586.2116635932022,4.015731416187999,"Suspension,Engine,Oil Change",297635,TECH-187,True
MNT-104656,VH-3039,2023-05-26,Corrective,470.76496963803186,9.8941244608104,"Oil Change,HVAC,Brakes",92671,TECH-114,True
MNT-104657,VH-6908,2023-11-26,Preventive,595.5096952835426,1.0042617882984421,"HVAC,Transmission",346078,TECH-177,False
MNT-104658,VH-9723,2024-11-06,Preventive,652.277447134523,6.05060914973074,"Engine,Suspension,Transmission",180203,TECH-192,False
MNT-104659,VH-9801,2023-05-28,Scheduled,295.12268287945136,1.2597086487720943,"Engine,Tires,Transmission",97940,TECH-111,True
MNT-104660,VH-7832,2023-11-09,Corrective,682.3406433312931,8.438356645319448,Tires,308938,TECH-188,True
MNT-104661,VH-6463,2023-11-13,Corrective,1356.4464464417897,2.787495645728952,"HVAC,Suspension",427320,TECH-151,True
MNT-104662,VH-9394,2024-09-07,Corrective,1822.4172019212888,6.815371742942416,"Suspension,Engine",311701,TECH-102,True
MNT-104663,VH-4862,2024-06-13,Scheduled,268.01590176499315,1.416288579616804,"Brakes,Oil Change",175017,TECH-100,False
MNT-104664,VH-4716,2023-05-27,Preventive,259.79977740787035,1.0,"HVAC,Tires",196604,TECH-161,False
MNT-104665,VH-9710,2023-09-17,Corrective,1358.4047252827766,2.767642277530204,"HVAC,Engine",242888,TECH-104,True
MNT-104666,VH-4940,2023-04-21,Preventive,336.1213749339921,4.95870700246953,"Engine,HVAC,Suspension",138738,TECH-123,False
MNT-104667,VH-6473,2024-03-27,Corrective,625.4159017402178,18.210233140806412,"Electrical,Tires",192584,TECH-110,True
MNT-104668,VH-5635,2024-03-10,Preventive,446.2746559438097,2.5842818037695023,"HVAC,Tires,Engine",403766,TECH-106,False
MNT-104669,VH-6071,2023-12-07,Emergency,1792.3730483032307,17.07817051995322,Oil Change,135566,TECH-103,False
MNT-104670,VH-4716,2024-11-06,Preventive,652.6019232283736,1.9755158265712005,HVAC,24443,TECH-130,True
MNT-104671,VH-7162,2023-01-23,Preventive,604.6141992976447,1.535831253053273,Suspension,161815,TECH-122,False
MNT-104672,VH-9029,2023-07-25,Emergency,2245.9885286668336,70.91807660870265,"Electrical,Oil Change",284550,TECH-191,False
MNT-104673,VH-8176,2023-03-05,Emergency,2045.9575913471426,1.0558247912326368,"Engine,Brakes",132255,TECH-180,True
MNT-104674,VH-9821,2023-11-20,Preventive,698.6530996351408,4.6898482051792305,"HVAC,Suspension,Engine",190610,TECH-113,True
MNT-104675,VH-2489,2024-08-02,Corrective,1164.9010718447892,1.0,"Brakes,Oil Change,Tires",343067,TECH-196,False
MNT-104676,VH-2357,2023-02-11,Emergency,2567.422916464603,1.0,HVAC,310677,TECH-171,False
MNT-104677,VH-7693,2024-02-02,Corrective,1198.302959310334,3.083311780847046,"Engine,Suspension,Tires",429900,TECH-150,False
MNT-104678,VH-2147,2023-02-25,Preventive,583.9240860911564,3.2719483784405603,Engine,463738,TECH-111,True
MNT-104679,VH-3540,2024-02-18,Preventive,358.18179259775025,4.9380503044025605,Engine,132131,TECH-115,True
MNT-104680,VH-5478,2024-10-22,Emergency,2940.0284740150914,28.69466360688503,"Oil Change,Brakes",306158,TECH-157,False
MNT-104681,VH-6775,2024-08-29,Preventive,505.0117918337343,7.879330939603141,Oil Change,112178,TECH-151,False
MNT-104682,VH-7162,2024-06-19,Preventive,425.89598344592247,4.264959604283597,"Tires,Engine",392333,TECH-151,False
MNT-104683,VH-2422,2024-03-16,Scheduled,287.04122362634484,1.0,"Transmission,Brakes",192328,TECH-121,True
MNT-104684,VH-7863,2024-07-24,Preventive,533.3366911121008,7.150673100526385,"Oil Change,Suspension",453266,TECH-171,True
MNT-104685,VH-8790,2023-10-08,Emergency,3115.5521023726974,12.667940916034121,Transmission,374843,TECH-198,False
MNT-104686,VH-7657,2024-10-01,Corrective,1928.7799870504832,1.0,"Suspension,Tires",234049,TECH-175,True
MNT-104687,VH-5282,2023-05-18,Preventive,451.2574445999608,1.0,Suspension,361960,TECH-124,True
MNT-104688,VH-6835,2024-09-08,Preventive,743.557175626794,5.406348177456755,"Transmission,Electrical",433395,TECH-164,False
MNT-104689,VH-3776,2023-11-02,Corrective,748.7638339471893,1.7926528484607336,"Oil Change,Tires,Engine",375954,TECH-109,False
MNT-104690,VH-5547,2024-02-01,Corrective,1318.0599749053556,1.0,"Engine,Brakes,Oil Change",222702,TECH-161,False
MNT-104691,VH-4984,2024-11-27,Corrective,1033.8097149780292,4.773965520750284,Transmission,19349,TECH-175,False
MNT-104692,VH-4743,2024-06-17,Preventive,411.0810130664905,1.4933171910070937,"Tires,HVAC",182658,TECH-111,True
MNT-104693,VH-7807,2024-11-13,Preventive,507.57127570320085,3.326836523942923,Oil Change,303744,TECH-192,False
MNT-104694,VH-7832,2023-04-09,Scheduled,370.77048910916614,4.547078768872131,"Suspension,HVAC",164747,TECH-112,False
MNT-104695,VH-1461,2024-11-21,Preventive,342.681339460888,4.979120248594436,Engine,85603,TECH-149,False
MNT-104696,VH-4106,2023-01-25,Scheduled,365.73734184117666,1.0,"Suspension,Oil Change",94183,TECH-181,False
MNT-104697,VH-2357,2024-08-31,Corrective,973.9253481666307,21.65820823980113,"Engine,Brakes,HVAC",71128,TECH-186,False
MNT-104698,VH-9948,2023-04-18,Preventive,660.9804642007418,11.122781575608984,Oil Change,159660,TECH-183,True
MNT-104699,VH-3919,2024-06-24,Corrective,2192.2635756733466,39.894296890780964,Engine,175425,TECH-130,False
MNT-104700,VH-2489,2023-09-22,Preventive,481.67030289894296,3.1040416259651553,"Engine,Suspension,Tires",418999,TECH-162,False
MNT-104701,VH-1588,2024-06-24,Preventive,461.13294009782476,2.4703343777892326,Transmission,499873,TECH-199,True
MNT-104702,VH-2915,2024-04-07,Preventive,458.6156769030793,1.5603827044591616,"Engine,Suspension",283740,TECH-123,False
MNT-104703,VH-1835,2024-02-10,Preventive,454.4611069099129,3.3395819472513386,"HVAC,Oil Change,Brakes",133444,TECH-187,False
MNT-104704,VH-8532,2023-02-28,Scheduled,384.936615290735,1.0,"Electrical,HVAC",192651,TECH-152,False
MNT-104705,VH-2357,2024-06-28,Preventive,274.32059447367135,16.92319880121881,"Suspension,Brakes,Engine",92519,TECH-183,False
MNT-104706,VH-5684,2023-12-27,Corrective,877.4520726701819,15.263649699346377,"Brakes,Suspension",474867,TECH-133,False
MNT-104707,VH-4743,2023-01-22,Corrective,1793.7087028806186,11.614028557565808,Transmission,422294,TECH-140,True
MNT-104708,VH-7166,2024-03-22,Corrective,1118.0608360709318,18.477145125420506,"Oil Change,Suspension,Brakes",157767,TECH-136,True
MNT-104709,VH-1420,2024-07-31,Preventive,715.2835118985527,7.502110794709407,"HVAC,Brakes",479406,TECH-102,False
MNT-104710,VH-9516,2024-04-16,Preventive,919.598758534989,1.0,"HVAC,Transmission",45592,TECH-165,True
MNT-104711,VH-3814,2024-09-23,Emergency,2559.6359099558017,84.45116582119029,Engine,146730,TECH-117,False
MNT-104712,VH-4976,2024-12-10,Corrective,898.9061813301086,12.625535744939832,Engine,81040,TECH-135,False
MNT-104713,VH-4503,2023-01-19,Preventive,113.71436781119661,1.0,Suspension,270838,TECH-131,False
MNT-104714,VH-2464,2023-04-04,Preventive,460.64271311574674,1.0,"Brakes,Engine",458253,TECH-179,True
MNT-104715,VH-2559,2024-09-05,Preventive,432.33126166887575,1.0,Oil Change,10293,TECH-145,False
MNT-104716,VH-3540,2024-02-14,Preventive,625.3464128453423,11.255688654466427,Oil Change,330036,TECH-195,False
MNT-104717,VH-7311,2023-06-24,Corrective,1546.1559661873957,14.609576857081578,"Transmission,Electrical,Oil Change",457757,TECH-126,False
MNT-104718,VH-4940,2024-12-20,Preventive,342.5527363152942,6.096110881760596,"Suspension,HVAC,Electrical",414831,TECH-137,False
MNT-104719,VH-9710,2024-05-26,Preventive,638.3603349682658,13.96071257826024,"Brakes,Oil Change",407937,TECH-125,True
MNT-104720,VH-4984,2024-06-12,Corrective,1400.668031161434,22.72411556739387,"Suspension,Oil Change",434730,TECH-109,True
MNT-104721,VH-7136,2023-12-28,Corrective,1383.5384967590164,8.733558018850227,Suspension,344528,TECH-133,True
MNT-104722,VH-8376,2024-05-21,Corrective,1647.0920163497804,23.49800868721981,"Engine,Brakes",120296,TECH-192,True
MNT-104723,VH-9682,2023-07-05,Preventive,339.7198390793427,2.02475992491554,"Brakes,Oil Change,HVAC",481706,TECH-181,False
MNT-104724,VH-6071,2024-03-25,Preventive,732.5301540174589,1.6974998994557522,"Brakes,Tires",381096,TECH-104,False
MNT-104725,VH-6323,2023-07-06,Emergency,2243.5671620368385,7.664811289756063,"Electrical,Engine,Tires",274707,TECH-155,False
MNT-104726,VH-3605,2024-11-21,Scheduled,412.60625457735364,3.8465607830501565,"Suspension,Oil Change,HVAC",87994,TECH-160,False
MNT-104727,VH-9105,2023-04-02,Preventive,129.34428330352796,4.54443596385251,"Transmission,Brakes,Tires",92390,TECH-107,True
MNT-104728,VH-6718,2024-04-30,Corrective,1141.953803764341,2.9418649715572167,Oil Change,275895,TECH-159,True
MNT-104729,VH-9948,2023-04-12,Preventive,713.7530030302911,3.514061070828054,"Electrical,Tires,Oil Change",365966,TECH-113,True
MNT-104730,VH-1823,2024-02-18,Preventive,521.5533724938911,7.624006053439738,"Oil Change,Transmission",169165,TECH-197,True
MNT-104731,VH-4503,2023-11-27,Scheduled,454.63187305773357,1.0,"HVAC,Transmission,Suspension",184450,TECH-154,False
MNT-104732,VH-6985,2023-06-27,Corrective,1431.2226453711935,31.767202106625632,"Transmission,Oil Change",191613,TECH-174,False
MNT-104733,VH-1468,2024-08-22,Preventive,456.91537016611255,1.0,"Brakes,Suspension,Electrical",209780,TECH-124,False
MNT-104734,VH-7918,2023-11-16,Preventive,788.7343533043505,1.0,Oil Change,269158,TECH-184,True
MNT-104735,VH-2290,2024-01-07,Scheduled,370.3410295303041,1.0,"HVAC,Brakes",442220,TECH-131,False
MNT-104736,VH-6605,2024-06-12,Preventive,438.0917269033511,10.588534356333518,"Oil Change,Electrical",91262,TECH-192,False
MNT-104737,VH-6596,2024-11-10,Corrective,1011.6783457772409,41.85421886554248,"Transmission,Suspension",303427,TECH-157,False
MNT-104738,VH-3450,2023-01-15,Corrective,1447.7299555749296,20.91724896409042,Brakes,405614,TECH-133,False
MNT-104739,VH-2147,2023-07-25,Emergency,796.3611104430311,13.516468842783013,"HVAC,Electrical",467984,TECH-196,False
MNT-104740,VH-4001,2024-11-09,Preventive,426.55047231663366,2.777694076505884,Engine,175225,TECH-144,False
MNT-104741,VH-5672,2024-03-12,Preventive,390.3390379743082,1.038628393844135,Suspension,452744,TECH-164,False
MNT-104742,VH-5991,2024-06-17,Corrective,668.4102602655437,25.422145603388167,"Engine,Suspension,Oil Change",377996,TECH-110,False
MNT-104743,VH-5203,2023-05-14,Preventive,386.48612113522927,5.5526064042033285,"Electrical,HVAC",236967,TECH-118,True
MNT-104744,VH-1093,2024-05-17,Preventive,592.2319199744475,2.2738387116541623,"Transmission,Electrical,Brakes",357158,TECH-152,True
MNT-104745,VH-8176,2023-08-11,Emergency,1826.6697936554378,43.32474775212314,Electrical,328361,TECH-156,False
MNT-104746,VH-9274,2023-04-01,Preventive,500.01799569810606,1.0,Suspension,35179,TECH-125,False
MNT-104747,VH-9862,2023-04-28,Corrective,1324.4947318259285,9.513536843832307,Electrical,412065,TECH-175,False
MNT-104748,VH-4862,2024-07-15,Corrective,289.5956854704366,4.3726875819637,"Tires,Engine",182620,TECH-148,False
MNT-104749,VH-7918,2024-01-18,Corrective,1098.918310983736,2.2239438081861547,"Brakes,Engine",308129,TECH-104,False
MNT-104750,VH-6473,2023-06-22,Preventive,521.0639770610527,1.6907769367020986,Suspension,359335,TECH-165,False
MNT-104751,VH-5056,2024-10-06,Corrective,908.7784795274733,5.157012698754942,Brakes,240931,TECH-121,False
MNT-104752,VH-5672,2024-01-22,Emergency,2597.2817475162697,1.0,Tires,409875,TECH-193,False
MNT-104753,VH-4890,2023-07-16,Emergency,1711.6788664768,13.959743654618716,"Electrical,Engine,Transmission",101993,TECH-120,True
MNT-104754,VH-5635,2023-03-04,Scheduled,508.4320041538301,1.5754671961350368,Tires,199261,TECH-143,False
MNT-104755,VH-6908,2023-07-18,Preventive,390.72275371838566,3.576000499625927,"Electrical,Oil Change,Tires",209004,TECH-115,False
MNT-104756,VH-9393,2023-11-12,Corrective,1816.0068494371285,2.5310751543959595,"Engine,Transmission,Electrical",327571,TECH-162,True
MNT-104757,VH-6071,2023-10-06,Corrective,1391.6328828204478,15.898792944716199,Suspension,294202,TECH-117,False
MNT-104758,VH-6106,2023-04-29,Preventive,516.0097600038339,1.0,"Tires,Brakes",343233,TECH-145,True
MNT-104759,VH-4740,2023-09-18,Corrective,1076.667872546691,5.511809617967393,Suspension,478716,TECH-137,False
MNT-104760,VH-6037,2023-08-29,Scheduled,397.9178954402588,2.253841316718199,"Transmission,Brakes,HVAC",437821,TECH-108,True
MNT-104761,VH-8445,2024-06-05,Corrective,1279.0255881737546,9.123134435153336,"Suspension,Transmission",151923,TECH-155,True
MNT-104762,VH-6346,2023-05-06,Preventive,555.0527252685248,9.275243857586005,Transmission,259090,TECH-151,False
MNT-104763,VH-1093,2024-07-08,Preventive,548.4197325706007,6.608456071454803,"Engine,HVAC",208783,TECH-130,True
MNT-104764,VH-2084,2024-11-15,Preventive,344.1709307302711,23.506888017185023,Transmission,30364,TECH-100,True
MNT-104765,VH-5478,2024-10-16,Scheduled,356.10306537467335,2.6700647142754854,"Tires,Oil Change",35924,TECH-102,False
MNT-104766,VH-2549,2024-12-16,Preventive,883.5018450636057,1.0,"Suspension,Transmission",76860,TECH-104,False
MNT-104767,VH-7162,2024-05-07,Corrective,1296.2197851742121,7.896872731834073,Brakes,212221,TECH-192,False
MNT-104768,VH-8579,2024-07-19,Preventive,799.458319643802,1.4373677527262279,"Oil Change,Tires,Engine",338900,TECH-196,False
MNT-104769,VH-1092,2023-07-14,Scheduled,295.8366104198223,1.0,"Suspension,Engine",436358,TECH-148,False
MNT-104770,VH-8103,2024-07-17,Scheduled,447.701867041263,1.0,"Brakes,Engine,HVAC",449042,TECH-128,True
MNT-104771,VH-3132,2023-05-30,Preventive,236.39226512665078,1.0,"Suspension,Engine,HVAC",190971,TECH-193,True
MNT-104772,VH-8653,2023-07-20,Preventive,754.5752613624996,1.0,"Transmission,HVAC,Tires",407608,TECH-168,False
MNT-104773,VH-9029,2024-12-14,Scheduled,203.10988052806061,3.4754921448925136,Oil Change,254755,TECH-100,False
MNT-104774,VH-3490,2024-07-30,Corrective,706.6061499613436,1.0,Transmission,17437,TECH-155,True
MNT-104775,VH-7688,2024-07-06,Preventive,532.0979065091614,1.5344186056939342,Transmission,56027,TECH-145,True
MNT-104776,VH-8547,2023-09-28,Corrective,1686.797422897034,25.012428440216308,Electrical,287586,TECH-196,True
MNT-104777,VH-2216,2024-12-30,Corrective,1145.3384123371889,11.190037844642873,Transmission,309209,TECH-133,False
MNT-104778,VH-4862,2023-08-22,Preventive,542.8607928806599,1.1075117139625095,"Transmission,Brakes,Suspension",11436,TECH-158,True
MNT-104779,VH-1420,2024-03-06,Corrective,1729.3952248297364,27.595668664752978,Tires,285189,TECH-115,True
MNT-104780,VH-8425,2023-10-26,Preventive,426.8512346943458,5.08007918484445,"Engine,HVAC,Suspension",419735,TECH-142,False
MNT-104781,VH-8176,2023-05-10,Corrective,367.1617995356579,4.518799712113444,"Oil Change,HVAC",338489,TECH-143,False
MNT-104782,VH-2357,2024-01-30,Corrective,1227.464260577146,19.038080868119078,"Brakes,Engine",487470,TECH-131,False
MNT-104783,VH-2506,2023-05-26,Corrective,954.4430261896835,6.1034981258042,"HVAC,Suspension",15860,TECH-117,True
MNT-104784,VH-9029,2023-08-14,Preventive,573.0028353434245,3.2486283387381376,"Transmission,HVAC",438031,TECH-132,True
MNT-104785,VH-7136,2024-10-17,Preventive,541.655256598592,2.387125775605007,Brakes,378909,TECH-104,False
MNT-104786,VH-9682,2023-01-05,Corrective,1048.9298639864833,9.630756466718417,Tires,103894,TECH-105,False
MNT-104787,VH-9737,2024-05-09,Corrective,1226.6107400742283,12.882242758105168,"HVAC,Tires,Brakes",29650,TECH-122,True
MNT-104788,VH-4740,2023-09-17,Preventive,426.24393514609994,9.71610643733594,"Tires,Oil Change",262466,TECH-197,False
MNT-104789,VH-1885,2023-05-11,Preventive,465.4851630291498,1.364021722601037,Transmission,361638,TECH-113,True
MNT-104790,VH-9772,2024-09-30,Corrective,1497.6085612130125,25.983803848980163,"Transmission,Tires,Engine",269428,TECH-137,True
MNT-104791,VH-3776,2023-10-07,Corrective,1364.0597165105348,12.848850181152201,Suspension,379842,TECH-173,False
MNT-104792,VH-2147,2024-10-17,Preventive,304.78695862623255,9.742057533905973,"Brakes,Engine",396171,TECH-176,False
MNT-104793,VH-8425,2023-07-28,Preventive,683.3805867459312,1.6097462644365483,"Brakes,Oil Change",499337,TECH-107,False
MNT-104794,VH-1072,2023-07-25,Corrective,1060.9995603975049,11.379475283518083,"Tires,Brakes,Electrical",166677,TECH-158,True
MNT-104795,VH-6323,2023-10-28,Preventive,412.0838451748897,14.667980261061924,Electrical,288307,TECH-177,False
MNT-104796,VH-9274,2024-01-09,Preventive,627.2007591240774,5.763198085188985,Brakes,338573,TECH-149,True
MNT-104797,VH-9432,2024-10-06,Preventive,716.0466756252649,1.0,"Brakes,Tires,Transmission",277105,TECH-174,False
MNT-104798,VH-5360,2024-04-26,Preventive,606.2439677784148,11.758002864606114,Suspension,305859,TECH-127,False
MNT-104799,VH-2506,2023-01-31,Emergency,2935.7956424277136,1.922366415848066,"Transmission,Suspension,Engine",180885,TECH-110,True
MNT-104800,VH-5450,2023-07-16,Preventive,798.8720004646118,10.36219707399812,Brakes,431085,TECH-183,False
MNT-104801,VH-4984,2024-05-22,Preventive,464.604542610138,9.497234650943248,Engine,13590,TECH-149,True
MNT-104802,VH-2559,2024-03-19,Corrective,1018.5295255173427,21.523035535656547,"Transmission,Tires,Brakes",162562,TECH-145,False
MNT-104803,VH-1215,2023-08-07,Preventive,628.0671232929969,9.940086525156088,"Transmission,Tires,Oil Change",302991,TECH-184,True
MNT-104804,VH-8316,2024-06-16,Preventive,419.5627048664263,3.9585487308527587,"Oil Change,Brakes",436962,TECH-174,False
MNT-104805,VH-1885,2023-11-20,Preventive,410.3467859725779,2.8451029467611706,"Tires,Brakes",307202,TECH-116,True
MNT-104806,VH-9682,2023-03-05,Corrective,828.7278783501264,3.392801395170942,"Electrical,Suspension",39527,TECH-190,False
MNT-104807,VH-9862,2023-06-02,Corrective,1098.5686223184696,18.71368118217786,Brakes,143434,TECH-125,True
MNT-104808,VH-1475,2024-08-24,Preventive,403.25126457970634,1.0,HVAC,437851,TECH-136,False
MNT-104809,VH-2393,2024-12-14,Preventive,383.8384468411106,1.4886093631407402,"Tires,Transmission,Electrical",54314,TECH-147,False
MNT-104810,VH-1461,2024-01-20,Preventive,499.33294562113485,1.924170009878658,"Suspension,Brakes",168606,TECH-104,False
MNT-104811,VH-2381,2023-08-28,Preventive,421.49251463879415,15.535675344724286,HVAC,202738,TECH-192,True
MNT-104812,VH-2410,2023-04-29,Preventive,339.22062596470187,1.0,"HVAC,Suspension",20933,TECH-198,False
MNT-104813,VH-5360,2023-11-15,Scheduled,476.90422013747957,1.0,"Engine,Suspension,Transmission",67446,TECH-140,True
MNT-104814,VH-9862,2023-02-18,Scheduled,359.2283551847509,2.0484296097328976,"Electrical,Tires",38335,TECH-141,True
MNT-104815,VH-7171,2023-12-25,Scheduled,345.79156862135886,3.391988771695974,"Oil Change,HVAC,Electrical",249692,TECH-162,False
MNT-104816,VH-8664,2024-02-25,Preventive,672.2560255651061,5.2741166044834324,"Electrical,Oil Change,HVAC",376841,TECH-135,False
MNT-104817,VH-9394,2024-02-15,Corrective,1296.0412652834896,15.74428832325309,"Suspension,Oil Change",447196,TECH-177,False
MNT-104818,VH-4716,2024-08-18,Preventive,132.4108183145156,2.4883449494099916,HVAC,47767,TECH-186,True
MNT-104819,VH-3092,2024-05-16,Corrective,1283.7655015108637,42.81461493952473,"Suspension,Tires,Brakes",78929,TECH-184,True
MNT-104820,VH-8959,2023-03-10,Emergency,2229.0830037433157,48.50014450728965,"Oil Change,Tires,Transmission",442082,TECH-179,False
MNT-104821,VH-9862,2023-10-30,Preventive,306.18987400831725,5.371917820998721,"Suspension,Electrical,Tires",278651,TECH-146,True
MNT-104822,VH-5991,2024-06-19,Preventive,408.7720638014706,1.0655863507590047,"Engine,Brakes,Transmission",213093,TECH-107,True
MNT-104823,VH-8468,2024-09-23,Preventive,492.08539329841125,1.639661874981223,"Brakes,Tires",207039,TECH-105,False
MNT-104824,VH-5282,2024-11-18,Corrective,959.8116225209715,9.247446339506826,Electrical,347974,TECH-179,True
MNT-104825,VH-4057,2024-06-29,Scheduled,416.9225229013412,2.7850362736715852,"Tires,Suspension,Transmission",404518,TECH-179,False
MNT-104826,VH-8547,2024-03-27,Corrective,1453.2600959389454,6.762309872284025,"HVAC,Tires,Transmission",192174,TECH-161,False
MNT-104827,VH-1366,2023-03-04,Preventive,715.812349177784,1.8953560546868304,"Suspension,Oil Change",173547,TECH-159,True
MNT-104828,VH-1716,2024-11-08,Preventive,454.1627173157385,3.4204691427671983,"Suspension,Oil Change,Tires",465598,TECH-185,False
MNT-104829,VH-7166,2024-12-30,Corrective,1998.8870954655472,1.0,Brakes,415159,TECH-144,False
MNT-104830,VH-9029,2023-09-19,Preventive,385.5960958451378,1.4873362250445525,Brakes,115277,TECH-114,False
MNT-104831,VH-3132,2024-10-14,Preventive,630.6160946889677,1.3339275705093312,Electrical,392716,TECH-126,False
MNT-104832,VH-3776,2023-10-06,Preventive,616.2647754382451,1.0,"Electrical,Engine,Suspension",330605,TECH-131,False
MNT-104833,VH-7922,2023-07-29,Preventive,843.0327974633432,16.08246771316477,"Transmission,Electrical,Oil Change",415443,TECH-186,False
MNT-104834,VH-2489,2024-01-11,Corrective,1006.7050439440316,1.0,"Brakes,Suspension,Transmission",287536,TECH-100,False
MNT-104835,VH-1620,2024-09-15,Corrective,1305.8933778314076,9.319048878766596,"HVAC,Oil Change,Tires",295951,TECH-128,False
MNT-104836,VH-7832,2024-02-18,Preventive,460.6546718814209,2.6738946821616016,"Transmission,Engine",485404,TECH-121,False
MNT-104837,VH-5282,2024-03-07,Preventive,532.246132913304,2.768122767413642,Engine,451665,TECH-147,True
MNT-104838,VH-5547,2024-11-05,Preventive,537.3894568118433,10.02219466936751,Brakes,405807,TECH-198,False
MNT-104839,VH-6473,2024-03-16,Preventive,509.339653697528,3.3635579618792395,"HVAC,Tires,Brakes",315135,TECH-135,True
MNT-104840,VH-7918,2024-10-20,Preventive,504.5010494451366,1.221720023641931,Electrical,105611,TECH-119,False
MNT-104841,VH-3540,2024-09-14,Preventive,662.2445143159032,1.8809757229175992,"Transmission,HVAC",143980,TECH-140,False
MNT-104842,VH-2381,2023-10-22,Corrective,1353.2798290218443,6.651969851553727,Tires,410191,TECH-164,False
MNT-104843,VH-9710,2023-07-12,Preventive,615.7476144781684,3.6570737775566267,Engine,461244,TECH-104,True
MNT-104844,VH-7922,2023-08-17,Preventive,599.6233644451356,4.101041262465579,"Engine,Electrical,Suspension",227620,TECH-128,False
MNT-104845,VH-2084,2024-01-16,Emergency,2020.990524893953,9.941005496236855,"HVAC,Transmission,Oil Change",172342,TECH-132,False
MNT-104846,VH-3671,2024-03-17,Emergency,3297.1390811951915,25.44145191973949,"Suspension,Electrical",414503,TECH-188,False
MNT-104847,VH-4984,2023-08-30,Preventive,634.5712992239844,1.0242424909661776,"Electrical,HVAC,Oil Change",301727,TECH-191,True
MNT-104848,VH-2559,2024-03-20,Preventive,333.25380799931736,4.63751870853903,"Oil Change,Suspension",352340,TECH-183,False
MNT-104849,VH-9824,2024-09-20,Corrective,832.4400597997842,13.812769291736972,Tires,388245,TECH-145,False
MNT-104850,VH-6596,2023-06-26,Preventive,715.9889243793979,3.161230107639351,Electrical,340840,TECH-175,False
MNT-104851,VH-9432,2024-10-28,Preventive,670.0255190416381,15.323809444220936,"Oil Change,Electrical",187523,TECH-102,True
MNT-104852,VH-4001,2023-09-14,Preventive,443.1237322277448,1.0397883208743446,"Transmission,Brakes",428968,TECH-187,False
MNT-104853,VH-3450,2024-06-14,Corrective,839.718104217445,23.753001778037593,Tires,365775,TECH-152,False
MNT-104854,VH-9887,2024-03-04,Preventive,655.7849421014449,4.421565808469847,"Transmission,Suspension,HVAC",202828,TECH-193,False
MNT-104855,VH-3348,2023-09-10,Corrective,334.5896045737819,6.75242261411409,"Engine,HVAC",380695,TECH-117,True
MNT-104856,VH-4862,2023-02-08,Preventive,610.6380575593403,1.0,Suspension,466384,TECH-111,True
MNT-104857,VH-2391,2023-10-03,Preventive,50.0,1.0,"HVAC,Tires",446590,TECH-174,False
MNT-104858,VH-5868,2024-11-10,Preventive,513.1365540189363,2.8811172490076284,"HVAC,Transmission",412772,TECH-146,False
MNT-104859,VH-8857,2024-01-26,Scheduled,309.2433997288976,1.0,Brakes,65832,TECH-144,False
MNT-104860,VH-9821,2023-11-02,Preventive,562.883194817113,4.186740731340681,"Tires,Suspension,Engine",403483,TECH-155,False
MNT-104861,VH-3179,2023-07-22,Emergency,2808.2139025058013,18.34433982951382,"Electrical,Engine,Tires",108018,TECH-129,False
MNT-104862,VH-5450,2023-06-17,Corrective,1980.531205660365,7.712834918536959,Engine,68005,TECH-150,False
MNT-104863,VH-5844,2024-05-09,Corrective,808.4833528136257,2.040428155270551,"Tires,Brakes,Engine",124043,TECH-124,False
MNT-104864,VH-3967,2024-12-11,Preventive,425.72266506538733,1.187876347887588,HVAC,240013,TECH-155,False
MNT-104865,VH-7807,2024-10-03,Scheduled,330.40598556239655,1.0,Brakes,260332,TECH-104,True
MNT-104866,VH-2147,2023-09-25,Corrective,2005.5610574976354,1.0,"Brakes,Oil Change,Transmission",28227,TECH-103,False
MNT-104867,VH-2587,2023-02-12,Emergency,3984.524226956053,8.64135581323146,"Oil Change,Electrical,Engine",94787,TECH-197,False
MNT-104868,VH-2216,2023-11-17,Preventive,421.58479038584755,8.239990464199826,Engine,123390,TECH-125,False
MNT-104869,VH-8923,2024-11-27,Emergency,2510.309927049409,1.7957383331468102,"Transmission,Electrical",152085,TECH-182,False
MNT-104870,VH-5714,2023-05-31,Corrective,1219.3381513214858,6.135215391796838,"Brakes,Engine,Oil Change",326134,TECH-170,False
MNT-104871,VH-9035,2024-06-19,Corrective,1314.9709205348965,5.378124251932039,"Tires,Transmission",267100,TECH-162,False
MNT-104872,VH-6346,2024-04-24,Preventive,474.98700329111745,4.308852929665205,Transmission,39133,TECH-130,False
MNT-104873,VH-8468,2024-07-10,Preventive,339.2842261803534,3.148702277277384,"Electrical,Engine",309422,TECH-170,True
MNT-104874,VH-8441,2023-10-07,Preventive,459.4178316645176,1.441793683824815,HVAC,138047,TECH-197,False
MNT-104875,VH-6443,2023-11-16,Corrective,2122.214750245083,10.19045590995309,"Brakes,Electrical",358508,TECH-133,False
MNT-104876,VH-9516,2024-05-01,Preventive,554.9746749282747,1.0,"Oil Change,Suspension",235018,TECH-132,False
MNT-104877,VH-2625,2024-10-22,Scheduled,284.376332624897,1.7880265629137835,"Brakes,Suspension,Tires",37801,TECH-190,False
MNT-104878,VH-1215,2024-04-24,Preventive,509.698665538534,1.0,Tires,84904,TECH-141,False
MNT-104879,VH-3039,2024-01-18,Corrective,1688.9256133347856,16.300200498881026,Oil Change,228714,TECH-104,False
MNT-104880,VH-9862,2023-11-07,Preventive,758.7399781503718,4.771278002438852,"Engine,Tires",262647,TECH-187,True
MNT-104881,VH-5868,2024-08-17,Preventive,257.3982132954622,16.61877460424946,"HVAC,Suspension",283012,TECH-135,False
MNT-104882,VH-1335,2024-09-04,Corrective,467.1990818805956,18.072917812996305,"Electrical,HVAC,Brakes",45019,TECH-110,False
MNT-104883,VH-1844,2023-08-16,Corrective,960.6607166726332,34.048320328627575,"Oil Change,Engine",263722,TECH-146,False
MNT-104884,VH-8376,2023-08-10,Preventive,632.1195153032036,3.6281575078692354,"Brakes,Suspension",172597,TECH-194,True
MNT-104885,VH-3919,2024-09-03,Preventive,542.6999809914778,11.10955300797678,"Brakes,Electrical,Engine",112239,TECH-193,False
MNT-104886,VH-6963,2024-09-15,Corrective,628.0966962180797,3.7627441552173053,"Engine,Transmission",128868,TECH-179,False
MNT-104887,VH-3814,2023-03-16,Preventive,138.7995530590867,5.8732964529550555,"Tires,Engine,Electrical",234589,TECH-193,False
MNT-104888,VH-5868,2023-08-26,Emergency,2817.0192954492113,52.58603535414912,HVAC,213794,TECH-105,False
MNT-104889,VH-8097,2024-06-06,Emergency,2041.9790160354949,35.16560601684188,Transmission,188834,TECH-187,True
MNT-104890,VH-3605,2023-03-01,Corrective,1595.6121861327952,55.81649039093812,"Brakes,HVAC,Oil Change",385783,TECH-157,True
MNT-104891,VH-3540,2023-12-07,Preventive,393.8827442367877,6.647552834530078,"Oil Change,Suspension",423413,TECH-190,False
MNT-104892,VH-3132,2023-12-09,Scheduled,155.67965231414155,2.5579961336955734,"Engine,Brakes,Transmission",401275,TECH-106,False
MNT-104893,VH-3540,2024-03-15,Corrective,1584.6590526911789,4.127152147458434,Suspension,259394,TECH-135,False
MNT-104894,VH-3588,2024-11-18,Corrective,821.4057232135656,14.295251612584881,"Oil Change,HVAC",217914,TECH-141,False
MNT-104895,VH-2393,2023-03-03,Corrective,332.5003525585347,5.155865938212284,"Electrical,Brakes",259816,TECH-117,False
MNT-104896,VH-2422,2024-12-27,Emergency,1599.7236745293058,43.692718416085185,"Brakes,Transmission,HVAC",37588,TECH-131,False
MNT-104897,VH-7166,2024-07-18,Preventive,534.8504735056642,4.0177121559129,"Brakes,Tires,Oil Change",360495,TECH-177,False
MNT-104898,VH-1885,2024-01-21,Preventive,592.4023549905247,2.2807390703805863,HVAC,334745,TECH-166,True
MNT-104899,VH-6835,2023-06-15,Corrective,1414.039417251481,11.04783481005755,"HVAC,Electrical,Oil Change",47328,TECH-158,True
MNT-104900,VH-4890,2023-07-28,Corrective,1743.5275940513543,19.390175829011138,"HVAC,Electrical",139029,TECH-165,False
MNT-104901,VH-8918,2024-03-25,Preventive,275.65157585705094,1.0,"Engine,Tires",69340,TECH-138,False
MNT-104902,VH-8176,2023-11-15,Corrective,1139.449135944261,6.058135816356304,"Engine,HVAC",278820,TECH-111,False
MNT-104903,VH-4247,2023-03-21,Preventive,653.6171478941363,1.0,HVAC,484352,TECH-110,False
MNT-104904,VH-4716,2023-09-09,Emergency,1125.8922262387143,79.26317514275915,"Engine,Oil Change",402180,TECH-185,False
MNT-104905,VH-6019,2024-08-06,Preventive,490.7039789304922,1.0,Transmission,379067,TECH-104,True
MNT-104906,VH-8176,2023-09-17,Preventive,489.28813044145795,1.8825559306885895,"Engine,Tires",157744,TECH-117,True
MNT-104907,VH-3490,2024-01-10,Preventive,712.1456168052646,9.190941423153864,Tires,374250,TECH-186,True
MNT-104908,VH-8664,2024-12-09,Preventive,280.0381709058451,1.0,Electrical,203296,TECH-125,True
MNT-104909,VH-3490,2024-02-28,Preventive,593.7325213844355,1.9282409739635031,"HVAC,Electrical",406124,TECH-111,True
MNT-104910,VH-1131,2024-03-23,Emergency,1650.679270448378,8.511227941946087,Oil Change,128069,TECH-104,False
MNT-104911,VH-3588,2024-06-19,Corrective,1499.2673374267206,7.736172722961483,HVAC,372880,TECH-100,False
MNT-104912,VH-1823,2024-02-03,Preventive,485.1126736667541,1.0,"Suspension,HVAC,Electrical",50256,TECH-153,False
MNT-104913,VH-3214,2024-12-13,Preventive,720.1058459558636,5.345407186620928,"Electrical,Suspension,Brakes",190924,TECH-105,False
MNT-104914,VH-4001,2024-03-11,Preventive,382.74814892379516,2.6023916514372845,"Oil Change,Tires",244879,TECH-139,True
MNT-104915,VH-9801,2023-10-10,Preventive,387.9769572622754,3.6961239403121806,Tires,498474,TECH-161,False
MNT-104916,VH-6636,2024-02-24,Corrective,870.915208567704,35.49089437459638,"Brakes,Electrical,Tires",119004,TECH-119,True
MNT-104917,VH-6718,2024-12-06,Preventive,594.2484905985365,7.567758288520917,"Oil Change,Engine,Transmission",328255,TECH-195,True
MNT-104918,VH-3450,2023-01-15,Preventive,749.4304639575431,2.384405222330308,"Electrical,Tires,Brakes",478699,TECH-178,True
MNT-104919,VH-5360,2024-11-13,Preventive,698.5951828713785,1.0,Suspension,173772,TECH-178,False
MNT-104920,VH-4001,2023-12-02,Preventive,373.27996867070294,6.584891701381799,"Engine,HVAC",154824,TECH-127,True
MNT-104921,VH-9394,2023-07-21,Preventive,399.35325616126823,1.4874879466511897,Tires,450709,TECH-130,False
MNT-104922,VH-1588,2024-07-25,Scheduled,419.542873970052,1.0,"Engine,Suspension",392291,TECH-132,True
MNT-104923,VH-8579,2024-03-02,Corrective,923.5044857993466,26.444608203092812,HVAC,262497,TECH-183,False
MNT-104924,VH-8296,2024-11-07,Corrective,904.3950787328153,93.06407704076385,"Brakes,Engine,Transmission",25032,TECH-194,True
MNT-104925,VH-1420,2023-03-29,Preventive,704.2508877239699,12.83326203275961,"Tires,Transmission",259366,TECH-120,False
MNT-104926,VH-6106,2023-12-16,Preventive,407.17752302020426,7.719120875837401,Electrical,325901,TECH-130,False
MNT-104927,VH-6963,2024-04-26,Preventive,487.61210801062975,1.0,Electrical,348610,TECH-147,False
MNT-104928,VH-6037,2024-09-04,Scheduled,389.7097884370801,1.0,"Brakes,Transmission",408476,TECH-184,True
MNT-104929,VH-1475,2023-01-23,Scheduled,524.0101748122083,1.0,"Brakes,HVAC,Oil Change",144726,TECH-180,True
MNT-104930,VH-9008,2024-02-18,Corrective,572.6328369980524,1.2255591380895892,"Brakes,Tires",331231,TECH-112,False
MNT-104931,VH-4001,2024-07-04,Corrective,1624.7150859610895,31.725876323110313,"Engine,Brakes,Suspension",413749,TECH-117,False
MNT-104932,VH-6323,2023-06-27,Preventive,369.03907342884725,5.3281764757218,"Transmission,HVAC",136934,TECH-105,True
MNT-104933,VH-7807,2023-04-26,Preventive,471.8258141821506,1.9842579071692086,"Suspension,HVAC,Brakes",333060,TECH-183,False
MNT-104934,VH-1716,2024-11-13,Emergency,2282.0305557653996,43.114038433576845,Transmission,18943,TECH-157,True
MNT-104935,VH-7162,2024-08-06,Corrective,1119.1876874373766,3.818295737641507,"Engine,Tires",328529,TECH-142,False
MNT-104936,VH-5360,2023-11-26,Scheduled,374.9517475756306,3.4413874102782263,"Suspension,Oil Change,Brakes",78880,TECH-162,True
MNT-104937,VH-8468,2023-05-02,Corrective,1394.123878805987,2.7927552969456757,Engine,494452,TECH-136,False
MNT-104938,VH-9035,2023-05-08,Corrective,1643.577662401906,16.352107796506466,"Tires,Transmission",17987,TECH-145,True
MNT-104939,VH-2506,2023-06-04,Corrective,584.0609343314279,14.033491788125438,"Electrical,Suspension",41351,TECH-118,False
MNT-104940,VH-5635,2023-06-06,Scheduled,254.5883416403612,3.7144832816925697,Oil Change,244081,TECH-111,False
MNT-104941,VH-3588,2023-05-05,Preventive,646.8601573210346,3.2902571237639258,Brakes,16251,TECH-113,False
MNT-104942,VH-6106,2024-06-12,Preventive,349.9011670132789,6.9838183600975325,"Oil Change,Suspension",196458,TECH-189,False
MNT-104943,VH-8664,2023-04-12,Preventive,617.4932697522586,1.0,"Engine,Brakes",457504,TECH-124,False
MNT-104944,VH-5282,2024-04-25,Corrective,1476.5053646840067,5.944081751067998,Oil Change,35411,TECH-115,False
MNT-104945,VH-7832,2023-08-03,Corrective,657.9340053160187,44.633196849243696,"Oil Change,HVAC,Transmission",161247,TECH-191,False
MNT-104946,VH-3817,2023-12-01,Preventive,669.4441753269565,5.371555427647911,"Engine,HVAC,Transmission",361086,TECH-108,False
MNT-104947,VH-1588,2024-09-02,Preventive,482.5370068636978,4.1506688857874225,"Tires,Transmission",406976,TECH-127,False
MNT-104948,VH-1712,2024-08-11,Preventive,452.9498779854763,4.33797798096653,Suspension,89429,TECH-197,True
MNT-104949,VH-2536,2023-12-26,Corrective,521.6622563379216,12.127078023500697,Transmission,259836,TECH-125,False
MNT-104950,VH-9394,2024-05-28,Preventive,593.1051047425909,1.0,"Brakes,HVAC",39186,TECH-140,True
MNT-104951,VH-3671,2024-11-14,Corrective,1248.2318175648625,1.2541650378864324,Transmission,421793,TECH-137,False
MNT-104952,VH-6718,2024-10-08,Corrective,768.5513854627832,7.265609153585739,"Electrical,Suspension",44348,TECH-177,False
MNT-104953,VH-4688,2023-03-07,Preventive,559.5990752916055,2.525669566196339,"Oil Change,Suspension",156235,TECH-174,False
MNT-104954,VH-5868,2023-10-25,Corrective,1167.7433917949722,3.2118629397419367,"HVAC,Oil Change",217493,TECH-184,True
MNT-104955,VH-9824,2023-07-27,Corrective,1415.9476888452061,40.42697560502411,"HVAC,Brakes",466749,TECH-144,False
MNT-104956,VH-8468,2024-08-09,Corrective,1405.7195045368205,15.361517459460554,Brakes,102540,TECH-113,True
MNT-104957,VH-5672,2023-03-04,Corrective,1341.0778793866011,9.633016191645787,"Oil Change,Engine,Suspension",333153,TECH-156,False
MNT-104958,VH-6346,2023-09-18,Preventive,325.0256470041734,1.0,Electrical,206250,TECH-168,False
MNT-104959,VH-3618,2023-08-14,Emergency,2723.940645288194,29.805624637226074,"Transmission,Suspension",304301,TECH-196,False
MNT-104960,VH-1059,2023-03-14,Preventive,582.1275161719866,4.475395609334388,"Electrical,Brakes,Transmission",334628,TECH-108,True
MNT-104961,VH-7832,2023-01-30,Corrective,1119.8348778244276,4.178060472916687,"Brakes,Tires,Suspension",354573,TECH-106,False
MNT-104962,VH-8653,2023-10-30,Emergency,2150.4931798427347,6.375224955549648,"Oil Change,Brakes",346450,TECH-184,True
MNT-104963,VH-3317,2024-09-29,Scheduled,528.2415562590077,1.1763845489988594,Transmission,310492,TECH-128,True
MNT-104964,VH-8857,2023-01-04,Preventive,266.4443529756163,5.6665657307367105,"HVAC,Engine,Oil Change",255212,TECH-104,True
MNT-104965,VH-9737,2023-11-23,Preventive,526.2091581438851,3.9166471413266124,Suspension,424356,TECH-138,True
MNT-104966,VH-1712,2023-01-03,Emergency,2554.518042192054,1.0,HVAC,165984,TECH-102,False
MNT-104967,VH-7922,2023-07-20,Corrective,1915.784947581999,8.967276638124671,Brakes,236104,TECH-180,False
MNT-104968,VH-9737,2023-01-21,Scheduled,313.99966295493783,1.0,"Engine,HVAC,Electrical",253425,TECH-171,False
MNT-104969,VH-4688,2024-04-25,Preventive,705.9967557768148,19.831866737369968,Oil Change,321857,TECH-196,False
MNT-104970,VH-6463,2024-07-22,Corrective,1021.7087378717512,63.457694354975615,"Electrical,Suspension",138555,TECH-191,True
MNT-104971,VH-3919,2023-10-15,Scheduled,330.8848674160801,1.5725311700786313,"HVAC,Transmission,Oil Change",420116,TECH-187,False
MNT-104972,VH-8103,2023-03-23,Preventive,209.51300213689973,10.275792800297884,"HVAC,Suspension,Brakes",428407,TECH-176,True
MNT-104973,VH-5450,2023-11-25,Preventive,637.9515753813341,1.0,HVAC,466261,TECH-111,True
MNT-104974,VH-1620,2023-10-21,Emergency,2698.4636221049986,63.833070982497624,"Transmission,Engine",57998,TECH-128,True
MNT-104975,VH-7922,2024-06-08,Preventive,643.227527005723,1.0697907801037414,"Transmission,Tires",109029,TECH-120,True
MNT-104976,VH-1093,2024-10-24,Corrective,2111.410812815788,1.7688489582698912,"Engine,Transmission",426489,TECH-171,False
MNT-104977,VH-2391,2024-08-06,Preventive,381.3302669850434,2.104730150008362,"Brakes,Oil Change",315300,TECH-147,False
MNT-104978,VH-2536,2023-08-16,Preventive,505.02588339742744,9.473600626581803,Tires,421833,TECH-125,False
MNT-104979,VH-9008,2023-03-30,Emergency,1030.2255705388172,20.716668567151252,Transmission,119391,TECH-165,False
MNT-104980,VH-9394,2023-06-09,Scheduled,356.73025145496416,3.821504366568709,"Tires,Electrical,Engine",245484,TECH-121,False
MNT-104981,VH-9821,2023-06-09,Corrective,808.2831627875571,6.722779111036455,"Brakes,Transmission",31571,TECH-123,False
MNT-104982,VH-7741,2024-09-24,Preventive,617.6837597214378,1.0,"Transmission,HVAC,Suspension",441250,TECH-140,True
MNT-104983,VH-6253,2024-05-15,Corrective,1609.712097034161,2.0991770643004375,"Transmission,Tires,Oil Change",290671,TECH-147,False
MNT-104984,VH-4001,2024-03-27,Preventive,260.63004215906665,4.8783101782784195,"Transmission,Engine",194681,TECH-193,False
MNT-104985,VH-2147,2024-10-02,Corrective,610.509253216074,29.173623867431957,Electrical,140677,TECH-173,False
MNT-104986,VH-3214,2023-02-02,Preventive,537.7486864441355,1.0,Transmission,464341,TECH-134,False
MNT-104987,VH-2084,2024-08-06,Corrective,879.1515813581108,6.52255000438535,"Transmission,Suspension",116348,TECH-115,True
MNT-104988,VH-6835,2024-10-14,Preventive,532.9472979740726,7.817572816377998,"Transmission,Engine",381058,TECH-147,True
MNT-104989,VH-2391,2023-01-15,Preventive,701.0595166329522,1.9263673436228823,Electrical,357422,TECH-199,False
MNT-104990,VH-8923,2023-10-01,Corrective,830.1766136048377,8.012274432693344,Oil Change,207767,TECH-168,True
MNT-104991,VH-3776,2024-10-10,Preventive,775.0636808795427,1.3799822608004413,HVAC,202236,TECH-177,False
MNT-104992,VH-8653,2023-12-28,Preventive,527.497737849779,5.321989893713731,"Tires,HVAC,Oil Change",187541,TECH-127,False
MNT-104993,VH-8664,2024-09-25,Preventive,654.3446048214339,1.0,"Brakes,Engine,HVAC",86365,TECH-118,False
MNT-104994,VH-8563,2024-10-14,Preventive,209.57559016018854,2.853678072815888,Brakes,269427,TECH-119,False
MNT-104995,VH-1844,2024-02-16,Emergency,2367.919122248283,13.229389022503806,"HVAC,Transmission,Oil Change",78660,TECH-122,False
MNT-104996,VH-4688,2023-03-06,Preventive,399.7308654700382,6.641269991218649,"Transmission,Brakes,Electrical",465961,TECH-148,False
MNT-104997,VH-7741,2023-05-11,Scheduled,362.10133848586077,1.0,"Tires,HVAC",493875,TECH-166,True
MNT-104998,VH-5028,2024-03-24,Scheduled,410.1055078837221,1.0,"Suspension,Engine",136821,TECH-197,False
MNT-104999,VH-8866,2023-02-21,Preventive,596.8769488601182,1.761448260313513,"Suspension,Tires,Brakes",385801,TECH-108,True
MNT-105000,VH-8639,2024-03-27,Emergency,2666.1091440702253,20.333753322280238,"Transmission,HVAC",89131,TECH-154,True
MNT-105001,VH-7136,2023-06-12,Preventive,815.2390436373081,4.018477117923961,"Tires,Brakes,Transmission",318710,TECH-179,False
MNT-105002,VH-6709,2023-03-07,Corrective,1460.4446453559826,2.2494770118425973,"Oil Change,Tires",178372,TECH-153,True
MNT-105003,VH-3540,2023-09-30,Scheduled,198.37084031404476,1.0,Oil Change,15713,TECH-119,False
MNT-105004,VH-8639,2023-09-11,Scheduled,436.4941039967764,6.201353735663231,"Electrical,Transmission",186917,TECH-120,False
MNT-105005,VH-3776,2024-03-08,Emergency,2224.195283470601,68.73655815497892,Transmission,288774,TECH-176,False
MNT-105006,VH-7741,2023-08-11,Preventive,475.89267958179687,3.065080644791005,"HVAC,Tires",419197,TECH-149,True
MNT-105007,VH-1335,2023-10-21,Corrective,1228.9711688235209,9.270859728009246,"Engine,Transmission,Tires",233670,TECH-145,True
MNT-105008,VH-6985,2024-07-11,Preventive,601.1853849754485,1.0,"Electrical,Transmission,Engine",116883,TECH-186,False
MNT-105009,VH-9862,2024-01-13,Preventive,442.4498032410092,4.042883412699512,"Electrical,Transmission,Engine",373492,TECH-148,False
MNT-105010,VH-7863,2024-01-12,Preventive,617.3836003724963,1.655635308276408,"Tires,Suspension",463685,TECH-134,False
MNT-105011,VH-7863,2024-07-26,Preventive,549.6653105838245,2.342322439132728,Engine,370201,TECH-171,False
MNT-105012,VH-9710,2023-09-24,Corrective,1155.4149550611255,2.4107577643419855,"Brakes,Electrical,Suspension",26877,TECH-159,False
MNT-105013,VH-9682,2024-10-21,Preventive,468.8983240068876,8.523977488734277,Electrical,35355,TECH-124,False
MNT-105014,VH-1835,2023-04-09,Corrective,1432.3542485063797,1.0,"Tires,Transmission",385451,TECH-131,False
MNT-105015,VH-7136,2024-03-31,Emergency,1223.2311498149381,6.718615984488117,Brakes,278324,TECH-173,False
MNT-105016,VH-8547,2023-02-25,Scheduled,183.01563276281684,2.288864724745948,"Suspension,Tires",291201,TECH-119,False
MNT-105017,VH-3814,2023-08-02,Preventive,293.87315788038484,6.65029716069872,Engine,386164,TECH-109,False
MNT-105018,VH-7925,2023-04-14,Preventive,554.8745584086655,1.0,Brakes,165074,TECH-189,False
MNT-105019,VH-1092,2024-08-11,Preventive,411.97338488766457,2.7780088029048873,Oil Change,35937,TECH-185,False
MNT-105020,VH-1092,2024-10-28,Emergency,2165.3366093032223,1.940249177657108,"Electrical,Tires,HVAC",178559,TECH-197,True
MNT-105021,VH-5450,2023-10-22,Preventive,477.75310046487374,2.797339665973891,"Electrical,Suspension,Oil Change",199347,TECH-154,True
MNT-105022,VH-5203,2023-02-21,Preventive,373.04101698667665,1.0,"Suspension,HVAC",58388,TECH-186,False
MNT-105023,VH-5056,2023-02-08,Preventive,82.73735022131626,5.23531036684217,HVAC,267988,TECH-124,True
MNT-105024,VH-1131,2023-10-08,Corrective,812.3871698709376,5.922589493489871,"Tires,Electrical",491708,TECH-188,False
MNT-105025,VH-7166,2024-10-21,Scheduled,445.46442344789637,1.5746283199314592,Tires,312420,TECH-176,False
MNT-105026,VH-7832,2024-07-01,Scheduled,222.09177518326604,1.5058074937652466,"Transmission,HVAC,Oil Change",39905,TECH-118,True
MNT-105027,VH-9887,2024-08-12,Corrective,1323.0629704182488,9.020153928010581,Suspension,317293,TECH-197,True
MNT-105028,VH-4984,2024-02-08,Scheduled,281.5725133321842,2.698207053409576,Transmission,177127,TECH-161,False
MNT-105029,VH-1131,2024-05-31,Corrective,1551.913102832154,2.5509737038763327,"Electrical,Tires",177211,TECH-130,False
MNT-105030,VH-5547,2023-01-28,Preventive,335.354972798287,1.0,"Oil Change,Engine,Brakes",298680,TECH-183,False
MNT-105031,VH-4247,2023-09-26,Emergency,2821.5034505664744,1.1071981192337712,"HVAC,Brakes",358796,TECH-106,False
MNT-105032,VH-6019,2024-02-06,Corrective,1926.5372951031625,1.9142321422452802,"Transmission,Tires,Oil Change",349935,TECH-135,False
MNT-105033,VH-9710,2024-03-04,Scheduled,261.2745591443223,1.0,"Electrical,Tires,Suspension",75228,TECH-131,False
MNT-105034,VH-8425,2024-03-04,Emergency,4133.084647152378,87.81850719981651,Brakes,42714,TECH-193,False
MNT-105035,VH-8579,2023-01-14,Preventive,445.3502113398332,1.0441346222289263,HVAC,84822,TECH-122,True
MNT-105036,VH-9035,2023-05-13,Corrective,660.0648106480222,7.878078358275944,"Suspension,Tires,Electrical",338760,TECH-170,False
MNT-105037,VH-4740,2023-11-19,Preventive,696.1362777982465,1.0,"HVAC,Transmission",433287,TECH-175,True
MNT-105038,VH-5684,2024-04-02,Preventive,296.67315356135856,1.0,Suspension,238372,TECH-161,False
MNT-105039,VH-3317,2024-09-22,Preventive,443.55297237681435,17.315061448589613,"Engine,Suspension",301857,TECH-156,False
MNT-105040,VH-2361,2024-06-22,Corrective,243.72124153412426,20.297003332919047,Oil Change,323672,TECH-178,False
MNT-105041,VH-8790,2023-03-05,Corrective,1406.7711335732884,28.074891408240063,"Electrical,Suspension",108460,TECH-175,False
MNT-105042,VH-5450,2023-08-25,Preventive,309.4265140240329,8.77976798127127,"HVAC,Oil Change",322862,TECH-132,False
MNT-105043,VH-1844,2023-02-25,Corrective,1200.0118308500776,2.909170406389738,Brakes,27993,TECH-166,True
MNT-105044,VH-1391,2024-04-26,Emergency,1609.5065514230532,16.69988412339937,"Tires,Oil Change",325106,TECH-107,True
MNT-105045,VH-7686,2023-12-09,Preventive,706.6138452984369,4.421188878733486,Tires,228008,TECH-196,False
MNT-105046,VH-8639,2024-06-17,Preventive,687.8973705609242,5.921963060972909,Brakes,409131,TECH-107,False
MNT-105047,VH-4688,2023-05-22,Corrective,1228.1276419577375,26.79940629005978,"Tires,Oil Change,Electrical",343455,TECH-156,False
MNT-105048,VH-3473,2024-02-05,Corrective,946.1438219803513,17.09390816511226,Transmission,142545,TECH-132,False
MNT-105049,VH-1072,2024-04-26,Scheduled,315.49860858453195,1.9598633151873806,"Brakes,Suspension",216272,TECH-130,False
MNT-105050,VH-3814,2024-04-03,Preventive,443.48932494047085,1.8291917629534318,"Engine,HVAC,Oil Change",387581,TECH-180,False
MNT-105051,VH-4503,2024-12-13,Preventive,536.0072932282686,7.922711578443762,"Suspension,HVAC",73708,TECH-173,False
MNT-105052,VH-2910,2023-08-10,Preventive,302.66531081242283,3.7430702154640945,Engine,267433,TECH-113,False
MNT-105053,VH-2357,2024-09-17,Corrective,1231.834895349189,4.061437350865413,"Transmission,Engine",41410,TECH-117,False
MNT-105054,VH-9887,2023-01-07,Corrective,1054.8934923673787,7.708961824415425,"Oil Change,HVAC,Suspension",202982,TECH-151,False
MNT-105055,VH-2489,2024-04-16,Preventive,652.6040019841885,2.667646300123672,HVAC,88820,TECH-198,False
MNT-105056,VH-6596,2024-04-02,Corrective,674.1384943683538,4.0970905168398195,Transmission,186829,TECH-139,True
MNT-105057,VH-2625,2023-06-19,Preventive,509.50125738668754,1.0,"Brakes,Engine",50125,TECH-122,False
MNT-105058,VH-6718,2024-03-21,Corrective,1451.3446181757984,19.752893965978004,"HVAC,Suspension,Oil Change",187494,TECH-128,False
MNT-105059,VH-7311,2024-08-22,Preventive,355.1537425666651,1.0,"Brakes,Suspension",274174,TECH-197,False
MNT-105060,VH-3776,2024-09-25,Preventive,505.2585191757529,4.769362589069406,Transmission,388000,TECH-192,False
MNT-105061,VH-8857,2023-12-17,Preventive,629.2919975469854,7.015113450147807,"Oil Change,Electrical,Brakes",26123,TECH-142,True
MNT-105062,VH-5226,2023-03-22,Preventive,591.1906473258819,1.0,"Suspension,Tires",269793,TECH-177,False
MNT-105063,VH-1092,2024-07-17,Preventive,234.6718144036513,12.708101868519092,"Suspension,Electrical",41457,TECH-162,True
MNT-105064,VH-6775,2023-04-21,Preventive,408.99863486478466,1.0,"Brakes,Transmission,Suspension",290881,TECH-144,False
MNT-105065,VH-2216,2024-11-25,Corrective,1026.3634830615915,3.3552393682773736,"Oil Change,Engine,Tires",367217,TECH-150,False
MNT-105066,VH-3605,2023-12-05,Preventive,534.0795102728166,2.9506662502332843,"Tires,Transmission,Brakes",115945,TECH-197,False
MNT-105067,VH-9723,2024-12-07,Corrective,1223.596795356717,5.412633088597013,"HVAC,Engine,Oil Change",47595,TECH-101,False
MNT-105068,VH-3605,2023-06-29,Scheduled,310.23638058200186,6.7581949173939835,Transmission,394450,TECH-109,False
MNT-105069,VH-9152,2023-02-11,Corrective,1218.6560409197566,6.206223761622587,"Suspension,Electrical",68243,TECH-173,False
MNT-105070,VH-4862,2023-01-11,Emergency,3369.1741331583885,2.4989810495137834,"Suspension,Engine,Tires",428269,TECH-107,False
MNT-105071,VH-7925,2023-12-10,Preventive,386.4377011934613,2.0689138574045405,"Oil Change,HVAC",222189,TECH-167,True
MNT-105072,VH-8176,2023-07-07,Preventive,283.4964565233621,4.019789490362713,"Engine,Tires",97214,TECH-162,False
MNT-105073,VH-7929,2023-01-23,Preventive,658.7767689580012,4.173893284515417,"Suspension,HVAC",294320,TECH-193,False
MNT-105074,VH-8445,2024-10-28,Preventive,500.42018450249293,1.0,"Engine,Tires,Electrical",143059,TECH-101,False
MNT-105075,VH-8923,2023-06-04,Preventive,527.7282603412133,6.058042330270194,"Suspension,HVAC,Oil Change",34858,TECH-169,False
MNT-105076,VH-6775,2024-08-06,Corrective,1117.7782448721182,1.0,Transmission,183159,TECH-134,True
MNT-105077,VH-5056,2024-08-28,Preventive,673.6079251062928,1.464500420742045,"Suspension,Engine,Transmission",279022,TECH-149,True
MNT-105078,VH-3039,2024-08-27,Corrective,1384.473776304664,1.0,Engine,354817,TECH-195,False
MNT-105079,VH-4057,2024-04-26,Preventive,285.6693689050787,7.609996194239909,"Suspension,Tires,Oil Change",463919,TECH-191,False
MNT-105080,VH-3450,2024-02-28,Corrective,987.6196363839175,2.8797621305737007,"Engine,Transmission,Suspension",153080,TECH-186,False
MNT-105081,VH-6346,2024-11-11,Emergency,3871.9259382773735,5.0367894800980055,"Suspension,HVAC",403536,TECH-138,False
MNT-105082,VH-2489,2023-01-20,Preventive,615.5732361486732,1.0,"Brakes,Tires,HVAC",396044,TECH-137,False
MNT-105083,VH-8441,2023-05-24,Corrective,1126.4757374492337,1.905497858651878,"Suspension,Oil Change",206584,TECH-150,False
MNT-105084,VH-1335,2023-06-09,Scheduled,485.03948596696534,1.0,"Engine,Electrical,Oil Change",113393,TECH-198,False
MNT-105085,VH-9737,2023-11-23,Preventive,470.2150250109515,1.5739189287599689,Tires,286609,TECH-156,False
MNT-105086,VH-3214,2023-08-18,Preventive,573.4179876048139,6.3134187844689444,Tires,104327,TECH-199,False
MNT-105087,VH-9821,2023-10-22,Corrective,1255.7405775448835,9.772206320891494,Engine,186107,TECH-119,True
MNT-105088,VH-4503,2023-07-21,Preventive,428.62198234920453,7.267031073328357,"Brakes,Suspension,Oil Change",173120,TECH-101,False
MNT-105089,VH-6443,2023-08-16,Corrective,436.46298055045315,23.1541102591541,Oil Change,44596,TECH-108,True
MNT-105090,VH-1475,2024-10-23,Corrective,2128.2726182993297,4.651750310532512,"HVAC,Brakes,Electrical",34314,TECH-162,False
MNT-105091,VH-3919,2024-10-24,Corrective,1216.7388392638416,16.090965646611075,"Transmission,Oil Change",246919,TECH-131,False
MNT-105092,VH-6718,2024-12-03,Preventive,523.1757627661271,3.083675635594012,"Electrical,Brakes,Oil Change",195655,TECH-154,False
MNT-105093,VH-4001,2023-12-29,Corrective,1398.4589590569658,11.083470420652095,"HVAC,Tires,Electrical",444902,TECH-166,False
MNT-105094,VH-3927,2024-06-12,Corrective,1147.1787310606028,18.329731792425434,"Transmission,Engine",92939,TECH-151,False
MNT-105095,VH-6709,2023-05-16,Corrective,446.53668253317903,2.3677697013143906,Tires,448654,TECH-167,False
MNT-105096,VH-8959,2023-12-02,Emergency,3311.523779199057,1.3674410966803516,"Engine,Oil Change,Electrical",486389,TECH-101,True
MNT-105097,VH-9393,2024-05-21,Preventive,566.6625303383556,1.0174959519310527,Brakes,106213,TECH-193,True
MNT-105098,VH-3348,2023-05-29,Preventive,557.0569051599049,1.0,"Oil Change,HVAC,Tires",112842,TECH-162,True
MNT-105099,VH-5684,2024-09-20,Preventive,343.78173727064575,11.61921751417894,HVAC,55999,TECH-193,False
MNT-105100,VH-6775,2024-10-06,Preventive,307.41696818269133,1.5245456572436227,"Oil Change,Engine",222611,TECH-116,False
MNT-105101,VH-5226,2024-07-09,Corrective,1157.4029413045869,16.346201124733003,"Electrical,Transmission",229512,TECH-138,True
MNT-105102,VH-9008,2023-01-11,Preventive,474.07249405435715,1.0,Transmission,60021,TECH-182,False
MNT-105103,VH-2147,2023-05-20,Scheduled,199.82998772539787,1.0895184115189733,"Tires,Engine",413466,TECH-157,True
MNT-105104,VH-1620,2024-08-26,Corrective,984.7379456320305,1.0,"Engine,Brakes",394802,TECH-119,False
MNT-105105,VH-8103,2023-02-25,Scheduled,396.78954263460037,2.0932423481516356,"Brakes,HVAC,Transmission",349626,TECH-106,False
MNT-105106,VH-1059,2023-03-28,Preventive,439.02853917128147,2.1439718503728895,Oil Change,434141,TECH-177,False
MNT-105107,VH-1712,2023-01-23,Preventive,475.3275052098369,1.0,Oil Change,476296,TECH-174,True
MNT-105108,VH-7925,2024-03-31,Corrective,1668.510285125188,1.0,Brakes,274442,TECH-155,False
MNT-105109,VH-4057,2024-04-23,Preventive,653.2657173759322,5.053236109754752,"Oil Change,HVAC",210744,TECH-113,False
MNT-105110,VH-7688,2023-06-09,Scheduled,248.58455435840392,5.039799759426359,"HVAC,Electrical",93283,TECH-165,False
MNT-105111,VH-1461,2024-07-25,Corrective,1112.8727340510054,16.079603597068523,"Electrical,Brakes,Engine",187208,TECH-117,False
MNT-105112,VH-2910,2023-09-12,Corrective,1293.0531743815075,15.940369240817496,"Suspension,HVAC,Electrical",495110,TECH-193,False
MNT-105113,VH-3317,2024-02-27,Preventive,580.6536241270097,1.0,Oil Change,140687,TECH-124,False
MNT-105114,VH-7359,2024-09-05,Preventive,454.9890426301411,1.0,"Brakes,HVAC",125551,TECH-120,False
MNT-105115,VH-9516,2023-01-31,Preventive,447.79375401190805,3.292169629853247,Suspension,373721,TECH-150,False
MNT-105116,VH-7686,2024-11-22,Scheduled,412.55153166837,7.183622619167462,Transmission,56616,TECH-112,False
MNT-105117,VH-1366,2024-05-23,Emergency,2884.5973535404264,11.248220743562129,"Engine,Suspension",34895,TECH-165,False
MNT-105118,VH-6037,2023-02-26,Preventive,584.2637573445261,1.0,"Suspension,Engine",458465,TECH-191,False
MNT-105119,VH-5844,2024-02-07,Emergency,1366.5452656731047,15.153247384171877,"Engine,Brakes,Transmission",108575,TECH-198,False
MNT-105120,VH-9522,2024-01-06,Preventive,547.3080919869168,1.0,"HVAC,Transmission",183921,TECH-150,False
MNT-105121,VH-1169,2024-03-15,Preventive,179.0696047962262,1.0,Brakes,334322,TECH-196,False
MNT-105122,VH-3967,2023-06-20,Emergency,3797.7629697918364,25.50250055196316,Engine,457624,TECH-113,False
MNT-105123,VH-6019,2024-03-01,Corrective,1205.08139358946,1.1136962917221354,"Tires,HVAC",113607,TECH-155,True
MNT-105124,VH-6775,2024-07-16,Scheduled,208.82673867962743,1.3127640712321487,Suspension,152159,TECH-132,False
MNT-105125,VH-3540,2023-12-10,Corrective,1587.028402665995,6.399739726843571,"Transmission,HVAC,Brakes",101099,TECH-179,False
MNT-105126,VH-2290,2023-05-27,Corrective,1590.2644209314888,9.398781516014754,"Suspension,HVAC,Oil Change",316701,TECH-151,False
MNT-105127,VH-9948,2024-06-27,Preventive,444.18272802331626,4.436860463553477,"Tires,Transmission",304862,TECH-165,False
MNT-105128,VH-3317,2024-07-20,Emergency,2647.423572202468,40.48422673661173,"Oil Change,Electrical",377531,TECH-174,False
MNT-105129,VH-5262,2023-10-09,Emergency,1977.7775883902636,3.1833648874728833,"Oil Change,HVAC,Electrical",248791,TECH-169,False
MNT-105130,VH-1420,2024-07-02,Preventive,536.5410599647578,1.7473091941520364,Transmission,70128,TECH-126,False
MNT-105131,VH-2290,2023-05-20,Preventive,580.3782505281081,1.0,"HVAC,Transmission,Tires",82164,TECH-188,True
MNT-105132,VH-4740,2024-02-04,Scheduled,170.4054134745841,1.7775650192154855,"Suspension,Brakes",129426,TECH-175,True
MNT-105133,VH-9887,2024-10-17,Preventive,561.7711031623012,9.93110476278752,"Brakes,Suspension,Engine",195973,TECH-197,False
MNT-105134,VH-8532,2023-07-08,Preventive,420.1843532783119,2.9437121296173836,"Suspension,Transmission,Electrical",366333,TECH-169,False
MNT-105135,VH-5717,2024-04-07,Corrective,960.7595194353696,2.2783775608702657,"Tires,Engine",438537,TECH-117,False
MNT-105136,VH-8959,2023-03-31,Preventive,662.8944131800374,10.085277517898524,Transmission,123256,TECH-123,False
MNT-105137,VH-4940,2023-08-21,Preventive,380.62577147684397,1.0,"Electrical,Engine,Brakes",310200,TECH-152,False
MNT-105138,VH-3233,2023-09-03,Corrective,1562.3090705783338,12.492065302183192,"HVAC,Suspension,Electrical",441344,TECH-181,False
MNT-105139,VH-2084,2023-11-11,Scheduled,476.57920993078756,6.552039241085433,"Engine,Tires",71510,TECH-196,False
MNT-105140,VH-3233,2023-01-08,Corrective,1615.947185217822,24.380447505341444,"Tires,Oil Change",118444,TECH-183,False
MNT-105141,VH-8653,2023-09-17,Corrective,1179.6384866415729,10.360848851028074,"Brakes,Engine,Oil Change",34625,TECH-171,False
MNT-105142,VH-4743,2024-04-26,Emergency,1600.6973643244228,8.382017311923443,"Oil Change,Brakes,Suspension",98987,TECH-148,False
MNT-105143,VH-3927,2023-07-16,Preventive,665.22848119208,1.0,"HVAC,Engine,Brakes",219007,TECH-168,False
MNT-105144,VH-1712,2023-04-16,Preventive,335.25891982511297,1.0,"Brakes,Tires",401904,TECH-164,False
MNT-105145,VH-6019,2024-03-04,Corrective,1720.8521228405525,14.732545481357725,"Brakes,Tires,Oil Change",319141,TECH-182,False
MNT-105146,VH-3540,2023-08-25,Preventive,689.9552376229644,2.847707472774795,"Oil Change,Suspension",453785,TECH-170,False
MNT-105147,VH-1823,2023-10-28,Corrective,782.3925226879135,21.824204564650564,"Engine,Oil Change,Suspension",343969,TECH-184,True
MNT-105148,VH-3317,2024-05-12,Corrective,1511.0083684678511,3.5049345915085386,"Tires,Oil Change,Brakes",476476,TECH-137,False
MNT-105149,VH-7832,2024-12-17,Preventive,462.50463829945494,1.9289410690901097,"Suspension,Oil Change,Electrical",12820,TECH-161,True
MNT-105150,VH-2587,2023-07-15,Preventive,674.4876158554916,1.0,Oil Change,151362,TECH-152,True
MNT-105151,VH-2506,2024-03-31,Corrective,1948.780677439987,10.55532513361952,"Transmission,Engine,Electrical",396540,TECH-153,True
MNT-105152,VH-9737,2023-07-07,Corrective,1088.1272368774648,2.321851710079068,Suspension,140597,TECH-114,True
MNT-105153,VH-8639,2023-01-30,Preventive,404.49056549426734,2.8214085058774487,Oil Change,99104,TECH-130,False
MNT-105154,VH-6596,2024-01-05,Emergency,1772.5494804633213,5.627374846538292,"Tires,Brakes,Engine",251227,TECH-149,False
MNT-105155,VH-9801,2024-08-19,Corrective,1600.672559688936,1.0,"Brakes,Transmission",406679,TECH-135,False
MNT-105156,VH-5056,2024-05-03,Preventive,456.2454290282114,1.7449218826243478,"Oil Change,HVAC",397125,TECH-149,False
MNT-105157,VH-4106,2024-04-25,Preventive,544.0277322848561,3.23103969177402,"Suspension,Electrical,Tires",496458,TECH-131,False
MNT-105158,VH-2410,2023-07-01,Preventive,561.2204336884483,1.4321810821417322,Suspension,30167,TECH-166,False
MNT-105159,VH-3450,2023-06-12,Corrective,1158.4816790807417,14.59214704511335,Electrical,217129,TECH-184,True
MNT-105160,VH-3473,2023-08-16,Corrective,973.8577841289342,1.0,Oil Change,322959,TECH-187,True
MNT-105161,VH-1885,2023-07-24,Preventive,262.221235851746,1.0,"Electrical,HVAC,Tires",286453,TECH-105,False
MNT-105162,VH-6605,2023-04-01,Corrective,555.2105517460483,4.45911273447881,Electrical,191190,TECH-177,False
MNT-105163,VH-3919,2024-07-26,Preventive,606.2921671691862,1.0,Engine,220139,TECH-165,False
MNT-105164,VH-5360,2024-07-27,Corrective,1537.6929604583092,8.092428624514785,"Tires,Transmission",496763,TECH-148,False
MNT-105165,VH-8840,2024-07-10,Emergency,2406.056875518971,72.13350859518653,Suspension,21627,TECH-167,False
MNT-105166,VH-2393,2023-05-01,Corrective,1369.3035152578404,13.461400698807797,"Oil Change,Suspension",474848,TECH-124,False
MNT-105167,VH-8866,2023-12-20,Preventive,500.5459780940786,8.461766158162684,"Suspension,Engine",456782,TECH-129,False
MNT-105168,VH-5028,2023-03-23,Preventive,320.77376368105166,5.10230914611133,"Tires,Oil Change,Suspension",309957,TECH-185,False
MNT-105169,VH-1620,2023-09-20,Scheduled,318.20146983962206,7.154947097748633,"Transmission,Electrical,Tires",224388,TECH-174,False
MNT-105170,VH-6718,2024-02-12,Preventive,677.7418916747168,12.267232788868146,"Transmission,Suspension",274005,TECH-134,True
MNT-105171,VH-5478,2023-08-22,Corrective,1421.396345348184,1.0,Brakes,295379,TECH-197,True
MNT-105172,VH-2084,2023-12-05,Preventive,656.676569861708,2.433380734117788,"Brakes,Suspension",203557,TECH-178,True
MNT-105173,VH-7686,2023-08-26,Scheduled,482.53206667800293,1.479398067233013,"Engine,Transmission,Oil Change",343904,TECH-139,False
MNT-105174,VH-2464,2024-11-25,Corrective,1077.1833741578378,1.6526561835808795,"Electrical,Suspension,Brakes",225316,TECH-188,False
MNT-105175,VH-2391,2024-07-14,Corrective,1348.2481104871122,11.392903053679284,Suspension,132296,TECH-191,False
MNT-105176,VH-2290,2023-07-04,Preventive,419.64761042621603,2.182288502409321,Electrical,307323,TECH-148,False
MNT-105177,VH-3814,2023-05-11,Emergency,2444.8915523433097,17.319420255482374,"Engine,Transmission",211138,TECH-148,False
MNT-105178,VH-4042,2024-12-30,Corrective,1298.0816487599209,9.496569981501262,HVAC,268080,TECH-186,False
MNT-105179,VH-8959,2023-10-29,Preventive,459.96933228979975,1.0,"Brakes,Suspension",313494,TECH-178,True
MNT-105180,VH-8097,2024-02-10,Preventive,415.19042803876175,4.601940189439294,"Electrical,Oil Change,HVAC",306997,TECH-192,False
MNT-105181,VH-6106,2024-01-30,Preventive,454.9349046196283,14.698563763007305,"Suspension,Engine,Transmission",471511,TECH-138,False
MNT-105182,VH-3927,2023-11-12,Preventive,526.7390188186002,3.5917605892283913,Engine,463755,TECH-143,False
MNT-105183,VH-3618,2023-11-06,Preventive,521.3882877892967,3.7715253192973868,"HVAC,Tires",116421,TECH-129,True
MNT-105184,VH-1008,2023-04-19,Emergency,2916.918049569018,19.195191288881276,"Suspension,HVAC",490840,TECH-138,False
MNT-105185,VH-2290,2023-02-08,Emergency,2026.0631751482738,27.837718337802954,"Oil Change,Engine",445251,TECH-168,False
MNT-105186,VH-2357,2023-06-22,Corrective,1250.3945272241272,11.369769551839564,Suspension,358756,TECH-174,False
MNT-105187,VH-1835,2023-12-20,Preventive,518.0138568492091,1.0,"Suspension,Transmission,Tires",431761,TECH-135,True
MNT-105188,VH-5360,2023-10-12,Preventive,420.44971247817887,1.5744935008708745,Brakes,188827,TECH-164,True
MNT-105189,VH-8532,2023-02-03,Corrective,813.4292248622887,24.54247963353916,Electrical,200945,TECH-123,True
MNT-105190,VH-2549,2024-01-05,Corrective,1270.1045956283056,4.584350658253419,"HVAC,Tires",395237,TECH-189,False
MNT-105191,VH-1461,2024-10-09,Preventive,717.2435536610421,2.330972427446572,Oil Change,274607,TECH-191,True
MNT-105192,VH-9862,2024-10-16,Preventive,549.8503462619882,1.0,Tires,42374,TECH-137,False
MNT-105193,VH-1059,2023-07-25,Corrective,893.515703324777,25.571595937589816,HVAC,18141,TECH-113,False
MNT-105194,VH-9801,2024-08-04,Preventive,581.2065195155741,1.2184712040453747,Tires,114562,TECH-140,False
MNT-105195,VH-9029,2023-04-29,Preventive,548.3192990233927,2.6689940857906795,HVAC,495708,TECH-108,False
MNT-105196,VH-9723,2023-06-07,Emergency,1986.120562122912,12.956576258683418,Oil Change,104236,TECH-165,False
MNT-105197,VH-4106,2023-05-21,Preventive,601.7997640752993,10.077426690018916,Electrical,143323,TECH-107,False
MNT-105198,VH-3317,2023-03-03,Preventive,495.4236172691978,4.70070148683852,Transmission,383575,TECH-163,False
MNT-105199,VH-3473,2023-02-27,Preventive,444.9863636081482,7.272273625476063,HVAC,66407,TECH-106,False
MNT-105200,VH-2587,2023-02-05,Emergency,3342.5817787116116,11.066155669538263,Electrical,183107,TECH-153,False
MNT-105201,VH-5844,2023-05-16,Preventive,394.04579628174184,1.0,Electrical,118287,TECH-165,False
MNT-105202,VH-1461,2023-02-08,Scheduled,296.9892131733518,1.6475397055376972,Brakes,168073,TECH-160,False
MNT-105203,VH-2147,2024-06-08,Preventive,522.0491003763816,5.553946200889966,Brakes,174535,TECH-143,True
MNT-105204,VH-9522,2023-09-14,Preventive,683.099494926759,1.2168085105488664,"HVAC,Suspension,Electrical",80785,TECH-165,False
MNT-105205,VH-6908,2024-10-11,Preventive,625.840616016066,9.367820275065677,Engine,123090,TECH-112,True
MNT-105206,VH-6071,2024-11-13,Preventive,690.211248961936,2.921081738716401,"Oil Change,Suspension",321807,TECH-176,True
MNT-105207,VH-4940,2023-03-31,Corrective,1033.908002942295,11.079953815899835,Brakes,114723,TECH-195,True
MNT-105208,VH-4042,2024-06-12,Corrective,1621.2243238728051,23.078762516252198,"Suspension,Electrical",498741,TECH-143,False
MNT-105209,VH-2536,2024-08-05,Preventive,308.0382092197538,2.42338245901924,Electrical,272974,TECH-182,False
MNT-105210,VH-9723,2023-01-17,Emergency,1895.904954681153,59.770554570455005,"Electrical,Tires,Brakes",63850,TECH-193,True
MNT-105211,VH-3092,2024-01-05,Preventive,536.2062164012563,1.0,"Electrical,Oil Change",434091,TECH-109,True
MNT-105212,VH-2559,2023-10-03,Corrective,1336.34654862866,34.437189799385834,"Oil Change,Suspension",337370,TECH-125,False
MNT-105213,VH-8639,2023-06-05,Preventive,512.8115544745402,16.61838802599805,Suspension,437148,TECH-194,True
MNT-105214,VH-8923,2023-04-29,Corrective,1292.0605632310078,5.396870226200208,"Brakes,Tires",205955,TECH-148,False
MNT-105215,VH-7693,2024-02-18,Corrective,1568.653441321294,48.48595898246445,"Electrical,Transmission",365039,TECH-183,False
MNT-105216,VH-3817,2024-11-06,Scheduled,308.7821966922496,1.0,Tires,351374,TECH-190,False
MNT-105217,VH-7832,2023-10-14,Corrective,1414.666014005176,1.0,"HVAC,Oil Change",331952,TECH-101,False
MNT-105218,VH-1072,2024-01-08,Emergency,3662.4576716682077,29.56488236444375,Oil Change,497365,TECH-105,False
MNT-105219,VH-8579,2024-08-14,Preventive,444.86887558871643,11.88163526343113,Oil Change,477888,TECH-101,False
MNT-105220,VH-3540,2023-04-13,Preventive,681.0052337928619,9.252886555502835,"Tires,Oil Change,Suspension",288318,TECH-158,True
MNT-105221,VH-9105,2024-07-30,Preventive,487.08580691498804,8.086895202973015,"Electrical,Brakes",192207,TECH-161,False
MNT-105222,VH-2559,2023-08-03,Preventive,428.845367425791,4.951898297061773,HVAC,441125,TECH-161,False
MNT-105223,VH-2915,2024-07-17,Preventive,485.87685872671995,11.076384747266173,"Engine,Electrical",43988,TECH-140,False
MNT-105224,VH-8532,2023-09-19,Preventive,582.5669102001706,6.419304327996036,"Electrical,Oil Change",462124,TECH-107,False
MNT-105225,VH-1475,2024-02-22,Corrective,957.9380377265896,10.169344246358195,Suspension,200475,TECH-124,False
MNT-105226,VH-2084,2024-11-08,Preventive,375.45497168105027,8.03769288135717,Electrical,307573,TECH-110,False
MNT-105227,VH-9008,2023-03-25,Corrective,1088.4129926725043,4.792376751626485,"Electrical,Brakes,Suspension",271695,TECH-130,False
MNT-105228,VH-1391,2023-12-22,Preventive,571.4358456670155,7.400828486915199,Transmission,361319,TECH-120,False
MNT-105229,VH-5450,2023-03-16,Scheduled,356.69750002763095,7.007478347112854,HVAC,197009,TECH-198,False
MNT-105230,VH-9682,2024-08-04,Scheduled,477.00094471366293,1.0,"Oil Change,Brakes",24516,TECH-142,False
MNT-105231,VH-1823,2024-05-23,Scheduled,222.0866584209948,1.0,"Tires,Electrical",140034,TECH-157,False
MNT-105232,VH-2536,2024-09-08,Preventive,702.2040197666204,1.0,Suspension,457947,TECH-159,False
MNT-105233,VH-4940,2023-05-13,Emergency,2497.980694480936,80.25360258933406,Engine,395044,TECH-186,False
MNT-105234,VH-9035,2023-06-04,Corrective,970.7516803707854,2.802423095489959,"Engine,Electrical,Brakes",92225,TECH-196,False
MNT-105235,VH-7657,2024-08-06,Corrective,1174.9135806654967,46.026290966361294,"Oil Change,HVAC,Electrical",315360,TECH-148,True
MNT-105236,VH-4688,2024-09-03,Preventive,363.08213135199503,4.446263174617054,"Electrical,Brakes",201766,TECH-113,True
MNT-105237,VH-3927,2023-09-23,Preventive,553.1573524447459,5.843821971865719,"Tires,Oil Change",74666,TECH-142,True
MNT-105238,VH-8296,2023-07-27,Preventive,743.912995786292,6.709177813143372,"Transmission,Brakes",27079,TECH-150,False
MNT-105239,VH-6596,2023-02-20,Preventive,492.2462674809686,1.1137820082709204,"Engine,HVAC,Tires",399094,TECH-113,False
MNT-105240,VH-7171,2024-10-11,Preventive,403.7353971516782,4.403938027566396,"Oil Change,Brakes",301700,TECH-180,False
MNT-105241,VH-7863,2024-12-25,Preventive,501.8737216349938,12.179527852116369,"Suspension,Transmission",310293,TECH-153,False
MNT-105242,VH-4716,2024-01-27,Preventive,291.81466089102366,1.0,"Oil Change,Transmission,Electrical",319245,TECH-105,True
MNT-105243,VH-5684,2023-02-26,Preventive,443.4516090411741,1.0,Suspension,254704,TECH-183,True
MNT-105244,VH-7922,2024-03-01,Corrective,1508.0421606361729,7.6489447806271205,"Transmission,HVAC",31903,TECH-194,True
MNT-105245,VH-5717,2024-02-01,Preventive,550.8479173281748,1.0,"Brakes,Transmission",397403,TECH-199,False
MNT-105246,VH-9821,2023-02-15,Emergency,1073.655217954588,48.71914941239087,Engine,54556,TECH-162,False
MNT-105247,VH-7693,2023-12-03,Preventive,392.922972303644,4.06994305074289,"HVAC,Suspension",391386,TECH-118,False
MNT-105248,VH-1468,2024-05-01,Preventive,666.8291224895047,7.396752615191016,"Suspension,Electrical",121432,TECH-178,True
MNT-105249,VH-4862,2024-04-23,Preventive,531.5216253257108,1.0,"Engine,Tires,Oil Change",254941,TECH-137,False
MNT-105250,VH-1716,2024-04-07,Preventive,479.05826665519055,1.0,"HVAC,Transmission",164989,TECH-164,False
MNT-105251,VH-9432,2023-05-31,Corrective,980.3107887269898,7.1366958220831584,Brakes,291402,TECH-138,False
MNT-105252,VH-3618,2024-02-01,Corrective,617.0251844090602,22.25014548369674,"Engine,HVAC",488636,TECH-132,False
MNT-105253,VH-2506,2023-07-13,Preventive,597.8777524647861,1.0,"Oil Change,Transmission,Tires",96380,TECH-185,False
MNT-105254,VH-6071,2023-08-11,Corrective,796.4449292565714,12.399591222718676,"HVAC,Brakes,Suspension",421804,TECH-160,False
MNT-105255,VH-5670,2023-12-19,Preventive,485.6410406409906,1.0,Tires,116758,TECH-148,True
MNT-105256,VH-8376,2024-04-27,Scheduled,317.05603714086453,1.9479296562031785,"Electrical,Engine",125603,TECH-122,True
MNT-105257,VH-6037,2024-03-11,Scheduled,440.2271819697332,1.0,Brakes,63463,TECH-160,False
MNT-105258,VH-8866,2024-10-31,Scheduled,351.02125112016734,1.6099495956413787,"Engine,Oil Change,Suspension",236112,TECH-180,False
MNT-105259,VH-5028,2023-09-11,Corrective,1349.1027975585484,1.0,"Tires,Suspension",165712,TECH-167,False
MNT-105260,VH-3927,2024-08-18,Preventive,769.4610301639026,2.2305377499639976,"Oil Change,Transmission",49847,TECH-111,True
MNT-105261,VH-8103,2024-02-19,Preventive,590.816867370445,4.641148497675751,"Brakes,HVAC",253590,TECH-114,True
MNT-105262,VH-7693,2024-07-21,Preventive,265.3564626264623,1.0,Electrical,45255,TECH-159,False
MNT-105263,VH-8425,2023-07-10,Emergency,2696.3849522815804,25.55448728167078,Transmission,428733,TECH-104,True
MNT-105264,VH-3039,2024-10-03,Preventive,425.51688339810005,3.884871052467083,"Brakes,Suspension,Transmission",345926,TECH-173,False
MNT-105265,VH-5056,2023-01-08,Scheduled,437.34110505959654,1.576074599839915,"Transmission,Oil Change,Engine",120389,TECH-189,False
MNT-105266,VH-3817,2023-01-30,Preventive,760.0083275133102,1.4633899504753571,"Brakes,Suspension,HVAC",95741,TECH-114,False
MNT-105267,VH-1008,2024-11-06,Preventive,329.7253540630286,2.896957316050816,HVAC,174166,TECH-127,True
MNT-105268,VH-7925,2023-11-28,Preventive,221.62913946357372,8.048416050292708,"Transmission,Electrical,Tires",454778,TECH-102,False
MNT-105269,VH-2587,2023-02-18,Corrective,391.4171267701537,3.8435444616796444,"Electrical,Brakes,Transmission",132803,TECH-141,False
MNT-105270,VH-3179,2023-07-14,Preventive,334.47302847087303,1.8421408543870694,"Oil Change,Brakes",432078,TECH-125,False
MNT-105271,VH-1335,2023-12-31,Preventive,378.5668253885615,3.4726063983531668,Oil Change,195388,TECH-100,True
MNT-105272,VH-5670,2023-04-09,Preventive,619.9708886361417,3.3755918006700902,Suspension,465933,TECH-123,False
MNT-105273,VH-6037,2023-02-23,Scheduled,434.91257816927754,3.4792665319559575,Suspension,172383,TECH-113,True
MNT-105274,VH-7162,2024-08-07,Scheduled,301.83838293790626,1.3208561092645625,Transmission,95716,TECH-185,False
MNT-105275,VH-4106,2023-07-01,Scheduled,469.481025850703,2.1407656171172937,Tires,461169,TECH-104,False
MNT-105276,VH-9772,2023-06-29,Scheduled,141.08841816661393,1.0,HVAC,440421,TECH-129,False
MNT-105277,VH-5056,2024-03-19,Preventive,271.21361040723696,1.0,"Engine,HVAC,Electrical",229302,TECH-173,False
MNT-105278,VH-6636,2023-01-28,Corrective,1171.981488095731,4.707482273089277,Transmission,245091,TECH-169,False
MNT-105279,VH-9821,2023-01-18,Preventive,298.01999911620317,1.8819982510916462,Brakes,331839,TECH-179,False
MNT-105280,VH-1588,2023-12-18,Preventive,544.6408924076303,3.1884743708980103,Brakes,34822,TECH-102,False
MNT-105281,VH-1835,2023-06-04,Emergency,2114.1171689475036,7.467705649967375,"Transmission,Engine,HVAC",111150,TECH-170,True
MNT-105282,VH-2910,2024-01-28,Preventive,597.623385159238,4.295794612317696,"Tires,Electrical",119207,TECH-185,False
MNT-105283,VH-9035,2023-08-11,Preventive,602.4922048097342,4.845038433215581,"HVAC,Suspension",388730,TECH-124,True
MNT-105284,VH-8579,2023-02-16,Corrective,936.6006816287181,13.422148419091094,"Suspension,Electrical,HVAC",441461,TECH-123,False
MNT-105285,VH-6835,2024-08-09,Corrective,280.98257290046683,8.023549450403493,Transmission,27509,TECH-155,False
MNT-105286,VH-2357,2024-03-07,Emergency,1392.38824665208,16.90084467989874,"HVAC,Engine,Tires",42375,TECH-124,False
MNT-105287,VH-1620,2023-09-10,Preventive,658.3499129455909,3.303659767051554,Electrical,163398,TECH-165,True
MNT-105288,VH-2391,2023-11-28,Emergency,1758.6781646698528,26.446099045151108,"HVAC,Tires",478074,TECH-109,False
MNT-105289,VH-7166,2023-01-05,Preventive,217.01087921613987,1.7601895311470501,"HVAC,Oil Change",306816,TECH-121,False
MNT-105290,VH-1835,2024-02-12,Preventive,157.7294627230134,4.316349602180274,"Suspension,Engine,Oil Change",453293,TECH-158,True
MNT-105291,VH-1059,2023-01-10,Emergency,2053.6935755610816,10.501336520251979,Oil Change,411698,TECH-132,False
MNT-105292,VH-5203,2024-05-23,Corrective,1099.340422855503,25.887649999777253,"Brakes,Transmission,Electrical",466668,TECH-143,False
MNT-105293,VH-2506,2023-01-24,Preventive,714.3752677847955,1.0,"Transmission,Brakes,Suspension",374658,TECH-172,False
MNT-105294,VH-4890,2024-06-13,Corrective,1219.4686282707837,11.421256987059248,Transmission,466566,TECH-118,True
MNT-105295,VH-8000,2023-11-23,Preventive,599.9400150611082,15.492471046266502,Engine,494222,TECH-111,False
MNT-105296,VH-7688,2024-06-29,Corrective,1514.2055242186475,12.292607063586619,Transmission,226689,TECH-178,False
MNT-105297,VH-6346,2024-09-27,Preventive,292.1792377810193,9.223432965989751,"Tires,HVAC",38443,TECH-123,True
MNT-105298,VH-9516,2024-10-17,Preventive,475.5208029657601,2.5495632506087063,Electrical,351267,TECH-151,False
MNT-105299,VH-5450,2023-03-04,Preventive,463.48686692992834,1.3898103807937796,"Oil Change,Suspension,Electrical",255618,TECH-175,True
MNT-105300,VH-1844,2023-05-17,Emergency,3154.6517262800994,1.0,HVAC,201418,TECH-113,True
MNT-105301,VH-4743,2024-04-30,Corrective,729.5006552711437,10.728820553699926,Electrical,375638,TECH-134,True
MNT-105302,VH-1468,2023-10-05,Corrective,1638.6773389615253,32.27854720672288,"Suspension,Brakes",160851,TECH-194,False
MNT-105303,VH-3588,2023-09-15,Scheduled,306.18750935986907,1.0,"Tires,Brakes,Suspension",317968,TECH-199,True
MNT-105304,VH-5203,2024-04-25,Preventive,544.9267680870402,4.350325762020248,"HVAC,Oil Change",430467,TECH-134,False
MNT-105305,VH-7657,2023-02-18,Preventive,462.695361328498,1.0,Tires,41733,TECH-136,False
MNT-105306,VH-9772,2024-01-10,Preventive,732.4494741155297,3.7260970441173753,HVAC,465134,TECH-128,True
MNT-105307,VH-2381,2024-05-13,Corrective,986.6263685078734,4.079363326437968,HVAC,328914,TECH-189,False
MNT-105308,VH-2587,2024-03-09,Preventive,404.95684016259577,1.0,Electrical,204378,TECH-153,True
MNT-105309,VH-9948,2024-11-27,Scheduled,223.8659177580536,1.1937450616028218,Suspension,22070,TECH-176,False
MNT-105310,VH-2393,2024-01-04,Emergency,2307.8731959546753,9.647181432804715,Transmission,450133,TECH-112,False
MNT-105311,VH-1712,2023-03-14,Preventive,618.2574370923098,4.348492780898394,"Suspension,Oil Change,Transmission",358261,TECH-150,False
MNT-105312,VH-9801,2023-11-24,Corrective,1923.6606388446262,1.1168075977590872,HVAC,54206,TECH-179,False
MNT-105313,VH-8445,2024-11-12,Preventive,456.1326756428747,2.2464305454961275,"Electrical,Suspension,Engine",111737,TECH-113,True
MNT-105314,VH-1712,2023-04-09,Preventive,679.6498883699398,3.5727032973547552,"Tires,Transmission",160601,TECH-109,True
MNT-105315,VH-7136,2024-09-13,Emergency,2445.2090374071845,14.41484020869147,"Oil Change,HVAC",291965,TECH-199,True
MNT-105316,VH-3125,2024-04-17,Preventive,547.9183123970568,2.0888815775609904,Tires,315635,TECH-102,True
MNT-105317,VH-5684,2024-02-16,Preventive,87.55986507997437,8.449394878582757,"Engine,Transmission",384056,TECH-153,False
MNT-105318,VH-1844,2023-07-19,Preventive,498.8497756686248,1.0,"Brakes,Transmission,Tires",224587,TECH-195,False
MNT-105319,VH-3348,2024-11-03,Corrective,558.4437453979104,3.347468640280945,"Engine,Electrical",243656,TECH-163,False
MNT-105320,VH-9948,2024-11-06,Emergency,2375.8394376299134,21.22813389600175,"HVAC,Engine,Brakes",285484,TECH-115,False
MNT-105321,VH-6106,2024-11-26,Scheduled,372.53602455658165,2.112910234774089,"Electrical,Brakes",91709,TECH-121,False
MNT-105322,VH-7807,2024-12-25,Corrective,1054.3343317992637,27.477269873071762,Electrical,343191,TECH-129,True
MNT-105323,VH-4940,2024-07-02,Preventive,594.8109023509214,4.452884611199283,"Oil Change,Transmission",358642,TECH-129,False
MNT-105324,VH-3473,2024-01-25,Preventive,628.1795181486082,5.9001908750625836,"Oil Change,Suspension,Engine",237507,TECH-197,True
MNT-105325,VH-3233,2024-12-15,Emergency,3103.1611393153407,23.057460463424636,Suspension,81253,TECH-171,False
MNT-105326,VH-6253,2023-02-18,Preventive,767.0420166912022,4.688460436375137,"Electrical,HVAC",396281,TECH-173,False
MNT-105327,VH-8639,2024-03-24,Preventive,605.242801839625,1.3520522316879802,"Transmission,Oil Change,Electrical",86270,TECH-106,False
MNT-105328,VH-7922,2023-10-04,Preventive,618.3006651131519,1.0,"Brakes,Transmission",460610,TECH-194,False
MNT-105329,VH-9029,2023-04-18,Preventive,517.9708825715052,4.207624841750167,"Transmission,Oil Change,Brakes",66063,TECH-170,True
MNT-105330,VH-6835,2024-12-25,Preventive,447.7741498374477,1.8260060277762649,"Oil Change,Brakes,HVAC",496137,TECH-104,True
MNT-105331,VH-8316,2024-03-07,Scheduled,373.86039093046185,1.0,"Transmission,Brakes",496769,TECH-173,False
MNT-105332,VH-2587,2023-10-16,Corrective,792.1325408292273,2.4764697849666257,Oil Change,383049,TECH-198,False
MNT-105333,VH-6775,2023-05-01,Corrective,1125.7253891672892,7.470142412031931,"Engine,Brakes",104378,TECH-175,False
MNT-105334,VH-3450,2024-09-09,Preventive,530.1992036735153,1.0,"Transmission,Brakes",414370,TECH-182,False
MNT-105335,VH-5056,2024-08-05,Preventive,326.08208478807194,1.0,Suspension,376534,TECH-131,False
MNT-105336,VH-3125,2023-05-26,Emergency,2982.9133843225345,5.155014031403354,"Electrical,Oil Change,Suspension",310730,TECH-165,True
MNT-105337,VH-9394,2023-12-06,Preventive,461.2025742066735,1.0,"Tires,Engine",203011,TECH-139,False
MNT-105338,VH-3092,2023-01-01,Corrective,2023.2266246054119,4.122080374956463,"Engine,HVAC",221634,TECH-154,False
MNT-105339,VH-8857,2023-05-04,Preventive,290.71475923449395,6.335285548044714,Tires,334465,TECH-138,False
MNT-105340,VH-5717,2023-10-18,Preventive,448.52738534433286,5.379356395429222,"Tires,Engine",164777,TECH-134,True
MNT-105341,VH-1169,2024-05-01,Preventive,634.5017798564692,1.9879717684965654,Electrical,58180,TECH-197,True
MNT-105342,VH-3776,2024-04-23,Preventive,522.5755171370058,1.5085908116062414,"Tires,Oil Change,Electrical",382897,TECH-151,False
MNT-105343,VH-9035,2024-03-15,Emergency,1620.4553232282829,1.0,"Tires,Oil Change,HVAC",125911,TECH-138,True
MNT-105344,VH-3671,2024-05-27,Preventive,646.6662780331772,11.216859578356695,Electrical,329314,TECH-122,False
MNT-105345,VH-5670,2023-07-23,Scheduled,412.85962072512723,1.0,"Engine,Electrical",348732,TECH-157,True
MNT-105346,VH-6835,2023-12-10,Emergency,2428.622584617681,12.878820324638417,"Suspension,Brakes,HVAC",396218,TECH-190,False
MNT-105347,VH-1835,2024-07-29,Preventive,535.5970010067514,8.883655001563213,"Transmission,Suspension",371133,TECH-130,False
MNT-105348,VH-4984,2023-11-30,Corrective,1641.376421441988,4.71839799267987,"Brakes,Tires",264640,TECH-163,False
MNT-105349,VH-1999,2024-06-09,Emergency,3132.5361672667796,31.59211542984579,"HVAC,Suspension,Transmission",69845,TECH-182,False
MNT-105350,VH-8176,2024-06-10,Corrective,1463.7146951663526,3.901472330269,"Engine,HVAC",358861,TECH-146,True
MNT-105351,VH-1420,2024-10-29,Preventive,334.85826667217657,8.228217002150561,"Brakes,Electrical,Transmission",448387,TECH-142,True
MNT-105352,VH-5670,2023-06-23,Scheduled,289.19669857451737,1.0,Engine,288875,TECH-113,True
MNT-105353,VH-9035,2024-05-03,Preventive,372.688679650076,1.0,"Tires,Suspension,Engine",314710,TECH-104,True
MNT-105354,VH-2381,2024-01-29,Preventive,549.388065299895,6.816993311867857,Electrical,477095,TECH-105,False
MNT-105355,VH-8563,2023-04-05,Emergency,1468.7180641485697,4.6515104763120645,Oil Change,141032,TECH-135,False
MNT-105356,VH-3348,2023-10-12,Preventive,795.5294574466348,3.331856150568546,"Transmission,Oil Change,Electrical",180812,TECH-100,False
MNT-105357,VH-9710,2024-07-25,Corrective,1556.5425340284417,4.120206742700137,Transmission,186817,TECH-141,False
MNT-105358,VH-8000,2023-05-22,Preventive,513.651491819452,1.0,Engine,96036,TECH-151,False
MNT-105359,VH-9035,2023-04-11,Corrective,1442.631883186442,2.5552280118546644,"Oil Change,Electrical,HVAC",170127,TECH-120,False
MNT-105360,VH-9948,2023-02-01,Emergency,2025.2037250849185,18.07082511231617,"Tires,HVAC,Brakes",286597,TECH-148,False
MNT-105361,VH-2290,2023-06-01,Preventive,658.0499796800655,1.4681317453257077,"Engine,Oil Change",114939,TECH-161,True
MNT-105362,VH-3214,2023-03-08,Corrective,1416.0630824204536,22.979654479454116,Transmission,133374,TECH-129,False
MNT-105363,VH-8376,2024-07-21,Preventive,603.9200337218459,4.1274384307970715,"HVAC,Engine,Suspension",240299,TECH-133,True
MNT-105364,VH-2910,2024-09-25,Corrective,1225.9059083625925,1.0,"Electrical,Tires,Brakes",446017,TECH-139,False
MNT-105365,VH-2290,2024-03-22,Preventive,577.9973701910253,2.3703098982502944,"Transmission,Engine,Oil Change",499032,TECH-123,True
MNT-105366,VH-9682,2024-10-03,Preventive,508.1084933470466,3.980157913013417,Transmission,31474,TECH-182,False
MNT-105367,VH-3317,2024-04-11,Scheduled,168.33350970340635,2.2509337956996442,"Brakes,Engine",201409,TECH-125,False
MNT-105368,VH-5714,2024-09-09,Corrective,1261.6535976318796,8.852897529805968,"Suspension,Engine",74596,TECH-139,False
MNT-105369,VH-5868,2023-03-15,Corrective,1068.1503622157254,1.059280072524568,"Brakes,Oil Change,HVAC",275421,TECH-178,False
MNT-105370,VH-9723,2024-09-21,Preventive,493.10654413607983,1.0,"Suspension,HVAC",133521,TECH-186,False
MNT-105371,VH-6473,2023-10-06,Preventive,633.0166622917901,6.53428962859496,Oil Change,423921,TECH-192,True
MNT-105372,VH-6071,2024-02-05,Scheduled,98.182498844006,3.14913539993491,"Tires,Oil Change,HVAC",315692,TECH-183,True
MNT-105373,VH-4503,2024-02-15,Corrective,1085.2500895902108,1.0,Brakes,161860,TECH-114,False
MNT-105374,VH-6709,2024-04-10,Corrective,608.397049280463,9.879696517182207,"Brakes,Oil Change,Electrical",203053,TECH-102,True
MNT-105375,VH-9105,2023-05-10,Scheduled,297.02253453465266,1.5295591677099556,Brakes,42295,TECH-113,False
MNT-105376,VH-7925,2024-06-01,Preventive,420.5993295309154,5.745086351367261,"Engine,Brakes,HVAC",368600,TECH-136,False
MNT-105377,VH-7171,2023-07-15,Scheduled,331.41668938420355,2.9242296333081015,"HVAC,Brakes,Transmission",234772,TECH-149,False
MNT-105378,VH-5635,2024-10-12,Preventive,613.2212407974035,1.6572930378508812,Oil Change,56070,TECH-103,False
MNT-105379,VH-8653,2023-11-05,Preventive,348.36932108821236,3.884994162726125,"Engine,HVAC,Electrical",419118,TECH-134,False
MNT-105380,VH-5028,2023-12-07,Preventive,489.61546231735133,1.0,"Suspension,Transmission,Brakes",472414,TECH-170,True
MNT-105381,VH-2361,2023-02-26,Preventive,288.96524931492183,3.131047494746064,Transmission,66901,TECH-169,False
MNT-105382,VH-3233,2024-01-22,Preventive,664.9966074235454,2.0575952515209304,Tires,24171,TECH-152,False
MNT-105383,VH-7686,2024-05-05,Preventive,681.6746109694185,1.0,Suspension,365411,TECH-160,False
MNT-105384,VH-8790,2024-06-27,Corrective,1004.8093389776004,22.484622722081916,"Tires,Brakes",115252,TECH-188,False
MNT-105385,VH-4862,2023-03-26,Scheduled,336.489798336575,1.8902269754404393,"Brakes,Tires,Oil Change",332321,TECH-107,True
MNT-105386,VH-8425,2024-11-27,Preventive,351.5383895791499,2.7412431534444885,Transmission,296939,TECH-130,False
MNT-105387,VH-8790,2023-07-11,Scheduled,333.4923634194031,1.6559044608818076,Engine,59099,TECH-102,False
MNT-105388,VH-3450,2024-04-19,Emergency,3075.675728942268,18.07789004680345,"Engine,HVAC,Tires",275144,TECH-106,True
MNT-105389,VH-3233,2024-11-08,Preventive,471.769337143489,6.2137362933009745,Brakes,364202,TECH-123,True
MNT-105390,VH-1366,2024-06-09,Emergency,3427.4395447815527,2.2520250329474183,"Transmission,Electrical,HVAC",488389,TECH-161,False
MNT-105391,VH-5282,2023-02-20,Preventive,552.2976574673685,1.0,"Electrical,Suspension,HVAC",427736,TECH-175,False
MNT-105392,VH-6985,2023-12-01,Corrective,1381.512699340964,9.304864457779223,"Oil Change,Engine",414123,TECH-191,True
MNT-105393,VH-5672,2024-05-22,Preventive,439.696142559457,1.9476946090265765,Electrical,230479,TECH-120,False
MNT-105394,VH-9008,2023-12-19,Preventive,664.7835182344708,1.0,"Suspension,Transmission",499628,TECH-192,True
MNT-105395,VH-7832,2023-09-29,Preventive,906.6282345440793,1.0,"HVAC,Suspension",120090,TECH-191,True
MNT-105396,VH-8579,2023-05-24,Preventive,356.73418156243673,16.949798664719104,"Tires,Brakes,Oil Change",228039,TECH-107,True
MNT-105397,VH-8918,2024-04-30,Preventive,563.6098116184834,4.214581212602627,Engine,57124,TECH-149,False
MNT-105398,VH-3776,2024-03-10,Emergency,1162.3720585450537,25.472270237644544,Transmission,42384,TECH-169,True
MNT-105399,VH-6346,2024-02-03,Preventive,473.2992880023844,3.8617765745593675,"Suspension,Transmission,Tires",128798,TECH-194,False
MNT-105400,VH-1131,2023-10-06,Corrective,1293.0301639938518,19.850495546406567,"Brakes,Oil Change",100089,TECH-128,True
MNT-105401,VH-7807,2024-02-21,Preventive,387.29308837228024,1.0,Brakes,107386,TECH-195,False
MNT-105402,VH-6709,2023-06-05,Emergency,1020.3547221161505,53.38455879101797,"Transmission,Tires,Oil Change",347347,TECH-102,False
MNT-105403,VH-7166,2024-05-28,Preventive,620.5251757778473,5.039505264866867,"Transmission,Tires,Suspension",378883,TECH-157,False
MNT-105404,VH-7918,2024-02-12,Preventive,474.024588716849,9.561498765049448,Brakes,424188,TECH-199,False
MNT-105405,VH-4247,2024-05-28,Corrective,1920.424376299455,6.520720666927471,HVAC,322310,TECH-197,True
MNT-105406,VH-8441,2023-04-18,Preventive,400.14057910684807,3.7857587700514137,"Brakes,Electrical,Suspension",325643,TECH-175,False
MNT-105407,VH-5635,2024-04-03,Emergency,2604.7874756693573,1.0671823582542503,Electrical,356628,TECH-122,False
MNT-105408,VH-2910,2024-12-16,Preventive,527.1994160829213,1.0,"Tires,Brakes",20297,TECH-113,False
MNT-105409,VH-1059,2024-09-06,Preventive,490.5723877575384,7.5702395215269735,"Brakes,HVAC",196425,TECH-121,True
MNT-105410,VH-6019,2023-06-23,Corrective,1419.2231569632706,4.205388886706049,"Electrical,HVAC",26905,TECH-153,False
MNT-105411,VH-3814,2024-11-18,Preventive,565.2570518327414,2.7889540400335178,"Tires,Suspension",381314,TECH-101,False
MNT-105412,VH-1712,2023-02-23,Preventive,693.5117298562996,5.865507319230103,"Brakes,Oil Change",292796,TECH-133,True
MNT-105413,VH-6443,2024-10-22,Corrective,1425.4639849071095,2.816261525993681,"Electrical,Transmission",211130,TECH-106,False
MNT-105414,VH-6346,2023-03-11,Preventive,500.1762405124836,2.800139863073117,Engine,266359,TECH-163,False
MNT-105415,VH-4743,2023-02-24,Preventive,699.876070423581,1.1193913830522855,"Transmission,HVAC",287622,TECH-115,False
MNT-105416,VH-4743,2024-12-07,Emergency,4337.399306684016,15.38152092764646,Engine,372019,TECH-128,False
MNT-105417,VH-2690,2024-04-24,Corrective,728.3109482714021,11.929440600007197,"Electrical,Suspension",391279,TECH-185,False
MNT-105418,VH-2422,2023-01-28,Emergency,1496.6646530525254,41.64762457624326,Tires,483569,TECH-166,True
MNT-105419,VH-4740,2024-07-26,Corrective,799.0370034179305,2.852474859879608,"Transmission,Oil Change",13715,TECH-130,False
MNT-105420,VH-8296,2024-10-23,Preventive,438.8242770542813,1.2633896752549447,Transmission,293113,TECH-122,False
MNT-105421,VH-4042,2023-10-25,Corrective,1014.2254674962405,2.0292058602371466,"Tires,Brakes",56267,TECH-144,False
MNT-105422,VH-8532,2023-02-27,Scheduled,403.5207940237055,2.306023196261142,"Transmission,Engine",298683,TECH-133,False
MNT-105423,VH-4247,2023-01-30,Preventive,618.1761129897861,1.0,HVAC,172362,TECH-102,False
MNT-105424,VH-2147,2023-10-18,Preventive,349.00867591556533,2.1562912021536,"Suspension,HVAC",359492,TECH-197,False
MNT-105425,VH-2464,2023-02-24,Corrective,1721.3330346927773,16.44504507662164,"Suspension,Tires,Electrical",231737,TECH-145,False
MNT-105426,VH-4247,2023-10-31,Corrective,1059.4117521242565,6.256185006442823,Engine,446139,TECH-150,False
MNT-105427,VH-6346,2024-01-15,Preventive,653.3367094528121,5.358854080290942,"Engine,Suspension",487382,TECH-103,False
MNT-105428,VH-5868,2024-03-05,Preventive,482.2813708534639,3.1196177808321233,Brakes,492499,TECH-148,True
MNT-105429,VH-7929,2024-12-17,Preventive,562.74526966872,11.673179755570253,"Brakes,Suspension,Transmission",308806,TECH-152,False
MNT-105430,VH-8664,2023-12-18,Preventive,632.9687117344781,10.902313645325497,HVAC,433728,TECH-194,False
MNT-105431,VH-1461,2023-04-16,Scheduled,476.29109250069826,1.3931717719349404,"HVAC,Engine",377226,TECH-190,False
MNT-105432,VH-3450,2023-04-05,Preventive,364.8863767727379,1.0,"Brakes,Engine,Tires",418050,TECH-199,True
MNT-105433,VH-1215,2023-11-21,Preventive,475.33124436546495,15.409607164349897,"HVAC,Tires",274261,TECH-144,False
MNT-105434,VH-9801,2024-06-12,Preventive,389.52813393481233,1.9266525111206405,"Brakes,Suspension,Oil Change",256422,TECH-114,False
MNT-105435,VH-2372,2023-06-18,Preventive,495.42908908416024,2.762993951817069,"HVAC,Engine",472396,TECH-104,False
MNT-105436,VH-8532,2024-04-29,Scheduled,263.3684394279367,3.818584015296351,"Electrical,HVAC",52106,TECH-167,False
MNT-105437,VH-9152,2023-02-04,Preventive,773.0147354036824,3.2486399916343274,"Electrical,Transmission",62178,TECH-176,True
MNT-105438,VH-4984,2023-05-11,Preventive,416.6595109568904,1.0,"Brakes,Engine",334393,TECH-167,False
MNT-105439,VH-8959,2023-02-25,Preventive,557.2148945041856,1.0,Engine,444030,TECH-162,True
MNT-105440,VH-5386,2023-01-20,Preventive,204.2204703006002,1.0,"Transmission,HVAC,Tires",248933,TECH-193,False
MNT-105441,VH-2587,2023-05-02,Preventive,704.2393836458932,2.5967102968542974,HVAC,115543,TECH-153,False
MNT-105442,VH-1420,2023-05-05,Emergency,1965.0427094430765,1.0,"Tires,Electrical",403677,TECH-105,True
MNT-105443,VH-8532,2023-07-05,Preventive,488.74541562804365,2.5544777887171404,"Transmission,Brakes",21589,TECH-126,False
MNT-105444,VH-8857,2024-03-29,Preventive,510.00782779261067,2.8881701662992905,"Electrical,Tires",246699,TECH-115,False
MNT-105445,VH-1072,2023-01-21,Corrective,1528.732631745403,24.47913491805015,"HVAC,Suspension,Oil Change",257912,TECH-116,True
MNT-105446,VH-2506,2023-05-30,Preventive,560.6393803357468,2.99261180483855,"Engine,Suspension,Transmission",318266,TECH-116,True
MNT-105447,VH-1835,2024-08-31,Corrective,1310.8914925101724,14.1351053071613,"Oil Change,Transmission,Tires",406172,TECH-124,False
MNT-105448,VH-8857,2024-06-04,Corrective,1657.9647019791805,1.0204224616632414,Suspension,141898,TECH-139,False
MNT-105449,VH-5203,2023-12-14,Corrective,452.146229491246,27.57832910676502,"Oil Change,Suspension,Brakes",391179,TECH-195,False
MNT-105450,VH-8866,2023-06-14,Corrective,1273.3605822736095,1.0219175645270917,"Tires,Electrical,HVAC",116840,TECH-119,True
MNT-105451,VH-4057,2023-05-05,Preventive,322.47013965876135,1.8000306922407756,Tires,174662,TECH-135,False
MNT-105452,VH-3618,2024-07-21,Corrective,2062.263536440082,4.8430525414632415,"Tires,HVAC",232317,TECH-171,False
MNT-105453,VH-2536,2023-01-31,Corrective,812.7175551759792,31.832619897246296,Oil Change,80035,TECH-198,False
MNT-105454,VH-4976,2023-03-22,Preventive,278.49217260934165,17.52469293639422,"Suspension,Electrical",196360,TECH-182,True
MNT-105455,VH-1059,2024-02-07,Emergency,2439.5517098223554,18.24479882104911,"Electrical,Engine",29476,TECH-165,False
MNT-105456,VH-8664,2023-05-20,Corrective,1226.5593971017297,16.320157258161977,"HVAC,Oil Change",244739,TECH-110,False
MNT-105457,VH-1092,2024-04-10,Preventive,467.85956643222494,12.10546257256154,"Electrical,Oil Change",395993,TECH-152,False
MNT-105458,VH-7657,2023-06-21,Emergency,3601.979157407175,73.21712551632248,"Transmission,Engine,HVAC",129186,TECH-127,False
MNT-105459,VH-1475,2024-12-20,Preventive,661.3512654564523,3.0291166356558934,"Oil Change,Transmission,HVAC",68576,TECH-138,True
MNT-105460,VH-7166,2024-06-04,Corrective,959.3066044802475,1.6777209119440182,"HVAC,Engine",53247,TECH-148,True
MNT-105461,VH-8857,2024-10-12,Corrective,920.9211836110999,27.21897830995678,"Electrical,Transmission,Suspension",493031,TECH-122,False
MNT-105462,VH-3125,2024-08-25,Preventive,649.6763987802364,11.657236057559883,"HVAC,Engine,Tires",84285,TECH-108,False
MNT-105463,VH-6473,2024-07-08,Preventive,549.6893951329085,3.005271769554123,"Oil Change,Brakes,Electrical",279292,TECH-149,True
MNT-105464,VH-7136,2024-07-18,Preventive,467.10682654192715,2.571379714174382,"Engine,Brakes,HVAC",284730,TECH-141,False
MNT-105465,VH-9723,2024-09-07,Preventive,429.47243589977415,1.0,"Electrical,Oil Change",26372,TECH-198,False
MNT-105466,VH-8445,2024-07-31,Corrective,1594.2115552399644,17.497681560278178,"Brakes,Tires",15912,TECH-161,False
MNT-105467,VH-1335,2023-09-14,Preventive,457.459915463246,1.0479677233457778,"Brakes,Electrical,Engine",409238,TECH-118,False
MNT-105468,VH-4743,2023-11-22,Preventive,355.27393178557776,1.0,"Tires,Oil Change",67370,TECH-175,False
MNT-105469,VH-7863,2023-12-28,Preventive,601.0802154522951,5.118628237465257,"Engine,Oil Change,HVAC",382207,TECH-151,False
MNT-105470,VH-5635,2023-12-06,Corrective,2155.94094759766,4.932510655932667,Electrical,237857,TECH-137,False
MNT-105471,VH-1092,2024-02-14,Corrective,803.3949060557948,5.525850454120037,"Suspension,Engine",245279,TECH-189,False
MNT-105472,VH-2690,2023-05-26,Preventive,351.82964588633365,1.0,"Suspension,Electrical",464286,TECH-111,True
MNT-105473,VH-2357,2024-04-06,Emergency,2369.4794091293757,6.979236237598178,"Engine,Brakes",263615,TECH-130,True
MNT-105474,VH-8959,2023-06-08,Preventive,450.79412959349577,2.7409460811693003,"Tires,Transmission,HVAC",149267,TECH-190,True
MNT-105475,VH-1420,2023-04-08,Preventive,798.5493369775863,7.74009466631316,Brakes,253072,TECH-157,False
MNT-105476,VH-5360,2024-09-09,Preventive,470.3387651557589,3.0461558200424563,"Oil Change,Electrical",133139,TECH-119,False
MNT-105477,VH-9522,2023-10-05,Preventive,366.3018400711078,1.0,"Oil Change,Brakes,Transmission",150825,TECH-192,False
MNT-105478,VH-1716,2024-04-22,Preventive,334.2712262025916,3.1481724376576676,"HVAC,Suspension",223597,TECH-124,False
MNT-105479,VH-3450,2024-08-24,Preventive,232.65982529663876,1.0,"Suspension,Engine,Electrical",130692,TECH-189,False
MNT-105480,VH-5670,2024-10-02,Preventive,335.64953527957573,4.500454801653624,Tires,236290,TECH-106,False
MNT-105481,VH-8579,2023-07-27,Preventive,740.8108796977205,9.921391139200512,"Oil Change,Tires",331821,TECH-182,False
MNT-105482,VH-3214,2023-02-15,Corrective,1484.8926645560782,10.53837779487607,"Transmission,Suspension,Brakes",346580,TECH-191,False
MNT-105483,VH-1093,2023-05-27,Corrective,1265.2052367873257,13.404416328117431,"HVAC,Oil Change",431552,TECH-196,True
MNT-105484,VH-2536,2024-03-18,Preventive,442.9271031902236,9.680950665216251,"HVAC,Brakes",235093,TECH-105,False
MNT-105485,VH-9801,2023-06-02,Corrective,986.7669568112358,9.667054624780357,"Oil Change,Transmission,Electrical",103227,TECH-164,False
MNT-105486,VH-4057,2023-07-04,Corrective,1062.8338561871792,6.339242079265739,Suspension,492527,TECH-194,False
MNT-105487,VH-6718,2024-06-01,Preventive,226.768652148871,1.0,"Electrical,HVAC,Transmission",416962,TECH-127,False
MNT-105488,VH-6473,2023-01-14,Corrective,1520.6488956047817,11.030901624665608,"Brakes,Electrical",433661,TECH-199,False
MNT-105489,VH-8547,2023-08-21,Corrective,1564.8813805729171,1.522619056924008,HVAC,281843,TECH-196,False
MNT-105490,VH-5717,2024-12-09,Scheduled,258.1722487859382,4.279125283213187,Tires,146677,TECH-146,False
MNT-105491,VH-2290,2024-04-30,Preventive,403.5090641950685,1.0,Suspension,217519,TECH-105,False
MNT-105492,VH-6908,2024-09-23,Corrective,1371.9912190166363,4.766026743881823,"Suspension,Electrical",181862,TECH-116,True
MNT-105493,VH-2422,2023-04-19,Corrective,1455.3646850948592,5.268951011278101,HVAC,471667,TECH-151,False
MNT-105494,VH-7863,2024-01-08,Preventive,652.8124418357716,1.541671694391179,"HVAC,Brakes",362336,TECH-110,False
MNT-105495,VH-1475,2024-04-08,Preventive,738.7092351305805,1.3775666091115812,HVAC,341016,TECH-151,False
MNT-105496,VH-9516,2023-08-21,Corrective,1032.543347707713,24.468294544091677,Transmission,228864,TECH-132,False
MNT-105497,VH-6985,2023-10-19,Scheduled,368.81533375281384,18.983187195692253,"Oil Change,Transmission,Suspension",335539,TECH-175,False
MNT-105498,VH-2357,2023-10-13,Preventive,406.9903210938758,5.027950035796797,"Electrical,Brakes",27591,TECH-100,True
MNT-105499,VH-8923,2024-09-12,Corrective,1641.5040181332581,14.520697630362818,"HVAC,Electrical",476888,TECH-146,True
MNT-105500,VH-2381,2024-08-31,Preventive,560.736710904662,4.873319743194734,"Engine,HVAC",239544,TECH-168,False
MNT-105501,VH-8959,2024-03-21,Corrective,984.0310536218992,23.922984456121817,Electrical,251511,TECH-161,False
MNT-105502,VH-1588,2024-01-13,Corrective,1182.1344789857449,14.142797772323672,"HVAC,Oil Change,Brakes",173839,TECH-188,True
MNT-105503,VH-4503,2023-01-23,Preventive,512.4470834941859,4.675141873806296,Suspension,119591,TECH-190,False
MNT-105504,VH-4247,2023-05-27,Emergency,2574.510295662395,8.717753666010323,"Transmission,Tires",483940,TECH-131,False
MNT-105505,VH-5672,2024-09-04,Emergency,2177.426520003447,1.0,Brakes,266244,TECH-198,False
MNT-105506,VH-6636,2024-08-31,Corrective,1121.6556993972051,4.520094652511442,Brakes,248944,TECH-155,False
MNT-105507,VH-7922,2023-10-23,Preventive,525.0683370976155,2.7172578016967717,"Oil Change,Engine",470230,TECH-122,False
MNT-105508,VH-6443,2024-12-30,Corrective,1137.619953324472,1.0,"Brakes,Transmission",451174,TECH-167,False
MNT-105509,VH-7929,2024-11-03,Corrective,899.093150677629,23.283537179407915,Transmission,140861,TECH-193,False
MNT-105510,VH-8857,2024-06-26,Preventive,512.18222833,3.337265896385936,"HVAC,Suspension,Engine",47261,TECH-154,False
MNT-105511,VH-6346,2023-07-19,Preventive,415.70934175997445,3.948522810653726,Tires,186592,TECH-166,False
MNT-105512,VH-7929,2023-06-25,Corrective,1825.3078368728097,14.354949706805659,"Tires,Oil Change",278019,TECH-138,False
MNT-105513,VH-1885,2023-11-16,Corrective,1445.3956682011876,3.9115099165345493,Tires,82078,TECH-118,False
MNT-105514,VH-2147,2023-08-24,Corrective,885.6246712868128,10.328383792638459,"Brakes,Engine,Suspension",417756,TECH-117,False
MNT-105515,VH-3540,2023-10-25,Preventive,587.3442271356472,1.5950838479104517,"Brakes,Electrical,Tires",490357,TECH-196,False
MNT-105516,VH-2536,2023-03-21,Corrective,795.6812227360389,85.48089185974891,"Suspension,HVAC",184779,TECH-129,True
MNT-105517,VH-8639,2023-02-18,Preventive,659.8663641135756,9.332751797994101,"HVAC,Engine",482382,TECH-134,True
MNT-105518,VH-8425,2023-11-27,Corrective,1089.545566512114,1.1393884378717214,"Electrical,HVAC,Oil Change",42785,TECH-154,False
MNT-105519,VH-1712,2023-03-18,Preventive,591.6174440138908,5.214784062181162,"Electrical,Transmission,Brakes",167413,TECH-126,False
MNT-105520,VH-1131,2023-06-05,Scheduled,426.45779163445036,3.326400902629006,Engine,293226,TECH-138,False
MNT-105521,VH-8000,2024-09-16,Corrective,1568.1228683630666,31.336756066546073,"Suspension,Transmission",95028,TECH-197,True
MNT-105522,VH-9737,2024-05-13,Preventive,641.3254137224034,4.411129267320892,"Electrical,Brakes,Oil Change",486558,TECH-135,False
MNT-105523,VH-9394,2024-04-22,Preventive,604.5884053174561,2.3108211490619084,Oil Change,272692,TECH-163,False
MNT-105524,VH-6323,2024-03-16,Corrective,1373.2793136909452,12.05970700954105,Suspension,23609,TECH-187,False
MNT-105525,VH-5717,2023-04-19,Corrective,1268.1036669803423,51.716082996598885,"Oil Change,Suspension,HVAC",230313,TECH-159,True
MNT-105526,VH-6775,2023-08-23,Preventive,520.6866300967573,1.0,Oil Change,226176,TECH-160,True
MNT-105527,VH-6605,2024-01-03,Corrective,1350.785562224854,20.466950248382883,"Tires,Transmission",269835,TECH-164,False
MNT-105528,VH-9723,2023-03-06,Preventive,696.558369303448,2.9970525159617267,"Oil Change,Suspension,Brakes",204073,TECH-100,False
MNT-105529,VH-9274,2023-10-13,Preventive,509.4915890172198,1.240751412249194,Brakes,194999,TECH-185,True
MNT-105530,VH-8918,2023-10-15,Preventive,523.5853061577809,2.321704417655993,"Electrical,Suspension",197120,TECH-102,False
MNT-105531,VH-7359,2024-11-25,Preventive,274.252305422638,1.236711100204694,"HVAC,Transmission",85907,TECH-100,False
MNT-105532,VH-9737,2023-07-25,Scheduled,353.79804677233096,3.9007476603337903,HVAC,482516,TECH-166,True
MNT-105533,VH-2587,2023-12-16,Emergency,1703.8720016909642,1.0,"Tires,Engine",91955,TECH-153,False
MNT-105534,VH-8923,2023-03-02,Scheduled,416.47177269208805,1.0,"Brakes,Engine,Tires",131327,TECH-173,False
MNT-105535,VH-1885,2023-03-05,Preventive,222.06238558880574,6.0588357793256895,"Brakes,Electrical",458506,TECH-146,True
MNT-105536,VH-2391,2024-02-09,Preventive,593.9732306757035,8.788004243409118,"Suspension,Transmission",365809,TECH-137,False
MNT-105537,VH-1093,2024-02-13,Scheduled,415.44667976261417,3.594834503731078,"Electrical,Oil Change",162054,TECH-113,True
MNT-105538,VH-5684,2023-07-05,Corrective,1163.2074635677955,24.30895656500221,"Oil Change,Electrical,Tires",376266,TECH-163,False
MNT-105539,VH-7918,2024-07-09,Corrective,1047.7975881716184,1.0,"Electrical,Suspension,Engine",306997,TECH-112,True
MNT-105540,VH-8445,2023-12-07,Preventive,209.99403691358873,5.413289108716118,Engine,47321,TECH-194,True
MNT-105541,VH-3618,2024-04-19,Preventive,494.8615434344046,2.151163932952114,"Brakes,Oil Change,Electrical",386706,TECH-112,True
MNT-105542,VH-2290,2024-08-04,Preventive,514.8364221375957,4.61790920070325,"Tires,Suspension",77349,TECH-167,False
MNT-105543,VH-4503,2024-07-21,Corrective,1202.056288058231,11.117378454561253,"Brakes,Transmission",492353,TECH-123,True
MNT-105544,VH-7922,2024-08-10,Preventive,727.1330726422153,3.32424186060842,Transmission,451187,TECH-123,False
MNT-105545,VH-5360,2024-11-03,Preventive,458.2560632097724,3.559586877573465,Suspension,11700,TECH-127,False
MNT-105546,VH-8468,2024-11-21,Corrective,662.1748461295022,8.336788737485934,Brakes,311587,TECH-135,False
MNT-105547,VH-7166,2023-10-07,Preventive,567.563243212446,1.1702160205915557,"Suspension,Engine,Tires",272640,TECH-174,False
MNT-105548,VH-2549,2024-10-24,Preventive,419.7516498180139,1.0,Brakes,228516,TECH-199,False
MNT-105549,VH-2464,2023-02-18,Preventive,395.5942517476276,6.884649611629704,"Brakes,Oil Change,Suspension",149481,TECH-158,False
MNT-105550,VH-5262,2023-04-16,Preventive,486.2555131808189,2.593692197296838,"Transmission,Suspension",262402,TECH-123,False
MNT-105551,VH-4688,2024-04-19,Preventive,334.1781497622947,1.0,Tires,34917,TECH-188,True
MNT-105552,VH-6908,2023-06-05,Preventive,472.73937465839055,13.879524009060825,"Suspension,Brakes",143651,TECH-199,True
MNT-105553,VH-3671,2024-09-02,Scheduled,305.47642127625704,3.455418750051132,"Suspension,HVAC",75043,TECH-122,False
MNT-105554,VH-2915,2024-04-29,Preventive,213.0718983291011,3.098730733508531,"Oil Change,Suspension",364694,TECH-133,True
MNT-105555,VH-7741,2024-02-04,Preventive,716.7332147691999,5.222640419868128,"Brakes,Electrical",146327,TECH-198,False
MNT-105556,VH-8959,2023-12-12,Corrective,1229.3221124310867,36.43705544354969,"Engine,Transmission,Electrical",195803,TECH-156,False
MNT-105557,VH-2393,2024-09-03,Emergency,3496.686159044822,11.936759366543459,"HVAC,Engine,Transmission",328007,TECH-182,True
MNT-105558,VH-4688,2023-01-29,Preventive,594.7420391719301,1.6572286884508443,"HVAC,Electrical,Brakes",197997,TECH-149,False
MNT-105559,VH-2084,2023-07-19,Preventive,427.0286884380929,13.081270330923504,"HVAC,Engine,Tires",427013,TECH-153,False
MNT-105560,VH-8593,2023-04-30,Preventive,496.9310244319408,1.0,"HVAC,Oil Change",416390,TECH-172,False
MNT-105561,VH-9710,2023-04-01,Preventive,512.9429982226253,2.142156811016703,"HVAC,Electrical",406980,TECH-120,False
MNT-105562,VH-3450,2023-05-16,Preventive,475.52946151872766,3.229526778631632,"HVAC,Engine",323050,TECH-157,False
MNT-105563,VH-5478,2023-05-07,Emergency,3688.1093584317896,39.52706261293399,"Transmission,Suspension,HVAC",25017,TECH-193,False
MNT-105564,VH-8593,2023-04-30,Scheduled,387.9161791703302,2.8512672468036153,HVAC,444528,TECH-136,True
MNT-105565,VH-1420,2024-08-05,Corrective,468.2975425089958,14.630682025139938,Electrical,89450,TECH-190,False
MNT-105566,VH-4057,2023-05-04,Corrective,1051.9721597889604,13.743360884640403,"Tires,Oil Change",91097,TECH-106,False
MNT-105567,VH-6835,2024-08-19,Emergency,1775.7198698578832,16.491692051779292,Suspension,124561,TECH-170,False
MNT-105568,VH-6463,2023-03-18,Corrective,727.7544212273597,7.015763820606782,"Tires,Engine",252550,TECH-145,False
MNT-105569,VH-5386,2023-10-26,Corrective,271.708495648978,7.1566500793360825,Brakes,243109,TECH-150,False
MNT-105570,VH-3125,2023-03-31,Corrective,1857.6884198125988,1.0,Oil Change,282006,TECH-183,False
MNT-105571,VH-3490,2023-05-02,Scheduled,339.03261157605664,1.0,"Oil Change,Brakes,Tires",221833,TECH-159,False
MNT-105572,VH-5717,2024-03-04,Preventive,509.59241550367364,4.911736362619015,"Tires,Electrical,Suspension",17935,TECH-181,False
MNT-105573,VH-7693,2023-08-07,Emergency,3429.9756418977618,6.409723092962613,Transmission,340515,TECH-175,False
MNT-105574,VH-8857,2023-09-08,Scheduled,309.4538561438752,1.1755637451048184,"Oil Change,Transmission",174033,TECH-120,False
MNT-105575,VH-2559,2024-10-24,Corrective,474.4048258020264,8.058405280046149,HVAC,288365,TECH-134,True
MNT-105576,VH-3473,2024-06-12,Corrective,350.36390656273966,5.852571169761878,"Suspension,HVAC",129584,TECH-176,False
MNT-105577,VH-1131,2023-09-28,Corrective,1121.0533587607183,5.420484464102502,Tires,277775,TECH-114,False
MNT-105578,VH-8103,2024-05-26,Preventive,509.8849312853109,11.105393440239096,"Transmission,Tires",156655,TECH-166,False
MNT-105579,VH-5672,2024-01-10,Preventive,591.34041332965,2.5393863425378402,Suspension,179912,TECH-158,True
MNT-105580,VH-7918,2023-09-09,Emergency,3265.815662920392,58.93161469953518,Transmission,336359,TECH-175,False
MNT-105581,VH-1588,2023-06-04,Scheduled,494.10191270857194,1.0,Transmission,18556,TECH-176,False
MNT-105582,VH-8923,2023-02-25,Preventive,643.9770123557739,1.0,"HVAC,Tires",327645,TECH-168,True
MNT-105583,VH-1835,2024-04-19,Corrective,819.6636692824927,7.681898934839365,"Engine,Brakes,HVAC",152729,TECH-157,False
MNT-105584,VH-6775,2024-02-12,Scheduled,393.21445282839784,1.0,"Tires,Suspension",194721,TECH-179,False
MNT-105585,VH-8866,2024-09-04,Corrective,811.9372774018434,19.10880138601803,"Transmission,Oil Change",58697,TECH-187,True
MNT-105586,VH-8866,2023-08-11,Emergency,2053.367326617482,14.434159815251428,"Electrical,Engine,Transmission",441685,TECH-162,False
MNT-105587,VH-1072,2023-07-31,Preventive,604.7356391664009,1.0,Engine,381108,TECH-101,True
MNT-105588,VH-8000,2023-03-30,Preventive,568.4151334929832,1.0,"Electrical,Engine,HVAC",255484,TECH-177,False
MNT-105589,VH-8840,2023-07-02,Corrective,1372.1866593362208,27.957702572898917,"Oil Change,Suspension,Brakes",321599,TECH-153,False
MNT-105590,VH-2372,2024-02-16,Corrective,901.2222124146471,5.959531466637843,Brakes,375631,TECH-123,False
MNT-105591,VH-5203,2024-02-25,Preventive,610.7234651616676,1.8205428437652629,"Electrical,Tires,Engine",67712,TECH-137,True
MNT-105592,VH-3919,2023-03-09,Scheduled,464.5157266995342,2.250994436459006,"Electrical,Brakes",343222,TECH-115,False
MNT-105593,VH-7136,2023-01-24,Corrective,1257.9663303889265,1.0,"Suspension,Brakes",17389,TECH-165,False
MNT-105594,VH-4106,2023-01-01,Emergency,2048.7211828940326,3.92940307945749,"Tires,Electrical",110619,TECH-126,False
MNT-105595,VH-9152,2023-12-05,Preventive,595.1911575471978,4.349381739437188,Tires,442353,TECH-113,False
MNT-105596,VH-3814,2024-04-30,Corrective,1276.8570844170608,37.90361618639929,"Suspension,Tires",157057,TECH-172,False
MNT-105597,VH-1131,2024-11-24,Corrective,693.2302797648131,7.540949262346173,"HVAC,Tires,Electrical",69609,TECH-189,False
MNT-105598,VH-1844,2023-05-20,Preventive,330.3311942239355,6.837096149983764,Brakes,325120,TECH-137,False
MNT-105599,VH-5028,2024-12-16,Preventive,515.9680272316701,5.378363855695986,Electrical,332533,TECH-181,False
MNT-105600,VH-9152,2024-06-17,Preventive,494.5744891564396,1.0,"Electrical,Oil Change",72123,TECH-195,False
MNT-105601,VH-5056,2024-05-27,Corrective,1110.9254412148719,2.401333552462235,"Tires,Oil Change",56345,TECH-164,False
MNT-105602,VH-8445,2023-07-11,Corrective,1860.248831582965,17.07349250839504,HVAC,409613,TECH-124,False
MNT-105603,VH-3473,2023-06-25,Corrective,661.6619408784425,10.761408249087925,Brakes,78720,TECH-120,False
MNT-105604,VH-7807,2024-04-11,Emergency,4242.003755849392,3.817097275585448,"Tires,Suspension,Engine",167402,TECH-138,False
MNT-105605,VH-4740,2023-01-03,Scheduled,355.438060961973,1.341174579346327,"Suspension,HVAC",334480,TECH-112,True
MNT-105606,VH-7311,2023-08-27,Corrective,1759.4798549480813,14.24034844341352,"Oil Change,HVAC",320026,TECH-109,False
MNT-105607,VH-4940,2023-10-18,Preventive,559.2987619992407,2.6961498229869356,"Brakes,Engine",63751,TECH-147,False
MNT-105608,VH-6908,2024-06-07,Emergency,3408.5262291133386,14.337418904683885,"Engine,Oil Change,Tires",323214,TECH-161,False
MNT-105609,VH-5635,2024-09-21,Preventive,372.5849491743099,2.6633231051183404,"Transmission,Oil Change",437822,TECH-103,False
MNT-105610,VH-8790,2024-04-28,Preventive,664.2199855948697,10.859548197843079,Brakes,103175,TECH-116,False
MNT-105611,VH-2506,2024-06-15,Corrective,1517.0458841633422,7.511055351182155,"Transmission,Tires",292397,TECH-131,False
MNT-105612,VH-5056,2024-01-18,Preventive,622.0384758658356,9.630465829680151,Engine,120350,TECH-199,True
MNT-105613,VH-2489,2024-03-04,Preventive,457.0034623545121,1.0,"Suspension,Brakes",60099,TECH-142,True
MNT-105614,VH-1059,2024-11-12,Preventive,519.080495150228,4.34088683113714,Engine,56051,TECH-182,False
MNT-105615,VH-1999,2024-11-12,Preventive,423.1765917956472,2.847202935297893,HVAC,422572,TECH-178,True
MNT-105616,VH-2422,2023-11-25,Preventive,490.78847502156873,7.962509646278306,"Tires,Transmission",375819,TECH-143,False
MNT-105617,VH-3540,2024-02-13,Emergency,3590.192721974603,9.702600952328698,Electrical,152362,TECH-106,False
MNT-105618,VH-8866,2024-06-13,Emergency,1222.6435585957,9.737736488345925,Suspension,342384,TECH-196,False
MNT-105619,VH-2915,2024-06-25,Corrective,1189.3675422910103,24.552005098313924,"Electrical,Brakes,Oil Change",203069,TECH-106,False
MNT-105620,VH-6346,2023-11-16,Preventive,488.9375197004156,1.0,"Oil Change,Electrical,Suspension",463343,TECH-149,False
MNT-105621,VH-2549,2023-01-27,Emergency,2472.94874703215,14.694029825881227,"Engine,Brakes,HVAC",83003,TECH-141,False
MNT-105622,VH-8316,2023-07-23,Scheduled,304.64202942525844,1.0,"Tires,Electrical,Engine",98736,TECH-123,False
MNT-105623,VH-4753,2023-03-13,Corrective,1631.7956777402114,1.0,"Transmission,Suspension,Engine",209189,TECH-163,False
MNT-105624,VH-4042,2024-04-16,Emergency,2017.8435439395223,2.1753119610491565,Transmission,110070,TECH-104,True
MNT-105625,VH-3233,2024-08-03,Corrective,1743.1325641471294,9.008689279755346,Brakes,450159,TECH-127,False
MNT-105626,VH-7929,2023-11-02,Emergency,2202.6742037473396,22.596541643343837,"Electrical,Tires,Brakes",133952,TECH-159,False
MNT-105627,VH-5450,2023-03-31,Preventive,550.3058848879268,1.7793039537200768,Engine,275660,TECH-139,False
MNT-105628,VH-2357,2024-08-05,Corrective,962.2365660031577,6.966245654274612,"Brakes,Electrical",252766,TECH-126,False
MNT-105629,VH-6963,2023-02-05,Preventive,513.6609234838202,8.947682569377617,"Oil Change,Brakes,Tires",180682,TECH-117,True
MNT-105630,VH-5360,2023-08-23,Emergency,1326.5548064731738,6.59040910770447,"Tires,Transmission,Brakes",124442,TECH-105,False
MNT-105631,VH-2357,2023-08-27,Preventive,409.6541392230838,4.458721503659182,Engine,33698,TECH-186,False
MNT-105632,VH-9710,2024-10-29,Preventive,291.39861379574586,1.0,"Engine,Oil Change",315166,TECH-179,False
MNT-105633,VH-5028,2024-11-12,Preventive,630.4208852470202,3.2151471564472827,"Electrical,HVAC",461880,TECH-122,True
MNT-105634,VH-5547,2024-06-15,Scheduled,437.52544581737925,2.9813303195345124,"Engine,Oil Change,Brakes",340332,TECH-116,False
MNT-105635,VH-1092,2024-07-14,Preventive,503.58011262518056,1.0,"Tires,Engine,Suspension",130758,TECH-168,False
MNT-105636,VH-1215,2024-04-12,Preventive,314.74019711637993,4.824967978067472,"Suspension,Tires,Engine",333935,TECH-194,False
MNT-105637,VH-2410,2023-06-13,Scheduled,426.38596842676264,1.1736658445807135,Engine,283749,TECH-196,False
MNT-105638,VH-7688,2024-11-20,Preventive,264.837150805489,4.419422101259696,"Oil Change,Transmission,Electrical",85565,TECH-183,False
MNT-105639,VH-5684,2023-03-23,Scheduled,402.38963352036166,2.2586552695149056,Engine,39006,TECH-195,False
MNT-105640,VH-9862,2024-11-08,Scheduled,323.0306143171381,3.2431074390984027,"Oil Change,Transmission,Tires",54575,TECH-195,False
MNT-105641,VH-1789,2023-04-23,Corrective,1057.0307086604262,3.4743168928382393,Tires,464646,TECH-169,False
MNT-105642,VH-5912,2023-02-14,Emergency,4279.627707099053,3.461031405930043,HVAC,63546,TECH-146,False
MNT-105643,VH-3817,2024-05-25,Emergency,1429.4187021358377,6.121248806976873,Engine,389964,TECH-180,True
MNT-105644,VH-5203,2023-03-26,Corrective,1939.2696845991106,1.2197639371237468,"Suspension,Engine",419086,TECH-143,True
MNT-105645,VH-7686,2023-03-18,Preventive,501.2797506894355,9.663726473597272,"HVAC,Brakes",235765,TECH-100,False
MNT-105646,VH-8176,2023-07-03,Preventive,435.8919582162222,3.6355917954253663,"Suspension,Engine,Oil Change",245288,TECH-148,False
MNT-105647,VH-8441,2023-03-06,Preventive,665.5078457520585,6.000909267649986,Engine,211508,TECH-182,False
MNT-105648,VH-6473,2024-06-01,Preventive,520.8652967600545,4.130229507715744,Suspension,134329,TECH-183,False
MNT-105649,VH-3317,2024-11-22,Preventive,743.8351321743983,1.0,Tires,286073,TECH-119,False
MNT-105650,VH-7657,2024-12-02,Preventive,399.0280666834485,2.9661860858522,"Tires,HVAC,Suspension",345959,TECH-122,False
MNT-105651,VH-5226,2023-06-22,Preventive,357.52477315657677,2.8537465226031005,Electrical,169231,TECH-180,True
MNT-105652,VH-9516,2023-04-06,Preventive,416.8847940187825,2.57337199412422,Suspension,49830,TECH-102,False
MNT-105653,VH-5226,2023-07-18,Corrective,1379.3580161967152,7.610502556856424,HVAC,324539,TECH-133,False
MNT-105654,VH-3618,2023-10-30,Scheduled,386.4263270793118,1.7019969124471068,Suspension,31101,TECH-192,True
MNT-105655,VH-3814,2023-11-08,Preventive,517.5841299869217,1.85442030744525,Oil Change,324583,TECH-190,False
MNT-105656,VH-1093,2024-01-26,Emergency,3116.0658469486593,48.25150624772546,"Tires,Oil Change",26446,TECH-175,True
MNT-105657,VH-9682,2023-08-18,Preventive,792.6920432523891,1.0,HVAC,191396,TECH-175,False
MNT-105658,VH-9948,2024-03-31,Preventive,686.2861050467126,2.860092469061645,"Electrical,Oil Change,Tires",268739,TECH-153,False
MNT-105659,VH-5547,2023-02-08,Scheduled,194.27255074526784,2.636725720811224,"Electrical,Suspension",197635,TECH-131,True
MNT-105660,VH-5868,2023-06-14,Emergency,3258.509568095984,1.9767010124331823,"Electrical,Engine,HVAC",345520,TECH-162,False
MNT-105661,VH-3348,2023-04-15,Preventive,494.20883713389236,2.857669941663765,"HVAC,Brakes,Transmission",81308,TECH-163,True
MNT-105662,VH-6835,2023-10-28,Preventive,578.2769087801975,4.057551512628418,"HVAC,Oil Change,Electrical",90429,TECH-194,False
MNT-105663,VH-3125,2024-01-04,Corrective,833.6296987665344,18.715595601395343,"Brakes,Oil Change",451747,TECH-187,False
MNT-105664,VH-1008,2024-01-20,Preventive,679.6086518293309,3.8139304262787084,Tires,76055,TECH-109,False
MNT-105665,VH-7741,2024-11-05,Preventive,320.0154111195732,3.9303400360607315,"Transmission,Electrical",383214,TECH-138,False
MNT-105666,VH-7741,2024-03-07,Scheduled,226.1268410939075,1.0,"Engine,Electrical",187312,TECH-191,True
MNT-105667,VH-5203,2024-05-02,Preventive,668.6694345112068,1.8845852037081419,"Brakes,HVAC,Electrical",204613,TECH-115,True
MNT-105668,VH-1468,2023-12-27,Preventive,494.80648395919513,2.4386585032431585,Oil Change,446340,TECH-109,False
MNT-105669,VH-3317,2024-11-08,Preventive,684.784250461541,2.5871201051024553,"Oil Change,Transmission,HVAC",207557,TECH-171,False
MNT-105670,VH-7693,2024-08-29,Emergency,3169.1636205001814,13.112146299470705,Suspension,188147,TECH-147,False
MNT-105671,VH-3967,2024-02-04,Preventive,322.203785000891,7.357138528711468,Brakes,277743,TECH-163,True
MNT-105672,VH-4890,2024-04-12,Preventive,530.097719580165,4.842016552515775,"Suspension,Tires,Oil Change",335325,TECH-151,False
MNT-105673,VH-1391,2023-08-13,Preventive,493.7457170113888,1.1499703295779553,Brakes,491559,TECH-105,False
MNT-105674,VH-5360,2023-02-22,Corrective,558.132156584383,5.554919209717404,"Oil Change,Transmission,Tires",401766,TECH-161,False
MNT-105675,VH-7359,2023-02-23,Preventive,588.2843470125639,3.70036863391094,HVAC,393830,TECH-172,False
MNT-105676,VH-2690,2024-04-09,Preventive,702.8775076492037,1.0879910053003752,Brakes,13305,TECH-172,False
MNT-105677,VH-9522,2023-07-23,Corrective,1056.382587548197,11.868186298238458,"Electrical,Tires,Suspension",397202,TECH-197,False
MNT-105678,VH-9432,2023-10-16,Preventive,667.0162304140987,3.9662211599098205,Oil Change,485501,TECH-158,False
MNT-105679,VH-4862,2023-10-11,Preventive,521.0391132748492,3.3955158824451566,Engine,487882,TECH-106,False
MNT-105680,VH-9801,2023-11-09,Preventive,221.04901558492594,8.44119953260481,"Tires,Electrical,Transmission",247255,TECH-151,False
MNT-105681,VH-6253,2023-12-17,Corrective,923.6420839506659,1.4723962399131203,"Suspension,Electrical",210780,TECH-191,False
MNT-105682,VH-8923,2024-04-22,Corrective,1584.063972994456,4.661704962116758,Tires,348121,TECH-109,False
MNT-105683,VH-7741,2023-09-18,Corrective,1296.9458189983047,3.3269615131705046,Oil Change,303279,TECH-116,True
MNT-105684,VH-8441,2024-10-11,Corrective,885.2386474337318,2.8672067649344215,"Transmission,Electrical,Suspension",494185,TECH-135,False
MNT-105685,VH-8532,2023-09-18,Preventive,361.57712994671965,2.5655588213486697,"Transmission,Engine,Tires",234790,TECH-161,False
MNT-105686,VH-2506,2024-07-17,Preventive,453.72480088095796,1.4119817601175273,Suspension,438397,TECH-114,False
MNT-105687,VH-8959,2024-03-30,Corrective,563.8851443706368,37.09295371191349,"Suspension,Engine",143035,TECH-179,True
MNT-105688,VH-9862,2024-05-03,Preventive,331.7622800547847,10.785259931933906,Brakes,251500,TECH-152,False
MNT-105689,VH-4001,2024-04-19,Preventive,389.4340024557956,7.012261119703461,Engine,230574,TECH-179,True
MNT-105690,VH-9393,2024-12-20,Preventive,369.5705021667387,12.41697362531628,Tires,277589,TECH-198,False
MNT-105691,VH-9274,2023-09-12,Preventive,350.02216003572084,1.0,Tires,458800,TECH-138,False
MNT-105692,VH-2361,2023-11-08,Corrective,1251.8675153909364,9.374040249057913,"Transmission,Engine,Brakes",421092,TECH-198,True
MNT-105693,VH-1059,2023-06-30,Preventive,517.0590903651452,1.132187116156885,"HVAC,Tires,Electrical",190838,TECH-160,False
MNT-105694,VH-7688,2023-12-14,Preventive,650.3616510461761,8.133017470099979,Electrical,434368,TECH-162,True
MNT-105695,VH-8790,2024-08-16,Emergency,4085.205258217384,5.890905174564695,"Engine,Electrical",447022,TECH-132,True
MNT-105696,VH-9646,2024-06-23,Preventive,299.29652600531756,1.2293526478591867,Tires,119835,TECH-158,False
MNT-105697,VH-4740,2023-07-09,Corrective,656.3832015973818,1.0,"Suspension,Engine",146716,TECH-130,False
MNT-105698,VH-7686,2023-02-03,Scheduled,421.7114127629729,5.079696911012182,"Electrical,HVAC,Tires",82026,TECH-127,False
MNT-105699,VH-2391,2023-10-23,Preventive,457.1726137195099,1.0721221443476174,Transmission,286776,TECH-128,True
MNT-105700,VH-1215,2024-05-23,Preventive,513.8088699097017,3.341860268345739,"Oil Change,Engine",419149,TECH-135,False
MNT-105701,VH-9723,2023-02-13,Corrective,1191.2593471976304,19.615600994545424,"Oil Change,Brakes",419489,TECH-162,False
MNT-105702,VH-8441,2024-02-18,Preventive,395.98052527579773,1.5988339787249477,Oil Change,138562,TECH-164,False
MNT-105703,VH-8103,2023-08-06,Corrective,1186.2425259221686,9.915976105061478,"HVAC,Engine",283507,TECH-178,False
MNT-105704,VH-3490,2023-11-16,Scheduled,257.7845606128665,2.701662106862958,Oil Change,412453,TECH-163,False
MNT-105705,VH-1335,2023-09-20,Preventive,396.052869975155,6.6983488054959475,"Suspension,Transmission",294734,TECH-171,False
MNT-105706,VH-8866,2023-03-20,Emergency,2396.079458959631,22.457003390054673,"Electrical,Oil Change,Brakes",262724,TECH-126,False
MNT-105707,VH-8857,2024-02-05,Corrective,755.4411985715276,4.966891198206872,Engine,72565,TECH-152,False
MNT-105708,VH-9394,2024-05-19,Corrective,1423.514981903,19.60456051563481,"Oil Change,Electrical",130454,TECH-192,False
MNT-105709,VH-4716,2023-08-12,Scheduled,407.76808666263594,6.716582421425806,"Tires,Engine",141894,TECH-171,True
MNT-105710,VH-2915,2023-06-14,Preventive,472.5759947249122,14.160483762488738,Transmission,50145,TECH-142,False
MNT-105711,VH-1366,2024-10-11,Emergency,2899.8686395933773,3.697546206285607,Tires,23159,TECH-188,True
MNT-105712,VH-2147,2023-07-23,Emergency,3625.167132419876,38.57209902747173,"Engine,Brakes,Tires",356555,TECH-162,True
MNT-105713,VH-2464,2023-12-01,Preventive,360.902894383971,5.714825025921292,"Oil Change,Brakes",478559,TECH-123,False
MNT-105714,VH-6071,2023-11-08,Preventive,307.33115914245616,1.6261174271393504,"Brakes,Transmission",275344,TECH-113,False
MNT-105715,VH-7741,2024-10-14,Preventive,364.25194206675735,12.204050923552257,"Engine,Tires,HVAC",417164,TECH-103,False
MNT-105716,VH-9646,2023-09-26,Preventive,482.86232931304136,8.367963099008115,Brakes,370748,TECH-185,False
MNT-105717,VH-1366,2023-03-16,Corrective,613.431308907149,3.754245320956459,Tires,472301,TECH-169,False
MNT-105718,VH-3132,2024-06-24,Preventive,515.871781951485,10.574872575014533,"Oil Change,Brakes,Transmission",126054,TECH-164,True
MNT-105719,VH-6253,2024-01-17,Corrective,571.5879700643907,9.961243117770387,"Electrical,Engine,Transmission",269799,TECH-152,False
MNT-105720,VH-7832,2023-10-24,Emergency,1738.0602750817725,28.089743350549682,Transmission,272030,TECH-168,False
MNT-105721,VH-5226,2023-10-01,Preventive,394.63063945535913,5.827138685313441,"HVAC,Suspension",304465,TECH-146,False
MNT-105722,VH-4716,2023-03-01,Preventive,320.1257214841894,1.0,HVAC,344943,TECH-158,False
MNT-105723,VH-7918,2023-08-01,Corrective,896.8814405425669,25.11086475514536,Oil Change,231723,TECH-195,False
MNT-105724,VH-9710,2024-12-11,Emergency,2308.9274689844156,23.209737600490797,"Tires,Transmission",437915,TECH-105,False
MNT-105725,VH-5547,2024-10-23,Preventive,617.8336594217101,1.9744657182932908,"Suspension,Transmission,Tires",166962,TECH-172,False
MNT-105726,VH-6709,2023-12-03,Emergency,1172.0401936388862,52.64432094743612,"Tires,Engine,Transmission",404743,TECH-127,False
MNT-105727,VH-4716,2023-10-31,Preventive,428.61935643069967,1.0,Tires,395386,TECH-100,False
MNT-105728,VH-9393,2024-08-28,Preventive,452.070237867547,2.0733362782112197,"Tires,Engine,Transmission",22030,TECH-106,True
MNT-105729,VH-2381,2024-08-27,Preventive,371.224064093317,12.063407383133237,"Suspension,Tires",164797,TECH-139,False
MNT-105730,VH-5226,2024-04-10,Preventive,360.2813896108658,1.679477503264638,"Transmission,Tires",114544,TECH-121,False
MNT-105731,VH-2489,2023-01-03,Corrective,1155.602763075994,1.4153719523080044,Transmission,300548,TECH-101,False
MNT-105732,VH-4743,2023-05-18,Corrective,857.1721616840491,11.974217645443986,"Oil Change,Suspension",95059,TECH-135,False
MNT-105733,VH-9035,2023-10-29,Emergency,2940.564095313211,15.076027889137976,"Brakes,Suspension",181746,TECH-170,False
MNT-105734,VH-4503,2024-01-20,Preventive,581.4354982936194,1.0,Transmission,84551,TECH-150,False
MNT-105735,VH-9029,2024-11-16,Preventive,383.714510577336,9.666135813617485,Tires,223139,TECH-195,False
MNT-105736,VH-6718,2024-09-09,Preventive,603.5515302533611,1.0387524577751543,"Oil Change,Engine,Electrical",147956,TECH-111,False
MNT-105737,VH-6709,2024-06-09,Corrective,1205.0692692283571,1.0,"Oil Change,Transmission",389261,TECH-122,False
MNT-105738,VH-9772,2024-12-18,Preventive,470.6790412655167,6.24844305494366,"Suspension,Brakes",172432,TECH-130,False
MNT-105739,VH-5670,2024-02-11,Preventive,357.5680899610444,1.0,Tires,233573,TECH-191,True
MNT-105740,VH-9710,2024-11-24,Preventive,624.235250311893,1.0,Suspension,35819,TECH-112,False
MNT-105741,VH-2549,2024-09-14,Preventive,563.5451744233604,8.505272580018277,"Brakes,Oil Change,Tires",280888,TECH-180,False
MNT-105742,VH-1215,2023-05-27,Corrective,1223.5435256826297,14.758082991298132,Engine,273991,TECH-118,False
MNT-105743,VH-8593,2023-12-17,Scheduled,551.0514392925461,2.589743285538064,"Suspension,HVAC",468055,TECH-198,True
MNT-105744,VH-8857,2024-03-11,Preventive,599.1810800249528,2.8404535707740184,Tires,169945,TECH-163,False
MNT-105745,VH-3776,2024-05-06,Preventive,478.07725530445504,3.3053898764879635,"Transmission,Engine,HVAC",197159,TECH-197,False
MNT-105746,VH-1789,2024-01-05,Corrective,1127.1064171773212,15.3972250982747,Brakes,83474,TECH-136,False
MNT-105747,VH-4057,2023-09-26,Scheduled,220.51082609940434,2.62533932538723,"Tires,Transmission",425291,TECH-152,False
MNT-105748,VH-3618,2024-05-13,Corrective,765.188935952709,22.27000222848526,Oil Change,300582,TECH-140,True
MNT-105749,VH-1461,2023-10-23,Preventive,515.9848567691263,1.0,Oil Change,160766,TECH-165,False
MNT-105750,VH-6718,2023-07-19,Corrective,1325.7866964308264,5.803418393145721,HVAC,365287,TECH-154,True
MNT-105751,VH-4890,2023-09-24,Preventive,659.1805117378008,1.0,Electrical,408626,TECH-145,False
MNT-105752,VH-8532,2024-12-18,Corrective,978.2736441104994,8.261234643723174,"Suspension,Brakes,Oil Change",138890,TECH-116,False
MNT-105753,VH-1366,2023-01-16,Preventive,292.94004341622764,14.082507894185825,"Oil Change,Transmission",111542,TECH-158,False
MNT-105754,VH-6718,2024-08-24,Preventive,365.62543700164997,2.348647791154989,Suspension,458567,TECH-137,True
MNT-105755,VH-7657,2024-03-04,Preventive,576.2762808236768,3.733661274289396,Engine,90486,TECH-102,True
MNT-105756,VH-6775,2024-12-18,Scheduled,430.48589493750774,1.0,Tires,434609,TECH-137,False
MNT-105757,VH-3450,2024-04-28,Preventive,194.1968199000802,18.419576168437306,"HVAC,Transmission,Electrical",284327,TECH-195,False
MNT-105758,VH-9432,2023-08-13,Corrective,1010.3936146104448,1.0,"Suspension,Engine,Transmission",87451,TECH-176,False
MNT-105759,VH-1420,2024-12-23,Preventive,306.51563994323453,1.9952343504941945,Brakes,306682,TECH-142,True
MNT-105760,VH-3919,2024-07-08,Emergency,2294.2048643771736,102.2314945015255,"Oil Change,HVAC",48532,TECH-144,False
MNT-105761,VH-1059,2024-05-01,Preventive,346.20557341154927,1.0,"HVAC,Suspension",179341,TECH-141,False
MNT-105762,VH-9394,2023-09-23,Preventive,431.49728805996534,6.549116090920396,"Suspension,Electrical",179034,TECH-196,True
MNT-105763,VH-1620,2023-11-07,Corrective,1384.8897759807617,7.68166310478158,Oil Change,432836,TECH-184,True
MNT-105764,VH-5635,2023-05-08,Preventive,514.7262134499429,1.0606026753723032,"Oil Change,Engine,Transmission",99091,TECH-114,False
MNT-105765,VH-4940,2024-04-06,Preventive,376.6574067477342,1.0,"HVAC,Tires,Brakes",374097,TECH-167,False
MNT-105766,VH-6835,2024-10-28,Scheduled,316.1185033348808,1.0,Electrical,385108,TECH-124,False
MNT-105767,VH-6636,2023-09-15,Scheduled,340.7949585209579,1.990709172122048,"Oil Change,Tires",109175,TECH-175,False
MNT-105768,VH-5028,2024-03-07,Preventive,452.6437896373804,3.2451467970936867,Engine,383833,TECH-138,False
MNT-105769,VH-7832,2023-03-26,Corrective,1540.3409701354622,7.083634669880954,"HVAC,Oil Change,Suspension",18186,TECH-117,False
MNT-105770,VH-2625,2023-11-06,Corrective,1833.4704758713838,5.225348598395357,"Electrical,Suspension,HVAC",52207,TECH-136,False
MNT-105771,VH-6473,2024-11-17,Preventive,470.7613834346727,10.8594975133654,"Electrical,Oil Change,Engine",414313,TECH-156,False
MNT-105772,VH-9682,2024-10-31,Preventive,580.6653102046728,4.81394507493665,Electrical,385638,TECH-151,True
MNT-105773,VH-8857,2024-03-28,Emergency,1984.2188486316961,2.969469609736959,"Electrical,HVAC,Oil Change",308461,TECH-152,False
MNT-105774,VH-1092,2024-03-28,Preventive,342.7016693880372,1.5402068644949602,"Electrical,Oil Change",111220,TECH-166,False
MNT-105775,VH-2536,2023-09-24,Preventive,696.7645346051527,6.646716459213157,"HVAC,Engine",429271,TECH-158,False
MNT-105776,VH-5635,2024-10-14,Preventive,712.2129889993148,1.0,"Tires,Electrical",41367,TECH-164,False
MNT-105777,VH-8857,2023-06-21,Emergency,2578.825455502597,24.31174910053929,"Transmission,Tires,Brakes",491791,TECH-101,False
MNT-105778,VH-7807,2024-04-15,Corrective,1908.4415639477297,12.778335534284341,"Tires,Suspension",412070,TECH-111,False
MNT-105779,VH-3317,2023-01-16,Preventive,357.26039888353876,1.0,"Tires,Transmission,Suspension",131158,TECH-166,False
MNT-105780,VH-1366,2023-04-11,Scheduled,342.17197897688135,4.448146710532529,"Transmission,Oil Change,Brakes",16821,TECH-142,True
MNT-105781,VH-8468,2023-08-13,Corrective,1160.0968324365112,3.244411621458439,"Electrical,HVAC",278033,TECH-118,False
MNT-105782,VH-8923,2024-08-14,Emergency,1804.2651921584663,6.712551682026662,Tires,189723,TECH-171,False
MNT-105783,VH-5672,2024-10-19,Preventive,407.55663489464007,11.343985422367808,HVAC,141502,TECH-150,False
MNT-105784,VH-3450,2024-12-15,Corrective,2159.6682235619774,1.149360224597285,"Tires,Transmission,Oil Change",334631,TECH-119,False
MNT-105785,VH-5056,2024-04-12,Preventive,613.4404264870767,1.6586776676406778,"HVAC,Engine,Oil Change",419102,TECH-149,False
MNT-105786,VH-8176,2024-09-08,Corrective,1428.5415069017354,4.22461006805813,HVAC,87354,TECH-111,False
MNT-105787,VH-6346,2024-10-13,Corrective,1967.698754324288,12.196981088138408,"HVAC,Suspension,Brakes",154441,TECH-142,False
MNT-105788,VH-9710,2023-10-25,Preventive,521.0334745949466,1.0,Brakes,90068,TECH-131,False
MNT-105789,VH-2216,2024-02-18,Preventive,356.1809983473813,1.0,"Electrical,Suspension",322928,TECH-102,False
MNT-105790,VH-8653,2023-09-11,Preventive,476.8008473149719,3.3368068212673085,"Brakes,Transmission",121773,TECH-154,False
MNT-105791,VH-8296,2024-09-18,Preventive,517.292302873776,2.3494772318814228,Tires,243700,TECH-142,False
MNT-105792,VH-2084,2023-10-04,Emergency,2227.671523090392,1.0,"HVAC,Suspension",296605,TECH-199,False
MNT-105793,VH-2549,2024-12-02,Corrective,505.8617225416167,21.67240641051851,"Electrical,Transmission",24314,TECH-191,True
MNT-105794,VH-1468,2024-01-30,Corrective,682.7256032049348,19.716150404387964,"Brakes,Transmission,Electrical",96282,TECH-179,True
MNT-105795,VH-8790,2023-12-09,Preventive,460.67132393527555,5.800519897994377,"Tires,Suspension,HVAC",295454,TECH-104,True
MNT-105796,VH-7693,2024-07-30,Preventive,428.68554380334507,1.0,"Oil Change,Suspension,Electrical",161013,TECH-183,True
MNT-105797,VH-6463,2024-03-11,Emergency,2781.8991227696292,14.018926278764557,"Oil Change,Suspension,Transmission",67592,TECH-124,True
MNT-105798,VH-9737,2024-10-15,Preventive,474.6509438291798,1.0,Oil Change,145072,TECH-124,False
MNT-105799,VH-9887,2023-02-11,Preventive,457.9361806240315,19.08685494214419,HVAC,453435,TECH-159,False
MNT-105800,VH-4688,2023-04-15,Scheduled,294.2805297977872,1.806152998863398,"Suspension,Oil Change",138946,TECH-120,False
MNT-105801,VH-3967,2023-08-10,Preventive,483.24916748817407,3.7235224753102876,"Engine,Suspension",449388,TECH-185,False
MNT-105802,VH-8316,2024-06-06,Preventive,733.7471861616343,2.5572919470027045,"HVAC,Tires,Engine",373864,TECH-169,False
MNT-105803,VH-2489,2024-02-14,Corrective,2217.621126179364,16.750950695416233,"Engine,Transmission",357451,TECH-106,False
MNT-105804,VH-4106,2024-05-20,Scheduled,271.20296064903494,4.804708316573817,"Engine,Tires,Electrical",23139,TECH-179,False
MNT-105805,VH-8563,2024-09-16,Corrective,1391.6500114032842,6.826426053087145,"Suspension,Tires,Transmission",432966,TECH-105,False
MNT-105806,VH-7166,2024-12-22,Preventive,453.6675082737989,1.614704660860148,"Engine,Brakes",415767,TECH-144,False
MNT-105807,VH-1461,2024-06-17,Emergency,1672.7794431200855,10.141681302993357,Brakes,21666,TECH-131,False
MNT-105808,VH-2393,2023-04-02,Preventive,495.42987301368805,1.0,Engine,467555,TECH-193,True
MNT-105809,VH-6963,2023-06-03,Preventive,278.1172703256209,1.0,"Suspension,Transmission",444532,TECH-180,False
MNT-105810,VH-2506,2024-10-11,Corrective,187.47722234216155,2.7397483941503107,"Engine,Electrical,Brakes",18001,TECH-105,True
MNT-105811,VH-7688,2024-06-17,Corrective,926.9897594987838,2.466509065751987,"HVAC,Tires",433462,TECH-104,False
MNT-105812,VH-1835,2024-03-17,Preventive,591.879246571208,1.2851370699703157,Transmission,410234,TECH-131,True
MNT-105813,VH-5635,2024-05-30,Corrective,1151.6349863361493,5.397370944577881,"Electrical,Tires",110750,TECH-185,False
MNT-105814,VH-7686,2024-12-09,Corrective,1500.7347068201407,13.936746700417245,"Brakes,Electrical",252771,TECH-191,False
MNT-105815,VH-4503,2023-04-10,Corrective,1680.8628325273617,8.574769818405667,"HVAC,Suspension,Brakes",192490,TECH-141,False
MNT-105816,VH-7863,2023-02-08,Corrective,1134.4115555511569,9.096792704938505,"Tires,Suspension",484828,TECH-154,True
MNT-105817,VH-3125,2024-09-15,Preventive,190.923420423704,1.0,"Tires,HVAC",448039,TECH-104,True
MNT-105818,VH-3776,2024-09-03,Preventive,337.4117771452157,16.02446954151679,"Suspension,Transmission,Brakes",80283,TECH-156,False
MNT-105819,VH-3348,2024-09-30,Preventive,484.03753639564354,1.0,"Brakes,Transmission,Engine",285380,TECH-193,True
MNT-105820,VH-1823,2024-07-21,Corrective,1985.8969608164568,2.5343094385301304,"Tires,HVAC,Electrical",330672,TECH-186,False
MNT-105821,VH-6636,2024-12-08,Corrective,1476.3752283796973,12.928280909286386,Brakes,379806,TECH-152,False
MNT-105822,VH-6985,2023-10-26,Preventive,445.58586724019693,3.4507525604427274,"Tires,Suspension",478823,TECH-175,False
MNT-105823,VH-7688,2024-05-22,Preventive,595.2203324716012,1.985237284762214,"Tires,Suspension",155321,TECH-151,False
MNT-105824,VH-4716,2024-06-03,Corrective,1395.9821878452906,8.07636540661974,"Oil Change,Brakes,Engine",13785,TECH-133,True
MNT-105825,VH-1475,2024-10-13,Preventive,228.807326033217,1.5784252082313186,"Engine,Tires",82807,TECH-166,False
MNT-105826,VH-4862,2023-05-08,Preventive,540.878203638211,3.959561331327219,"Transmission,Engine",390512,TECH-186,True
MNT-105827,VH-8866,2024-09-29,Emergency,2977.257356472099,13.504126877089888,"HVAC,Oil Change,Transmission",498948,TECH-121,False
MNT-105828,VH-1885,2023-11-29,Preventive,615.0039664067892,5.113145063516225,"Transmission,Engine,HVAC",428459,TECH-195,False
MNT-105829,VH-2391,2024-02-14,Preventive,401.8803828181102,10.079974228529569,"Oil Change,Brakes,Engine",496438,TECH-115,False
MNT-105830,VH-8103,2024-12-12,Corrective,1352.8153572435183,27.489895367260267,"Suspension,Electrical,Brakes",136141,TECH-112,False
MNT-105831,VH-2372,2023-09-18,Corrective,2106.7518971822765,11.727822975970586,"Suspension,Oil Change,Tires",255109,TECH-107,True
MNT-105832,VH-8790,2024-06-18,Corrective,915.8535152422253,12.967780783755344,Tires,108425,TECH-155,True
MNT-105833,VH-8664,2024-10-17,Corrective,1089.3076407545764,10.579103078060896,"Oil Change,HVAC,Suspension",170769,TECH-129,False
MNT-105834,VH-7359,2024-02-19,Scheduled,202.36670893061572,1.0,"Suspension,Electrical,Tires",300497,TECH-137,False
MNT-105835,VH-5717,2024-11-18,Preventive,200.5620909183341,2.3625185313216464,Oil Change,226421,TECH-111,False
MNT-105836,VH-8664,2024-01-16,Corrective,1088.8572772251441,1.0,Tires,335184,TECH-142,True
MNT-105837,VH-2489,2023-03-24,Preventive,579.9298461314894,1.0,HVAC,231089,TECH-156,False
MNT-105838,VH-9772,2023-03-12,Preventive,852.7924748476155,8.331948235717645,"Engine,Suspension,Tires",292194,TECH-193,True
MNT-105839,VH-9723,2023-11-13,Corrective,1363.5948482552571,1.0,Brakes,237695,TECH-177,False
MNT-105840,VH-8923,2024-06-17,Corrective,1593.395174520589,25.434998727988045,"Transmission,Engine",69371,TECH-182,True
MNT-105841,VH-3278,2023-01-17,Emergency,1497.4568590661697,22.35463730372866,Tires,147795,TECH-154,False
MNT-105842,VH-1844,2023-04-27,Corrective,1024.478822873029,3.0180785850884866,"Tires,Electrical,Suspension",116194,TECH-125,False
MNT-105843,VH-3092,2024-09-06,Preventive,426.46298476936494,2.2037499946251877,Engine,34912,TECH-197,False
MNT-105844,VH-3605,2024-03-07,Preventive,453.56052343212036,7.282410192999833,"Transmission,Suspension,Electrical",25725,TECH-138,True
MNT-105845,VH-7741,2023-07-12,Preventive,585.6374659335745,2.3556411531366677,"Electrical,Transmission,Brakes",34180,TECH-126,False
MNT-105846,VH-3927,2024-07-03,Scheduled,206.45400460787536,1.8939954805506598,Oil Change,170356,TECH-118,False
MNT-105847,VH-2625,2024-06-22,Preventive,513.2478940696075,1.0,"HVAC,Suspension,Engine",147374,TECH-131,False
MNT-105848,VH-2216,2024-03-12,Preventive,608.9517059465202,10.66308798690628,"Electrical,Tires",255168,TECH-116,True
MNT-105849,VH-4503,2023-08-26,Preventive,615.5511010740694,1.0,Oil Change,227419,TECH-125,True
MNT-105850,VH-3214,2023-04-14,Preventive,434.279648253624,3.8739755936286477,"Engine,HVAC",421655,TECH-170,False
MNT-105851,VH-4890,2023-03-12,Scheduled,457.1695617681171,5.057178507990833,"Oil Change,Engine,HVAC",294162,TECH-114,False
MNT-105852,VH-2464,2023-12-27,Corrective,1313.9462432538812,1.0,"HVAC,Suspension",418418,TECH-157,False
MNT-105853,VH-3490,2024-09-11,Preventive,352.814471273245,1.1270081679120865,"Oil Change,Suspension",224004,TECH-163,False
MNT-105854,VH-8547,2024-11-26,Preventive,369.5271925606211,3.891261887254837,Tires,460759,TECH-107,False
MNT-105855,VH-7166,2023-11-06,Corrective,1124.8295892396602,9.006612301607507,"Brakes,Engine,HVAC",334003,TECH-179,False
MNT-105856,VH-1475,2023-09-06,Emergency,2270.839933525682,6.721968971651986,HVAC,472782,TECH-180,False
MNT-105857,VH-8376,2023-05-16,Preventive,451.71543789198006,14.299046422436344,HVAC,386013,TECH-191,False
MNT-105858,VH-2559,2024-10-06,Corrective,1272.4873969002829,19.996301243312757,"Electrical,HVAC",58854,TECH-188,False
MNT-105859,VH-6323,2023-02-16,Corrective,1656.3305643727895,12.46939959716481,"Oil Change,Brakes,Electrical",52598,TECH-190,True
MNT-105860,VH-4940,2023-01-29,Preventive,918.1950158758559,1.0,Brakes,192629,TECH-155,False
MNT-105861,VH-9682,2024-08-13,Corrective,861.2151064708858,16.644623072404944,"Suspension,Engine",463280,TECH-128,True
MNT-105862,VH-5714,2024-09-01,Corrective,1372.517125333175,5.543736821445997,"Electrical,Tires,Oil Change",173212,TECH-113,False
MNT-105863,VH-6835,2024-10-05,Preventive,418.8407804205907,1.0,"HVAC,Tires,Electrical",172845,TECH-125,False
MNT-105864,VH-6019,2023-08-13,Emergency,4290.817686007239,7.485415603495363,"Oil Change,Engine",147492,TECH-133,False
MNT-105865,VH-7686,2023-03-13,Preventive,508.21017610287635,4.311113623583412,"Transmission,Electrical",487886,TECH-148,False
MNT-105866,VH-4984,2024-06-07,Corrective,692.7453806824336,6.46809922538619,"HVAC,Engine,Transmission",126576,TECH-168,False
MNT-105867,VH-7922,2024-10-12,Corrective,594.1668446331289,1.0,"Suspension,Transmission",437808,TECH-167,False
MNT-105868,VH-3092,2024-11-05,Preventive,740.1007042290996,10.4361090428498,"Transmission,Brakes,HVAC",484373,TECH-133,False
MNT-105869,VH-5226,2023-10-22,Corrective,1745.466274317246,9.442767781861814,Tires,219099,TECH-106,False
MNT-105870,VH-8918,2024-03-09,Preventive,614.8538112600497,1.8595762010356116,Oil Change,105382,TECH-184,True
MNT-105871,VH-7657,2023-08-01,Preventive,710.3328552901204,4.209144333710151,"Oil Change,Tires",329209,TECH-192,False
MNT-105872,VH-1215,2023-09-27,Corrective,1462.9800455340865,28.327217766915425,"HVAC,Electrical",268407,TECH-170,False
MNT-105873,VH-2587,2023-07-25,Preventive,564.6053525430277,8.51749453443343,"HVAC,Electrical,Tires",312566,TECH-101,False
MNT-105874,VH-4753,2023-11-12,Scheduled,391.93378905880763,6.742964546632063,"Oil Change,HVAC,Suspension",191589,TECH-154,False
MNT-105875,VH-7657,2023-06-05,Preventive,440.3399529121467,2.669766065596862,"HVAC,Electrical",98154,TECH-184,True
MNT-105876,VH-6963,2023-01-13,Corrective,872.8497885563196,31.95180472628784,HVAC,378792,TECH-172,False
MNT-105877,VH-8468,2023-08-31,Preventive,644.9050895592279,1.422456116862986,"Transmission,HVAC",28635,TECH-128,False
MNT-105878,VH-5912,2024-12-22,Preventive,564.8133884640532,15.606175451830607,"Electrical,Suspension,HVAC",59881,TECH-169,False
MNT-105879,VH-3618,2024-06-28,Preventive,517.575341666124,1.0433770811221166,"Suspension,Brakes",280074,TECH-143,False
MNT-105880,VH-5714,2023-11-15,Preventive,559.8532470551587,13.051012307397475,"Tires,Suspension",38402,TECH-190,True
MNT-105881,VH-2084,2023-07-07,Corrective,1380.6942266882227,4.528082844321407,"Engine,Tires,Suspension",260738,TECH-118,False
MNT-105882,VH-8376,2023-06-30,Preventive,795.8761769950422,14.553456795528803,Suspension,217053,TECH-164,True
MNT-105883,VH-4716,2024-11-10,Preventive,582.9276612809736,3.37831090676056,"Suspension,Transmission,Engine",296030,TECH-100,True
MNT-105884,VH-1716,2024-10-31,Corrective,1172.826550551282,16.386067453547536,Suspension,490079,TECH-139,True
MNT-105885,VH-9522,2024-08-29,Corrective,1379.6106889308323,5.93311965149736,"Engine,Suspension,Transmission",93656,TECH-178,False
MNT-105886,VH-6071,2024-08-16,Emergency,1247.9133243631827,22.34968465735674,"Oil Change,Brakes,Engine",398051,TECH-135,False
MNT-105887,VH-6323,2024-01-01,Preventive,385.848534720074,9.059811395604003,Tires,325669,TECH-104,False
MNT-105888,VH-7311,2023-08-04,Corrective,1656.5321543468012,11.108890172947184,"Suspension,Engine,Electrical",437966,TECH-118,True
MNT-105889,VH-3618,2023-12-04,Preventive,646.6401915329927,15.912478513847272,"Brakes,Electrical",242181,TECH-169,False
MNT-105890,VH-4862,2023-10-17,Preventive,351.2895661219645,5.346330939804603,Electrical,451121,TECH-109,False
MNT-105891,VH-5991,2023-03-16,Preventive,561.8085459068582,2.5554842765576335,"Suspension,Oil Change",255083,TECH-136,True
MNT-105892,VH-7686,2023-08-28,Preventive,413.86027663663225,1.0,Tires,93439,TECH-163,True
MNT-105893,VH-5203,2024-10-06,Corrective,1101.0360520269437,2.290412532573492,"Suspension,Brakes,Electrical",466765,TECH-105,True
MNT-105894,VH-5478,2024-09-28,Corrective,1204.3523807790632,4.290321698724169,"Engine,HVAC,Oil Change",184253,TECH-174,False
MNT-105895,VH-4743,2023-07-03,Preventive,255.03698115981075,3.593652634638076,"Suspension,HVAC",37728,TECH-194,False
MNT-105896,VH-1366,2024-11-27,Emergency,2127.0252072565695,1.0,"Suspension,Oil Change",349460,TECH-182,True
MNT-105897,VH-2381,2024-01-07,Preventive,566.0967269257013,11.898897028412703,"Electrical,Tires,Brakes",275851,TECH-104,False
MNT-105898,VH-7171,2024-11-07,Preventive,400.2660916902287,4.945823650898948,"Oil Change,Electrical,Suspension",41405,TECH-171,True
MNT-105899,VH-8639,2024-06-04,Scheduled,348.09745317158223,1.006988069056131,Tires,414532,TECH-119,True
MNT-105900,VH-2290,2024-08-23,Corrective,2109.7956503943296,1.5120990888673334,"Oil Change,Brakes,Electrical",244236,TECH-155,True
MNT-105901,VH-5670,2023-06-18,Preventive,623.1569893696114,7.675867207853503,Suspension,451396,TECH-133,False
MNT-105902,VH-6636,2024-07-15,Corrective,904.642243640088,9.10229658263594,Transmission,110978,TECH-106,False
MNT-105903,VH-2464,2024-08-02,Scheduled,358.45593216267974,2.9379836814162603,Engine,71518,TECH-169,False
MNT-105904,VH-1835,2023-11-05,Preventive,243.73218527700203,4.953501236038771,"Tires,Oil Change,Brakes",295019,TECH-133,True
MNT-105905,VH-9824,2024-02-01,Preventive,422.38551345838175,1.6683946119489337,"Transmission,Tires,Suspension",485719,TECH-115,False
MNT-105906,VH-9393,2023-08-26,Scheduled,398.97918090050314,9.363439086221787,"Transmission,Electrical,Suspension",69764,TECH-101,False
MNT-105907,VH-9948,2024-07-29,Corrective,660.6886240023911,37.668057169190845,"HVAC,Oil Change",261019,TECH-171,False
MNT-105908,VH-7693,2024-11-21,Preventive,521.5055175343414,1.3950277131714874,Electrical,470576,TECH-158,False
MNT-105909,VH-3618,2024-09-09,Corrective,1581.0281031822349,6.628178404423636,"Tires,Engine,Oil Change",151635,TECH-180,False
MNT-105910,VH-5912,2024-08-19,Preventive,418.322172976601,6.264123615121771,"Transmission,HVAC",128672,TECH-191,True
MNT-105911,VH-3618,2024-09-17,Preventive,409.244822759469,2.0233829278478797,Oil Change,10760,TECH-180,False
MNT-105912,VH-6106,2024-04-02,Emergency,1721.1756096283173,37.770306893044086,"Oil Change,Tires",71915,TECH-137,False
MNT-105913,VH-2422,2023-08-21,Preventive,581.5090190177617,2.497874331406184,"Oil Change,Tires",308073,TECH-164,False
MNT-105914,VH-3233,2024-08-28,Preventive,541.4294703144064,1.0,"Engine,HVAC,Tires",207567,TECH-155,False
MNT-105915,VH-1059,2024-11-21,Preventive,516.2991558428232,4.562549381586442,"Engine,Brakes",316494,TECH-118,True
MNT-105916,VH-3233,2023-09-10,Preventive,518.0788639237599,1.0,Engine,477837,TECH-186,False
MNT-105917,VH-1391,2023-10-22,Corrective,956.2117110964988,12.957769363521251,"Tires,Engine,Suspension",78050,TECH-150,True
MNT-105918,VH-2549,2024-09-12,Preventive,517.183726139185,3.6820578654650573,Transmission,462529,TECH-138,False
MNT-105919,VH-5360,2024-08-24,Preventive,638.4997418095668,1.0,"Brakes,Transmission,Engine",125573,TECH-106,True
MNT-105920,VH-8918,2023-11-24,Preventive,498.45246090051205,1.0,Oil Change,215652,TECH-197,False
MNT-105921,VH-2216,2024-05-01,Preventive,335.625966430462,2.4779434989172335,"Brakes,Oil Change,Suspension",466045,TECH-116,True
MNT-105922,VH-1093,2024-05-05,Preventive,530.8028690272179,2.634326318420445,"Oil Change,Suspension,Brakes",220879,TECH-181,False
MNT-105923,VH-1059,2023-02-19,Preventive,559.2585716757205,2.045449199259518,"Transmission,Brakes",263038,TECH-175,False
MNT-105924,VH-9723,2024-03-02,Preventive,524.9600610196115,1.2532627852038967,"Engine,Brakes,Suspension",424946,TECH-101,False
MNT-105925,VH-9824,2024-05-24,Preventive,652.2346515610899,1.0,Electrical,40906,TECH-158,True
MNT-105926,VH-3588,2024-03-27,Preventive,377.71783869751516,1.0,Transmission,153367,TECH-148,False
MNT-105927,VH-2559,2023-08-20,Preventive,368.6099234733736,3.7305911933877254,"Suspension,HVAC",497229,TECH-120,False
MNT-105928,VH-9152,2023-10-15,Preventive,544.2094478372858,4.498228422593915,"Brakes,Engine,Transmission",46476,TECH-198,True
MNT-105929,VH-7657,2024-02-21,Corrective,1900.073656132066,13.388298219143802,"Transmission,Tires",237292,TECH-140,False
MNT-105930,VH-7166,2023-05-30,Preventive,484.20655500512214,3.4004701694749273,"Engine,HVAC,Oil Change",43198,TECH-199,True
MNT-105931,VH-5360,2024-06-26,Corrective,1563.304433588024,12.162063735948498,Transmission,405682,TECH-124,True
MNT-105932,VH-2357,2023-10-02,Corrective,1110.7742767225968,6.094602987822916,"Oil Change,Transmission,Brakes",430558,TECH-161,True
MNT-105933,VH-3814,2023-01-09,Scheduled,216.69920050421757,3.562069724941181,"Suspension,Electrical,Tires",197531,TECH-125,False
MNT-105934,VH-1169,2023-05-02,Preventive,336.50878557065744,2.1146593155260223,Engine,44059,TECH-193,True
MNT-105935,VH-7311,2024-01-15,Emergency,3475.399919464137,4.176551012211442,"Engine,Tires",61670,TECH-199,True
MNT-105936,VH-1169,2023-12-05,Preventive,612.3925275263346,1.9702752525777047,"Electrical,Brakes,Engine",418009,TECH-174,True
MNT-105937,VH-1169,2024-04-23,Preventive,393.8006784026273,1.098927606692915,Suspension,357488,TECH-126,False
MNT-105938,VH-6106,2024-03-08,Emergency,1862.1124703969808,8.046482227136167,"Electrical,Oil Change,Engine",451314,TECH-181,False
MNT-105939,VH-3278,2024-05-05,Corrective,638.3889378812968,7.294386655775773,"Brakes,Tires",86893,TECH-183,False
MNT-105940,VH-8441,2024-01-30,Preventive,348.70249678834375,8.061128929776627,"Suspension,Brakes",38731,TECH-141,True
MNT-105941,VH-2410,2024-04-28,Corrective,186.43758537571603,1.0,"Tires,Electrical,Brakes",353273,TECH-149,True
MNT-105942,VH-8664,2024-09-17,Preventive,236.58841047079858,1.5511128799447054,Transmission,78839,TECH-111,True
MNT-105943,VH-2290,2024-03-07,Corrective,488.65490575405374,16.257662525892908,"Suspension,HVAC,Brakes",464766,TECH-132,True
MNT-105944,VH-1620,2023-05-26,Preventive,487.99642204783083,2.671718910532215,"Transmission,Engine",258324,TECH-141,False
MNT-105945,VH-6718,2024-08-24,Preventive,413.36627918329424,1.0,Oil Change,222641,TECH-103,False
MNT-105946,VH-9152,2024-05-06,Corrective,1433.8049667592763,13.37633147810244,"Electrical,Engine",414917,TECH-150,True
MNT-105947,VH-6463,2023-10-29,Preventive,487.9068449185813,1.0,"Suspension,Engine,Oil Change",30938,TECH-115,False
MNT-105948,VH-5672,2023-07-04,Preventive,611.8203572078604,8.02214257175021,"Suspension,Oil Change,HVAC",429365,TECH-163,False
MNT-105949,VH-6963,2024-08-19,Emergency,3098.516514433633,12.405555229450373,Suspension,382862,TECH-132,False
MNT-105950,VH-4716,2024-10-05,Corrective,891.41339822362,1.0,Oil Change,79820,TECH-139,True
MNT-105951,VH-1620,2024-06-14,Corrective,1644.220036196197,7.075325401840329,"Suspension,Tires",155855,TECH-189,False
MNT-105952,VH-6908,2024-03-28,Preventive,345.8844670356051,1.0,"Oil Change,Suspension",122790,TECH-198,True
MNT-105953,VH-7929,2024-11-22,Preventive,684.5986617717554,2.3654472233805617,"Suspension,Brakes",444375,TECH-126,False
MNT-105954,VH-8579,2023-08-19,Preventive,336.1132475661099,4.695597825112956,Brakes,109446,TECH-123,True
MNT-105955,VH-6718,2024-03-13,Preventive,552.5921570061968,7.147392803796202,Suspension,26918,TECH-111,False
MNT-105956,VH-1072,2024-05-30,Corrective,1165.6049047317522,11.949245435065695,Transmission,244832,TECH-168,False
MNT-105957,VH-2410,2024-04-26,Preventive,610.8585805884685,9.933739561438022,"Oil Change,Tires,Electrical",347415,TECH-196,False
MNT-105958,VH-3776,2024-11-25,Preventive,555.9090452515145,3.5373792756390285,HVAC,298171,TECH-194,False
MNT-105959,VH-9008,2024-06-13,Preventive,548.9142784168802,2.448845712969799,"Suspension,Electrical",428287,TECH-143,True
MNT-105960,VH-9801,2024-11-23,Preventive,400.555192892738,1.1697019419619763,"Tires,Engine",493214,TECH-169,True
MNT-105961,VH-4057,2023-10-29,Corrective,1803.0941565173487,6.590483850523097,"Transmission,HVAC",17377,TECH-183,True
MNT-105962,VH-3927,2024-08-27,Emergency,2516.616788292049,15.345289133462344,"Engine,Suspension",13649,TECH-101,True
MNT-105963,VH-1885,2024-01-26,Preventive,595.5191429383784,3.348081965560916,Suspension,12854,TECH-196,False
MNT-105964,VH-7863,2023-03-26,Preventive,545.7449204817066,1.0,"Tires,HVAC,Engine",258004,TECH-115,True
MNT-105965,VH-8468,2024-01-06,Preventive,573.4373074138282,1.0,"Engine,Electrical",95722,TECH-138,False
MNT-105966,VH-6775,2024-01-04,Preventive,577.4787746934473,2.0736063225502077,"Engine,Transmission,HVAC",194139,TECH-151,False
MNT-105967,VH-9887,2024-01-29,Preventive,552.8670480313413,9.299681721840308,"Engine,Suspension,Electrical",453559,TECH-108,False
MNT-105968,VH-3814,2023-07-06,Corrective,1797.3819352614926,33.87453464567827,"Transmission,Oil Change",42868,TECH-193,False
MNT-105969,VH-4984,2024-12-07,Preventive,563.1181902119356,1.6798493485232795,Brakes,486482,TECH-157,False
MNT-105970,VH-2393,2023-03-13,Scheduled,330.0358193441796,1.0,"Suspension,Oil Change,Tires",216277,TECH-138,True
MNT-105971,VH-5478,2023-03-23,Corrective,1666.3533689371943,11.1251029586704,Oil Change,481408,TECH-170,False
MNT-105972,VH-6106,2024-04-14,Scheduled,556.3209246151079,1.247092390930311,Oil Change,285489,TECH-100,True
MNT-105973,VH-5360,2024-02-15,Corrective,1207.8449511674248,7.167725460053637,"Brakes,Engine",32635,TECH-164,False
MNT-105974,VH-7171,2024-02-08,Preventive,672.7572151168611,7.953437116169103,"Suspension,Engine",242687,TECH-179,True
MNT-105975,VH-5262,2024-12-21,Preventive,568.4081015970633,2.561632129166146,"HVAC,Brakes,Engine",467115,TECH-139,True
MNT-105976,VH-9723,2024-01-15,Preventive,589.0938890823547,2.9428323861651235,"HVAC,Electrical,Tires",88667,TECH-125,True
MNT-105977,VH-5028,2023-12-05,Preventive,366.73577695613864,1.891493671926228,"Electrical,Oil Change",416174,TECH-153,False
MNT-105978,VH-8532,2023-05-02,Preventive,402.2465629532697,6.570886353635314,"Oil Change,Suspension",95532,TECH-173,False
MNT-105979,VH-7311,2024-11-11,Preventive,386.42755166466395,4.532969499524494,"Suspension,HVAC,Transmission",297653,TECH-139,True
MNT-105980,VH-5844,2024-09-07,Corrective,756.7147512243414,2.9119883330177956,"Suspension,Engine",440305,TECH-143,False
MNT-105981,VH-2915,2024-08-09,Emergency,1414.4330414977373,4.604136355647377,"Brakes,Engine,Oil Change",18662,TECH-129,False
MNT-105982,VH-1059,2024-03-05,Preventive,650.3995134227705,7.8567900799483885,"Transmission,HVAC",447333,TECH-107,True
MNT-105983,VH-6709,2023-08-22,Emergency,1166.208643776763,52.7253428573142,"HVAC,Oil Change",48227,TECH-127,True
MNT-105984,VH-7311,2024-08-24,Preventive,602.1583843881472,1.0,"Electrical,Engine,Oil Change",280995,TECH-169,False
MNT-105985,VH-8445,2024-06-16,Preventive,349.13859694382865,2.445714203239499,HVAC,477258,TECH-161,False
MNT-105986,VH-1131,2024-07-30,Preventive,143.93166301836465,6.737076032790902,"Transmission,Oil Change",467797,TECH-147,False
MNT-105987,VH-4247,2023-07-19,Preventive,220.4282391246971,1.0,"Brakes,Engine,Oil Change",169550,TECH-181,False
MNT-105988,VH-9682,2024-05-06,Preventive,436.26400896205035,3.6884164128160295,"Transmission,Suspension,Oil Change",184031,TECH-107,False
MNT-105989,VH-3125,2024-07-29,Preventive,620.6109070425215,5.051375950079134,Tires,268137,TECH-158,False
MNT-105990,VH-3671,2023-09-10,Corrective,775.6071656713427,42.82774666895796,Engine,413924,TECH-114,False
MNT-105991,VH-7171,2024-08-26,Corrective,224.51071900699924,1.0107388206001915,"Engine,Tires",354171,TECH-176,True
MNT-105992,VH-9862,2023-12-30,Preventive,362.6818752561967,4.110043418606191,"Oil Change,Transmission",14454,TECH-142,False
MNT-105993,VH-1169,2023-09-11,Preventive,302.3303557449626,1.0,Suspension,154799,TECH-179,False
MNT-105994,VH-7359,2023-02-17,Preventive,548.8125084367466,5.144017294847183,Brakes,390017,TECH-100,False
MNT-105995,VH-6605,2023-07-24,Preventive,191.28186703693154,3.6779043377781417,"Electrical,Transmission,Brakes",182814,TECH-132,False
MNT-105996,VH-5672,2023-10-23,Preventive,510.62832955833494,11.936745494572207,"HVAC,Suspension,Tires",496241,TECH-143,False
MNT-105997,VH-1366,2024-07-23,Preventive,624.4264063811363,8.853396129149889,"Brakes,Electrical,Oil Change",49106,TECH-198,False
MNT-105998,VH-8468,2024-01-15,Corrective,1500.8192001456732,13.015077800105844,Oil Change,201403,TECH-121,False
MNT-105999,VH-8000,2023-06-02,Corrective,768.8523010009545,16.580401648034933,"Electrical,Engine",425972,TECH-170,False
MNT-106000,VH-9008,2024-03-05,Corrective,845.157084302253,1.5188644666387856,"Suspension,Electrical,Brakes",394428,TECH-199,True
MNT-106001,VH-8176,2023-08-07,Preventive,478.2560161007949,6.170598269997928,Transmission,243330,TECH-174,True
MNT-106002,VH-1366,2024-04-25,Corrective,1305.470910919091,15.225484394447225,"Brakes,Transmission,HVAC",211791,TECH-129,False
MNT-106003,VH-8918,2023-05-08,Emergency,2140.4949143141557,1.0,"Tires,Brakes",236460,TECH-117,False
MNT-106004,VH-4716,2023-02-14,Emergency,2087.127400622797,2.014678191090383,"HVAC,Engine,Transmission",401786,TECH-182,False
MNT-106005,VH-1366,2023-12-11,Preventive,543.2241095400157,7.099851801560274,"Brakes,Suspension,Engine",154661,TECH-186,False
MNT-106006,VH-8468,2023-02-28,Preventive,232.94988526746863,1.0,"Transmission,Oil Change",94790,TECH-161,False
MNT-106007,VH-9710,2024-01-05,Preventive,411.70582101831974,6.6519927117982425,"Oil Change,Engine",74224,TECH-118,False
MNT-106008,VH-5360,2024-04-21,Preventive,595.968791881129,1.34073889677023,"Brakes,Oil Change",358487,TECH-191,False
MNT-106009,VH-2084,2024-06-22,Corrective,1466.7048381371028,1.213983848468836,"Electrical,Suspension",181636,TECH-178,False
MNT-106010,VH-9029,2024-11-29,Preventive,395.92900852818843,1.0,"Suspension,Oil Change,Tires",36637,TECH-136,False
MNT-106011,VH-4001,2023-12-05,Corrective,968.4443375859702,9.020199922887763,"Brakes,Transmission,HVAC",229306,TECH-184,False
MNT-106012,VH-3039,2023-07-30,Preventive,718.1026188452486,1.3639837605478027,"Oil Change,Brakes,HVAC",239855,TECH-167,True
MNT-106013,VH-6253,2024-05-31,Preventive,807.9272066657767,3.097130776385638,"Brakes,Transmission,Electrical",36304,TECH-139,False
MNT-106014,VH-1093,2023-10-20,Corrective,1478.0710144374893,6.1463049855253065,HVAC,331910,TECH-189,True
MNT-106015,VH-6443,2024-04-04,Scheduled,418.85999200264416,3.955497344045739,"HVAC,Transmission,Engine",131368,TECH-142,True
MNT-106016,VH-3233,2024-11-03,Emergency,2822.1710783999415,78.14991572993853,"Suspension,Brakes",285203,TECH-179,False
MNT-106017,VH-9516,2023-06-13,Corrective,825.7978809033873,11.857993469050852,"Brakes,Tires",124438,TECH-151,False
MNT-106018,VH-1131,2023-11-20,Scheduled,258.5582173896321,1.351276672624923,"Electrical,Brakes",209680,TECH-167,False
MNT-106019,VH-8445,2024-03-02,Preventive,662.5648495761634,12.12523117681243,"Tires,HVAC",489553,TECH-147,False
MNT-106020,VH-2915,2023-04-12,Preventive,557.6794666558848,1.6974328995706387,"Electrical,Suspension,Oil Change",485633,TECH-161,True
MNT-106021,VH-1620,2024-08-26,Scheduled,347.31227826068385,1.8535429584999061,Tires,178081,TECH-152,False
MNT-106022,VH-8593,2023-11-27,Preventive,346.8635100368614,2.6623172401198767,HVAC,495188,TECH-116,True
MNT-106023,VH-3605,2023-08-11,Corrective,645.9488417759059,24.07646506087078,"Suspension,Brakes",399612,TECH-111,True
MNT-106024,VH-3132,2023-04-18,Corrective,1433.8446634607271,2.17365828931867,Engine,267828,TECH-153,False
MNT-106025,VH-9801,2024-02-21,Corrective,1794.8308087425648,21.031139915625065,"Engine,Transmission",158512,TECH-167,False
MNT-106026,VH-1366,2023-07-18,Corrective,809.460812107174,28.997379666507868,"Electrical,Transmission,Engine",43874,TECH-142,False
MNT-106027,VH-5912,2024-05-29,Corrective,1070.1379271412738,1.4764208845748743,"Oil Change,HVAC,Engine",451209,TECH-149,False
MNT-106028,VH-2393,2024-03-17,Preventive,754.5641420382921,12.44490708946596,"Suspension,HVAC",255061,TECH-124,False
MNT-106029,VH-9824,2023-01-12,Corrective,1923.3047636040378,33.98077739751279,"Suspension,Oil Change",296649,TECH-118,False
MNT-106030,VH-3278,2024-09-26,Corrective,1505.5497276744982,1.0,HVAC,199021,TECH-147,False
MNT-106031,VH-9710,2023-03-18,Scheduled,336.45788790655405,2.2554331238129097,Engine,446506,TECH-147,False
MNT-106032,VH-9152,2024-06-10,Preventive,704.4187339195103,1.0,"Electrical,HVAC,Tires",132713,TECH-178,False
MNT-106033,VH-7918,2024-04-24,Preventive,522.1232198853165,15.870903395667893,"Brakes,HVAC,Transmission",278954,TECH-102,True
MNT-106034,VH-9029,2024-11-07,Corrective,1495.1429518680939,6.594892552000042,"Tires,Brakes,HVAC",303762,TECH-197,False
MNT-106035,VH-5991,2023-08-10,Corrective,1346.7460287845945,11.787655803363707,Suspension,301966,TECH-160,True
MNT-106036,VH-3588,2023-02-06,Preventive,546.9531834190788,7.158013886847684,"Transmission,Brakes,Electrical",89975,TECH-145,False
MNT-106037,VH-5547,2023-04-13,Corrective,1305.88630005352,26.33066669196043,Electrical,59531,TECH-104,True
MNT-106038,VH-3927,2023-01-31,Scheduled,422.2678903592862,1.0,"Suspension,Electrical,Oil Change",66979,TECH-182,False
MNT-106039,VH-8532,2024-08-08,Corrective,1811.0515787524168,3.20044038280218,Engine,389529,TECH-171,False
MNT-106040,VH-5386,2024-07-22,Emergency,3176.51387792431,13.227938926244548,Tires,409971,TECH-143,True
MNT-106041,VH-2549,2023-05-17,Preventive,524.1024712962031,1.0,"Transmission,Brakes,Electrical",394711,TECH-138,False
MNT-106042,VH-1475,2024-03-15,Preventive,348.8266525962939,10.254368383878937,Brakes,55718,TECH-147,False
MNT-106043,VH-9432,2023-08-19,Preventive,406.7182186334772,2.084101585294486,"HVAC,Oil Change",335768,TECH-133,False
MNT-106044,VH-5203,2024-07-04,Preventive,429.91176434306203,7.6369470281617,"Electrical,Engine",244797,TECH-132,True
MNT-106045,VH-4688,2024-01-09,Emergency,2473.4794736125964,21.051125046831128,"Suspension,Oil Change",135880,TECH-121,False
MNT-106046,VH-9105,2023-12-04,Preventive,848.4288531223024,5.105508492218369,"Electrical,HVAC",453121,TECH-107,False
MNT-106047,VH-8918,2023-11-13,Preventive,642.0144413330493,1.0781152764864275,Oil Change,349538,TECH-191,False
MNT-106048,VH-1131,2024-01-26,Preventive,245.68593719643266,17.35324930984531,Suspension,456944,TECH-156,False
MNT-106049,VH-1391,2024-10-22,Preventive,155.16115856472481,1.0,"HVAC,Engine",278517,TECH-181,False
MNT-106050,VH-5450,2023-04-26,Preventive,516.8277594694636,10.20569805687297,Tires,472334,TECH-169,True
MNT-106051,VH-9008,2023-04-19,Preventive,705.6724281251397,12.895422600974143,"Tires,Electrical",338699,TECH-101,True
MNT-106052,VH-7925,2024-03-13,Preventive,752.1791469377839,11.44484911778896,"Electrical,Engine,Oil Change",359980,TECH-152,False
MNT-106053,VH-1008,2023-11-12,Preventive,675.4663632726737,8.001394489062179,"Brakes,Suspension,Oil Change",117616,TECH-159,False
MNT-106054,VH-5684,2023-08-11,Corrective,883.4291662628647,6.874056949826891,Oil Change,493183,TECH-176,False
MNT-106055,VH-2391,2024-04-24,Emergency,3670.2729687285378,55.76356577346874,"Transmission,Tires",378980,TECH-103,True
MNT-106056,VH-1588,2024-01-21,Preventive,621.7695145575148,1.7401282846838504,"Electrical,Transmission",217893,TECH-141,False
MNT-106057,VH-1885,2023-09-22,Preventive,483.35741489910765,4.3520172093675615,"Tires,Oil Change,HVAC",374899,TECH-159,False
MNT-106058,VH-1169,2024-07-05,Preventive,501.2522759695286,1.044016837968383,"Transmission,Suspension,Engine",130783,TECH-144,False
MNT-106059,VH-4976,2024-07-14,Corrective,1160.219349042399,5.841427467235546,"Brakes,Oil Change",44818,TECH-187,False
MNT-106060,VH-7741,2024-12-21,Preventive,449.93646019289133,1.0,"Tires,Oil Change,Brakes",356506,TECH-163,True
MNT-106061,VH-6963,2023-03-19,Scheduled,282.30800437586373,3.2639962904684623,"Oil Change,HVAC",308585,TECH-169,False
MNT-106062,VH-2690,2024-11-03,Preventive,518.7156126091969,5.082617821816844,Engine,403174,TECH-196,False
MNT-106063,VH-2464,2023-08-14,Preventive,268.49445884623873,1.0,"Engine,Tires,HVAC",28272,TECH-104,True
MNT-106064,VH-2361,2024-09-01,Preventive,295.63630124017203,1.0,"Suspension,Electrical",71230,TECH-199,True
MNT-106065,VH-6037,2024-06-17,Preventive,536.0577409696405,1.0,Suspension,14052,TECH-118,False
MNT-106066,VH-1215,2023-05-31,Corrective,1836.1273555975683,22.7857210692494,Oil Change,434670,TECH-151,False
MNT-106067,VH-1420,2024-04-14,Corrective,1952.0296594035804,10.280780272730702,"Transmission,Tires,Engine",427623,TECH-106,False
MNT-106068,VH-3214,2024-05-13,Corrective,820.7564797540822,6.659994173994821,Engine,288055,TECH-105,False
MNT-106069,VH-6718,2024-08-18,Preventive,581.5648672970767,6.979108128476296,"Brakes,Electrical",326886,TECH-144,True
MNT-106070,VH-2216,2023-07-14,Preventive,327.13924268090886,3.37996608019138,"Suspension,Electrical,Brakes",42302,TECH-118,False
MNT-106071,VH-5262,2023-09-16,Preventive,592.0224257699954,5.009399968614139,"Engine,Brakes,Transmission",420595,TECH-151,False
MNT-106072,VH-9682,2023-06-01,Corrective,1520.6110043125109,3.2923776897210963,"Brakes,Oil Change",74474,TECH-173,True
MNT-106073,VH-4057,2024-02-17,Corrective,1318.6922914424272,19.80253866006803,"HVAC,Suspension",63678,TECH-171,True
MNT-106074,VH-3540,2024-07-02,Preventive,449.7230553941171,5.278022614443005,"HVAC,Engine",113910,TECH-194,False
MNT-106075,VH-4862,2024-09-29,Emergency,1845.3222668899716,4.621095837636191,"Brakes,Suspension,Transmission",127039,TECH-124,False
MNT-106076,VH-2549,2023-01-24,Preventive,799.4249506426856,1.7784672265938297,HVAC,73390,TECH-163,False
MNT-106077,VH-3125,2023-07-30,Corrective,1320.697325595707,3.6129896617292845,"Brakes,HVAC",485453,TECH-135,False
MNT-106078,VH-3490,2023-02-21,Emergency,3447.0248847216017,123.84757434747222,"Transmission,Engine,Oil Change",218589,TECH-131,False
MNT-106079,VH-8532,2024-10-01,Emergency,2794.1965488635765,55.29764540528791,"Suspension,HVAC",489395,TECH-169,False
MNT-106080,VH-6985,2023-05-17,Corrective,1823.2727407123468,3.5804195536826264,Suspension,153498,TECH-192,False
MNT-106081,VH-7832,2024-12-01,Preventive,488.1845664812478,1.509128659237095,"Electrical,Brakes,Transmission",199121,TECH-100,False
MNT-106082,VH-9516,2023-09-19,Corrective,1275.9155565628212,7.922350384133519,Suspension,496801,TECH-175,False
MNT-106083,VH-7657,2024-04-21,Corrective,541.282624455029,1.0,"Suspension,Electrical,Tires",261826,TECH-135,False
MNT-106084,VH-8959,2023-01-14,Corrective,1561.5361245693157,43.475145241939195,Oil Change,484334,TECH-140,False
MNT-106085,VH-6718,2023-05-16,Corrective,1497.9507261032727,12.392760666598162,HVAC,33324,TECH-133,True
MNT-106086,VH-5672,2024-04-27,Preventive,597.16207254122,5.482757553689978,"Engine,Tires,Suspension",453819,TECH-193,True
MNT-106087,VH-9772,2024-03-28,Preventive,459.2393814318993,1.0,"Brakes,Suspension,Transmission",307667,TECH-159,False
MNT-106088,VH-9029,2024-07-16,Emergency,2004.476061435521,4.651557421211062,"Suspension,Brakes",348055,TECH-104,False
MNT-106089,VH-6775,2023-06-14,Preventive,538.3170347040225,1.0,"HVAC,Suspension",141114,TECH-196,True
MNT-106090,VH-7918,2024-02-10,Scheduled,203.0679893285513,3.5237837082717416,"Transmission,HVAC,Suspension",57000,TECH-191,True
MNT-106091,VH-3039,2023-08-05,Corrective,835.8527843652421,52.19618024801136,"Engine,Transmission,HVAC",157390,TECH-163,True
MNT-106092,VH-1215,2024-01-22,Corrective,2058.3808891808108,1.0,Electrical,446969,TECH-127,False
MNT-106093,VH-4503,2023-01-08,Preventive,486.45139590710323,7.35903751211113,"Electrical,Suspension,Brakes",469864,TECH-108,False
MNT-106094,VH-9152,2024-03-31,Preventive,357.7903399337882,6.316918267396401,Suspension,397884,TECH-196,True
MNT-106095,VH-3473,2023-11-20,Emergency,2108.3678944481694,31.609541783570887,"Electrical,Suspension",466050,TECH-162,True
MNT-106096,VH-1844,2024-01-25,Corrective,1831.9308277568666,5.839233268947112,"Suspension,Tires,Electrical",237642,TECH-165,False
MNT-106097,VH-7657,2023-09-28,Corrective,730.7160400500111,1.5491633572785668,"Engine,Transmission",444149,TECH-194,True
MNT-106098,VH-1059,2024-08-01,Preventive,599.8392195799793,1.0,"Electrical,Suspension,Oil Change",434322,TECH-193,False
MNT-106099,VH-3450,2023-05-21,Corrective,2207.846705765661,3.851592818808258,HVAC,452308,TECH-100,False
MNT-106100,VH-2422,2023-04-12,Preventive,442.5865876900284,2.1812229338746527,"Brakes,Oil Change",148662,TECH-149,False
MNT-106101,VH-4976,2023-04-12,Corrective,1913.4263568841548,17.55343964276014,"Electrical,Engine",120639,TECH-179,True
MNT-106102,VH-1093,2024-07-01,Corrective,871.1521747992285,15.202587577113931,"Electrical,Oil Change",363244,TECH-161,True
MNT-106103,VH-1789,2023-02-26,Preventive,630.7436180211391,5.615448082994621,"Suspension,Electrical",424426,TECH-107,False
MNT-106104,VH-5226,2023-02-28,Preventive,437.76076627941586,2.9100994389452923,Oil Change,120267,TECH-145,False
MNT-106105,VH-6908,2023-12-20,Scheduled,396.952482203187,1.5685767686053496,"Transmission,HVAC,Engine",480522,TECH-149,False
MNT-106106,VH-6443,2024-12-04,Corrective,688.5024038394298,5.943588834142693,Suspension,425823,TECH-127,False
MNT-106107,VH-9105,2023-09-21,Corrective,1635.8799495758153,1.0,HVAC,389446,TECH-133,False
MNT-106108,VH-1468,2023-11-29,Emergency,2316.345015286246,1.0,"Electrical,Brakes",240545,TECH-148,False
MNT-106109,VH-7171,2023-07-05,Corrective,1074.2164315678122,19.088597385486594,"Transmission,Brakes",304873,TECH-180,True
MNT-106110,VH-8840,2024-07-21,Corrective,1390.9941787060354,11.160995718474428,"HVAC,Electrical",117457,TECH-192,False
MNT-106111,VH-3233,2024-04-05,Emergency,3192.1404975299492,2.1751236064650707,Electrical,422078,TECH-138,True
MNT-106112,VH-8857,2023-09-03,Preventive,771.575740013412,2.5763252572609905,Transmission,444012,TECH-105,False
MNT-106113,VH-2464,2023-06-21,Scheduled,262.762026334121,1.462866012687296,"Transmission,Oil Change,Tires",466128,TECH-197,False
MNT-106114,VH-4042,2024-10-03,Corrective,1545.921069612219,3.209239762427429,"Transmission,Brakes",469861,TECH-178,False
MNT-106115,VH-3919,2024-08-08,Preventive,395.5389313726954,7.3123481357301126,"Oil Change,Suspension",441599,TECH-105,False
MNT-106116,VH-5844,2023-02-11,Corrective,955.5120432586423,37.50867519765537,"Suspension,HVAC",279508,TECH-157,True
MNT-106117,VH-1885,2024-04-24,Corrective,1942.4635600608672,2.7754971956512486,"Oil Change,Suspension,Tires",391566,TECH-154,False
MNT-106118,VH-9772,2024-01-02,Scheduled,438.60187128854875,7.611681866077782,"Oil Change,Tires",356428,TECH-173,True
MNT-106119,VH-2361,2024-04-28,Preventive,689.2658342868963,1.0,"Electrical,Brakes",43728,TECH-146,False
MNT-106120,VH-1999,2024-09-09,Preventive,515.2894374950927,2.632084400037246,"HVAC,Transmission,Engine",21798,TECH-173,False
MNT-106121,VH-3132,2023-11-15,Preventive,427.6158095340912,4.6569108218552735,HVAC,304697,TECH-173,False
MNT-106122,VH-2216,2023-10-01,Scheduled,243.15370082004122,1.4581152064382783,Oil Change,237555,TECH-139,False
MNT-106123,VH-1468,2023-12-04,Preventive,520.0563095033399,1.0,"Suspension,Oil Change,Brakes",323276,TECH-102,False
MNT-106124,VH-4743,2023-01-16,Corrective,1295.956572409141,8.07576777045524,"Oil Change,Tires,Brakes",257818,TECH-196,False
MNT-106125,VH-6463,2024-08-13,Corrective,1384.2459147823704,22.38427830262813,"Brakes,Engine",82659,TECH-120,False
MNT-106126,VH-7686,2024-06-21,Preventive,438.6246963043188,1.0,"Suspension,Transmission,Engine",233149,TECH-192,False
MNT-106127,VH-5386,2023-06-22,Corrective,636.8248502733926,6.205249897525478,"Tires,Brakes",79332,TECH-114,False
MNT-106128,VH-2361,2023-04-17,Preventive,422.8876078146032,8.38097996615605,"Electrical,Engine",303314,TECH-172,False
MNT-106129,VH-4106,2024-06-26,Corrective,1775.8366568072106,10.923493933416655,"Engine,Tires,Suspension",349308,TECH-152,False
MNT-106130,VH-7657,2024-11-15,Corrective,1429.5071263984808,8.264561794602558,"HVAC,Oil Change,Electrical",385243,TECH-146,False
MNT-106131,VH-4688,2024-08-04,Scheduled,274.04807637261723,1.0,"Transmission,Tires",251537,TECH-146,True
MNT-106132,VH-5672,2024-02-17,Emergency,584.4248646291221,29.67635138004885,"Transmission,Oil Change,Electrical",136096,TECH-110,False
MNT-106133,VH-2489,2024-08-30,Corrective,632.2908660727106,6.960478168324338,"Electrical,Engine,Oil Change",260621,TECH-135,False
MNT-106134,VH-6709,2023-11-02,Emergency,2846.439487305828,17.205916638017147,"Suspension,Electrical,HVAC",78678,TECH-144,True
MNT-106135,VH-2489,2023-05-27,Preventive,674.1495821219844,1.0,Brakes,343753,TECH-194,True
MNT-106136,VH-6443,2023-11-27,Corrective,740.971836146281,2.143178121797291,"Engine,Tires,Transmission",410920,TECH-163,False
MNT-106137,VH-4862,2023-02-10,Preventive,707.1496629954393,1.0,"Brakes,Oil Change,Tires",51075,TECH-170,True
MNT-106138,VH-1391,2023-01-29,Emergency,1232.9389963396966,65.14404385517847,"Tires,Suspension,Transmission",202535,TECH-166,False
MNT-106139,VH-7807,2023-01-27,Preventive,539.4882189394248,3.4752028300390037,HVAC,75123,TECH-156,False
MNT-106140,VH-9029,2024-01-06,Corrective,689.5621134025808,11.680576060687109,Electrical,128840,TECH-112,True
MNT-106141,VH-9710,2024-11-06,Corrective,1810.4728179127874,3.7407169495486325,"HVAC,Oil Change,Brakes",373470,TECH-184,False
MNT-106142,VH-3618,2023-07-21,Preventive,536.4806218525273,6.625038357089483,"Electrical,HVAC",365514,TECH-156,False
MNT-106143,VH-9393,2023-02-11,Corrective,911.0988932420788,19.05636974258826,"Oil Change,Brakes",371988,TECH-186,True
MNT-106144,VH-5912,2023-12-03,Corrective,1454.702415478254,5.495406169143696,"Suspension,Electrical",122821,TECH-123,True
MNT-106145,VH-6443,2023-09-22,Preventive,610.6745988787833,1.0,"Transmission,Brakes",11495,TECH-147,True
MNT-106146,VH-6985,2024-02-28,Preventive,310.9826663480884,1.0,"Oil Change,Electrical",185102,TECH-184,False
MNT-106147,VH-5360,2024-03-29,Preventive,461.1276286405147,3.3876232090581713,"Engine,Oil Change,Electrical",211836,TECH-111,False
MNT-106148,VH-9432,2024-06-06,Corrective,1602.607553410729,9.992162561841834,"Oil Change,Transmission",288653,TECH-173,False
MNT-106149,VH-8097,2023-11-14,Preventive,381.1910533723417,1.792061205865332,Oil Change,471107,TECH-185,False
MNT-106150,VH-1461,2023-03-14,Preventive,412.83164902461823,4.9249582380490065,"Tires,Transmission",72215,TECH-116,False
MNT-106151,VH-6037,2024-03-12,Scheduled,250.35789240563014,3.58896511562904,Suspension,91210,TECH-169,False
MNT-106152,VH-4001,2023-09-28,Corrective,1254.963618278938,10.903155029764195,"Engine,Oil Change,Tires",102236,TECH-103,True
MNT-106153,VH-3092,2024-04-29,Corrective,1781.7636954066445,6.638482831388085,"Brakes,Electrical",379328,TECH-124,False
MNT-106154,VH-5714,2024-06-06,Emergency,2866.688100893561,3.747576827070821,"HVAC,Transmission",147709,TECH-162,True
MNT-106155,VH-9723,2023-03-04,Corrective,1792.5883337101336,6.105265061505689,"Tires,HVAC,Brakes",421659,TECH-188,False
MNT-106156,VH-2910,2024-08-19,Preventive,663.2801040038285,3.6128002947327413,"Transmission,Oil Change",395944,TECH-193,False
MNT-106157,VH-6985,2024-10-05,Corrective,521.2644097323755,19.383390463602815,"Brakes,Electrical",26191,TECH-180,False
MNT-106158,VH-2391,2023-08-14,Preventive,484.90904122581316,15.597390448671044,"Oil Change,Tires,HVAC",19450,TECH-111,False
MNT-106159,VH-1844,2024-07-19,Preventive,344.0211959796756,4.269300227519275,"Electrical,Tires",89834,TECH-153,False
MNT-106160,VH-1844,2024-12-25,Corrective,767.2675618481194,4.775025178908731,"Oil Change,Transmission,Brakes",486466,TECH-150,False
MNT-106161,VH-3233,2023-02-02,Corrective,1312.9197810955816,16.49313044570569,Electrical,497272,TECH-110,True
MNT-106162,VH-2361,2024-11-21,Preventive,687.4697753587179,4.814984798059439,"Tires,HVAC,Oil Change",96884,TECH-174,False
MNT-106163,VH-6253,2023-09-12,Corrective,1391.1923489443016,1.6311978680079462,HVAC,380839,TECH-187,True
MNT-106164,VH-6596,2024-12-01,Emergency,2959.511419267771,5.6035938223460775,"Engine,Electrical",322684,TECH-192,False
MNT-106165,VH-7863,2023-03-03,Emergency,2998.1858892114137,3.014094429938788,"Oil Change,Transmission,HVAC",348656,TECH-147,False
MNT-106166,VH-8468,2023-03-31,Preventive,481.53833441736197,1.3660209810166857,"Suspension,Transmission,Oil Change",353715,TECH-123,True
MNT-106167,VH-9152,2024-06-09,Preventive,603.3484265311803,3.514589130183253,"Suspension,HVAC",335935,TECH-181,True
MNT-106168,VH-5203,2024-08-18,Preventive,650.5860503360595,1.0,Electrical,348475,TECH-175,False
MNT-106169,VH-8923,2023-05-15,Emergency,1859.8244441046631,3.7897172404111155,Transmission,225026,TECH-189,True
MNT-106170,VH-4862,2023-01-10,Preventive,611.9877393442417,1.0,"HVAC,Brakes,Engine",219689,TECH-196,False
MNT-106171,VH-7657,2023-11-17,Scheduled,338.88728170142895,1.0,HVAC,409552,TECH-166,True
MNT-106172,VH-8000,2023-08-18,Preventive,369.1681271094186,1.0,"Engine,HVAC,Electrical",437361,TECH-191,False
MNT-106173,VH-3547,2023-06-08,Corrective,685.7777067564391,1.0,"Electrical,Engine,Brakes",399252,TECH-128,False
MNT-106174,VH-1712,2024-06-02,Preventive,429.56385285520184,3.3712882208582906,"Tires,Suspension,Brakes",131066,TECH-156,False
MNT-106175,VH-9682,2024-05-31,Emergency,3640.443077705924,8.295646520186123,"Electrical,Oil Change",396936,TECH-175,True
MNT-106176,VH-9105,2024-11-08,Preventive,592.3364952108407,3.6790744496119347,Transmission,56869,TECH-140,False
MNT-106177,VH-8866,2024-11-14,Preventive,578.815931044025,3.0213783431554746,"Engine,HVAC,Electrical",65191,TECH-192,False
MNT-106178,VH-7657,2024-10-29,Corrective,1225.7212960523902,6.964749082617517,"Electrical,Suspension,Transmission",100083,TECH-100,False
MNT-106179,VH-8664,2024-09-21,Preventive,385.9781841304207,1.0,Transmission,420425,TECH-126,False
MNT-106180,VH-1131,2023-05-06,Corrective,967.6379609621672,10.266174234587798,HVAC,270899,TECH-152,False
MNT-106181,VH-3967,2024-07-29,Corrective,727.0002403810984,8.580464922348135,"Transmission,Tires",52538,TECH-163,True
MNT-106182,VH-2357,2023-08-21,Preventive,632.6014431879902,2.7091766907486416,"Engine,Electrical",313496,TECH-184,False
MNT-106183,VH-1420,2024-10-12,Emergency,2836.797829976494,5.712906765799662,"Suspension,Brakes",337472,TECH-151,False
MNT-106184,VH-2464,2024-12-18,Emergency,1661.6386026821565,42.26404452411204,"Engine,HVAC",50086,TECH-161,False
MNT-106185,VH-3618,2024-10-25,Corrective,988.4478510956927,16.620294092637508,"Oil Change,Suspension",209119,TECH-101,True
MNT-106186,VH-3317,2023-10-05,Corrective,968.232427108074,22.53241794581546,"Tires,Suspension",344575,TECH-148,False
MNT-106187,VH-9772,2024-02-28,Preventive,882.7010614967484,19.317895734351694,"Electrical,HVAC,Brakes",286513,TECH-112,False
MNT-106188,VH-5912,2024-11-13,Emergency,2317.629543177305,1.83376237828915,Electrical,199131,TECH-145,False
MNT-106189,VH-4862,2023-08-18,Preventive,620.1011026821982,4.942684796404998,"Tires,HVAC",320415,TECH-131,False
MNT-106190,VH-8563,2024-05-28,Corrective,1230.4867666682799,2.3312084599591008,"Suspension,Brakes",230200,TECH-112,False
MNT-106191,VH-1093,2024-02-09,Preventive,462.72725360762433,4.5176829356177715,"HVAC,Tires",17605,TECH-115,False
MNT-106192,VH-7922,2023-08-06,Preventive,52.96560497262465,11.940913612865875,"Engine,Electrical,Transmission",258248,TECH-135,True
MNT-106193,VH-5203,2023-11-29,Emergency,3044.727367136941,7.253499449977218,"HVAC,Brakes,Transmission",63926,TECH-141,False
MNT-106194,VH-9394,2023-08-02,Preventive,519.2032826962543,5.268048073722199,"Engine,Electrical",339950,TECH-148,True
MNT-106195,VH-7693,2024-07-08,Preventive,453.05952267637326,4.491668623662154,"Brakes,Suspension",271459,TECH-194,False
MNT-106196,VH-4743,2023-07-03,Preventive,464.906556787534,5.939644293997548,Transmission,414653,TECH-105,True
MNT-106197,VH-5844,2023-04-11,Preventive,615.5685868945484,1.0655875783464261,Brakes,419701,TECH-177,False
MNT-106198,VH-8468,2024-12-23,Preventive,346.2590680790647,1.0,Oil Change,132889,TECH-124,True
MNT-106199,VH-4862,2023-05-23,Corrective,1064.0890464484116,3.8452514050938476,Oil Change,62627,TECH-149,False
MNT-106200,VH-8959,2024-01-31,Corrective,1591.1242980904378,9.414596766155645,"Brakes,Tires",188699,TECH-147,True
MNT-106201,VH-2216,2024-02-02,Preventive,707.0149726903556,1.0,"Tires,Transmission,Brakes",176842,TECH-133,True
MNT-106202,VH-1620,2023-04-29,Corrective,1295.1290510162264,19.04771183066925,Tires,167246,TECH-115,False
MNT-106203,VH-9432,2024-04-01,Emergency,3003.4175314805184,6.259345022177105,Tires,28069,TECH-133,True
MNT-106204,VH-8579,2024-08-14,Preventive,414.07356018835026,4.639597981832271,Electrical,377475,TECH-124,False
MNT-106205,VH-9522,2023-04-01,Preventive,663.1751712090831,8.081217497394201,"Tires,Transmission",168484,TECH-108,False
MNT-106206,VH-8840,2024-06-01,Scheduled,353.5620573904985,2.660234081699542,Oil Change,460751,TECH-156,False
MNT-106207,VH-7832,2023-03-29,Preventive,581.1856258030931,2.2107513953054934,"Brakes,Tires,Electrical",52785,TECH-115,False
MNT-106208,VH-3348,2024-07-30,Preventive,414.17566376744986,1.0,"Tires,HVAC,Transmission",21232,TECH-168,False
MNT-106209,VH-9029,2023-07-02,Emergency,2789.7265660398857,1.0,Electrical,408370,TECH-124,True
MNT-106210,VH-1461,2023-09-27,Corrective,1638.1302499964077,1.0,"Electrical,Oil Change,Transmission",67093,TECH-110,False
MNT-106211,VH-1420,2023-10-24,Preventive,516.0578619458876,6.400470036136488,Suspension,272650,TECH-108,True
MNT-106212,VH-3618,2024-12-29,Preventive,454.56806754839636,6.796345112538747,"HVAC,Brakes",31037,TECH-175,True
MNT-106213,VH-6709,2023-05-02,Preventive,220.79395317036688,5.47428667661397,"Transmission,Tires,Electrical",82787,TECH-158,False
MNT-106214,VH-4716,2023-06-10,Preventive,669.537319294831,4.480848819758567,"Engine,Suspension",216082,TECH-169,False
MNT-106215,VH-6718,2024-09-22,Corrective,1139.659737987672,15.878239577785497,"Suspension,Engine,Transmission",108646,TECH-146,True
MNT-106216,VH-5028,2024-10-11,Preventive,833.6617793221262,1.0,Tires,286992,TECH-150,False
MNT-106217,VH-2391,2024-10-30,Corrective,1473.6813660506873,16.33906459931792,"Suspension,Electrical,Engine",318419,TECH-173,True
MNT-106218,VH-7359,2023-06-19,Preventive,334.07027950486304,6.0909784030544145,Brakes,30885,TECH-195,True
MNT-106219,VH-1712,2023-03-08,Corrective,1800.0604561680589,1.4827169927461883,"Engine,Suspension",342255,TECH-129,False
MNT-106220,VH-7311,2023-09-03,Corrective,1527.3223301994353,10.344271018963623,Transmission,296454,TECH-135,False
MNT-106221,VH-2690,2024-12-18,Corrective,1220.4186589200692,1.0,Tires,51145,TECH-141,False
MNT-106222,VH-3919,2023-11-28,Preventive,400.7552989177796,2.0541353084880374,"Brakes,HVAC",264561,TECH-155,True
MNT-106223,VH-1335,2023-07-01,Scheduled,426.18346938900027,1.0,Oil Change,415899,TECH-164,False
MNT-106224,VH-2084,2023-06-10,Preventive,621.9161991448016,1.0,Suspension,440479,TECH-101,False
MNT-106225,VH-9862,2024-09-06,Preventive,693.82656441238,21.343230939403984,Oil Change,383705,TECH-116,True
MNT-106226,VH-9737,2023-08-25,Corrective,1173.0001304210477,12.697853152133245,"HVAC,Suspension",300734,TECH-136,False
MNT-106227,VH-9821,2023-04-23,Preventive,776.9525729665029,3.439151287508411,Oil Change,57043,TECH-116,False
MNT-106228,VH-7832,2023-10-24,Preventive,706.5492528903085,5.47759291911316,"Tires,Electrical,Engine",424620,TECH-142,False
MNT-106229,VH-7807,2023-01-05,Preventive,526.3441667037679,2.471558270237973,"Brakes,Transmission,Tires",383138,TECH-139,False
MNT-106230,VH-9393,2023-06-26,Preventive,491.11052371672577,1.648744714479218,"Oil Change,Electrical",60312,TECH-187,False
MNT-106231,VH-2559,2023-05-02,Emergency,2035.6075053869313,3.1023255761556014,"Brakes,Suspension",348482,TECH-177,False
MNT-106232,VH-2372,2023-07-07,Preventive,647.1078320745843,1.0,"Electrical,Suspension",436121,TECH-148,True
MNT-106233,VH-7688,2024-09-29,Preventive,460.83259046954436,1.162024383450426,"Electrical,Tires,Suspension",44465,TECH-117,True
MNT-106234,VH-9887,2024-01-02,Preventive,550.452518830669,7.885003167273856,"Tires,Transmission",127998,TECH-178,False
MNT-106235,VH-9887,2023-03-11,Emergency,2795.3515727368936,55.791962116048595,"Brakes,Engine,Transmission",372793,TECH-177,False
MNT-106236,VH-8563,2024-11-03,Preventive,766.6679248717314,2.8138104311702383,HVAC,179766,TECH-185,True
MNT-106237,VH-1093,2023-01-15,Emergency,2632.0111017402946,1.163503941485435,"Electrical,HVAC",166843,TECH-199,True
MNT-106238,VH-8532,2024-03-23,Scheduled,224.41649405176605,2.362110937080095,"Brakes,Electrical",410574,TECH-179,False
MNT-106239,VH-9394,2024-10-02,Corrective,1650.2704176847058,1.0985697819394875,"Brakes,Oil Change",227854,TECH-109,False
MNT-106240,VH-4753,2023-05-14,Preventive,531.6147374289067,1.0,"Suspension,HVAC",49228,TECH-176,False
MNT-106241,VH-8468,2023-05-12,Corrective,1109.8672609314517,3.908582090188442,HVAC,463576,TECH-189,True
MNT-106242,VH-3618,2024-02-11,Preventive,578.5775122125416,1.1686964001131828,"Brakes,Tires,Oil Change",77304,TECH-152,False
MNT-106243,VH-4862,2024-05-13,Preventive,410.63661737280063,2.0218604397681954,Electrical,125036,TECH-161,False
MNT-106244,VH-7166,2024-04-19,Emergency,3034.782224005671,48.3376796938129,Suspension,307509,TECH-166,False
MNT-106245,VH-6323,2023-01-21,Corrective,1446.3493883197307,15.099252215063704,"Brakes,Engine",165880,TECH-132,False
MNT-106246,VH-9723,2024-08-21,Scheduled,153.7318423964916,1.879809000111541,"Tires,Suspension,Engine",92082,TECH-152,False
MNT-106247,VH-3490,2024-06-26,Corrective,1125.9232498312178,3.1413697846133495,"Brakes,Transmission,Oil Change",316041,TECH-163,False
MNT-106248,VH-5635,2024-06-11,Corrective,1041.5555292989225,10.103285066347466,"Transmission,HVAC",241268,TECH-148,False
MNT-106249,VH-1712,2023-08-25,Preventive,644.9855169135859,1.0,"Tires,Transmission,Engine",78012,TECH-136,False
MNT-106250,VH-1461,2023-11-24,Preventive,415.0741265401884,18.781760036404783,"Engine,Electrical,Brakes",371702,TECH-190,False
MNT-106251,VH-4247,2024-03-01,Emergency,2632.3929700858403,11.909789021897861,Oil Change,229398,TECH-165,True
MNT-106252,VH-2290,2024-05-11,Corrective,1231.5905201197827,17.127194581132983,"Oil Change,Brakes",349187,TECH-193,False
MNT-106253,VH-8468,2023-10-25,Corrective,692.6176458962793,9.534506349915851,"Oil Change,Brakes",460261,TECH-155,True
MNT-106254,VH-1420,2023-12-16,Corrective,1372.5107805973767,10.998123712341775,"Tires,Brakes,HVAC",176002,TECH-143,True
MNT-106255,VH-8840,2024-12-04,Preventive,643.1910054543154,2.858872915019007,Brakes,454412,TECH-141,False
MNT-106256,VH-3179,2023-03-12,Preventive,425.5882590914449,1.0,"HVAC,Electrical",290237,TECH-189,False
MNT-106257,VH-2147,2023-12-20,Corrective,988.4326306461696,11.901852445677084,Engine,222238,TECH-184,False
MNT-106258,VH-7166,2023-01-05,Preventive,446.4497019988612,5.224363650542592,"Engine,HVAC,Brakes",413184,TECH-157,False
MNT-106259,VH-5717,2023-10-04,Corrective,1358.5510028307829,25.284642459069115,"Transmission,Electrical,Tires",196939,TECH-135,False
MNT-106260,VH-2147,2023-08-15,Preventive,474.22772580267326,7.1827806398799074,"Transmission,Oil Change,Electrical",162186,TECH-132,True
MNT-106261,VH-3125,2024-09-16,Corrective,768.2554780479836,10.697741274233923,Oil Change,471125,TECH-160,False
MNT-106262,VH-9862,2023-03-25,Preventive,356.9473025400664,9.975849959612198,"HVAC,Engine,Electrical",197743,TECH-178,True
MNT-106263,VH-2549,2023-11-04,Scheduled,636.3018324728134,1.0,"Brakes,HVAC,Suspension",132054,TECH-147,False
MNT-106264,VH-9274,2023-05-08,Emergency,2757.231752185091,2.874876819025245,"Engine,Transmission",128543,TECH-142,False
MNT-106265,VH-6071,2024-03-07,Preventive,595.257385136143,1.0,HVAC,133370,TECH-180,False
MNT-106266,VH-6775,2024-09-19,Scheduled,359.0949247728379,1.0,"Tires,Suspension",419478,TECH-138,True
MNT-106267,VH-9682,2024-05-28,Preventive,577.5585310122876,5.60274756056678,"Transmission,Electrical,Suspension",160977,TECH-160,False
MNT-106268,VH-7693,2024-02-16,Preventive,754.5721022077644,10.20008282827629,"Oil Change,Tires",154801,TECH-173,False
MNT-106269,VH-5912,2024-06-30,Preventive,790.7340380785906,14.824017541316783,HVAC,229285,TECH-122,False
MNT-106270,VH-1093,2023-01-01,Emergency,1606.7875425707275,6.843708448865751,"Suspension,Brakes,Engine",342616,TECH-123,False
MNT-106271,VH-6443,2023-12-07,Preventive,590.4342055824095,2.125498383226421,Transmission,33728,TECH-114,False
MNT-106272,VH-2549,2023-11-11,Emergency,2677.3089884356814,6.667297762560904,Transmission,54592,TECH-116,False
MNT-106273,VH-6985,2024-12-01,Preventive,449.7808987543225,1.1718033437739046,"Transmission,Suspension,Brakes",313708,TECH-165,False
MNT-106274,VH-5028,2024-03-19,Preventive,527.0601000877044,1.4152661864250413,"HVAC,Brakes",345207,TECH-136,True
MNT-106275,VH-1420,2023-12-01,Emergency,3630.618758826693,3.9155539222935447,Electrical,84976,TECH-165,False
MNT-106276,VH-5360,2023-11-12,Scheduled,558.4289903494376,1.0,"Brakes,Tires",343554,TECH-189,False
MNT-106277,VH-1008,2023-05-13,Preventive,703.820520550581,2.8453518290248963,Engine,250778,TECH-155,False
MNT-106278,VH-4984,2024-02-03,Corrective,1347.701095447815,6.569716006630568,"Suspension,HVAC",98801,TECH-158,False
MNT-106279,VH-3776,2023-09-30,Emergency,1720.2743321243538,1.0,"Electrical,Engine",203473,TECH-104,True
MNT-106280,VH-8000,2023-12-17,Preventive,601.8979167956647,10.108518362297518,"Engine,Electrical,HVAC",202638,TECH-137,False
MNT-106281,VH-2536,2024-10-03,Preventive,558.1595415430656,15.99539714013499,HVAC,90863,TECH-125,True
MNT-106282,VH-7832,2024-11-30,Corrective,938.633125199897,10.24166017787744,Suspension,246846,TECH-144,True
MNT-106283,VH-6346,2024-02-16,Preventive,529.751669039134,2.9303688677493978,"Suspension,HVAC,Tires",228424,TECH-123,False
MNT-106284,VH-3125,2024-07-19,Scheduled,373.3886905138675,1.0,"Transmission,Tires",258785,TECH-155,True
MNT-106285,VH-2393,2023-01-04,Preventive,297.8684274789954,2.349915428243735,"Oil Change,Electrical,Tires",79492,TECH-112,True
MNT-106286,VH-4976,2023-06-18,Preventive,364.77199966776504,1.781146101243575,"Transmission,Brakes",119852,TECH-105,False
MNT-106287,VH-5991,2024-12-29,Emergency,2532.428028834037,38.9517200541176,Tires,262508,TECH-136,False
MNT-106288,VH-8653,2023-07-08,Emergency,2919.7867521350704,6.925893637921048,"Engine,Brakes",198746,TECH-154,False
MNT-106289,VH-3547,2023-01-04,Preventive,545.0928334555105,9.809690693499963,"Engine,Brakes,Oil Change",282571,TECH-162,False
MNT-106290,VH-9737,2024-06-12,Preventive,630.069455865209,6.571776869912216,"Brakes,Transmission",373089,TECH-159,False
MNT-106291,VH-2361,2024-05-09,Corrective,681.4125204458762,1.1787365358424322,"Electrical,Engine",290237,TECH-115,False
MNT-106292,VH-5226,2024-05-25,Preventive,839.6826901086831,4.131067158903854,"Brakes,HVAC,Engine",466177,TECH-166,False
MNT-106293,VH-6106,2023-01-10,Preventive,502.0018146436986,1.3500066311548928,Brakes,402661,TECH-177,True
MNT-106294,VH-7166,2023-08-02,Corrective,789.8886288711045,14.315779068550459,HVAC,452082,TECH-188,False
MNT-106295,VH-8468,2023-08-22,Preventive,50.0,1.0,"Tires,Transmission",28217,TECH-127,False
MNT-106296,VH-9862,2023-03-24,Preventive,530.3117860482275,2.355074050096606,"Oil Change,Transmission",29174,TECH-111,False
MNT-106297,VH-5684,2024-03-26,Emergency,2105.2882746536907,6.305406926761119,Brakes,71434,TECH-111,False
MNT-106298,VH-1712,2023-08-12,Preventive,338.32455475017474,1.9775054272251833,"Transmission,Brakes,Suspension",393027,TECH-109,True
MNT-106299,VH-5670,2023-04-13,Preventive,396.9765061953832,7.507536692488451,"Electrical,Tires,HVAC",422317,TECH-154,False
MNT-106300,VH-3214,2023-12-30,Corrective,1145.6268600496924,16.592898356975507,"Suspension,HVAC",276466,TECH-127,False
MNT-106301,VH-1620,2023-02-07,Preventive,645.9799865990794,7.150327021967882,"HVAC,Electrical,Transmission",49380,TECH-146,True
MNT-106302,VH-8579,2024-01-31,Corrective,1263.548007950923,2.9049961831221482,"Brakes,Oil Change",162971,TECH-127,False
MNT-106303,VH-9522,2024-08-25,Corrective,571.9262493417602,29.668739429775766,"Engine,Electrical,Transmission",50522,TECH-170,False
MNT-106304,VH-9394,2024-03-11,Preventive,778.9300775854572,2.084516511927979,"Engine,Oil Change,Electrical",257421,TECH-140,False
MNT-106305,VH-5912,2023-02-05,Preventive,402.53601813756796,6.6279681576003355,"Brakes,Electrical,Engine",101994,TECH-184,False
MNT-106306,VH-8000,2023-01-29,Preventive,393.3066865356395,1.3254498769137524,Suspension,291775,TECH-146,False
MNT-106307,VH-7311,2024-01-09,Preventive,594.1382864540075,1.0,Tires,139324,TECH-161,False
MNT-106308,VH-8579,2023-06-30,Preventive,583.111875872589,6.603551329633802,"Electrical,Brakes,Engine",302372,TECH-199,True
MNT-106309,VH-8000,2024-12-22,Corrective,888.4803256507168,5.429782295171686,Suspension,417778,TECH-127,False
MNT-106310,VH-9394,2023-03-23,Emergency,1917.511762508448,10.499126206923526,Tires,170751,TECH-147,False
MNT-106311,VH-1844,2024-03-02,Corrective,1186.8074877740353,13.172332473694013,Tires,245913,TECH-130,False
MNT-106312,VH-6908,2023-07-31,Corrective,1376.658855509704,21.057189547625818,"Transmission,Brakes",449256,TECH-181,False
MNT-106313,VH-5203,2024-03-14,Preventive,584.3571775297942,1.0,"Tires,Brakes",355904,TECH-126,False
MNT-106314,VH-5028,2024-02-07,Corrective,584.0119327020511,34.41907028391859,Transmission,265707,TECH-106,False
MNT-106315,VH-1059,2023-09-14,Preventive,656.9955705915698,1.0,Suspension,325390,TECH-199,True
MNT-106316,VH-7162,2024-12-10,Preventive,728.9708258460652,8.131487902227827,"HVAC,Oil Change",157973,TECH-177,True
MNT-106317,VH-2549,2024-05-09,Scheduled,237.56216232169498,1.0,"Brakes,Oil Change",411051,TECH-109,False
MNT-106318,VH-5282,2023-08-28,Corrective,895.5063349344698,1.0,"HVAC,Oil Change",426537,TECH-145,True
MNT-106319,VH-5282,2024-07-20,Preventive,567.5197897131194,2.075431091179592,"HVAC,Transmission",93616,TECH-106,False
MNT-106320,VH-3039,2024-11-03,Preventive,553.718783851695,3.385463403698218,"Transmission,Suspension,Electrical",210435,TECH-151,False
MNT-106321,VH-4716,2024-05-06,Corrective,1620.3419798896462,2.6723728859197813,"Tires,Transmission",434816,TECH-186,False
MNT-106322,VH-9394,2023-07-21,Preventive,836.1077669734898,1.0,Tires,82762,TECH-196,False
MNT-106323,VH-9646,2023-05-12,Corrective,1275.2423676482636,9.169354862730321,"Electrical,Oil Change",103237,TECH-108,False
MNT-106324,VH-1844,2023-08-13,Emergency,2078.463373664649,7.825063058876782,Oil Change,353127,TECH-155,False
MNT-106325,VH-1712,2024-02-05,Corrective,1907.9438633613875,23.699657501334713,"Tires,Engine,Transmission",414472,TECH-154,True
MNT-106326,VH-1716,2024-09-04,Scheduled,255.84273079462267,1.3200672404789258,"HVAC,Engine",373678,TECH-196,False
MNT-106327,VH-2587,2024-11-23,Corrective,1155.0067523573578,1.0,"Tires,Engine",341881,TECH-131,True
MNT-106328,VH-1475,2024-12-15,Preventive,568.9232311999533,1.0,Brakes,127670,TECH-129,False
MNT-106329,VH-5547,2024-01-09,Corrective,1130.9596630014144,1.0,"Transmission,Suspension,Brakes",135288,TECH-169,False
MNT-106330,VH-1008,2023-05-21,Emergency,3506.9153074002593,22.422665603635934,Transmission,449026,TECH-154,False
MNT-106331,VH-1092,2023-11-26,Corrective,646.6702222168851,8.862519858444205,"Brakes,HVAC,Engine",324687,TECH-151,False
MNT-106332,VH-1008,2024-07-07,Corrective,1241.9062500863838,12.513150176209223,"Electrical,Brakes,Oil Change",222403,TECH-143,False
MNT-106333,VH-4984,2023-09-11,Preventive,168.53850177052527,1.0291649425694795,Brakes,476226,TECH-188,False
MNT-106334,VH-2910,2024-08-07,Corrective,1388.321757967397,14.39843514405368,"Transmission,Suspension,HVAC",286461,TECH-110,False
MNT-106335,VH-1620,2024-08-06,Preventive,585.0056246142724,31.373476740494468,"Electrical,HVAC,Oil Change",146726,TECH-165,False
MNT-106336,VH-7918,2024-12-01,Corrective,1637.424337877743,1.0,"Brakes,Suspension",445561,TECH-177,True
MNT-106337,VH-1789,2024-12-29,Corrective,999.6881216596671,11.4843691282234,"Engine,HVAC,Electrical",341437,TECH-113,False
MNT-106338,VH-8866,2024-08-17,Preventive,356.4441168781273,2.1270043691144003,"Transmission,Oil Change",160015,TECH-182,False
MNT-106339,VH-4740,2023-05-21,Scheduled,325.3153833353389,1.0,"HVAC,Oil Change,Electrical",408730,TECH-123,False
MNT-106340,VH-8376,2024-09-27,Corrective,667.2486427850295,1.0,Tires,111053,TECH-115,False
MNT-106341,VH-1420,2023-05-17,Corrective,1182.8647775289232,5.305888493506245,"Engine,Electrical,Tires",458910,TECH-111,False
MNT-106342,VH-9522,2023-05-17,Emergency,2704.478923206587,9.192712384059863,"Tires,Electrical",229190,TECH-162,True
MNT-106343,VH-7863,2024-12-24,Corrective,1401.879593541389,2.1652759099426673,"Suspension,Oil Change",166333,TECH-184,True
MNT-106344,VH-1008,2023-10-12,Preventive,347.0856337246641,33.63624994210886,"Engine,Electrical",122519,TECH-174,False
MNT-106345,VH-3214,2024-01-05,Corrective,1424.350603291828,8.948778463447965,"Electrical,Transmission",390967,TECH-192,True
MNT-106346,VH-2464,2023-12-08,Corrective,1588.7280463798577,10.820086882631916,"Suspension,HVAC,Brakes",271452,TECH-113,False
MNT-106347,VH-9105,2023-03-14,Preventive,722.5104008147467,1.0,Oil Change,162361,TECH-154,True
MNT-106348,VH-9152,2023-05-17,Corrective,1323.7953552406445,5.299246610823393,"Engine,Suspension,Brakes",362698,TECH-197,True
MNT-106349,VH-1461,2024-04-12,Preventive,397.51240514092,5.222086357249002,"HVAC,Oil Change,Tires",272501,TECH-116,False
MNT-106350,VH-4057,2023-12-30,Scheduled,501.28295352163525,2.219273531772349,"Engine,Suspension,Tires",443949,TECH-158,True
MNT-106351,VH-5717,2024-08-08,Preventive,318.3064040501656,3.8518695977445345,"Tires,Engine",106480,TECH-156,False
MNT-106352,VH-6443,2023-01-14,Corrective,1116.0983769621619,1.0,"HVAC,Suspension",229278,TECH-191,True
MNT-106353,VH-8923,2024-04-22,Corrective,998.379717240302,4.41907892679526,Transmission,136813,TECH-190,False
MNT-106354,VH-5028,2023-01-14,Preventive,458.5793567993691,2.563287895970979,"HVAC,Electrical",224191,TECH-159,False
MNT-106355,VH-9862,2024-08-08,Preventive,624.353011098272,8.606091198999497,Suspension,429312,TECH-152,True
MNT-106356,VH-4503,2023-01-22,Preventive,627.8235794687259,3.984889518970611,Brakes,269541,TECH-177,False
MNT-106357,VH-5450,2024-07-03,Preventive,554.4705570316427,4.4825819374319735,HVAC,196124,TECH-102,False
MNT-106358,VH-1391,2023-05-03,Corrective,1331.1760723819984,1.0,"HVAC,Transmission",318615,TECH-182,False
MNT-106359,VH-9887,2023-11-10,Corrective,1316.8370284339217,12.164728528061007,Tires,325591,TECH-160,False
MNT-106360,VH-6473,2024-01-13,Preventive,498.9511819280978,3.2616033930516175,Tires,179682,TECH-170,False
MNT-106361,VH-5450,2023-06-10,Corrective,1312.232084387695,32.53131305964579,"Tires,Transmission,Electrical",106322,TECH-114,False
MNT-106362,VH-8296,2024-12-02,Corrective,1460.7973492233355,6.924473884865814,"Electrical,Suspension,Tires",381569,TECH-149,True
MNT-106363,VH-5547,2024-08-31,Emergency,2716.298552275696,34.35729808321149,"Engine,Tires",342581,TECH-167,False
MNT-106364,VH-6106,2024-12-28,Preventive,583.6707625944558,8.762223719561241,"Electrical,Brakes",305505,TECH-176,False
MNT-106365,VH-8857,2024-06-04,Preventive,285.1688686089716,5.510303676715678,"HVAC,Transmission",292369,TECH-156,False
MNT-106366,VH-8097,2024-09-10,Corrective,1276.8215310590344,2.7619315860684686,Suspension,176489,TECH-168,False
MNT-106367,VH-8000,2024-05-21,Preventive,157.8684905230528,1.0,"HVAC,Suspension",202596,TECH-147,False
MNT-106368,VH-9516,2024-03-04,Preventive,410.0267861390888,2.937927971021626,"Engine,Tires",422746,TECH-100,False
MNT-106369,VH-6019,2023-01-05,Preventive,679.2786639639982,5.6463631781299135,HVAC,498579,TECH-126,False
MNT-106370,VH-7162,2023-01-04,Preventive,549.0371625557785,1.5487963560740086,Engine,174271,TECH-105,False
MNT-106371,VH-5450,2023-06-14,Corrective,2203.89279577619,1.535325850410492,"Oil Change,Tires,Transmission",438524,TECH-139,False
MNT-106372,VH-9274,2024-10-19,Preventive,619.1324102068178,10.568493524571235,"Engine,Brakes",460213,TECH-181,False
MNT-106373,VH-5386,2024-12-18,Corrective,887.0595592806931,1.2765953080832155,"Tires,Engine",76819,TECH-184,False
MNT-106374,VH-2216,2024-07-03,Preventive,282.54941946505335,1.9439320124860768,"Engine,Oil Change,Electrical",247337,TECH-104,False
MNT-106375,VH-8547,2024-11-23,Corrective,653.2084806122754,1.0,"Tires,Electrical",102260,TECH-188,False
MNT-106376,VH-5717,2024-12-10,Preventive,640.1800223917495,2.747128128853334,Brakes,444560,TECH-134,True
MNT-106377,VH-3214,2024-02-03,Preventive,337.5292561145291,1.7349551434265837,"HVAC,Brakes",284367,TECH-127,True
MNT-106378,VH-5478,2024-07-28,Emergency,1353.7908067388425,36.54860482744774,Tires,67829,TECH-118,False
MNT-106379,VH-8097,2023-10-26,Scheduled,388.2499021269493,6.559917539744797,"Tires,Brakes,Oil Change",495518,TECH-165,False
MNT-106380,VH-3540,2024-10-16,Preventive,677.0596210829083,3.4847339940616635,"Engine,Oil Change,HVAC",307194,TECH-178,False
MNT-106381,VH-9516,2024-11-11,Preventive,323.09792939515523,9.693161709624738,Engine,220520,TECH-114,False
MNT-106382,VH-3618,2023-10-30,Corrective,937.3395676287325,8.07496364638456,"HVAC,Oil Change",18357,TECH-154,True
MNT-106383,VH-7166,2024-02-14,Preventive,397.63130322882785,2.547470280905104,"Engine,Suspension",296536,TECH-164,True
MNT-106384,VH-8866,2024-11-14,Preventive,684.918716232039,1.0,HVAC,323507,TECH-155,False
MNT-106385,VH-6019,2023-08-16,Preventive,529.083337564441,1.0,"Oil Change,Suspension,HVAC",35553,TECH-140,False
MNT-106386,VH-3125,2023-02-11,Corrective,824.516646439638,16.94456117436107,"Tires,Engine",212615,TECH-103,False
MNT-106387,VH-5717,2023-10-09,Preventive,397.11102219683187,1.0,Electrical,234984,TECH-126,True
MNT-106388,VH-4106,2023-01-18,Corrective,1705.1954760896804,14.393464958429155,"Engine,Oil Change,Electrical",461218,TECH-118,True
MNT-106389,VH-8857,2023-07-13,Preventive,682.1963975869876,1.0,HVAC,482985,TECH-180,False
MNT-106390,VH-9394,2024-06-01,Preventive,386.24720902493686,1.0,"Tires,HVAC,Engine",108148,TECH-100,False
MNT-106391,VH-9432,2023-02-06,Corrective,1129.2329389178917,47.8514975645844,"Electrical,Tires",314971,TECH-130,False
MNT-106392,VH-7136,2023-12-10,Preventive,511.9527478605952,1.705873983969477,"Suspension,HVAC,Transmission",477210,TECH-197,False
MNT-106393,VH-5547,2024-02-21,Emergency,3530.167633816175,38.157067405817465,Suspension,209538,TECH-116,True
MNT-106394,VH-4716,2023-06-05,Preventive,290.07301132167777,3.7867084894969913,"HVAC,Transmission,Tires",488198,TECH-160,True
MNT-106395,VH-5672,2023-08-02,Corrective,730.2152261656526,8.669017355998221,"HVAC,Electrical,Tires",174163,TECH-184,False
MNT-106396,VH-5844,2024-02-01,Corrective,1017.0816498873821,37.25173531886459,Engine,53357,TECH-183,False
MNT-106397,VH-9821,2023-10-26,Preventive,670.8227749557715,1.0,"Oil Change,Suspension",396608,TECH-189,False
MNT-106398,VH-3817,2023-12-06,Corrective,1199.4415935604031,8.357230051757686,"HVAC,Engine",106595,TECH-159,False
MNT-106399,VH-6985,2023-12-10,Preventive,328.2623456135675,2.4964637603891093,HVAC,479943,TECH-143,True
MNT-106400,VH-7922,2023-12-01,Emergency,2217.3674284978474,13.021967528373086,Transmission,107836,TECH-154,False
MNT-106401,VH-5868,2023-03-20,Preventive,310.75410821861726,2.0123106313148367,"Suspension,HVAC,Oil Change",418035,TECH-140,False
MNT-106402,VH-3092,2024-10-15,Scheduled,288.90686202464684,1.0,"Electrical,HVAC",106844,TECH-110,False
MNT-106403,VH-7688,2023-01-26,Preventive,737.7393235546571,5.08531826584433,Engine,237330,TECH-123,True
MNT-106404,VH-1835,2023-12-31,Preventive,595.1309623913625,1.1665821206766995,HVAC,129375,TECH-150,True
MNT-106405,VH-7807,2023-01-25,Preventive,664.29986541522,1.911210830740951,"Oil Change,Electrical,HVAC",125287,TECH-169,False
MNT-106406,VH-9801,2024-10-12,Scheduled,337.3722081609172,2.3619421315275066,"HVAC,Transmission",393026,TECH-110,False
MNT-106407,VH-6037,2024-01-11,Preventive,455.07943073205195,1.0,Transmission,17488,TECH-173,False
MNT-106408,VH-9274,2023-11-21,Emergency,3146.0009428703543,10.824992735859986,"Suspension,Tires,Electrical",354794,TECH-131,False
MNT-106409,VH-5672,2024-10-20,Preventive,471.5138518393184,1.2636562538220422,Oil Change,142591,TECH-164,True
MNT-106410,VH-4042,2023-06-11,Scheduled,176.5998941023017,1.0,"Transmission,Suspension",92257,TECH-109,False
MNT-106411,VH-2559,2024-12-12,Scheduled,405.7721747367988,1.0,"Transmission,Engine",247176,TECH-187,False
MNT-106412,VH-2381,2024-01-14,Corrective,1483.4375057256261,7.0569355890822845,"Oil Change,Suspension",223167,TECH-196,True
MNT-106413,VH-7166,2023-04-27,Preventive,490.2052861669363,1.0,Engine,477052,TECH-178,True
MNT-106414,VH-2536,2023-12-20,Preventive,438.5832333858866,3.8570260107426164,"Suspension,Tires",274566,TECH-143,False
MNT-106415,VH-9394,2024-06-27,Corrective,936.9407150105745,12.514819154823417,Brakes,407184,TECH-185,False
MNT-106416,VH-1468,2023-01-18,Emergency,1996.4973053182691,19.469551079156034,"HVAC,Oil Change",228252,TECH-177,False
MNT-106417,VH-2290,2024-11-02,Scheduled,250.02495644675207,5.08459522958662,"Electrical,Suspension",61055,TECH-151,False
MNT-106418,VH-4106,2023-06-20,Preventive,377.78494924288793,1.0151172720501724,"Oil Change,Tires,Brakes",159455,TECH-159,False
MNT-106419,VH-5635,2024-10-22,Corrective,1385.675754698833,24.285150801107385,"Oil Change,Engine",498348,TECH-151,True
MNT-106420,VH-7925,2023-01-01,Corrective,619.4653568017114,23.230821978718975,HVAC,205654,TECH-165,True
MNT-106421,VH-4688,2024-03-04,Scheduled,235.58284087007405,2.2962195781664896,"Electrical,Transmission",167396,TECH-149,True
MNT-106422,VH-9862,2023-04-24,Corrective,1339.7638228376238,3.3570218814903456,"Engine,Suspension,HVAC",365408,TECH-182,True
MNT-106423,VH-4247,2024-08-02,Corrective,1248.3152765485868,2.402261140080566,"Electrical,Suspension",23522,TECH-168,False
MNT-106424,VH-4740,2023-08-08,Preventive,662.2184423390395,2.712941631049755,"Engine,HVAC",67858,TECH-111,False
MNT-106425,VH-1844,2024-09-19,Corrective,1236.1375732560562,13.091393622541279,"Tires,Engine,Suspension",383048,TECH-189,False
MNT-106426,VH-1620,2023-02-23,Preventive,522.812652553248,1.0,"Engine,Electrical,Transmission",142675,TECH-159,True
MNT-106427,VH-2536,2023-12-31,Corrective,800.6404695591702,6.20922188788294,"Suspension,Oil Change",60859,TECH-190,True
MNT-106428,VH-7918,2023-01-21,Emergency,2360.86442553976,86.62113534172931,Transmission,439735,TECH-177,False
MNT-106429,VH-1468,2024-06-02,Preventive,137.68427681181316,10.462500449571449,"Electrical,HVAC,Transmission",30761,TECH-198,False
MNT-106430,VH-1008,2024-03-05,Scheduled,294.5036179174398,2.815865376727019,Engine,375664,TECH-183,False
MNT-106431,VH-6908,2024-03-23,Scheduled,129.02995625502038,3.1496627935350303,"Oil Change,Engine,Brakes",436448,TECH-175,True
MNT-106432,VH-6963,2023-10-03,Corrective,1177.4336654558356,1.0,"Brakes,Transmission",162013,TECH-132,False
MNT-106433,VH-3967,2023-05-13,Preventive,565.4533043292399,1.0,HVAC,326161,TECH-199,False
MNT-106434,VH-1093,2024-04-22,Corrective,1096.0063012464498,19.746793278271845,"Engine,Oil Change",460760,TECH-121,False
MNT-106435,VH-3540,2024-07-06,Preventive,590.562733146699,7.694520239825428,"HVAC,Brakes,Engine",214449,TECH-187,False
MNT-106436,VH-5991,2023-09-12,Corrective,1917.3727149626998,3.9851682906102885,Suspension,444176,TECH-151,True
MNT-106437,VH-6709,2023-10-03,Corrective,1748.8602639321075,9.456770146845567,Suspension,63963,TECH-185,False
MNT-106438,VH-6443,2023-10-05,Emergency,3193.1833205807616,108.01476827524937,"Engine,Tires",73283,TECH-141,True
MNT-106439,VH-5868,2023-10-23,Corrective,1618.1906247321606,2.7131941880067294,"Brakes,Engine",377025,TECH-187,False
MNT-106440,VH-7925,2024-08-19,Preventive,534.5833559243894,2.541067475620532,"Engine,Brakes,HVAC",281991,TECH-167,True
MNT-106441,VH-8000,2024-10-07,Corrective,489.66173838962095,12.075904331415705,"Oil Change,Transmission,Brakes",351604,TECH-130,True
MNT-106442,VH-3605,2024-11-16,Emergency,3751.185268669523,6.35771836164163,"Tires,Electrical,HVAC",43342,TECH-108,False
MNT-106443,VH-1131,2024-05-23,Corrective,791.8202650363128,9.350527549998324,"Oil Change,Tires,HVAC",243873,TECH-177,True
MNT-106444,VH-6253,2024-03-10,Corrective,1563.767940154762,21.137126829914468,"HVAC,Brakes,Oil Change",456058,TECH-134,True
MNT-106445,VH-8866,2023-02-01,Preventive,433.1894145599828,1.0,"Brakes,Tires",471153,TECH-128,True
MNT-106446,VH-2549,2023-08-18,Preventive,421.61694429101965,4.123347412231488,"Tires,HVAC,Suspension",397723,TECH-101,False
MNT-106447,VH-4106,2023-03-29,Emergency,2986.3093408310983,32.65626341793871,"Suspension,Engine,Tires",230286,TECH-199,True
MNT-106448,VH-6323,2023-12-01,Preventive,312.3189304761519,3.6778947724125044,"HVAC,Oil Change,Electrical",324962,TECH-143,True
MNT-106449,VH-8376,2024-02-28,Preventive,542.7142502290087,1.0,"Oil Change,Engine,Transmission",401693,TECH-149,False
MNT-106450,VH-6071,2023-12-23,Emergency,2917.1280592404464,2.456608435960471,"Suspension,Tires,Electrical",215238,TECH-127,True
MNT-106451,VH-9008,2024-08-17,Corrective,168.88016045980908,1.8203802086663643,"HVAC,Engine",36733,TECH-133,False
MNT-106452,VH-4001,2023-01-23,Preventive,973.7047894748439,1.0,HVAC,404707,TECH-162,True
MNT-106453,VH-1835,2023-09-07,Preventive,353.01980495242674,7.937646803055824,"Transmission,Suspension",343912,TECH-163,True
MNT-106454,VH-6443,2024-11-24,Preventive,701.7618314045694,6.87065900047778,"Suspension,Engine",450761,TECH-114,False
MNT-106455,VH-3233,2023-02-25,Emergency,1700.9247554938715,10.776007519913582,"Tires,Transmission,Engine",470802,TECH-117,True
MNT-106456,VH-8918,2024-04-29,Preventive,50.0,3.573587868312604,"Transmission,Engine,HVAC",131970,TECH-124,False
MNT-106457,VH-2372,2023-06-11,Corrective,254.46414663425378,1.2862474344213846,Engine,410963,TECH-139,False
MNT-106458,VH-3618,2023-09-25,Preventive,876.260116387992,1.0,"Brakes,Engine,Tires",308288,TECH-148,True
MNT-106459,VH-3588,2024-05-04,Corrective,474.3735335691499,30.000715163590257,"Brakes,Suspension,Electrical",472769,TECH-131,True
MNT-106460,VH-2625,2023-02-18,Preventive,567.9969330126601,1.0,"Suspension,HVAC",480054,TECH-185,False
MNT-106461,VH-3278,2023-01-16,Preventive,343.22547591541206,3.160420909668016,"Engine,Suspension",77864,TECH-111,False
MNT-106462,VH-2084,2024-02-28,Preventive,559.0434176845002,1.4653745291761588,Oil Change,31740,TECH-167,True
MNT-106463,VH-3179,2024-08-19,Preventive,566.745100474935,9.231660505849845,"Engine,Brakes",443029,TECH-187,False
MNT-106464,VH-3605,2023-03-24,Preventive,735.4541743612662,1.2037462038917832,Electrical,222249,TECH-110,False
MNT-106465,VH-5672,2023-08-27,Preventive,576.2497808501156,1.0,"Transmission,Electrical,Suspension",454478,TECH-184,True
MNT-106466,VH-9035,2023-03-07,Scheduled,585.6793208623753,1.1236271488986735,"HVAC,Tires",35954,TECH-133,False
MNT-106467,VH-5714,2024-09-30,Emergency,1339.2904805685598,2.253790247538552,"Oil Change,Tires,HVAC",153775,TECH-143,True
MNT-106468,VH-9710,2024-11-04,Preventive,510.03713187845915,1.474727268379976,"Electrical,Tires",130026,TECH-198,True
MNT-106469,VH-1093,2023-01-09,Preventive,445.2527059704468,6.493301234016785,Suspension,154385,TECH-105,False
MNT-106470,VH-9948,2023-06-12,Corrective,1445.3865699727135,19.248674435917074,"Tires,Oil Change,Electrical",75410,TECH-194,False
MNT-106471,VH-9862,2024-09-08,Preventive,394.08668070463443,1.6280135944186327,"Oil Change,Tires",419245,TECH-108,False
MNT-106472,VH-9432,2024-07-28,Emergency,3074.257436434511,25.954828102659334,HVAC,468111,TECH-102,False
MNT-106473,VH-2422,2023-05-30,Corrective,1209.0564787198614,2.9494559397652984,"Electrical,Engine",274572,TECH-137,False
MNT-106474,VH-6106,2023-08-01,Preventive,261.10545685900354,1.0,Transmission,363419,TECH-161,True
MNT-106475,VH-2216,2023-06-24,Corrective,1602.4694602997681,1.0,Brakes,403738,TECH-129,False
MNT-106476,VH-7657,2023-03-27,Scheduled,273.21993281582746,1.7325290131940128,Transmission,160872,TECH-101,False
MNT-106477,VH-2357,2023-10-19,Preventive,164.91557250705392,9.932836418874569,Oil Change,494249,TECH-134,False
MNT-106478,VH-5262,2023-01-22,Preventive,718.2922761578436,1.0,"Tires,Brakes,HVAC",193919,TECH-108,False
MNT-106479,VH-1999,2024-02-13,Preventive,436.5376162205504,7.0236894364732265,"Suspension,Oil Change",74145,TECH-113,True
MNT-106480,VH-3233,2023-07-03,Preventive,674.3508695045086,10.686969285230468,Engine,282167,TECH-122,True
MNT-106481,VH-5282,2024-08-31,Corrective,1304.1793246616412,4.697126591247731,"Tires,Suspension,Engine",246162,TECH-169,True
MNT-106482,VH-9821,2023-06-28,Preventive,318.68014513722926,1.7431619471773947,Engine,339361,TECH-139,True
MNT-106483,VH-5450,2024-02-29,Preventive,719.4298841920192,3.095954955375563,"Electrical,Tires",399115,TECH-187,False
MNT-106484,VH-9516,2023-09-03,Scheduled,363.3259987658904,2.561192905560125,"Tires,Brakes,Suspension",17892,TECH-127,False
MNT-106485,VH-5684,2023-06-27,Preventive,581.5174105666407,2.8716303180486897,Transmission,403017,TECH-155,True
MNT-106486,VH-9723,2023-12-11,Preventive,279.277083874152,4.866795159115535,Engine,417220,TECH-164,True
MNT-106487,VH-1468,2024-10-28,Corrective,1825.7092990681454,3.6634944472415545,Electrical,171637,TECH-186,True
MNT-106488,VH-1059,2024-06-25,Corrective,706.9103362421434,5.970202352166057,"Transmission,Brakes",335402,TECH-151,False
MNT-106489,VH-9393,2023-11-24,Preventive,758.8187134801999,4.021700456412561,Engine,449817,TECH-110,False
MNT-106490,VH-3605,2023-03-07,Preventive,567.4879372339153,4.012964127721704,"Electrical,Engine",323638,TECH-165,True
MNT-106491,VH-6985,2024-03-08,Corrective,1545.1372621515839,1.0,Suspension,262448,TECH-178,True
MNT-106492,VH-1716,2024-05-06,Preventive,417.8236591186626,1.8864545848781122,"Suspension,Engine",278975,TECH-140,True
MNT-106493,VH-8468,2024-10-16,Preventive,650.4539932564637,3.343907359864549,"Oil Change,Tires",60236,TECH-190,False
MNT-106494,VH-1588,2024-09-19,Emergency,2506.909165413113,50.7765135412848,"Electrical,HVAC",490944,TECH-188,False
MNT-106495,VH-5991,2023-07-05,Corrective,1054.4271758788325,5.939930896711992,"HVAC,Brakes,Tires",46819,TECH-161,True
MNT-106496,VH-1468,2024-02-01,Preventive,559.6838325588413,6.771648984046048,"HVAC,Suspension,Engine",140971,TECH-115,True
MNT-106497,VH-3348,2024-05-19,Preventive,637.557814273979,2.4628299921075336,"Engine,Brakes",327063,TECH-111,True
MNT-106498,VH-1131,2023-05-23,Preventive,322.4405967540856,1.0,HVAC,411560,TECH-180,False
MNT-106499,VH-1468,2024-06-22,Scheduled,595.913790246201,1.868637030706864,"HVAC,Tires",429547,TECH-102,False
MNT-106500,VH-2216,2023-09-09,Emergency,3099.151427765679,25.532015374873776,Transmission,186077,TECH-191,True
MNT-106501,VH-8468,2023-02-20,Scheduled,358.5868093196567,1.9225214408000466,"Brakes,Engine,Tires",76408,TECH-157,True
MNT-106502,VH-6106,2023-11-26,Scheduled,262.2896259503779,1.0803746989415641,"Brakes,Suspension,Engine",426896,TECH-140,False
MNT-106503,VH-8790,2023-01-30,Scheduled,285.50512285414965,5.153109042753372,"Transmission,Electrical,Tires",316856,TECH-185,False
MNT-106504,VH-2506,2024-02-16,Preventive,982.268322488551,3.476143010431025,"Suspension,Brakes,Engine",122574,TECH-191,True
MNT-106505,VH-6463,2024-02-08,Preventive,596.5985255676765,3.2479555875880424,"Engine,Electrical,Transmission",275712,TECH-131,False
MNT-106506,VH-1215,2023-05-05,Preventive,596.8347624209848,4.464668222666728,"Brakes,Tires",108203,TECH-194,False
MNT-106507,VH-3671,2024-06-03,Scheduled,196.06252648739843,6.686982097765265,"HVAC,Engine,Tires",203219,TECH-123,False
MNT-106508,VH-2147,2023-11-30,Corrective,1981.5264760232924,35.61784289476529,"Oil Change,Suspension",377957,TECH-163,False
MNT-106509,VH-7929,2023-10-29,Preventive,628.8436732304374,1.0,"Tires,Engine",351613,TECH-174,True
MNT-106510,VH-9772,2023-05-05,Scheduled,206.71948921193786,1.0,HVAC,83943,TECH-150,False
MNT-106511,VH-3450,2024-08-26,Corrective,836.0774749747313,8.517948731199514,"Tires,Electrical",392592,TECH-134,False
MNT-106512,VH-3450,2024-05-01,Corrective,1795.8851881758235,6.505977893381063,"Brakes,Electrical",405982,TECH-183,False
MNT-106513,VH-4716,2024-03-18,Preventive,811.9446442072315,5.87092754341538,"Engine,HVAC",257888,TECH-171,False
MNT-106514,VH-4106,2023-12-24,Preventive,833.252966611117,2.298494218580494,Brakes,186405,TECH-171,False
MNT-106515,VH-8857,2024-11-08,Corrective,1333.408521375128,21.64267358830499,Transmission,438805,TECH-158,True
MNT-106516,VH-1835,2023-11-29,Preventive,416.6348825246549,2.4767448658292057,Tires,258509,TECH-177,False
MNT-106517,VH-9029,2024-12-09,Corrective,1499.778481286552,11.848734041557691,Suspension,165709,TECH-159,False
MNT-106518,VH-2549,2023-06-18,Preventive,368.76413044641424,3.3716071423454603,"Brakes,Oil Change,HVAC",477931,TECH-163,True
MNT-106519,VH-5684,2023-07-29,Emergency,1249.101761274674,114.07702560851558,"Oil Change,Transmission",44965,TECH-177,False
MNT-106520,VH-4753,2024-07-27,Corrective,1350.5071147401077,28.585740422035464,"Electrical,Transmission,Tires",35473,TECH-108,False
MNT-106521,VH-2216,2024-10-30,Corrective,526.9615083590149,19.014337944173512,"Electrical,Oil Change,Engine",339406,TECH-170,False
MNT-106522,VH-2391,2024-08-24,Corrective,1114.2902781595642,26.46884866325985,"Electrical,Transmission",215298,TECH-124,False
MNT-106523,VH-6037,2023-02-26,Preventive,605.8755170600415,4.345695523445613,"Engine,Electrical,HVAC",496670,TECH-136,True
MNT-106524,VH-8425,2023-08-11,Emergency,2416.510332754777,20.085939563085113,Oil Change,84263,TECH-104,False
MNT-106525,VH-5547,2023-03-09,Corrective,1064.1570113942385,9.790097113975524,Brakes,164816,TECH-126,False
MNT-106526,VH-1335,2024-05-29,Emergency,3998.3001728328463,4.363295333551166,"Transmission,Oil Change,HVAC",393903,TECH-137,False
MNT-106527,VH-7136,2023-02-11,Scheduled,417.0270917593535,2.0065438307447114,"HVAC,Electrical,Tires",337212,TECH-176,True
MNT-106528,VH-5547,2023-06-28,Corrective,1207.9967566271446,8.291397949207168,"Oil Change,Suspension,Brakes",25600,TECH-194,False
MNT-106529,VH-4001,2024-03-12,Preventive,523.3219916590252,1.0,"Oil Change,Tires",251555,TECH-131,True
MNT-106530,VH-8097,2024-04-28,Corrective,1480.0386547747942,4.813982882626679,"Oil Change,Suspension",399109,TECH-152,False
MNT-106531,VH-7741,2023-05-13,Preventive,479.3238709306003,5.292816219494289,Oil Change,373696,TECH-169,False
MNT-106532,VH-6718,2024-01-02,Scheduled,268.37654045707785,3.5390798483417005,"Transmission,Electrical",212179,TECH-161,False
MNT-106533,VH-5028,2023-11-30,Scheduled,303.47312096605845,1.0,"Engine,Suspension,Electrical",18974,TECH-146,False
MNT-106534,VH-5714,2024-12-25,Preventive,667.5671396844864,2.8912741989069977,"Engine,Electrical",135450,TECH-116,False
MNT-106535,VH-1335,2024-08-14,Preventive,658.7084302338482,5.335047278540536,Brakes,78730,TECH-181,True
MNT-106536,VH-1844,2024-12-27,Preventive,686.2444482736541,2.498176895983533,"Tires,Transmission,Electrical",283439,TECH-128,False
MNT-106537,VH-9821,2023-01-04,Corrective,1610.2468283224491,7.104580592183709,"Oil Change,Electrical,HVAC",108674,TECH-129,False
MNT-106538,VH-5670,2024-04-12,Preventive,328.38368115474645,3.8396253812175742,"HVAC,Engine,Oil Change",202289,TECH-184,False
MNT-106539,VH-1620,2023-03-08,Scheduled,266.14529735519636,4.0231496982733335,"Brakes,Suspension",98317,TECH-185,False
MNT-106540,VH-2587,2024-04-29,Scheduled,566.7940994248254,1.8177699939749885,"Transmission,Brakes,Oil Change",329001,TECH-155,True
MNT-106541,VH-9682,2023-12-14,Corrective,1233.0590114199167,8.704521397093824,"Brakes,Suspension",122142,TECH-121,True
MNT-106542,VH-3125,2024-10-15,Preventive,505.94549339380677,7.032962957000279,Electrical,309264,TECH-195,False
MNT-106543,VH-1059,2023-08-15,Preventive,375.74975020226157,11.055141823015191,Tires,244892,TECH-103,False
MNT-106544,VH-2410,2023-11-10,Corrective,1097.899634411961,4.309178968354878,"Engine,Transmission,Oil Change",257066,TECH-140,False
MNT-106545,VH-6605,2023-11-10,Emergency,1290.2185317139567,3.1768196418886365,Engine,86475,TECH-143,False
MNT-106546,VH-5360,2024-06-09,Corrective,877.2384199068823,1.4177545975063242,"HVAC,Suspension,Engine",138019,TECH-129,True
MNT-106547,VH-2559,2024-10-10,Preventive,181.8366504926505,1.0,"Electrical,Oil Change",26085,TECH-126,False
MNT-106548,VH-2084,2024-02-19,Corrective,996.5701057972055,8.028572258432527,"Electrical,Brakes",376668,TECH-119,True
MNT-106549,VH-5226,2023-04-28,Preventive,308.68266937953933,5.044143840259375,"HVAC,Brakes",228591,TECH-168,False
MNT-106550,VH-9710,2024-10-26,Preventive,549.2427423820762,2.0403642022716557,HVAC,436374,TECH-162,False
MNT-106551,VH-9801,2023-04-04,Preventive,335.04656472691073,9.275562141877128,Suspension,402890,TECH-176,False
MNT-106552,VH-7832,2023-07-09,Scheduled,594.8587986225743,4.229767141535652,Tires,118081,TECH-138,False
MNT-106553,VH-7807,2023-06-05,Preventive,259.3680133874477,1.0,"Engine,HVAC",443130,TECH-156,False
MNT-106554,VH-1072,2024-06-23,Preventive,613.6889992698924,1.0,"Oil Change,Electrical",18834,TECH-102,False
MNT-106555,VH-9105,2024-02-19,Preventive,682.2725329234908,9.72057742640041,"Transmission,Electrical",487190,TECH-104,False
MNT-106556,VH-9008,2024-05-20,Preventive,453.3775026936119,5.326418488437132,Suspension,420645,TECH-137,False
MNT-106557,VH-4976,2024-08-09,Preventive,463.1365559159186,1.4812164742172047,"HVAC,Suspension",26653,TECH-138,False
MNT-106558,VH-4042,2023-11-27,Scheduled,344.93104485711973,2.0304114421452057,Suspension,400672,TECH-137,True
MNT-106559,VH-5203,2023-08-26,Emergency,3617.7199125347906,38.122836256965165,"Tires,Suspension,Oil Change",205893,TECH-152,False
MNT-106560,VH-6709,2024-05-23,Scheduled,493.9117156615821,5.288570229462709,"Tires,Engine",492566,TECH-198,False
MNT-106561,VH-2381,2023-10-28,Corrective,931.1105924796976,1.4234151932535088,"Electrical,Brakes,Oil Change",73570,TECH-121,False
MNT-106562,VH-9394,2023-07-20,Preventive,462.9945346121173,6.969034597297082,Suspension,358892,TECH-174,False
MNT-106563,VH-2422,2024-09-28,Preventive,555.4483612154374,2.7187673767467024,Transmission,231712,TECH-188,True
MNT-106564,VH-9723,2024-02-10,Corrective,1401.519674240251,23.773598159843917,"HVAC,Suspension",77086,TECH-111,True
MNT-106565,VH-5056,2023-09-01,Scheduled,184.1517150309005,4.261703047532809,"Suspension,Tires,Engine",295153,TECH-162,False
MNT-106566,VH-9801,2023-10-08,Corrective,1812.0675017595936,1.495709777635937,Transmission,113059,TECH-195,True
MNT-106567,VH-5028,2024-11-24,Corrective,1285.0453343635513,1.0,"Tires,Transmission",85069,TECH-102,True
MNT-106568,VH-4862,2024-07-19,Preventive,618.1553528537605,2.630872707809374,Electrical,380611,TECH-101,False
MNT-106569,VH-3671,2023-07-29,Preventive,611.5283457655654,1.9989324400631536,"Transmission,Electrical,Suspension",262937,TECH-170,False
MNT-106570,VH-3092,2024-06-02,Preventive,660.6810436848149,6.150614985517645,Suspension,262566,TECH-115,False
MNT-106571,VH-5714,2023-06-29,Preventive,511.8824801337227,1.8976661382715838,Engine,251882,TECH-141,True
MNT-106572,VH-3967,2024-09-26,Scheduled,152.81597039297893,2.5009047368385007,"Oil Change,Engine,Brakes",335177,TECH-185,False
MNT-106573,VH-4106,2024-08-04,Corrective,717.2613658459916,3.7558683685686445,Engine,396036,TECH-193,False
MNT-106574,VH-3317,2023-07-27,Emergency,3604.432294643348,6.273136375927052,Oil Change,361530,TECH-124,False
MNT-106575,VH-1335,2023-10-14,Emergency,2382.117891400307,2.252663786700816,"Oil Change,Brakes,HVAC",26819,TECH-191,False
MNT-106576,VH-1420,2024-05-06,Corrective,1851.4098851215495,1.0,"Engine,Transmission,Brakes",431817,TECH-119,True
MNT-106577,VH-7918,2024-07-31,Preventive,535.8059427249959,1.0,"Suspension,Electrical,Oil Change",413921,TECH-169,False
MNT-106578,VH-5912,2023-08-21,Corrective,2087.511113979502,5.414147449253634,Tires,303584,TECH-163,False
MNT-106579,VH-3132,2024-12-01,Preventive,535.2178772150893,8.118893574186702,"Tires,HVAC,Suspension",17844,TECH-107,False
MNT-106580,VH-7657,2023-09-13,Preventive,593.3980992660645,3.3772117795851497,"Brakes,HVAC",165655,TECH-100,False
MNT-106581,VH-6037,2023-04-29,Emergency,2689.0659504165724,44.5471149786044,Oil Change,331870,TECH-153,True
MNT-106582,VH-1712,2023-11-08,Preventive,304.2315158202473,2.548444196637203,"Engine,Suspension",440484,TECH-128,True
MNT-106583,VH-9394,2024-02-01,Scheduled,526.2222086427562,1.0,"Suspension,Brakes,Transmission",427675,TECH-189,False
MNT-106584,VH-5714,2024-03-28,Emergency,155.36711195900125,43.87602603466333,"Electrical,Transmission",51976,TECH-176,False
MNT-106585,VH-2361,2024-04-06,Preventive,428.0954141097585,5.765834319539204,"Transmission,Tires",78646,TECH-104,True
MNT-106586,VH-9723,2024-02-17,Scheduled,364.90217302160664,1.0,"Suspension,Tires",139957,TECH-119,True
MNT-106587,VH-1475,2023-09-25,Preventive,274.65597544431284,1.141524256660929,"Suspension,Oil Change,Brakes",123794,TECH-133,True
MNT-106588,VH-9948,2023-08-08,Preventive,375.47120744711026,12.427347590846306,"Electrical,Suspension,Brakes",409964,TECH-129,True
MNT-106589,VH-6709,2024-06-15,Corrective,830.633247452995,14.795541833593266,"Tires,Suspension",21999,TECH-120,True
MNT-106590,VH-1072,2023-05-10,Preventive,456.00236244906415,10.00572814016266,"HVAC,Oil Change",71947,TECH-164,False
MNT-106591,VH-1844,2024-07-16,Corrective,1574.3040536724016,11.354425753399298,Engine,62637,TECH-122,False
MNT-106592,VH-3919,2023-11-15,Preventive,481.94765887641796,4.400523357467085,"Electrical,HVAC",497597,TECH-156,True
MNT-106593,VH-6346,2024-08-22,Preventive,187.38095747557423,2.353225976703754,"Engine,Brakes",82225,TECH-134,False
MNT-106594,VH-7657,2024-10-06,Preventive,425.31041658907657,1.042114139035417,Oil Change,80930,TECH-108,False
MNT-106595,VH-3540,2023-05-08,Preventive,642.4837353318976,2.423966281217606,"Tires,Transmission",453854,TECH-164,True
MNT-106596,VH-6636,2024-12-03,Corrective,1553.1508904759814,8.495987997778592,"Oil Change,Engine,Transmission",332423,TECH-156,False
MNT-106597,VH-6718,2023-05-13,Preventive,650.9809582459211,1.0,"Oil Change,Brakes",239821,TECH-126,False
MNT-106598,VH-4753,2024-07-22,Emergency,3426.980969412704,42.23747666351384,Oil Change,123831,TECH-153,False
MNT-106599,VH-8296,2023-12-10,Preventive,425.12346157637893,6.164516426570639,"Oil Change,Transmission,Brakes",387549,TECH-189,True
MNT-106600,VH-9887,2023-12-25,Preventive,779.8217502288836,1.0,"Brakes,Electrical",422047,TECH-178,False
MNT-106601,VH-4984,2023-02-11,Preventive,397.84432995756345,1.0,"Tires,Engine,Transmission",110420,TECH-158,True
MNT-106602,VH-3179,2024-03-22,Preventive,795.6685605488325,3.5591282150378785,"Oil Change,HVAC",287930,TECH-117,False
MNT-106603,VH-3278,2024-03-13,Preventive,642.2589519891694,4.182105036495029,"Transmission,Engine,Suspension",60954,TECH-114,False
MNT-106604,VH-1835,2023-02-09,Preventive,556.111853044463,1.053903658953432,Engine,366379,TECH-147,True
MNT-106605,VH-8563,2024-09-24,Scheduled,398.75641198298786,1.0,HVAC,407684,TECH-138,False
MNT-106606,VH-5714,2023-12-19,Corrective,1236.8284207711731,1.669585975356349,Oil Change,52857,TECH-111,False
MNT-106607,VH-8857,2023-10-27,Preventive,337.4664889752863,13.062475851480242,Electrical,332539,TECH-102,False
MNT-106608,VH-8664,2023-03-23,Preventive,318.70841313160975,6.066150588058135,"HVAC,Tires",423720,TECH-106,False
MNT-106609,VH-9393,2024-07-31,Scheduled,304.98321336911016,2.2543927722526163,Tires,169327,TECH-180,False
MNT-106610,VH-5684,2023-10-23,Corrective,1834.497541232201,4.096497637820754,Suspension,265731,TECH-189,True
MNT-106611,VH-3278,2024-05-26,Corrective,619.9032378598712,9.11490152705425,"HVAC,Suspension,Brakes",188665,TECH-101,False
MNT-106612,VH-3132,2024-06-28,Corrective,1258.0021670311887,32.887579814073646,Oil Change,108352,TECH-116,False
MNT-106613,VH-2393,2024-11-04,Preventive,774.4983880751124,5.87910444833815,Oil Change,56933,TECH-160,False
MNT-106614,VH-8296,2024-06-12,Corrective,1116.4472199318077,11.918095966327483,"Transmission,Suspension",466742,TECH-173,False
MNT-106615,VH-2216,2023-06-03,Preventive,567.3591474975966,1.0,"Suspension,Electrical,HVAC",249919,TECH-186,True
MNT-106616,VH-9887,2023-07-31,Corrective,1777.5791759219896,10.03073972072318,"Oil Change,Suspension",373097,TECH-151,False
MNT-106617,VH-2410,2023-01-08,Preventive,577.0051972888592,4.332385589753138,"Suspension,HVAC",153375,TECH-186,False
MNT-106618,VH-3817,2024-12-26,Emergency,2666.7857183935544,36.08840922508692,"Suspension,HVAC,Oil Change",192052,TECH-109,True
MNT-106619,VH-6835,2024-09-27,Corrective,724.5188984502715,15.383020788554415,"Transmission,Electrical",324359,TECH-183,False
MNT-106620,VH-2393,2023-05-13,Preventive,584.0087304246027,6.575807769338749,Suspension,308887,TECH-114,False
MNT-106621,VH-4716,2024-10-20,Corrective,1128.2531413826168,57.041409705855095,"Engine,Transmission",406709,TECH-142,False
MNT-106622,VH-7922,2024-05-21,Preventive,289.42617989220275,7.8325377365593285,"Engine,HVAC",51184,TECH-104,False
MNT-106623,VH-3967,2024-12-29,Scheduled,98.02096542103524,1.562481280953909,"Engine,Oil Change",142602,TECH-156,True
MNT-106624,VH-1999,2024-08-14,Corrective,1220.8300168035894,12.583917771937312,"Brakes,Tires",334318,TECH-178,False
MNT-106625,VH-7863,2024-02-15,Emergency,2416.2473363867766,27.419562016615497,"Suspension,Brakes,Engine",121825,TECH-177,True
MNT-106626,VH-2147,2023-10-10,Preventive,610.2403406078926,4.002284555245794,Tires,265723,TECH-181,False
MNT-106627,VH-7925,2024-10-28,Scheduled,448.0893290011675,2.6647021536622244,"Engine,HVAC,Transmission",321307,TECH-187,True
MNT-106628,VH-3490,2024-11-07,Emergency,2648.5114480494162,1.0,"Brakes,Suspension",90911,TECH-165,True
MNT-106629,VH-2489,2024-05-29,Corrective,1367.6341725220245,18.926519066095505,"Suspension,Electrical,Engine",173380,TECH-154,True
MNT-106630,VH-5226,2024-07-14,Scheduled,345.02080491077413,1.2280767963815697,"Suspension,Engine,Tires",72301,TECH-112,False
MNT-106631,VH-3039,2024-03-10,Preventive,618.842835944932,4.356933126273986,HVAC,59657,TECH-115,False
MNT-106632,VH-3927,2023-10-09,Scheduled,507.69286803585317,1.408568621228276,HVAC,441587,TECH-139,True
MNT-106633,VH-9105,2024-03-30,Preventive,711.4122980680967,2.3328879799498923,"Tires,Transmission",227126,TECH-109,False
MNT-106634,VH-7657,2023-07-13,Corrective,1099.0599164022287,7.101929186776182,"HVAC,Oil Change,Tires",85341,TECH-118,True
MNT-106635,VH-8468,2023-07-31,Preventive,294.1902212097077,5.999207564343802,"HVAC,Electrical",167130,TECH-129,False
MNT-106636,VH-2290,2023-08-30,Corrective,1455.735841225152,14.783343569773212,Oil Change,97223,TECH-113,False
MNT-106637,VH-7166,2023-03-15,Corrective,1494.5872856166357,4.780885448365957,"HVAC,Tires,Oil Change",264357,TECH-117,False
MNT-106638,VH-2216,2024-09-17,Preventive,668.4112166224825,1.0,"Tires,Electrical,Brakes",49031,TECH-173,True
MNT-106639,VH-7807,2024-09-23,Emergency,2607.9882595750023,7.253163322874153,"Transmission,Tires",299105,TECH-166,True
MNT-106640,VH-2489,2024-02-06,Corrective,405.475823875901,32.67461621237413,"Brakes,Electrical,Engine",251004,TECH-150,True
MNT-106641,VH-3618,2023-05-19,Preventive,896.0308423543763,1.0,Transmission,409399,TECH-119,True
MNT-106642,VH-5056,2023-06-06,Corrective,1146.250125603056,12.163775339320416,Brakes,394077,TECH-191,True
MNT-106643,VH-3919,2023-02-01,Preventive,571.2921835821086,1.2653490524459106,"Suspension,Engine",421480,TECH-104,False
MNT-106644,VH-8097,2024-06-07,Scheduled,261.6168060461774,1.0,"Tires,Brakes,Engine",148135,TECH-118,False
MNT-106645,VH-3776,2023-10-04,Corrective,1689.3032731752578,1.156154864470858,"Brakes,Transmission,Electrical",127554,TECH-107,True
MNT-106646,VH-1072,2023-05-30,Preventive,826.0428072652339,3.1519168686589634,"Suspension,Tires",106227,TECH-147,False
MNT-106647,VH-9035,2023-08-18,Corrective,1213.9259507287295,6.649139021023223,"Oil Change,Suspension,Transmission",395549,TECH-184,True
MNT-106648,VH-1215,2023-11-12,Scheduled,239.92115454670312,6.584575619703714,"Electrical,Oil Change,Transmission",425410,TECH-166,True
MNT-106649,VH-5226,2024-05-14,Preventive,746.2479227351947,2.9068323463098387,Engine,215828,TECH-101,True
MNT-106650,VH-4247,2023-01-31,Corrective,1496.0544440721903,11.992877864380137,"HVAC,Transmission,Tires",339951,TECH-105,True
MNT-106651,VH-3278,2024-05-07,Scheduled,369.0355094856713,1.6702133670451447,"Engine,HVAC",414758,TECH-145,False
MNT-106652,VH-7863,2023-11-21,Corrective,1424.5647205229138,1.0,"Brakes,Transmission,Suspension",156797,TECH-145,True
MNT-106653,VH-9008,2024-05-24,Preventive,613.8038521766118,1.0,"Brakes,HVAC,Suspension",355494,TECH-110,True
MNT-106654,VH-8445,2024-12-15,Corrective,815.9667304096823,19.149548681413954,Brakes,145912,TECH-161,False
MNT-106655,VH-9394,2023-04-05,Preventive,630.4452999717396,6.0927597236071325,"Suspension,Electrical",492154,TECH-138,False
MNT-106656,VH-7657,2023-07-26,Emergency,2589.891400129312,15.07138355521026,Brakes,363492,TECH-109,False
MNT-106657,VH-5670,2023-06-14,Preventive,489.918670247423,1.597143438799713,"Oil Change,Electrical",417547,TECH-163,False
MNT-106658,VH-2915,2023-03-06,Preventive,597.9270148050962,2.233791730803125,"Transmission,Tires",179730,TECH-134,False
MNT-106659,VH-5226,2023-05-22,Corrective,1501.4697113395919,20.360827449957586,Tires,341012,TECH-190,False
MNT-106660,VH-1169,2024-05-01,Preventive,601.3194737994147,2.937161930032217,"Engine,Tires,HVAC",163648,TECH-170,True
MNT-106661,VH-4743,2024-11-13,Preventive,690.8384302743663,5.711377417325407,Transmission,125773,TECH-191,False
MNT-106662,VH-7311,2023-04-06,Preventive,316.71774000682416,2.985732712859364,"Oil Change,Tires,Suspension",430902,TECH-125,False
MNT-106663,VH-1093,2023-11-15,Corrective,1276.197227941777,5.043848605644666,"Transmission,HVAC,Oil Change",262841,TECH-101,True
MNT-106664,VH-6908,2024-09-10,Corrective,688.7721423015264,3.3562481436455167,"Suspension,HVAC,Engine",452827,TECH-155,True
MNT-106665,VH-9824,2023-12-23,Corrective,1489.2043992148383,14.236862471969793,HVAC,65559,TECH-173,False
MNT-106666,VH-3814,2023-11-03,Scheduled,364.0691080894101,3.091164948454815,"Suspension,Tires,Electrical",303131,TECH-175,False
MNT-106667,VH-1620,2024-07-13,Preventive,650.0268121139306,7.717233906073363,Suspension,469977,TECH-174,True
MNT-106668,VH-3039,2023-07-14,Emergency,2842.0550435991763,10.842070281358021,"HVAC,Transmission",440026,TECH-107,False
MNT-106669,VH-5262,2024-10-13,Corrective,1207.9456330224903,40.3830554427919,"Engine,Tires",128335,TECH-120,False
MNT-106670,VH-7136,2024-11-20,Preventive,628.3036974933846,1.0,"Transmission,Brakes,Suspension",95536,TECH-185,True
MNT-106671,VH-4984,2024-04-03,Preventive,602.9975341692249,1.8370322998267488,Engine,71926,TECH-154,False
MNT-106672,VH-5056,2023-07-25,Corrective,2597.6639645601485,1.0,Transmission,208000,TECH-140,True
MNT-106673,VH-1823,2024-11-12,Corrective,1125.1688610901417,3.228088149916167,"Brakes,Electrical",105408,TECH-182,False
MNT-106674,VH-7171,2024-03-19,Preventive,483.0250608438096,2.2623295158328203,"Brakes,Suspension,Electrical",229505,TECH-193,True
MNT-106675,VH-7832,2024-01-15,Corrective,1516.8713118392025,12.609079514225641,"HVAC,Brakes",431109,TECH-125,False
MNT-106676,VH-8866,2023-07-08,Preventive,345.61858424599814,5.090177399261201,"HVAC,Suspension,Brakes",346186,TECH-182,True
MNT-106677,VH-4740,2024-10-10,Corrective,1739.0111170765672,34.306650456287926,Engine,350047,TECH-132,True
MNT-106678,VH-5714,2024-02-27,Preventive,375.76681896458706,1.0,"Suspension,Brakes,Tires",241567,TECH-112,True
MNT-106679,VH-2393,2024-06-05,Preventive,491.33353846702374,2.5089865902914994,Tires,288883,TECH-113,False
MNT-106680,VH-6596,2023-07-15,Corrective,1201.9574378075145,20.983570788598215,"HVAC,Oil Change",289033,TECH-190,False
MNT-106681,VH-1072,2023-06-29,Preventive,697.5133982280477,2.9059685841989658,HVAC,40382,TECH-132,False
MNT-106682,VH-9274,2024-08-22,Corrective,1016.5399480369942,8.047951768741246,"Brakes,Electrical",488056,TECH-141,False
MNT-106683,VH-5478,2024-04-30,Preventive,306.02068456096833,2.356170376225165,"Brakes,Engine",45043,TECH-131,True
MNT-106684,VH-2559,2024-10-21,Preventive,226.5321098719034,4.822460220083344,"Oil Change,Electrical,Tires",309045,TECH-176,False
MNT-106685,VH-1468,2024-11-27,Corrective,838.5924949040995,15.564097260078533,"Transmission,Engine",439292,TECH-140,True
MNT-106686,VH-1366,2023-08-07,Preventive,564.3058060995432,10.778423000488225,"Brakes,Engine",88635,TECH-116,False
MNT-106687,VH-3618,2024-11-25,Preventive,549.9986421207127,1.0,Transmission,199819,TECH-198,True
MNT-106688,VH-1092,2023-12-20,Corrective,946.7805846183513,6.949639279018141,"HVAC,Tires",137556,TECH-138,True
MNT-106689,VH-7918,2023-07-27,Corrective,1498.0550464561175,12.963025916033574,"Suspension,Transmission",405733,TECH-157,False
MNT-106690,VH-8639,2024-06-22,Preventive,374.5700996203994,1.73982672839893,"HVAC,Electrical,Oil Change",204319,TECH-119,True
MNT-106691,VH-6463,2024-06-09,Corrective,2200.796573366758,7.8640664384006485,Brakes,453438,TECH-170,False
MNT-106692,VH-3092,2024-01-01,Corrective,835.4224528791665,1.498893286558521,"HVAC,Transmission,Engine",437938,TECH-105,False
MNT-106693,VH-1215,2023-11-24,Preventive,464.36936390927946,2.5293728799322936,"Oil Change,Tires",453341,TECH-172,False
MNT-106694,VH-1420,2024-10-02,Preventive,332.3582702684847,1.5888786868341305,"Tires,Oil Change",252193,TECH-172,True
MNT-106695,VH-1008,2023-11-21,Preventive,525.9071231044301,4.503404298625211,"Suspension,Oil Change,Engine",174188,TECH-148,False
MNT-106696,VH-1093,2023-09-29,Corrective,357.7662503447476,1.0,"Engine,Suspension,Tires",393984,TECH-120,False
MNT-106697,VH-9772,2024-02-18,Scheduled,468.4541147762573,2.0542417443363084,"Brakes,Transmission",308858,TECH-172,False
MNT-106698,VH-2290,2024-06-26,Preventive,542.8932858544509,9.040727780873134,Tires,283780,TECH-106,True
MNT-106699,VH-8441,2024-11-25,Corrective,844.3528339556103,16.73814248696394,Brakes,104488,TECH-104,False
MNT-106700,VH-4976,2023-08-12,Emergency,1348.1360666087146,12.226244149339102,"Transmission,Electrical",158315,TECH-136,False
MNT-106701,VH-9394,2024-06-05,Corrective,375.5041342229847,29.422303236171516,HVAC,298061,TECH-146,False
MNT-106702,VH-6908,2024-07-14,Preventive,450.835493732302,1.0,"Electrical,Engine,Oil Change",239238,TECH-106,True
MNT-106703,VH-9862,2024-03-11,Corrective,2167.532730349045,7.153996395148244,"Oil Change,Transmission",151470,TECH-193,False
MNT-106704,VH-6473,2023-05-11,Preventive,403.49152825005405,3.095672915762148,Electrical,131801,TECH-141,True
MNT-106705,VH-3233,2023-06-16,Preventive,543.3274247834681,1.9579038528932833,"Suspension,Brakes,Tires",457889,TECH-193,True
MNT-106706,VH-4740,2024-11-07,Preventive,652.390904063815,6.419091947406406,"Oil Change,Transmission,HVAC",267271,TECH-193,True
MNT-106707,VH-6709,2023-11-14,Corrective,1191.172687326617,1.0,"Brakes,Suspension",495391,TECH-172,False
MNT-106708,VH-5226,2024-11-29,Corrective,1246.4118255073051,9.265972712587606,"Transmission,Electrical,Suspension",12026,TECH-194,True
MNT-106709,VH-6835,2024-04-07,Corrective,2094.656885541589,2.1741157083488125,"Brakes,HVAC,Tires",290704,TECH-138,False
MNT-106710,VH-1999,2024-04-10,Preventive,787.5298187110161,2.7981805666171713,"Oil Change,Engine,HVAC",429099,TECH-180,False
MNT-106711,VH-7863,2023-03-01,Corrective,712.4633321810522,3.130440322194008,Engine,437057,TECH-198,True
MNT-106712,VH-3450,2023-05-05,Scheduled,215.10419654929356,3.0981824335403214,"Tires,Transmission,Engine",45342,TECH-148,True
MNT-106713,VH-3588,2023-11-10,Scheduled,340.8184884473034,1.724336371351393,"Oil Change,Suspension,Engine",58716,TECH-101,False
MNT-106714,VH-2084,2023-05-16,Corrective,1063.8639372875723,12.933645723736905,Tires,101643,TECH-140,True
MNT-106715,VH-5282,2023-08-03,Corrective,1366.0402276935497,7.686628450998882,Tires,405975,TECH-135,True
MNT-106716,VH-7925,2023-04-14,Corrective,1251.0565275824686,24.754303494614607,"Brakes,Transmission",38460,TECH-122,False
MNT-106717,VH-1092,2023-08-23,Preventive,445.5289600249793,1.2603142537962673,"Electrical,Oil Change",479713,TECH-109,True
MNT-106718,VH-6709,2024-06-21,Preventive,528.5268553233097,2.7016631650359653,Oil Change,133903,TECH-109,False
MNT-106719,VH-1835,2024-12-18,Preventive,401.80609484326345,1.0,"Suspension,Brakes",469720,TECH-155,True
MNT-106720,VH-8840,2023-06-30,Preventive,733.9247938139882,12.047897343108882,"Brakes,Transmission,Tires",46951,TECH-178,True
MNT-106721,VH-6718,2024-08-16,Preventive,636.9259204870255,6.251278922739042,"Transmission,Engine,Suspension",65130,TECH-159,False
MNT-106722,VH-7741,2023-11-07,Corrective,1069.9029076910979,18.027498201140787,"Suspension,Engine",423518,TECH-111,True
MNT-106723,VH-1420,2023-06-29,Corrective,786.689254155568,10.796643089410988,Transmission,496293,TECH-183,False
MNT-106724,VH-9772,2024-12-30,Emergency,1936.7290339504548,10.889587723631575,Oil Change,447929,TECH-172,False
MNT-106725,VH-9393,2024-05-28,Corrective,738.2301473679588,17.940013033036987,"HVAC,Tires",257451,TECH-135,False
MNT-106726,VH-8441,2023-03-06,Emergency,1698.3405017166992,60.59974778921578,"Electrical,Oil Change",399610,TECH-153,False
MNT-106727,VH-3540,2024-02-04,Scheduled,433.570395603749,1.2253903233856904,"HVAC,Tires",361706,TECH-164,False
MNT-106728,VH-3776,2024-09-21,Corrective,1436.8571054150007,1.0,"Engine,Transmission,Electrical",12671,TECH-195,True
MNT-106729,VH-1008,2024-06-06,Preventive,672.8175723615984,3.917071233032646,Transmission,215723,TECH-129,True
MNT-106730,VH-2910,2024-03-20,Preventive,702.0277317928393,1.0292264598084406,"Suspension,Electrical",264158,TECH-101,False
MNT-106731,VH-9522,2024-12-09,Preventive,334.8291338665879,3.4575776459294003,"Suspension,Electrical,Oil Change",226620,TECH-109,False
MNT-106732,VH-5672,2023-07-05,Preventive,482.97774155873145,4.936210797311647,Brakes,278557,TECH-183,False
MNT-106733,VH-1475,2023-06-22,Corrective,379.4431178308795,22.960736532899936,"Engine,Transmission",416786,TECH-199,False
MNT-106734,VH-4753,2024-01-19,Scheduled,305.43822361406103,1.0554220840754065,"Brakes,Electrical",289769,TECH-131,False
MNT-106735,VH-5844,2023-05-15,Corrective,844.5893312103237,42.11798542922013,Brakes,440998,TECH-114,False
MNT-106736,VH-1420,2023-07-25,Preventive,422.8095083550802,1.5752044247970705,"Tires,Brakes",447703,TECH-129,False
MNT-106737,VH-2147,2024-02-14,Preventive,527.565416699607,1.6253054608363062,Oil Change,64704,TECH-131,False
MNT-106738,VH-2915,2024-07-26,Preventive,326.4746995745047,1.0,"Brakes,Tires,Transmission",434943,TECH-160,True
MNT-106739,VH-4740,2023-09-09,Preventive,532.3585952988661,1.0,"Transmission,Brakes,Electrical",239853,TECH-119,False
MNT-106740,VH-9737,2023-10-08,Preventive,444.5890261827717,2.505723257505615,"Transmission,Suspension",300110,TECH-144,False
MNT-106741,VH-1844,2023-07-06,Corrective,1142.6991466766015,7.545510740607183,"Transmission,Suspension",68917,TECH-120,False
MNT-106742,VH-9646,2023-10-15,Corrective,1018.7307472741684,7.681604088194696,"Oil Change,HVAC",57342,TECH-157,False
MNT-106743,VH-5547,2023-04-30,Preventive,344.9776598146675,1.505395436119737,"Brakes,HVAC,Oil Change",161196,TECH-129,False
MNT-106744,VH-9029,2023-08-11,Preventive,97.67633244356807,1.0,"Brakes,Suspension",110978,TECH-158,False
MNT-106745,VH-9029,2023-03-02,Corrective,1628.3987547419906,1.0,Brakes,350336,TECH-136,False
MNT-106746,VH-3450,2024-12-24,Corrective,622.5262505579416,21.05088012105917,Suspension,362146,TECH-171,False
MNT-106747,VH-6775,2023-11-05,Scheduled,362.4939066109441,1.0,"Oil Change,Tires",317994,TECH-106,False
MNT-106748,VH-2393,2024-03-29,Corrective,952.6220419586359,3.764041484161268,"Electrical,Transmission",236750,TECH-167,True
MNT-106749,VH-2915,2024-08-29,Preventive,490.87345858203616,3.743628485441343,Oil Change,315356,TECH-136,False
MNT-106750,VH-7693,2023-06-15,Corrective,1048.0365412389829,3.71669086435996,HVAC,93733,TECH-150,False
MNT-106751,VH-1468,2024-02-22,Preventive,239.4598015225232,8.544801040883875,"Brakes,Electrical",357226,TECH-110,False
MNT-106752,VH-3671,2023-11-06,Scheduled,443.9284125564835,2.2441829043294064,Suspension,171709,TECH-113,False
MNT-106753,VH-1620,2023-03-30,Preventive,556.7445521697597,1.0,"Oil Change,HVAC",266766,TECH-183,False
MNT-106754,VH-2910,2024-11-03,Corrective,1768.4709921659173,15.965006853578931,Engine,63496,TECH-103,False
MNT-106755,VH-2549,2024-06-03,Preventive,766.4410162523802,8.679032825112362,"Brakes,Oil Change",211543,TECH-162,False
MNT-106756,VH-3540,2023-05-08,Scheduled,313.55266970259567,1.0,"Transmission,Brakes",363458,TECH-193,False
MNT-106757,VH-2506,2023-05-10,Preventive,598.4761114869008,1.705027444859172,Electrical,259444,TECH-170,True
MNT-106758,VH-5912,2024-12-03,Preventive,518.7503859952454,5.5855119137284674,Suspension,227073,TECH-185,False
MNT-106759,VH-2410,2024-01-13,Corrective,1440.4388260125947,7.655716481469483,"Brakes,HVAC,Transmission",316319,TECH-166,False
MNT-106760,VH-3776,2023-05-26,Corrective,816.3353231765548,22.70293790691516,Suspension,431571,TECH-115,True
MNT-106761,VH-2391,2024-11-23,Corrective,1294.1610175517408,5.861202521023725,Suspension,82236,TECH-121,False
MNT-106762,VH-9394,2024-04-20,Scheduled,390.74882054137,3.1973299385859484,Electrical,161469,TECH-198,False
MNT-106763,VH-2559,2023-08-21,Corrective,1204.648229038445,3.0726932963960376,Transmission,186598,TECH-100,False
MNT-106764,VH-6835,2024-09-21,Preventive,778.8119782494216,5.120205891128329,"Transmission,Engine",422724,TECH-124,False
MNT-106765,VH-1835,2024-06-28,Corrective,1514.477367006684,28.86984834702444,HVAC,412095,TECH-179,False
MNT-106766,VH-5684,2023-10-03,Preventive,482.9325794546978,6.8965830049602905,"Engine,Brakes,HVAC",287961,TECH-185,False
MNT-106767,VH-1335,2023-11-19,Emergency,167.4122904509045,17.92728851078037,"Suspension,HVAC",463075,TECH-120,False
MNT-106768,VH-1835,2023-01-18,Corrective,1339.030991432106,1.8813130494087282,"Tires,Brakes,HVAC",448033,TECH-170,True
MNT-106769,VH-9737,2024-01-11,Preventive,387.9877125180974,2.156794115859839,Engine,368149,TECH-165,False
MNT-106770,VH-3814,2023-11-15,Preventive,580.3902275157409,1.0,Engine,347025,TECH-104,False
MNT-106771,VH-4976,2023-12-11,Corrective,1068.2738605224974,4.466612494390917,Tires,329427,TECH-124,True
MNT-106772,VH-9723,2024-03-28,Corrective,1975.2983809832535,1.6335818163041782,"Brakes,Suspension,Transmission",103158,TECH-123,True
MNT-106773,VH-9887,2024-05-26,Preventive,496.509548319688,1.0,"Suspension,Transmission,Brakes",469972,TECH-159,False
MNT-106774,VH-2361,2024-06-22,Preventive,540.263585462049,4.202873746192651,"Electrical,Brakes",333249,TECH-140,False
MNT-106775,VH-8441,2023-09-15,Preventive,652.996608715667,1.6994868237503824,Electrical,382892,TECH-196,True
MNT-106776,VH-1169,2024-02-19,Preventive,371.94233594224113,1.0,Tires,490145,TECH-121,True
MNT-106777,VH-8593,2023-06-02,Preventive,676.5988794032094,2.51437323697071,Oil Change,62776,TECH-198,False
MNT-106778,VH-4862,2024-05-09,Preventive,488.454939736785,1.6381037760807953,"Electrical,Brakes,Tires",237227,TECH-175,False
MNT-106779,VH-9035,2023-05-30,Scheduled,175.88756142257608,1.0,"Suspension,Tires",492626,TECH-172,True
MNT-106780,VH-7922,2023-06-14,Preventive,247.27907619061594,1.0,Suspension,338547,TECH-130,False
MNT-106781,VH-1092,2023-09-05,Emergency,2301.0751740654096,15.843328500456298,"Oil Change,Electrical,Tires",80048,TECH-129,True
MNT-106782,VH-1823,2023-07-09,Corrective,1695.6092916004811,32.43710104769441,Brakes,133852,TECH-138,True
MNT-106783,VH-9152,2023-09-09,Corrective,1613.7056305737538,1.8323165029710422,"Brakes,HVAC",412916,TECH-186,False
MNT-106784,VH-8376,2024-01-11,Preventive,506.83150309127507,20.17290501968241,Oil Change,220929,TECH-123,True
MNT-106785,VH-6596,2024-12-02,Scheduled,354.17035103619554,1.2453207348379962,"Oil Change,Suspension",70156,TECH-192,False
MNT-106786,VH-4862,2024-12-25,Corrective,1143.9802826338068,1.0,Engine,182747,TECH-146,False
MNT-106787,VH-8468,2024-08-16,Preventive,485.0588159581494,1.0,"Engine,Brakes",274102,TECH-129,True
MNT-106788,VH-7688,2023-10-21,Preventive,363.54581679889657,1.0,"Tires,Suspension",429749,TECH-106,True
MNT-106789,VH-3348,2023-06-26,Preventive,545.248117294654,1.0,"Engine,Oil Change",328770,TECH-168,False
MNT-106790,VH-2536,2024-02-17,Scheduled,362.9751781122403,1.637661797038968,Engine,201816,TECH-178,True
MNT-106791,VH-6443,2023-05-12,Scheduled,267.1597533250294,3.871873118046953,"Transmission,Suspension,Tires",341858,TECH-101,False
MNT-106792,VH-3450,2024-05-16,Preventive,424.0700622647787,1.0,"Engine,Tires",68267,TECH-196,False
MNT-106793,VH-9152,2024-09-09,Preventive,319.4307346014973,1.233640184244681,"Brakes,Suspension",198472,TECH-155,False
MNT-106794,VH-7929,2024-08-27,Preventive,505.1297625013121,14.638751701574591,"Electrical,Oil Change,Engine",334077,TECH-166,False
MNT-106795,VH-2690,2023-04-05,Corrective,1338.294208674451,21.068457057071917,Transmission,122435,TECH-195,False
MNT-106796,VH-8468,2023-08-08,Corrective,1343.6409959715668,36.04219426483999,"HVAC,Oil Change,Transmission",202236,TECH-165,False
MNT-106797,VH-7162,2023-08-27,Preventive,608.2372594242967,2.566752134051218,"Suspension,Electrical",29124,TECH-102,True
MNT-106798,VH-8316,2024-11-29,Preventive,576.8452078867516,1.0,"Suspension,Tires,Oil Change",99101,TECH-197,False
MNT-106799,VH-1092,2023-10-26,Preventive,498.1668575276181,10.348846474996003,HVAC,472655,TECH-166,False
MNT-106800,VH-6463,2023-03-24,Preventive,335.91449005161365,4.163627709967722,Brakes,52016,TECH-156,False
MNT-106801,VH-1885,2024-06-25,Preventive,431.7100508106071,1.0,Suspension,248498,TECH-113,False
MNT-106802,VH-2587,2024-11-01,Preventive,366.42251907724346,4.158997843740603,"Oil Change,Brakes,HVAC",443376,TECH-101,False
MNT-106803,VH-4716,2023-11-23,Corrective,730.8628465988742,8.490355642749392,Electrical,435557,TECH-174,True
MNT-106804,VH-8563,2024-05-09,Preventive,420.2158938451951,5.399445558860402,"Electrical,Brakes",253397,TECH-102,True
MNT-106805,VH-8579,2023-08-16,Corrective,1041.9787568521278,16.11339297713945,"Electrical,Brakes,Engine",158425,TECH-171,False
MNT-106806,VH-5547,2024-07-17,Preventive,637.3531318737943,1.0,HVAC,457382,TECH-163,True
MNT-106807,VH-5912,2023-04-17,Preventive,374.13490448686633,1.0,Brakes,421183,TECH-115,False
MNT-106808,VH-8316,2024-11-10,Preventive,325.87574176290866,8.214810304321517,"Brakes,Engine",222829,TECH-186,True
MNT-106809,VH-7693,2024-07-14,Corrective,1647.585120213406,31.10267322416808,"Suspension,Engine,Oil Change",32796,TECH-122,True
MNT-106810,VH-8000,2024-05-18,Scheduled,449.4709079145372,3.9546158604317427,"HVAC,Engine,Suspension",144715,TECH-158,False
MNT-106811,VH-2410,2024-11-22,Preventive,371.664453685754,13.223038182945414,"Engine,Tires",81599,TECH-142,True
MNT-106812,VH-9646,2024-08-26,Preventive,489.4092838246669,15.13589051010381,HVAC,454176,TECH-100,False
MNT-106813,VH-3540,2024-03-08,Preventive,479.22133457967766,3.4920538950140045,"HVAC,Tires,Transmission",57208,TECH-115,True
MNT-106814,VH-7929,2023-08-23,Corrective,1535.5160591031063,7.926708149920138,Transmission,200683,TECH-124,True
MNT-106815,VH-1999,2023-03-17,Preventive,584.4671830308514,6.645893902368671,Oil Change,477591,TECH-184,False
MNT-106816,VH-6908,2024-10-01,Preventive,560.9691353484756,5.162606250981371,"Engine,Brakes,Electrical",196554,TECH-111,True
MNT-106817,VH-7693,2023-08-26,Scheduled,203.38231470781403,1.0,"Engine,Transmission",10490,TECH-188,False
MNT-106818,VH-2381,2024-04-12,Corrective,961.0458788928693,5.1187472916660415,Engine,215391,TECH-103,False
MNT-106819,VH-2357,2023-09-22,Corrective,1120.6478560233702,10.992901679564012,Brakes,282469,TECH-117,False
MNT-106820,VH-3814,2024-04-03,Preventive,382.1890594450284,3.5201494511934017,"Transmission,Engine,Tires",265949,TECH-104,False
MNT-106821,VH-8425,2023-11-16,Corrective,1228.5207920269293,13.776071672864157,"HVAC,Brakes,Transmission",70763,TECH-102,False
MNT-106822,VH-3348,2024-02-10,Preventive,446.2293045270254,4.6030354918613305,"Transmission,Oil Change,Electrical",476893,TECH-106,False
MNT-106823,VH-7922,2023-09-04,Corrective,2434.9818065326635,11.703207759178811,"Oil Change,Engine,Tires",341448,TECH-141,False
MNT-106824,VH-5684,2023-06-07,Corrective,1500.255839270475,56.211609208500484,"Transmission,Tires",13189,TECH-116,False
MNT-106825,VH-7918,2024-12-15,Corrective,964.2463113338678,1.0,Oil Change,446763,TECH-193,False
MNT-106826,VH-5226,2023-07-01,Corrective,1040.0587020844248,7.385617274550453,"Oil Change,Transmission",470776,TECH-149,False
MNT-106827,VH-5991,2023-10-11,Preventive,418.20409294784304,1.0,"Brakes,Tires",57783,TECH-156,False
MNT-106828,VH-2536,2023-07-08,Corrective,1058.6368290023645,5.990244068875407,"Brakes,HVAC",228549,TECH-111,False
MNT-106829,VH-7925,2023-02-10,Corrective,1808.1705588014288,12.378346153904559,"Tires,Oil Change",372279,TECH-173,True
MNT-106830,VH-8579,2023-03-15,Preventive,578.8829936766751,1.8924334045394031,"Transmission,Engine,Oil Change",140639,TECH-107,True
MNT-106831,VH-2559,2024-11-23,Preventive,500.43949276757417,1.6963876590926221,"Transmission,Brakes",12944,TECH-174,False
MNT-106832,VH-2690,2024-05-30,Emergency,3324.5204537656155,17.15079067613426,"Oil Change,Transmission,Suspension",208215,TECH-143,True
MNT-106833,VH-3618,2023-07-22,Emergency,1132.9559397978305,59.48154144273478,Transmission,193098,TECH-159,False
MNT-106834,VH-6346,2024-12-14,Corrective,1644.8616825101603,1.1656201175111562,Tires,309757,TECH-151,False
MNT-106835,VH-9394,2023-01-29,Scheduled,307.4175529917722,1.0,Oil Change,60614,TECH-174,False
MNT-106836,VH-8296,2023-10-20,Corrective,1670.5138219450419,21.496049967339154,"Tires,HVAC,Transmission",105907,TECH-156,True
MNT-106837,VH-9801,2023-08-21,Preventive,377.4518455342126,1.0,"Brakes,Transmission,Engine",182432,TECH-131,False
MNT-106838,VH-2361,2024-01-09,Emergency,1603.1447756693226,16.775398891081213,"Suspension,Oil Change",156810,TECH-120,False
MNT-106839,VH-6775,2024-05-26,Preventive,437.7266630065842,1.0,"Suspension,Engine,HVAC",376471,TECH-102,True
MNT-106840,VH-3278,2023-03-07,Corrective,2054.6250430109517,15.496113107455209,"Transmission,HVAC",225602,TECH-128,False
MNT-106841,VH-9035,2024-10-11,Preventive,407.00854240014695,1.0,"Tires,HVAC,Engine",242699,TECH-138,False
MNT-106842,VH-9522,2024-12-22,Emergency,3515.173915997476,9.184349755841962,"HVAC,Suspension,Tires",453885,TECH-153,False
MNT-106843,VH-6908,2024-08-22,Preventive,554.3998027702498,6.116130418536289,Suspension,14423,TECH-158,False
MNT-106844,VH-1835,2024-09-03,Corrective,1255.5397680515362,9.314851918382473,Oil Change,64305,TECH-178,False
MNT-106845,VH-7918,2024-01-15,Corrective,773.0542845539856,18.3115760564194,"Brakes,Electrical",13652,TECH-101,False
MNT-106846,VH-1468,2024-04-27,Emergency,741.6996188844096,46.790742876727684,Brakes,49449,TECH-136,False
MNT-106847,VH-9821,2024-05-01,Corrective,973.5120582509919,36.95364095876508,Brakes,267501,TECH-183,False
MNT-106848,VH-2357,2023-12-17,Preventive,557.4628490127255,1.0,Engine,203094,TECH-149,False
MNT-106849,VH-2084,2024-11-14,Preventive,431.33601838473726,4.870126756083594,"Transmission,Tires,HVAC",242671,TECH-100,False
MNT-106850,VH-1999,2024-08-13,Corrective,1308.244606255569,1.0,Brakes,479139,TECH-153,False
MNT-106851,VH-4976,2024-10-11,Scheduled,358.0870034023954,1.0,"Transmission,Electrical,Tires",493619,TECH-144,False
MNT-106852,VH-4503,2024-07-02,Emergency,1903.919094978658,2.217122871110777,Transmission,34349,TECH-123,False
MNT-106853,VH-3540,2024-07-25,Corrective,1570.2495449848175,7.720679034784608,HVAC,48607,TECH-114,False
MNT-106854,VH-7136,2024-04-24,Corrective,1107.8134340843737,5.055412853904119,"HVAC,Suspension",463598,TECH-171,True
MNT-106855,VH-2410,2023-10-25,Scheduled,309.03728933220333,1.6010914495064905,"Transmission,Suspension",329269,TECH-147,False
MNT-106856,VH-8866,2023-01-05,Preventive,330.5298955112433,11.519719634091931,"Engine,Tires,Oil Change",327947,TECH-126,True
MNT-106857,VH-4890,2024-12-09,Corrective,1426.911790361787,23.5545673519513,Brakes,489013,TECH-188,False
MNT-106858,VH-6473,2024-06-03,Preventive,508.4103648960636,9.758448365360273,"Oil Change,Brakes,Electrical",416751,TECH-138,True
MNT-106859,VH-4057,2023-03-17,Preventive,612.0976096223703,8.65747031243356,"Electrical,Engine,HVAC",421384,TECH-159,False
MNT-106860,VH-8376,2024-12-07,Preventive,676.6351414276694,5.7755518424723835,"HVAC,Suspension,Transmission",352035,TECH-179,False
MNT-106861,VH-3132,2023-04-05,Preventive,713.7994154824514,3.191764334773037,"Brakes,Transmission,Suspension",399924,TECH-103,True
MNT-106862,VH-9801,2023-02-21,Preventive,683.8920715895115,5.2126575853087465,Tires,154161,TECH-196,False
MNT-106863,VH-1588,2024-02-25,Preventive,473.42951261578736,9.268709976853158,"Engine,HVAC,Tires",179960,TECH-102,False
MNT-106864,VH-5547,2024-02-03,Preventive,261.7867439568786,8.600381639981418,"Transmission,Oil Change,Brakes",199320,TECH-163,True
MNT-106865,VH-7925,2024-02-28,Preventive,604.7328621906632,1.8385784636706368,"HVAC,Suspension",302007,TECH-159,False
MNT-106866,VH-7688,2024-06-07,Preventive,658.3531455010016,5.758153580460326,"Suspension,Electrical",48384,TECH-173,False
MNT-106867,VH-1588,2023-09-24,Corrective,1283.4318974486175,8.342017313826899,Electrical,420714,TECH-165,False
MNT-106868,VH-7929,2024-02-28,Corrective,1279.4323101410923,4.459094360770111,"Tires,Brakes,Engine",266657,TECH-122,False
MNT-106869,VH-3919,2023-02-14,Preventive,390.91512093191636,4.434006538132468,"Transmission,Brakes,Suspension",210386,TECH-119,False
MNT-106870,VH-7925,2024-06-25,Preventive,499.1885640569043,1.0,"HVAC,Brakes,Engine",144158,TECH-168,False
MNT-106871,VH-4743,2024-01-15,Preventive,344.41464823888515,1.0,HVAC,390232,TECH-146,True
MNT-106872,VH-4890,2023-08-24,Preventive,656.3498899304534,12.9187269606465,"Suspension,Oil Change,HVAC",175581,TECH-187,False
MNT-106873,VH-5717,2024-12-19,Corrective,1420.4546198282326,24.173031574521012,Transmission,489363,TECH-155,False
MNT-106874,VH-4862,2024-05-04,Preventive,633.9381190712522,1.0,"Tires,Electrical",496068,TECH-185,True
MNT-106875,VH-7693,2024-04-19,Emergency,2236.9970036980008,7.231798850657009,"HVAC,Tires",258038,TECH-184,False
MNT-106876,VH-7688,2024-05-27,Corrective,1057.1899895816393,4.255042992172459,"Oil Change,Suspension,Brakes",76278,TECH-127,True
MNT-106877,VH-7136,2023-05-18,Corrective,1259.7933802875777,4.998561739739725,Oil Change,241366,TECH-164,False
MNT-106878,VH-1475,2024-11-24,Preventive,296.3357591242153,4.289284512778824,"Electrical,Brakes",238504,TECH-131,False
MNT-106879,VH-1420,2023-08-06,Preventive,287.4130025247335,5.383806463537301,"Oil Change,Brakes,Tires",423144,TECH-115,False
MNT-106880,VH-7166,2023-10-12,Corrective,1766.898912242852,4.055770837597992,"Tires,Oil Change",259923,TECH-199,True
MNT-106881,VH-3473,2024-12-17,Scheduled,277.7975072279392,1.0859642442799766,"Transmission,Oil Change,Electrical",466600,TECH-177,True
MNT-106882,VH-9772,2023-07-17,Preventive,506.84482900007396,15.074369393538976,Tires,209303,TECH-115,True
MNT-106883,VH-4106,2023-03-10,Preventive,347.2788199093659,2.4463852329076077,"Brakes,Oil Change,Engine",329599,TECH-198,False
MNT-106884,VH-5262,2024-09-08,Preventive,926.4594680810908,1.0,"Transmission,Brakes,HVAC",387793,TECH-171,True
MNT-106885,VH-2506,2024-07-26,Corrective,1168.8664610946216,26.7131008925071,"Brakes,Engine,Oil Change",41272,TECH-198,True
MNT-106886,VH-2290,2023-09-17,Emergency,2822.5326415310533,17.680017626978955,"Suspension,Engine,Oil Change",220968,TECH-173,True
MNT-106887,VH-8445,2023-07-25,Scheduled,349.76816950911353,1.554530701929857,"Suspension,Brakes",137197,TECH-135,False
MNT-106888,VH-2915,2023-02-15,Corrective,829.1280871308693,1.0,"Oil Change,Brakes,Tires",301549,TECH-130,False
MNT-106889,VH-1391,2024-08-16,Corrective,1360.0205735477375,43.673219889955114,"Tires,Brakes",333102,TECH-164,False
MNT-106890,VH-3125,2023-05-23,Preventive,454.91875346896416,3.306680239851575,Transmission,75501,TECH-158,True
MNT-106891,VH-4862,2024-01-19,Corrective,1003.4295207195705,4.996208832871202,"Transmission,Tires",188067,TECH-156,False
MNT-106892,VH-8579,2024-10-11,Corrective,1072.4361937793794,20.229251831599548,"HVAC,Engine",155644,TECH-170,False
MNT-106893,VH-2381,2023-09-25,Preventive,327.0583246918974,1.0,"Engine,Suspension",253313,TECH-126,False
MNT-106894,VH-1620,2024-04-08,Corrective,1714.9317475073449,4.567598214452506,Electrical,458246,TECH-195,False
MNT-106895,VH-5684,2023-11-11,Preventive,303.48512996412353,3.5765909850617197,Transmission,176031,TECH-110,False
MNT-106896,VH-8918,2024-02-28,Preventive,631.6878245751354,1.1478853051163413,"HVAC,Brakes,Suspension",46467,TECH-106,True
MNT-106897,VH-2910,2024-11-13,Preventive,545.2893509806249,3.695934949584465,"Oil Change,Tires,HVAC",383426,TECH-122,False
MNT-106898,VH-4001,2023-10-16,Preventive,447.19157566990805,5.474378505269946,"Tires,Oil Change,Suspension",462871,TECH-167,True
MNT-106899,VH-4503,2024-09-21,Preventive,413.5243486762574,2.6456072995823607,"Brakes,Oil Change",199946,TECH-142,False
MNT-106900,VH-9824,2024-05-30,Corrective,1278.409883975161,12.415394365254162,"HVAC,Suspension",37195,TECH-186,False
MNT-106901,VH-8316,2023-07-23,Preventive,710.0880343573931,5.62063300842161,"Engine,Oil Change,Electrical",360467,TECH-162,True
MNT-106902,VH-3814,2023-05-21,Corrective,1096.364389824495,10.12205886834399,Tires,344159,TECH-148,True
MNT-106903,VH-5028,2024-09-10,Preventive,496.46743453113197,2.7584091716568544,"Oil Change,Engine,Tires",484752,TECH-106,False
MNT-106904,VH-7925,2024-02-29,Preventive,415.55280087596253,2.790974859394146,Suspension,383219,TECH-164,False
MNT-106905,VH-6019,2023-10-23,Preventive,390.5055105693959,1.0,Engine,469328,TECH-170,True
MNT-106906,VH-2393,2024-03-08,Preventive,613.1124566731908,1.0,"Suspension,Oil Change",280764,TECH-188,False
MNT-106907,VH-1059,2023-10-19,Preventive,593.5263093089208,3.3534463129273715,Suspension,138161,TECH-123,False
MNT-106908,VH-5386,2023-04-18,Emergency,2451.949847475896,4.902974940437009,"Brakes,Engine",477614,TECH-194,False
MNT-106909,VH-9035,2023-07-21,Corrective,971.8718340158538,7.6345293960480936,"Brakes,Electrical,Suspension",214998,TECH-155,True
MNT-106910,VH-4716,2023-04-23,Scheduled,334.6338281302388,3.76186535256224,"Oil Change,Engine,HVAC",391338,TECH-196,False
MNT-106911,VH-2410,2023-01-25,Corrective,1586.39488152191,5.856463714022826,Tires,495894,TECH-109,True
MNT-106912,VH-5478,2023-01-10,Preventive,435.5613942597085,1.1767336363089933,"Oil Change,Engine,Brakes",299369,TECH-174,True
MNT-106913,VH-8857,2023-06-21,Preventive,601.7993569582151,1.0029653480241545,"Brakes,Suspension",17688,TECH-134,True
MNT-106914,VH-1620,2023-12-05,Corrective,1244.5613022171974,10.92490394963618,"Tires,Transmission,Engine",157071,TECH-126,False
MNT-106915,VH-1059,2023-03-01,Preventive,526.9457767918229,27.43176956827185,Suspension,226439,TECH-178,False
MNT-106916,VH-1885,2024-04-24,Preventive,496.73006036016295,3.671571470564026,"Transmission,Oil Change,Electrical",249258,TECH-103,False
MNT-106917,VH-9801,2023-04-02,Preventive,690.1823559144216,3.967166942134838,"Tires,Transmission,Brakes",251732,TECH-107,True
MNT-106918,VH-9737,2024-12-30,Preventive,418.1029295041526,7.069970202808078,"HVAC,Oil Change",237848,TECH-115,True
MNT-106919,VH-7688,2024-10-18,Corrective,1725.5820884668815,3.957702163239378,"Oil Change,Transmission,HVAC",220622,TECH-190,False
MNT-106920,VH-2910,2023-11-05,Preventive,514.1381055667791,1.0,"HVAC,Brakes",93607,TECH-121,False
MNT-106921,VH-1335,2024-08-05,Emergency,3066.0555793431704,111.51045491684292,Suspension,279264,TECH-163,False
MNT-106922,VH-3233,2024-02-19,Preventive,521.5542916662486,3.636238070441779,"Tires,Suspension,Brakes",81967,TECH-144,False
MNT-106923,VH-9393,2024-11-12,Preventive,601.6347789895561,3.7729648607819364,"Suspension,Transmission,HVAC",74050,TECH-125,False
MNT-106924,VH-9274,2023-12-07,Preventive,742.98725587898,2.3546363534955344,HVAC,119805,TECH-125,False
MNT-106925,VH-9432,2024-10-22,Emergency,2360.331504886873,34.02065552560012,"HVAC,Oil Change",40291,TECH-127,True
MNT-106926,VH-5226,2023-12-02,Corrective,627.9450556886828,18.703643368396488,"Transmission,HVAC",312454,TECH-168,False
MNT-106927,VH-8097,2023-09-13,Scheduled,150.90566204941663,11.829649908540388,"Tires,Transmission,Electrical",344142,TECH-149,False
MNT-106928,VH-3967,2024-12-06,Preventive,512.1511623279144,1.0,"Engine,Brakes",182217,TECH-100,False
MNT-106929,VH-9274,2024-12-19,Preventive,380.96713841169066,10.129035187598726,"Suspension,Electrical,Engine",214640,TECH-171,False
MNT-106930,VH-8639,2024-12-25,Corrective,826.1130780621695,6.342501660057566,Electrical,116387,TECH-184,False
MNT-106931,VH-8639,2024-09-06,Scheduled,444.90718160948825,1.2075269969236722,Electrical,481147,TECH-179,False
MNT-106932,VH-9887,2023-03-04,Preventive,425.5370254450705,1.8949113302554699,Oil Change,416854,TECH-197,False
MNT-106933,VH-9393,2024-01-06,Emergency,2058.375604389319,7.913588038961123,"Transmission,Tires",96156,TECH-128,False
MNT-106934,VH-2290,2023-10-29,Emergency,2376.8213245935194,9.284328422305746,"Brakes,Transmission",165018,TECH-194,False
MNT-106935,VH-4984,2024-12-26,Preventive,525.8472367341608,3.304569387951588,"Engine,HVAC",164938,TECH-108,False
MNT-106936,VH-3671,2024-07-14,Emergency,2188.5080049599037,33.37577414354318,Suspension,238878,TECH-181,False
MNT-106937,VH-5714,2023-08-25,Preventive,523.6613348071212,1.0,"Oil Change,Suspension,Electrical",460243,TECH-189,False
MNT-106938,VH-2372,2024-04-17,Preventive,508.43128660577173,5.0455019694914975,"HVAC,Tires,Suspension",148211,TECH-119,True
MNT-106939,VH-6323,2024-03-16,Preventive,541.4899493577474,1.77791772510122,"Oil Change,Suspension,HVAC",472654,TECH-177,True
MNT-106940,VH-5282,2023-11-25,Corrective,1455.700354389413,4.861688608433679,Brakes,137873,TECH-194,False
MNT-106941,VH-3125,2024-06-14,Corrective,1427.0067336296963,16.567984768535993,"Electrical,Transmission,HVAC",188731,TECH-176,False
MNT-106942,VH-2910,2024-01-12,Preventive,502.1477015916269,1.217438394836897,"HVAC,Brakes",432439,TECH-162,False
MNT-106943,VH-5386,2024-09-24,Preventive,631.3572421147504,1.0,"Brakes,Transmission",53099,TECH-196,True
MNT-106944,VH-6071,2024-03-01,Scheduled,322.4018146463894,1.0,"Brakes,Engine",362141,TECH-127,False
MNT-106945,VH-7922,2024-11-12,Corrective,1444.6753762037288,1.303540634277603,"Transmission,Electrical,Engine",304811,TECH-152,False
MNT-106946,VH-5844,2023-07-06,Corrective,780.3753906589357,20.079257855281245,"Engine,Electrical",148711,TECH-150,False
MNT-106947,VH-8296,2024-03-20,Corrective,546.0557057307201,9.66261576244496,Tires,393735,TECH-186,False
MNT-106948,VH-8547,2023-01-17,Emergency,2185.952761049623,2.1621373548380376,Tires,228579,TECH-104,False
MNT-106949,VH-7807,2023-02-01,Emergency,907.461180137725,6.372685801968428,"Oil Change,Engine",338392,TECH-117,False
MNT-106950,VH-1620,2023-08-28,Preventive,156.57265099593428,3.22191459578789,Electrical,327279,TECH-193,True
MNT-106951,VH-1461,2024-07-16,Corrective,1382.4765449831214,15.361632324448923,"Oil Change,Brakes,HVAC",73588,TECH-140,False
MNT-106952,VH-6463,2023-03-24,Preventive,524.978754178844,1.0,"Transmission,HVAC,Brakes",416594,TECH-119,False
MNT-106953,VH-5360,2024-03-08,Preventive,420.86847789532646,2.0226119462758447,"Engine,Tires",403067,TECH-194,True
MNT-106954,VH-4890,2023-05-04,Emergency,1647.9302888603743,1.7549078641991782,"Oil Change,Transmission",497978,TECH-106,False
MNT-106955,VH-3233,2023-03-13,Preventive,774.9431497611885,6.565374905199781,"Electrical,Engine,Brakes",84758,TECH-119,False
MNT-106956,VH-9274,2023-02-25,Preventive,785.018194142669,1.6007765083387642,"Brakes,Transmission,Engine",446573,TECH-106,True
MNT-106957,VH-9516,2023-02-16,Corrective,1324.9729538204967,33.25292116603411,"HVAC,Transmission",319380,TECH-131,False
MNT-106958,VH-8790,2024-04-07,Scheduled,360.2874579777045,6.804339147576393,HVAC,231417,TECH-195,False
MNT-106959,VH-2381,2023-09-15,Preventive,604.7027277114832,1.362456761128713,"Engine,Electrical,HVAC",210267,TECH-155,False
MNT-106960,VH-1461,2024-09-21,Emergency,1710.9995565636523,2.844847499530905,"HVAC,Transmission",97300,TECH-181,False
MNT-106961,VH-9394,2023-11-01,Preventive,373.3118715240383,4.300357077640281,Transmission,339229,TECH-176,False
MNT-106962,VH-9029,2023-10-18,Corrective,1386.469491606975,1.6650813590413236,"Electrical,Transmission",355721,TECH-152,False
MNT-106963,VH-3125,2023-02-07,Corrective,1280.900262350484,5.887930718144702,"Transmission,Tires,HVAC",100606,TECH-149,False
MNT-106964,VH-7741,2024-08-24,Preventive,254.56859530523218,1.0,"Engine,Electrical",227239,TECH-186,False
MNT-106965,VH-3814,2024-05-27,Preventive,518.2149323428926,6.765059444766533,"Transmission,HVAC",489375,TECH-166,False
MNT-106966,VH-1835,2023-10-22,Corrective,927.3400799470073,4.283726200165764,"HVAC,Engine,Suspension",469572,TECH-105,False
MNT-106967,VH-7693,2024-10-09,Preventive,689.9988217607324,2.56072780724972,"Electrical,Tires,Transmission",243963,TECH-184,True
MNT-106968,VH-3967,2023-09-14,Preventive,552.1745766003575,5.613208986973594,Tires,319220,TECH-168,True
MNT-106969,VH-3132,2023-01-28,Corrective,865.1894075776456,4.319125094112627,"Tires,Engine,Suspension",297408,TECH-191,True
MNT-106970,VH-5714,2024-03-30,Corrective,1404.3859327753487,16.09315345653707,"Engine,Transmission,Brakes",264263,TECH-132,False
MNT-106971,VH-5717,2024-01-23,Emergency,2475.2932239524766,22.08844844206559,Tires,216441,TECH-140,True
MNT-106972,VH-8547,2024-08-31,Preventive,444.299509950627,4.234583977266963,Oil Change,426076,TECH-163,False
MNT-106973,VH-2147,2023-05-13,Scheduled,398.8051976973,1.0,"Suspension,HVAC,Transmission",339958,TECH-165,False
MNT-106974,VH-5386,2024-10-09,Corrective,1590.9475817034836,2.981966198494411,Oil Change,37843,TECH-168,False
MNT-106975,VH-2915,2023-02-28,Corrective,1393.5108286940597,1.038057293441917,"Oil Change,Brakes,HVAC",64654,TECH-184,False
MNT-106976,VH-5226,2023-05-01,Corrective,845.0216543633728,14.424744850551086,"Oil Change,Tires,Brakes",459723,TECH-105,False
MNT-106977,VH-2381,2024-11-01,Preventive,723.3717122783412,22.838948972771092,"Brakes,Oil Change",471246,TECH-162,False
MNT-106978,VH-9035,2024-01-22,Corrective,1406.4257450569726,18.696708433747396,"Brakes,Transmission",192935,TECH-136,False
MNT-106979,VH-9432,2023-01-08,Corrective,1500.7036851342198,17.32991485083533,"Engine,Brakes,HVAC",299631,TECH-130,False
MNT-106980,VH-9432,2023-08-31,Corrective,1383.832748849724,6.7523385403953275,"Transmission,Suspension,Brakes",488825,TECH-141,False
MNT-106981,VH-7863,2024-03-30,Preventive,377.62508669421686,1.0,Oil Change,94046,TECH-110,True
MNT-106982,VH-8790,2023-08-23,Preventive,630.299251976798,6.272751259750103,"Brakes,HVAC,Tires",23294,TECH-127,False
MNT-106983,VH-6463,2023-01-18,Corrective,1218.3575556941341,21.606846747069,"HVAC,Engine",119793,TECH-189,False
MNT-106984,VH-7171,2023-04-12,Preventive,641.0442162208069,1.6945857594280995,"Engine,Tires",399482,TECH-192,False
MNT-106985,VH-3132,2023-06-06,Scheduled,430.19195797112775,3.2453710799999853,Oil Change,470802,TECH-153,False
MNT-106986,VH-7925,2024-07-16,Corrective,1637.814515246225,23.47666230824851,"Transmission,Engine",457819,TECH-112,False
MNT-106987,VH-2393,2024-10-06,Emergency,3365.0611441577103,4.293568866272413,Tires,271092,TECH-130,False
MNT-106988,VH-7918,2024-05-01,Scheduled,430.07659741667374,1.7071224280862989,"Brakes,Tires,HVAC",239711,TECH-168,True
MNT-106989,VH-6605,2023-12-04,Corrective,936.6222931883856,1.0,"Electrical,Transmission",20188,TECH-112,True
MNT-106990,VH-7686,2024-10-14,Preventive,508.0919281541193,2.7127441972805078,Electrical,70582,TECH-143,True
MNT-106991,VH-9035,2023-03-19,Corrective,968.9660579030053,12.093431983094085,Electrical,274959,TECH-155,False
MNT-106992,VH-2690,2023-06-29,Corrective,1181.9576702916718,3.2605920192439815,"Tires,Brakes,HVAC",378135,TECH-159,False
MNT-106993,VH-8000,2024-06-06,Emergency,1994.4518406970776,43.29779357000766,"HVAC,Engine",256150,TECH-182,False
MNT-106994,VH-7922,2024-06-01,Corrective,543.307895306993,8.569684558264314,"HVAC,Engine",345581,TECH-139,True
MNT-106995,VH-6253,2023-03-24,Preventive,688.5575579456824,1.5374811133112245,"Suspension,Oil Change,HVAC",383827,TECH-140,True
MNT-106996,VH-8866,2023-04-21,Corrective,1220.655619564266,25.531472126153027,"Engine,Oil Change",268227,TECH-113,False
MNT-106997,VH-1093,2024-08-17,Preventive,559.0582650929964,1.4278520872664329,"Transmission,Engine",149524,TECH-179,False
MNT-106998,VH-6636,2023-04-30,Corrective,816.9826081144665,1.723169655285062,"Electrical,Transmission,Oil Change",446155,TECH-107,False
MNT-106999,VH-2506,2024-06-01,Preventive,421.67627722191077,2.1144746424847303,"Electrical,Tires,HVAC",469366,TECH-190,False
MNT-107000,VH-1059,2023-01-19,Preventive,497.54077963537975,5.309556298870837,"Transmission,HVAC,Oil Change",38057,TECH-152,False
MNT-107001,VH-7929,2024-03-26,Preventive,516.3396347695013,1.0,"HVAC,Electrical",85349,TECH-190,True
MNT-107002,VH-7162,2023-04-15,Preventive,259.8085347068551,8.968707015694715,"HVAC,Brakes",240672,TECH-145,False
MNT-107003,VH-9737,2024-01-06,Emergency,2531.799001788739,78.4505127154419,"HVAC,Suspension,Tires",474395,TECH-189,True
MNT-107004,VH-6443,2024-07-05,Corrective,1678.8069984599338,2.5154517076105254,"Engine,Brakes,Transmission",95920,TECH-182,False
MNT-107005,VH-6071,2023-10-03,Preventive,570.9107427046713,1.0,"Engine,Oil Change,HVAC",210229,TECH-191,False
MNT-107006,VH-3814,2023-06-24,Scheduled,437.2538343194648,1.6669550748331952,"Tires,Electrical",254596,TECH-198,True
MNT-107007,VH-6636,2024-06-06,Corrective,935.6679593736692,14.656366522702957,"Electrical,Transmission",103627,TECH-155,False
MNT-107008,VH-9682,2023-03-02,Preventive,413.389352793678,1.0,"Oil Change,Suspension",416852,TECH-119,False
MNT-107009,VH-1588,2024-12-08,Scheduled,291.48922731424915,1.0,"Brakes,Tires,Electrical",379347,TECH-177,False
MNT-107010,VH-2422,2023-03-28,Preventive,425.3848624749608,1.461919473462896,"Transmission,Electrical",65768,TECH-136,True
MNT-107011,VH-2625,2024-06-23,Preventive,183.26940158804513,1.0,Brakes,400053,TECH-183,True
MNT-107012,VH-7693,2024-08-24,Corrective,1544.4014151803995,2.5893061267620903,"Electrical,Tires,Engine",203594,TECH-134,False
MNT-107013,VH-1475,2024-12-09,Preventive,274.42752859236623,1.0,Suspension,60400,TECH-142,True
MNT-107014,VH-3814,2024-09-21,Corrective,1225.6850788572256,9.036731658059997,"HVAC,Electrical",104150,TECH-174,False
MNT-107015,VH-9887,2023-06-26,Scheduled,326.4399569758277,1.1740769144068115,"Electrical,Engine",389254,TECH-196,True
MNT-107016,VH-8918,2023-03-26,Preventive,350.1150545797309,1.5000110201814068,HVAC,409271,TECH-102,False
MNT-107017,VH-6346,2023-07-12,Emergency,2632.84620267849,12.394230063467756,"HVAC,Electrical",117532,TECH-151,False
MNT-107018,VH-9682,2023-10-07,Preventive,298.4215982335009,3.368731606104018,"Engine,Brakes,Suspension",86624,TECH-181,False
MNT-107019,VH-4503,2024-07-16,Preventive,539.577222492361,1.0,"Electrical,Tires,Brakes",366334,TECH-121,False
MNT-107020,VH-2422,2024-08-20,Preventive,358.6764275407156,4.035138391653658,Transmission,179668,TECH-130,False
MNT-107021,VH-9516,2024-01-23,Corrective,922.9781110288202,1.7419100710821964,HVAC,485225,TECH-179,True
MNT-107022,VH-3490,2024-06-27,Emergency,3264.464874019303,4.031803114703396,"Electrical,Engine,Brakes",474424,TECH-119,False
MNT-107023,VH-6718,2023-04-07,Corrective,1793.6627882527046,14.764429010160061,Engine,118369,TECH-134,False
MNT-107024,VH-1072,2023-07-23,Corrective,1072.630865094465,35.35553527197885,Oil Change,473733,TECH-114,False
MNT-107025,VH-6985,2024-09-26,Scheduled,434.99733501115645,1.0,Transmission,217789,TECH-191,False
MNT-107026,VH-9029,2023-08-13,Preventive,218.51055382421157,4.054521433327611,Tires,449325,TECH-198,False
MNT-107027,VH-9105,2023-11-10,Preventive,493.50172194355525,1.5137657311581831,"Engine,Oil Change",344915,TECH-127,True
MNT-107028,VH-3179,2023-08-31,Emergency,2669.886862814441,3.8305980026414526,"Engine,Transmission",51945,TECH-104,True
MNT-107029,VH-3540,2023-11-01,Preventive,286.42860952509443,1.5703108063889935,"Tires,HVAC,Electrical",17861,TECH-126,False
MNT-107030,VH-5868,2023-06-25,Corrective,1265.851502043568,4.1249245317766405,"Oil Change,Engine",91042,TECH-176,True
MNT-107031,VH-6636,2023-01-15,Preventive,534.6384921808941,1.9787007527835172,"Tires,Suspension",324273,TECH-107,True
MNT-107032,VH-6037,2023-03-11,Corrective,454.7554202389589,10.293141047650497,"Tires,Engine,Oil Change",330984,TECH-145,False
MNT-107033,VH-6253,2024-01-23,Corrective,1293.3466786615477,8.267443668802258,Engine,157155,TECH-184,True
MNT-107034,VH-1475,2023-03-27,Scheduled,530.6991257896809,2.757683956068392,"Tires,Brakes,Electrical",198120,TECH-171,True
MNT-107035,VH-8468,2024-01-08,Emergency,3527.7631048303283,28.86062710082914,HVAC,50429,TECH-195,True
MNT-107036,VH-6596,2023-06-02,Scheduled,366.4945240060874,1.0,"Transmission,Oil Change",139587,TECH-140,False
MNT-107037,VH-4503,2024-09-25,Corrective,1321.169772944211,13.01535250267434,Tires,345457,TECH-126,True
MNT-107038,VH-1461,2024-07-29,Scheduled,111.30872399502104,1.0,"Transmission,HVAC,Oil Change",398535,TECH-187,True
MNT-107039,VH-6709,2024-09-17,Preventive,533.3684761481348,3.849972025598718,"HVAC,Transmission",428888,TECH-113,False
MNT-107040,VH-8468,2024-03-07,Scheduled,289.45753137387436,2.2861299031742535,Brakes,437173,TECH-109,True
MNT-107041,VH-4984,2023-11-21,Scheduled,510.21812743961016,1.0,"Transmission,Oil Change",362917,TECH-135,False
MNT-107042,VH-2910,2024-10-31,Preventive,668.6905219124083,4.0839822444484435,"Brakes,HVAC",71133,TECH-124,True
MNT-107043,VH-9274,2023-04-23,Corrective,1184.5616818555543,20.424041911459437,"HVAC,Transmission,Brakes",319363,TECH-159,False
MNT-107044,VH-9522,2023-04-06,Preventive,632.1103972584344,2.068701006725367,Electrical,333378,TECH-106,False
MNT-107045,VH-5844,2024-12-19,Preventive,508.2851586123391,3.054624233738732,HVAC,492528,TECH-187,False
MNT-107046,VH-7171,2024-01-24,Corrective,2289.733965065033,4.707479321975899,Transmission,396861,TECH-114,True
MNT-107047,VH-7136,2024-09-11,Emergency,2766.934608287925,17.455266716465253,"HVAC,Electrical",230886,TECH-167,True
MNT-107048,VH-9710,2024-10-22,Preventive,468.81445568410066,2.7239944307375175,"Electrical,Tires",240077,TECH-105,False
MNT-107049,VH-3671,2023-01-24,Corrective,1097.262105807738,23.81572420165837,"HVAC,Engine,Tires",409561,TECH-104,False
MNT-107050,VH-9274,2024-04-23,Emergency,2711.628427441422,9.297840409726247,"Transmission,Tires,Oil Change",380615,TECH-117,False
MNT-107051,VH-8468,2023-04-10,Preventive,819.2575203201138,1.8784725288020396,"Tires,Electrical,HVAC",35877,TECH-178,True
MNT-107052,VH-6636,2024-06-22,Preventive,381.49554161686234,3.758842760879782,Tires,428642,TECH-161,False
MNT-107053,VH-8563,2023-11-12,Scheduled,307.2302819169746,1.0,Transmission,461673,TECH-132,False
MNT-107054,VH-8639,2023-09-18,Corrective,670.9293387233301,8.94681142854064,"HVAC,Oil Change",362524,TECH-166,True
MNT-107055,VH-5635,2023-05-15,Preventive,523.7385678531016,2.2986106876833157,"Electrical,Transmission",25038,TECH-197,False
MNT-107056,VH-1475,2023-01-05,Preventive,483.6146324116979,1.5460192437148204,"HVAC,Transmission",70475,TECH-185,False
MNT-107057,VH-3817,2024-06-13,Emergency,3469.422188565806,38.349892135583914,"Suspension,Brakes,Oil Change",90430,TECH-106,True
MNT-107058,VH-9029,2023-11-26,Emergency,2735.1670581699773,4.774931552621074,"Brakes,Suspension",106068,TECH-121,True
MNT-107059,VH-3967,2023-02-06,Corrective,1257.661417552086,1.0,"Tires,Brakes",73283,TECH-149,True
MNT-107060,VH-4503,2023-01-08,Preventive,313.52695861804943,2.4789313077271014,"Engine,Electrical,Brakes",374480,TECH-107,False
MNT-107061,VH-8441,2024-04-01,Corrective,864.6497188579995,12.183163346516967,Engine,115495,TECH-156,True
MNT-107062,VH-4503,2024-01-14,Corrective,709.5547618896752,4.799767596558635,Tires,471586,TECH-147,False
MNT-107063,VH-5868,2023-06-21,Scheduled,112.98736136705227,2.355780266778006,"Engine,Suspension",87321,TECH-111,True
MNT-107064,VH-5714,2024-10-17,Corrective,848.4061943844586,17.90610122285607,"Suspension,Transmission",255714,TECH-189,False
MNT-107065,VH-9887,2023-12-02,Preventive,503.37741728153804,7.395968621871216,"Tires,Oil Change,Suspension",362099,TECH-158,False
MNT-107066,VH-5991,2024-08-28,Preventive,767.52738356472,5.825122122874914,"Electrical,Tires,Oil Change",12766,TECH-164,False
MNT-107067,VH-3125,2024-11-05,Corrective,699.3052163594891,4.999930143960366,Tires,253278,TECH-191,False
MNT-107068,VH-6709,2023-11-12,Scheduled,225.24127172730414,1.0,HVAC,35784,TECH-185,True
MNT-107069,VH-7657,2023-03-14,Corrective,794.1127103603958,5.585831488747867,Tires,254008,TECH-112,False
MNT-107070,VH-1092,2023-03-17,Corrective,1603.3004920858423,1.0,Oil Change,219758,TECH-126,False
MNT-107071,VH-1885,2023-01-25,Preventive,575.9050421030681,1.0,"Transmission,Brakes,Tires",32184,TECH-134,False
MNT-107072,VH-8959,2024-09-23,Corrective,459.5370618655244,4.1209241919381085,"HVAC,Electrical",85759,TECH-177,False
MNT-107073,VH-3605,2023-10-15,Corrective,1004.4443467686974,5.576252486480957,"Oil Change,Brakes,Suspension",255097,TECH-157,False
MNT-107074,VH-6106,2023-05-14,Scheduled,457.18130852779564,1.0,"HVAC,Oil Change",17633,TECH-176,False
MNT-107075,VH-6709,2024-10-21,Preventive,370.02707435486934,5.889857271654449,Brakes,30034,TECH-147,True
MNT-107076,VH-1420,2023-12-16,Corrective,1349.026789377849,4.120631048117965,"Engine,Electrical,Suspension",59769,TECH-191,False
MNT-107077,VH-9029,2024-01-28,Preventive,250.2303450173728,1.4807156894897915,Engine,33039,TECH-109,True
MNT-107078,VH-1588,2023-05-20,Scheduled,185.9705975806155,1.0214112390483838,"Transmission,Engine",335921,TECH-144,False
MNT-107079,VH-3919,2023-06-24,Corrective,1638.2169027639832,11.435037126832452,"Brakes,Electrical",476129,TECH-156,False
MNT-107080,VH-3233,2024-11-23,Preventive,582.4621828086415,2.809647039591824,"Brakes,Tires",273066,TECH-196,True
MNT-107081,VH-3132,2024-04-11,Corrective,727.5315177108287,1.0,Brakes,180785,TECH-118,False
MNT-107082,VH-7166,2024-03-07,Scheduled,287.82900771749945,1.0,"Tires,Brakes",163812,TECH-190,False
MNT-107083,VH-3450,2024-04-03,Corrective,821.9537629382662,6.9650786991247,"Transmission,HVAC",135975,TECH-103,False
MNT-107084,VH-1335,2023-12-28,Preventive,525.4889077602741,1.0,"Engine,Suspension",142010,TECH-137,True
MNT-107085,VH-5912,2024-01-07,Corrective,1503.9143375771341,2.251923104432227,"Brakes,Oil Change",102300,TECH-161,True
MNT-107086,VH-6019,2024-11-27,Preventive,599.9228757222115,21.89401030799888,"Suspension,Engine,Tires",277845,TECH-120,False
MNT-107087,VH-1461,2023-01-01,Preventive,385.7321487128056,6.487151175452081,"Tires,Electrical,Transmission",373387,TECH-113,False
MNT-107088,VH-2587,2023-03-12,Preventive,709.1395853960116,2.3062949327523934,"Engine,HVAC,Brakes",71497,TECH-133,False
MNT-107089,VH-7807,2024-12-05,Emergency,3005.612399064023,39.567367815596036,Suspension,407605,TECH-193,False
MNT-107090,VH-9152,2024-06-18,Corrective,924.0453278378326,9.075834004202802,"Transmission,HVAC,Electrical",87777,TECH-184,False
MNT-107091,VH-5635,2023-09-13,Preventive,606.6481797298626,7.255505703904232,HVAC,316882,TECH-152,True
MNT-107092,VH-9522,2024-07-10,Corrective,1958.388647690112,19.454687164569044,"Oil Change,Tires,Brakes",231252,TECH-132,False
MNT-107093,VH-3919,2024-11-05,Corrective,1360.888368590317,1.0,"Oil Change,Transmission",202926,TECH-164,False
MNT-107094,VH-4001,2023-06-19,Preventive,623.581824173362,1.6906294030792641,"Suspension,HVAC",232772,TECH-156,False
MNT-107095,VH-7688,2023-02-03,Preventive,542.2615866184838,2.374816476465597,"Tires,Transmission",116972,TECH-133,False
MNT-107096,VH-3540,2024-04-11,Preventive,578.83832369702,2.918877359575593,"Oil Change,Transmission,Engine",11490,TECH-142,True
MNT-107097,VH-8579,2023-06-27,Emergency,2683.1902281833195,16.951357798612772,"Oil Change,Tires,Suspension",116856,TECH-174,False
MNT-107098,VH-9824,2023-08-15,Corrective,766.4957203981946,1.5969932117891852,Brakes,470394,TECH-162,True
MNT-107099,VH-2549,2023-09-08,Preventive,588.8368260266309,3.1323367840565335,Oil Change,211062,TECH-183,True
MNT-107100,VH-5714,2024-08-07,Preventive,347.4236758185783,1.0,Suspension,327617,TECH-150,False
MNT-107101,VH-7922,2024-08-28,Corrective,1607.71860042274,1.0,"Tires,Engine,Oil Change",495278,TECH-115,True
MNT-107102,VH-4001,2023-01-07,Scheduled,436.1780118026553,1.0,Oil Change,102879,TECH-130,True
MNT-107103,VH-4753,2024-09-13,Preventive,209.50910053276374,4.138313186742234,"Oil Change,Brakes",464650,TECH-166,True
MNT-107104,VH-8653,2024-02-14,Corrective,1656.0009304675364,4.643584053870415,Brakes,462383,TECH-158,True
MNT-107105,VH-3125,2024-02-10,Scheduled,338.5173073740265,1.371347635817612,Electrical,410528,TECH-194,True
MNT-107106,VH-5670,2023-12-18,Preventive,591.8105612088582,3.4699911892104414,Oil Change,450333,TECH-181,False
MNT-107107,VH-6908,2024-11-10,Corrective,1491.426332526367,40.575618333456404,"Tires,HVAC",271823,TECH-161,False
MNT-107108,VH-7359,2024-06-04,Preventive,752.4522388316641,4.28948642211351,"Oil Change,Tires,Electrical",26119,TECH-112,True
MNT-107109,VH-1008,2024-11-08,Corrective,2019.513913760546,2.786253172716121,"HVAC,Brakes",13745,TECH-144,False
MNT-107110,VH-8468,2024-04-24,Preventive,617.9814424852394,10.62445607820353,Transmission,156732,TECH-169,True
MNT-107111,VH-5844,2023-06-10,Preventive,570.8442834195619,1.0,Electrical,134338,TECH-129,False
MNT-107112,VH-2084,2024-06-29,Preventive,784.4238647208701,2.4581015976429876,Oil Change,476355,TECH-120,True
MNT-107113,VH-8653,2023-05-28,Corrective,2143.861866677342,5.286403572728282,"Tires,Electrical",27552,TECH-103,True
MNT-107114,VH-1823,2024-09-28,Corrective,1926.1993915439325,7.082984287085078,"HVAC,Suspension,Electrical",108232,TECH-185,True
MNT-107115,VH-1712,2023-03-23,Preventive,713.6492397014691,1.0,"Oil Change,Brakes",346274,TECH-177,False
MNT-107116,VH-1008,2023-07-11,Emergency,1248.499304476197,16.568087710478935,"Oil Change,Tires",333383,TECH-148,False
MNT-107117,VH-7918,2023-02-23,Corrective,1272.8934634149052,11.964732275004225,"HVAC,Transmission,Brakes",335002,TECH-187,True
MNT-107118,VH-8790,2024-08-21,Emergency,3229.355937687855,5.43275313871235,"Brakes,HVAC",39223,TECH-104,True
MNT-107119,VH-3671,2023-08-18,Preventive,637.1206017697788,1.8714856325189007,"Oil Change,Suspension",53975,TECH-117,False
MNT-107120,VH-4753,2023-03-09,Preventive,372.7672462273569,4.610596334561692,"Engine,Electrical,Brakes",266318,TECH-150,True
MNT-107121,VH-7925,2024-05-10,Preventive,600.8679178961493,1.0,"Suspension,HVAC,Brakes",98076,TECH-169,False
MNT-107122,VH-9394,2023-08-05,Preventive,614.1439002286086,14.74303796040943,"Electrical,Brakes",81160,TECH-166,True
MNT-107123,VH-9821,2023-05-13,Preventive,211.2973521617286,3.9687422210658916,"Oil Change,HVAC",270105,TECH-188,False
MNT-107124,VH-8639,2023-10-03,Emergency,736.0500576423847,29.454141009011447,"Electrical,Oil Change",142442,TECH-166,False
MNT-107125,VH-9274,2024-12-30,Preventive,648.2701945002398,1.0,Oil Change,385187,TECH-184,False
MNT-107126,VH-2372,2023-07-10,Preventive,670.1749491933831,1.0,"Electrical,HVAC,Suspension",116127,TECH-196,True
MNT-107127,VH-3817,2023-12-11,Corrective,1452.2969395095536,3.4467727957428864,"Engine,Tires,Brakes",110743,TECH-150,False
MNT-107128,VH-2536,2024-09-23,Preventive,653.9569832704847,1.0,"Suspension,Oil Change,Brakes",33310,TECH-180,False
MNT-107129,VH-5672,2023-07-01,Preventive,554.3945529341526,2.1602986736949585,Brakes,349653,TECH-139,False
MNT-107130,VH-8790,2023-08-03,Corrective,1773.2496171032171,1.3125094458057247,HVAC,308232,TECH-143,False
MNT-107131,VH-9682,2023-06-03,Emergency,2479.4542909907714,7.6314072915621,"Engine,Transmission",426894,TECH-119,False
MNT-107132,VH-6253,2023-09-15,Preventive,662.6897420496259,6.880536178297636,"Electrical,Transmission",146139,TECH-171,True
MNT-107133,VH-8097,2024-07-15,Preventive,452.8230048711473,3.674464255572159,"Engine,Suspension",30423,TECH-104,True
MNT-107134,VH-8000,2023-03-17,Preventive,502.32146050572663,4.17245791871703,"Tires,Brakes,Transmission",469564,TECH-198,False
MNT-107135,VH-1844,2024-05-17,Preventive,593.9007190943553,1.0701072515057468,Electrical,362514,TECH-156,False
MNT-107136,VH-3348,2023-01-15,Corrective,468.85219854719423,6.291393070869164,Electrical,239177,TECH-195,True
MNT-107137,VH-1844,2023-05-01,Preventive,740.8632849287683,5.32149589651831,HVAC,165234,TECH-122,False
MNT-107138,VH-6963,2024-09-10,Corrective,1727.7030774899436,28.512686915282014,Brakes,137644,TECH-185,False
MNT-107139,VH-8296,2024-07-08,Preventive,497.40865219217375,1.6033085468339865,Tires,47239,TECH-118,False
MNT-107140,VH-5450,2023-05-12,Scheduled,317.74134949707184,1.2473346046581617,Electrical,201143,TECH-185,True
MNT-107141,VH-6473,2023-06-23,Preventive,486.4846540314031,5.904796094297567,"Brakes,Suspension",151807,TECH-167,False
MNT-107142,VH-1169,2024-01-26,Emergency,1876.4013136817196,7.5034373809535655,Electrical,38139,TECH-110,False
MNT-107143,VH-6253,2024-08-24,Emergency,2540.757814765405,13.862210825643306,"Suspension,Oil Change,HVAC",131193,TECH-161,False
MNT-107144,VH-2915,2024-12-24,Preventive,426.7558638929287,5.388906726123277,"Tires,Oil Change",479164,TECH-151,False
MNT-107145,VH-4057,2024-01-18,Corrective,1048.0895745752698,1.0,"Transmission,Suspension,HVAC",152762,TECH-165,False
MNT-107146,VH-4940,2024-07-09,Corrective,1356.0271425804374,7.89939271115224,"HVAC,Transmission,Tires",485487,TECH-149,False
MNT-107147,VH-6636,2024-09-18,Preventive,357.2790344814239,1.5654988253670825,Transmission,156574,TECH-135,False
MNT-107148,VH-9516,2023-12-14,Preventive,584.7747833421877,1.105377859701325,"HVAC,Tires",147279,TECH-179,False
MNT-107149,VH-6323,2023-05-10,Preventive,357.50083156068695,1.878353682915538,"Tires,Engine,Suspension",143582,TECH-189,False
MNT-107150,VH-1215,2023-02-15,Scheduled,272.8208110572392,1.0,Tires,378068,TECH-182,False
MNT-107151,VH-8664,2024-01-29,Corrective,1468.9495200284885,1.1755450693559308,Oil Change,114299,TECH-163,True
MNT-107152,VH-6106,2024-08-29,Preventive,684.6122915209803,1.4720413343137817,"Engine,Transmission",212820,TECH-128,False
MNT-107153,VH-1823,2023-03-17,Corrective,866.722880421992,6.102402475167587,"Transmission,Tires,Suspension",473630,TECH-160,True
MNT-107154,VH-7359,2024-12-30,Corrective,1778.7008336182344,4.341827005345946,HVAC,246646,TECH-106,False
MNT-107155,VH-5262,2024-04-16,Preventive,470.41741940044767,1.0,"HVAC,Suspension",190344,TECH-124,False
MNT-107156,VH-3125,2023-05-18,Preventive,426.3902725824332,1.0,"Engine,Tires",259118,TECH-120,True
MNT-107157,VH-9394,2023-01-03,Emergency,1350.3594533969112,27.322883433156242,"Oil Change,Engine,Transmission",394113,TECH-188,True
MNT-107158,VH-1420,2024-02-09,Preventive,380.25464631468736,2.6191599374909162,"Tires,Suspension",314559,TECH-186,False
MNT-107159,VH-9737,2023-05-23,Preventive,387.1970505902785,1.0,"Transmission,Tires",461256,TECH-121,False
MNT-107160,VH-6908,2023-04-01,Corrective,770.8662084385733,11.902206552890544,"Brakes,HVAC,Engine",93662,TECH-156,False
MNT-107161,VH-5360,2023-01-09,Corrective,1160.6503190522171,17.44045651874726,"Electrical,Suspension",115668,TECH-120,False
MNT-107162,VH-6636,2023-12-07,Corrective,1223.7791811823952,23.913311962610294,"Suspension,Electrical,Brakes",105262,TECH-133,False
MNT-107163,VH-1059,2024-06-30,Preventive,541.0549348451698,7.854861362789012,"Brakes,HVAC",453341,TECH-171,True
MNT-107164,VH-1461,2024-08-22,Preventive,746.3131533788096,11.13913336225152,Engine,477208,TECH-124,True
MNT-107165,VH-1716,2023-08-31,Emergency,2130.6746256648426,59.58191284869565,Tires,477026,TECH-108,False
MNT-107166,VH-1716,2023-06-20,Corrective,1445.2288508181107,1.8571892157176928,Engine,140740,TECH-129,True
MNT-107167,VH-8593,2024-12-30,Preventive,569.7158353942746,4.839383915849911,Engine,76646,TECH-176,False
MNT-107168,VH-9274,2024-12-16,Corrective,1139.2998154595357,9.484526928079926,"Engine,Tires,HVAC",84142,TECH-185,False
MNT-107169,VH-4940,2024-02-09,Corrective,778.8902632072769,44.201312206012034,"HVAC,Oil Change,Engine",419567,TECH-103,False
MNT-107170,VH-6253,2023-04-21,Emergency,2003.8681881539378,55.66816695085048,"Oil Change,Engine",124837,TECH-123,False
MNT-107171,VH-4042,2024-11-23,Emergency,3186.0534120189486,8.12007837346039,"Oil Change,Electrical,Engine",140229,TECH-180,False
MNT-107172,VH-3967,2023-07-06,Preventive,345.69100960702684,1.0,Suspension,270705,TECH-184,False
MNT-107173,VH-1420,2023-12-01,Preventive,451.16010093958516,1.0,HVAC,19145,TECH-132,False
MNT-107174,VH-5844,2023-06-05,Preventive,368.4522710972926,3.1754888174404186,Engine,151123,TECH-178,False
MNT-107175,VH-7171,2024-03-01,Preventive,261.6022085490543,1.4618569982721505,"Brakes,Engine,Transmission",440558,TECH-186,True
MNT-107176,VH-6037,2024-06-05,Scheduled,408.8654997550794,1.87834765542562,"Electrical,Brakes,Oil Change",443237,TECH-122,False
MNT-107177,VH-3125,2024-07-19,Scheduled,551.6148186007044,1.6814654156340356,"Engine,Tires,HVAC",296805,TECH-197,False
MNT-107178,VH-7311,2023-09-13,Corrective,711.438315549239,5.369508452802208,"Transmission,Brakes",42436,TECH-199,False
MNT-107179,VH-9887,2023-08-17,Corrective,500.38072170635814,13.273560435506656,"Brakes,Tires",96388,TECH-132,False
MNT-107180,VH-8097,2023-07-12,Preventive,618.9381157628526,2.7145875435424487,Brakes,186197,TECH-169,False
MNT-107181,VH-2357,2024-06-19,Preventive,507.83462667486,8.982432512555787,"Oil Change,Engine,HVAC",481388,TECH-119,False
MNT-107182,VH-7657,2024-09-11,Preventive,939.5515772414581,8.25402534664122,"HVAC,Electrical",386671,TECH-119,False
MNT-107183,VH-4740,2024-03-04,Preventive,569.2685413829491,1.0,"HVAC,Tires",465003,TECH-183,True
MNT-107184,VH-9394,2024-11-22,Preventive,159.6825587888937,1.74941866699407,Electrical,246412,TECH-155,True
MNT-107185,VH-1420,2023-07-30,Preventive,444.82533175409947,2.3753040256300997,"Electrical,Transmission,Tires",257454,TECH-152,False
MNT-107186,VH-5868,2024-11-14,Preventive,709.3748132158012,1.0,Brakes,375903,TECH-119,False
MNT-107187,VH-5360,2024-01-06,Corrective,640.7795415466942,23.671921268064303,HVAC,295630,TECH-145,True
MNT-107188,VH-4740,2023-04-10,Scheduled,463.0523012229786,7.770089439781212,Oil Change,109974,TECH-127,True
MNT-107189,VH-1131,2023-12-15,Corrective,1034.5342656563853,65.81739450550697,"Brakes,Tires",404033,TECH-143,True
MNT-107190,VH-6037,2023-10-05,Corrective,1148.1214105080473,7.927624778719173,Engine,284566,TECH-174,True
MNT-107191,VH-2625,2023-06-24,Preventive,516.2563782484511,10.247022199492996,"HVAC,Brakes",244453,TECH-124,True
MNT-107192,VH-1885,2024-11-18,Preventive,463.9210755775085,1.0,"Suspension,Engine",165860,TECH-166,False
MNT-107193,VH-4042,2024-05-13,Preventive,394.7029076695216,1.0822538014173966,"Suspension,Brakes,Engine",274703,TECH-101,True
MNT-107194,VH-2587,2023-11-16,Preventive,336.51756338264124,1.2068318189034002,"Engine,HVAC,Transmission",367323,TECH-131,False
MNT-107195,VH-9710,2023-05-26,Preventive,556.3791086006244,1.048175513666488,"Brakes,Electrical,HVAC",87795,TECH-198,False
MNT-107196,VH-2393,2024-02-25,Preventive,370.33308126852774,1.0,"Tires,Brakes",376637,TECH-114,True
MNT-107197,VH-2625,2024-07-19,Preventive,504.73690744941337,1.5642557834409607,"Oil Change,Tires,Brakes",92495,TECH-114,True
MNT-107198,VH-2084,2023-03-23,Emergency,2868.323317976708,36.9901884480597,"Engine,Oil Change",55252,TECH-102,False
MNT-107199,VH-8445,2024-02-23,Scheduled,345.2771542660146,1.0,"HVAC,Oil Change",148724,TECH-111,False
MNT-107200,VH-9821,2024-03-05,Preventive,697.2225271668199,3.0138005402542,Brakes,458226,TECH-198,False
MNT-107201,VH-8425,2024-10-30,Preventive,316.15653561515376,1.0,"HVAC,Tires",357217,TECH-119,True
MNT-107202,VH-8468,2024-06-08,Preventive,595.6139883783384,1.0,"Electrical,Brakes",106009,TECH-156,True
MNT-107203,VH-2489,2023-11-08,Preventive,477.4039124732363,1.0,"Electrical,Brakes",70605,TECH-168,False
MNT-107204,VH-5203,2024-08-02,Scheduled,277.21286533953446,4.075374960985017,"Engine,Suspension,Brakes",489309,TECH-189,False
MNT-107205,VH-3214,2024-10-08,Corrective,1465.8182329746232,1.4740997591333236,"Electrical,Oil Change",460099,TECH-180,True
MNT-107206,VH-6636,2023-02-02,Corrective,974.7474976615017,4.483386415869528,"Electrical,Suspension",295015,TECH-186,False
MNT-107207,VH-2147,2023-01-12,Preventive,587.636355245231,2.5832613684532912,"Suspension,Oil Change",369883,TECH-111,False
MNT-107208,VH-3233,2024-08-02,Preventive,396.207607355076,11.21893418778556,"Suspension,Brakes",150480,TECH-101,True
MNT-107209,VH-4057,2023-01-15,Preventive,846.2881409497583,1.3854218173058706,"Electrical,Tires",308705,TECH-172,True
MNT-107210,VH-6443,2024-01-10,Emergency,2590.6349278179373,13.762089875441548,"Electrical,HVAC,Tires",388781,TECH-175,False
MNT-107211,VH-5028,2023-02-08,Preventive,706.9381326803044,2.8029697448319735,"Tires,Transmission",456445,TECH-111,False
MNT-107212,VH-7657,2023-05-14,Preventive,585.9980348254434,5.865037151108987,"Suspension,Tires",155682,TECH-190,False
MNT-107213,VH-9035,2023-11-13,Scheduled,399.26004530841726,1.5250664336900714,"Transmission,HVAC,Oil Change",46553,TECH-102,False
MNT-107214,VH-2391,2024-04-01,Preventive,474.1625285514866,13.751389614418382,Tires,299678,TECH-179,True
MNT-107215,VH-5028,2023-02-03,Preventive,438.21869621097426,1.0032405575675623,"Oil Change,Brakes,Electrical",184085,TECH-177,False
MNT-107216,VH-2381,2024-10-19,Scheduled,333.732760620829,1.586597056417571,Engine,149078,TECH-123,False
MNT-107217,VH-3919,2023-08-24,Corrective,1010.6177746314925,7.106640036428663,"Oil Change,Tires,Electrical",147329,TECH-174,False
MNT-107218,VH-7929,2023-04-27,Corrective,1081.1405968855454,4.813742831223814,"Brakes,Tires",495106,TECH-180,False
MNT-107219,VH-6037,2024-09-22,Preventive,508.0711962055221,1.0,"Suspension,Tires",180669,TECH-185,True
MNT-107220,VH-6963,2023-09-10,Preventive,572.1252054954202,11.962060101277512,"Tires,Brakes,Electrical",310519,TECH-154,False
MNT-107221,VH-6775,2023-04-01,Corrective,389.80572566375076,15.165823262883928,Transmission,483528,TECH-193,True
MNT-107222,VH-1823,2023-07-16,Scheduled,342.28689238140845,1.0,"Electrical,Transmission,Oil Change",360460,TECH-100,False
MNT-107223,VH-8593,2023-10-31,Preventive,253.4624478944258,1.803216569798216,Engine,299209,TECH-156,True
MNT-107224,VH-8445,2024-10-13,Preventive,789.6706501085555,1.7773284206462718,"Oil Change,Brakes",439258,TECH-125,True
MNT-107225,VH-7686,2023-07-16,Corrective,1290.4332797626253,32.35833528798274,"Suspension,Electrical",292738,TECH-191,False
MNT-107226,VH-2536,2024-01-20,Preventive,654.3365144528499,2.1792734193558743,"Suspension,Oil Change",480811,TECH-160,False
MNT-107227,VH-4743,2024-06-25,Scheduled,339.92684279414595,1.0,"Suspension,Tires,HVAC",69226,TECH-113,True
MNT-107228,VH-9682,2024-06-06,Preventive,559.6662894948249,6.893562803101692,Tires,451342,TECH-125,False
MNT-107229,VH-4890,2024-12-04,Corrective,1004.1698136528836,44.257931725490955,"Electrical,Suspension",186544,TECH-191,False
MNT-107230,VH-3233,2024-09-11,Preventive,541.981494993079,1.0,HVAC,64407,TECH-167,False
MNT-107231,VH-3348,2024-09-10,Preventive,455.8117124719227,7.711520154831643,"HVAC,Brakes",76774,TECH-139,True
MNT-107232,VH-7171,2023-08-11,Corrective,1230.500617093194,4.913754644100254,"Oil Change,HVAC",195676,TECH-137,True
MNT-107233,VH-6346,2024-01-11,Preventive,379.070037000157,7.136884622749023,Brakes,205789,TECH-128,False
MNT-107234,VH-8790,2024-07-01,Scheduled,314.6832170406045,7.321442270233809,"Electrical,Tires",240336,TECH-119,False
MNT-107235,VH-1461,2023-07-23,Preventive,649.6647873387699,5.288156054252081,"Brakes,Transmission,Suspension",108842,TECH-100,False
MNT-107236,VH-3588,2024-07-09,Preventive,673.6743242936323,11.882298597503521,Transmission,249079,TECH-174,False
MNT-107237,VH-5226,2024-10-30,Preventive,407.55336053982427,9.183289392479615,Brakes,143419,TECH-190,False
MNT-107238,VH-8664,2024-07-25,Preventive,465.2890253151446,1.0,"Tires,Transmission,Electrical",151247,TECH-147,False
MNT-107239,VH-8468,2024-01-12,Corrective,1042.3506510721963,22.240011017456286,"Engine,HVAC",73762,TECH-184,False
MNT-107240,VH-5844,2024-04-25,Scheduled,331.6994518989729,1.0,Suspension,450984,TECH-180,True
MNT-107241,VH-3473,2023-05-27,Emergency,2627.4235180437086,2.5533057706600357,"Brakes,Engine",349649,TECH-154,True
MNT-107242,VH-1999,2023-06-24,Emergency,1549.0333652181257,7.416719510627484,"Electrical,HVAC",384622,TECH-160,False
MNT-107243,VH-5717,2023-05-08,Preventive,475.9756448036335,4.077520992914503,"Oil Change,Tires",410252,TECH-113,False
MNT-107244,VH-8532,2024-03-24,Corrective,1703.0809849109055,1.7462904989867853,"Electrical,Suspension",26179,TECH-148,True
MNT-107245,VH-9821,2023-08-15,Corrective,749.1243867185362,5.187071202947747,Suspension,45042,TECH-176,True
MNT-107246,VH-6908,2023-09-12,Corrective,1069.1439812020856,3.9279908182453678,Suspension,242800,TECH-135,False
MNT-107247,VH-6071,2023-01-05,Preventive,648.5300470178217,2.387786770385743,"Oil Change,Suspension,Transmission",493715,TECH-108,False
MNT-107248,VH-6963,2023-08-20,Preventive,444.1758549992906,1.0,Suspension,406700,TECH-178,False
MNT-107249,VH-3348,2023-06-18,Preventive,449.22398855784763,10.174014952189628,"Suspension,Transmission",466860,TECH-191,True
MNT-107250,VH-2410,2024-11-24,Preventive,620.1299061834267,1.9724702687574704,"Suspension,HVAC,Oil Change",306558,TECH-144,False
MNT-107251,VH-6775,2023-11-06,Preventive,624.1313332158836,3.2036484483454197,"Transmission,Tires,Engine",368678,TECH-112,False
MNT-107252,VH-6835,2023-11-17,Preventive,1127.781153610053,2.985719657849088,"Oil Change,Brakes,Transmission",209314,TECH-187,False
MNT-107253,VH-6709,2024-09-20,Preventive,457.699049366659,7.345137484098093,Engine,64887,TECH-148,True
MNT-107254,VH-2410,2024-08-09,Preventive,705.210252916804,1.4606222548747196,"Oil Change,Transmission",332922,TECH-107,True
MNT-107255,VH-1215,2024-03-15,Preventive,603.9664069179389,3.5347280702757544,"HVAC,Electrical,Tires",383268,TECH-199,False
MNT-107256,VH-3618,2024-06-04,Emergency,2799.131373179166,66.51357055995322,"Brakes,Tires",361171,TECH-131,True
MNT-107257,VH-2372,2023-10-16,Scheduled,610.184251192986,1.0,Electrical,35337,TECH-109,False
MNT-107258,VH-7136,2024-06-27,Preventive,622.7837955404234,1.0,"Transmission,Electrical,Suspension",227730,TECH-167,False
MNT-107259,VH-4042,2023-05-13,Corrective,1294.2051909152144,1.0182924874633417,"HVAC,Brakes,Transmission",329825,TECH-151,True
MNT-107260,VH-9948,2024-12-12,Corrective,985.6672137858473,6.573017949787237,"Engine,Oil Change",164044,TECH-171,True
MNT-107261,VH-7688,2023-01-03,Scheduled,333.8962820766311,2.0453280405021763,"Brakes,Transmission,Suspension",254232,TECH-198,True
MNT-107262,VH-8959,2023-02-14,Emergency,1577.05407268066,27.851631649918072,"Oil Change,Brakes,Electrical",75138,TECH-139,False
MNT-107263,VH-5684,2024-12-26,Corrective,1180.8937832979384,2.3936472652670036,"Brakes,Electrical,Suspension",342102,TECH-151,False
MNT-107264,VH-3618,2023-07-20,Preventive,515.8630977312729,6.04988008574461,"HVAC,Brakes,Engine",286991,TECH-127,True
MNT-107265,VH-6605,2023-05-07,Corrective,697.3534480486068,2.1193965900000644,"HVAC,Oil Change",444567,TECH-173,False
MNT-107266,VH-1823,2023-12-01,Preventive,481.2964708353738,4.541281832514954,"Tires,HVAC,Transmission",199139,TECH-132,False
MNT-107267,VH-6709,2024-06-25,Corrective,1417.031586004621,1.0,"Transmission,Oil Change",380378,TECH-147,False
MNT-107268,VH-7832,2023-06-05,Corrective,1007.7807437861284,3.4010098967160505,"Oil Change,HVAC,Transmission",433398,TECH-194,False
MNT-107269,VH-8959,2023-10-14,Preventive,474.2287371201943,2.3762735044621497,HVAC,443901,TECH-173,False
MNT-107270,VH-3817,2023-09-06,Preventive,672.5257185840312,6.083764138093422,Brakes,309688,TECH-126,False
MNT-107271,VH-8316,2024-12-20,Scheduled,440.5105614813605,1.0,HVAC,245894,TECH-116,False
MNT-107272,VH-5635,2023-01-17,Corrective,1166.2490523860422,3.4753675605508527,"Engine,Electrical,Transmission",356339,TECH-131,False
MNT-107273,VH-3278,2024-01-21,Corrective,448.71579879530077,3.843827815946136,HVAC,20218,TECH-164,False
MNT-107274,VH-4057,2023-01-19,Preventive,162.91111700160832,4.638705946606457,Engine,185486,TECH-134,True
MNT-107275,VH-4940,2024-09-29,Preventive,56.356372057076555,1.0,"Brakes,Transmission,Tires",366458,TECH-158,False
MNT-107276,VH-5844,2024-01-23,Emergency,438.65607149821017,19.898131816014537,Transmission,448002,TECH-186,False
MNT-107277,VH-3317,2024-08-29,Preventive,489.55534955807155,9.477149936349154,Transmission,64175,TECH-100,False
MNT-107278,VH-2549,2023-12-05,Preventive,446.99956100123063,2.7687979981977544,"Transmission,HVAC",121535,TECH-179,False
MNT-107279,VH-8468,2023-10-09,Preventive,324.92311184129494,3.531453820637631,"Electrical,Suspension,HVAC",269459,TECH-181,True
MNT-107280,VH-6775,2024-05-02,Preventive,692.6942714745728,2.8344690370286005,Electrical,287115,TECH-142,True
MNT-107281,VH-1335,2023-07-18,Corrective,622.0094069908639,1.85901292609711,Suspension,24926,TECH-173,True
MNT-107282,VH-3125,2024-05-23,Emergency,3146.8202545461295,6.085779212890616,"HVAC,Oil Change,Engine",51342,TECH-158,False
MNT-107283,VH-5672,2024-04-25,Preventive,383.40974973400216,14.991758755646254,"Tires,HVAC,Brakes",142148,TECH-178,False
MNT-107284,VH-9723,2024-09-13,Preventive,609.3237541711925,3.1244847023795965,"Suspension,Electrical",81632,TECH-194,False
MNT-107285,VH-3919,2024-04-25,Preventive,408.5433700390756,1.0,"Engine,Oil Change,Transmission",401354,TECH-120,False
MNT-107286,VH-3132,2024-10-20,Preventive,371.0817391870032,4.18373678727273,HVAC,302021,TECH-197,False
MNT-107287,VH-7863,2024-06-02,Corrective,892.8599063103607,23.15225736974741,"Brakes,Engine",470048,TECH-112,False
MNT-107288,VH-3450,2024-12-18,Corrective,1346.9917685599912,4.326283254707362,"Engine,Electrical",349845,TECH-125,True
MNT-107289,VH-5717,2024-09-06,Scheduled,402.88304483234174,1.2571577456858307,"Electrical,Engine,Suspension",358052,TECH-151,False
MNT-107290,VH-7925,2023-12-28,Corrective,1614.4006714248374,1.309606611646642,Brakes,75027,TECH-169,True
MNT-107291,VH-3540,2024-04-21,Preventive,553.4079214344113,1.0,"Tires,HVAC",480289,TECH-165,False
MNT-107292,VH-5672,2023-02-03,Preventive,332.46870258857814,1.689857842750379,"Engine,Electrical,Brakes",319698,TECH-115,False
MNT-107293,VH-8563,2023-03-16,Preventive,446.15623920110005,14.755358167391853,"Oil Change,Engine,Suspension",112070,TECH-107,False
MNT-107294,VH-7162,2023-09-01,Preventive,673.0253429452032,6.244390766125884,Brakes,447489,TECH-139,False
MNT-107295,VH-1461,2023-12-26,Preventive,471.89125957460965,2.1179974315035675,"Oil Change,Electrical",366981,TECH-173,True
MNT-107296,VH-3490,2024-07-14,Corrective,1148.5539462931595,1.0,"HVAC,Transmission,Tires",126396,TECH-139,False
MNT-107297,VH-3814,2023-09-20,Preventive,596.6225534532172,1.2973080023887489,"Brakes,Electrical",39893,TECH-118,True
MNT-107298,VH-3919,2024-08-04,Corrective,1012.5688489936305,1.769445692832273,"Transmission,Suspension",398597,TECH-102,False
MNT-107299,VH-3132,2024-09-29,Corrective,1671.6263763944407,13.654889345725076,"Electrical,Tires",284455,TECH-183,False
MNT-107300,VH-9772,2024-10-30,Preventive,666.3607885984145,1.0478740544672596,"Oil Change,Engine",247341,TECH-175,False
MNT-107301,VH-5670,2023-12-02,Corrective,2058.1450131209003,19.328992074791667,"Engine,Oil Change",312543,TECH-134,True
MNT-107302,VH-7929,2023-12-12,Corrective,2012.1469627644392,1.0,"Oil Change,Electrical,Tires",122954,TECH-122,False
MNT-107303,VH-5670,2024-05-07,Corrective,1077.8185237351913,2.6455425517600566,Brakes,114587,TECH-115,False
MNT-107304,VH-2587,2023-09-20,Corrective,1831.7284256003886,6.543740934590586,"Oil Change,Tires",10270,TECH-127,False
MNT-107305,VH-8857,2023-08-15,Corrective,869.4202223639264,33.93108137988572,"Suspension,HVAC,Oil Change",385904,TECH-145,False
MNT-107306,VH-1475,2024-06-12,Corrective,1099.2939427175304,4.600017005301931,Tires,298800,TECH-191,False
MNT-107307,VH-4688,2023-03-03,Preventive,688.1282679765465,3.6020478243095453,"Electrical,Tires,Engine",480369,TECH-112,False
MNT-107308,VH-9522,2024-02-09,Corrective,1308.3341415657524,4.5810462698767935,"Electrical,Transmission",361701,TECH-168,False
MNT-107309,VH-8563,2024-12-30,Corrective,1665.0058092369607,20.101997906751528,Tires,341579,TECH-119,False
MNT-107310,VH-7741,2024-05-25,Preventive,584.7443606342877,4.167125038829961,Electrical,427852,TECH-149,False
MNT-107311,VH-9801,2023-03-24,Scheduled,302.1199085205327,5.695738275820989,"Oil Change,Electrical,Suspension",243493,TECH-156,True
MNT-107312,VH-3671,2024-04-26,Preventive,548.9428210638607,5.145434992092378,HVAC,217405,TECH-198,False
MNT-107313,VH-6473,2023-08-06,Preventive,516.0208801446133,5.241989534571184,"Suspension,Transmission",368568,TECH-167,True
MNT-107314,VH-8097,2024-02-02,Corrective,1666.6568915040416,5.700974106899909,"Brakes,Tires",368780,TECH-116,False
MNT-107315,VH-2506,2023-12-21,Emergency,2838.9109437610655,6.951166588037742,"Brakes,Electrical",162692,TECH-189,True
MNT-107316,VH-7741,2023-12-21,Corrective,1303.2507812255492,7.244813204557172,HVAC,200642,TECH-133,False
MNT-107317,VH-7925,2023-05-20,Corrective,1290.8902264542323,18.658974286293724,"Suspension,Brakes",226739,TECH-159,True
MNT-107318,VH-1588,2023-03-27,Corrective,1747.8326168502897,16.166681531871205,"Oil Change,Tires",352156,TECH-143,False
MNT-107319,VH-8176,2024-03-07,Scheduled,303.6559271606489,2.1536224585949326,"Tires,Transmission",266858,TECH-198,False
MNT-107320,VH-4862,2024-07-07,Preventive,254.50987386455537,1.5294059588916773,Oil Change,373018,TECH-123,False
MNT-107321,VH-9274,2024-03-09,Scheduled,201.43076849420913,1.8843280150396453,"Tires,Suspension",103549,TECH-101,False
MNT-107322,VH-8445,2023-07-17,Preventive,646.9302576383839,1.700317988855123,"Electrical,Tires,HVAC",256499,TECH-167,False
MNT-107323,VH-9008,2023-07-19,Emergency,748.6249116299725,1.7948037205136291,"Tires,Transmission",14832,TECH-152,False
MNT-107324,VH-6963,2024-11-10,Preventive,402.085900758794,7.965721479960569,"Electrical,HVAC",441851,TECH-184,True
MNT-107325,VH-1092,2024-06-09,Corrective,1600.6505615121753,9.563545729065929,"HVAC,Electrical,Oil Change",241291,TECH-104,False
MNT-107326,VH-8296,2024-04-29,Corrective,377.9623081751447,13.46327463846302,"Oil Change,Engine",256349,TECH-184,False
MNT-107327,VH-8593,2024-02-10,Corrective,1631.0186648211215,8.883169169466953,"Electrical,HVAC,Tires",236381,TECH-191,False
MNT-107328,VH-6636,2023-07-15,Corrective,1704.7257108722963,11.693808257553457,"Brakes,Tires,Electrical",304727,TECH-185,False
MNT-107329,VH-5386,2024-03-29,Preventive,346.54655789736637,1.3530943842767384,Suspension,316118,TECH-199,True
MNT-107330,VH-9029,2023-04-15,Preventive,517.2146080434778,3.017188042664801,"Engine,Brakes,Transmission",488173,TECH-124,True
MNT-107331,VH-8547,2024-02-03,Preventive,208.6187925196635,7.467115863134105,Tires,318968,TECH-185,False
MNT-107332,VH-4042,2023-12-11,Preventive,613.1092429571121,3.4432003571997023,"Engine,Tires",330234,TECH-132,False
MNT-107333,VH-6709,2023-05-13,Preventive,464.9581975595171,3.970184770854735,"Engine,Transmission,Brakes",216946,TECH-125,False
MNT-107334,VH-9646,2024-04-19,Corrective,422.70921371471843,10.751028621932791,"Oil Change,Engine",430475,TECH-152,False
MNT-107335,VH-9035,2024-12-13,Emergency,2978.7019257829747,17.655249318732164,"Brakes,Transmission",498707,TECH-199,True
MNT-107336,VH-2625,2024-09-23,Emergency,1876.92136016425,12.260535508773291,"Electrical,Brakes",133304,TECH-180,False
MNT-107337,VH-8653,2024-03-29,Corrective,1620.0190714286662,1.0,Brakes,136101,TECH-128,True
MNT-107338,VH-1169,2023-07-21,Preventive,574.3205512040494,1.0,Oil Change,377508,TECH-102,False
MNT-107339,VH-8376,2023-11-14,Preventive,361.5801222320141,4.741154282171694,Oil Change,113966,TECH-185,True
MNT-107340,VH-6835,2023-03-10,Preventive,484.298332546402,5.125342485018059,Transmission,299566,TECH-169,True
MNT-107341,VH-2290,2023-12-07,Corrective,978.4740435759838,17.704402674772886,"HVAC,Tires,Electrical",494209,TECH-122,False
MNT-107342,VH-5868,2023-12-20,Corrective,1313.4542968719202,1.0,"Electrical,Transmission,HVAC",183536,TECH-140,True
MNT-107343,VH-3540,2024-09-01,Scheduled,375.00396912417665,3.958893826495163,"Engine,Transmission,HVAC",242227,TECH-167,True
MNT-107344,VH-5991,2024-08-25,Corrective,792.4342122440116,23.647045696944446,"Electrical,Engine,HVAC",319159,TECH-104,False
MNT-107345,VH-3132,2024-03-22,Preventive,483.1836423615082,4.360053595817649,"Tires,Transmission,Electrical",14530,TECH-193,False
MNT-107346,VH-7922,2024-12-02,Preventive,174.71619158114925,2.0278081886042783,"HVAC,Suspension,Brakes",489086,TECH-107,False
MNT-107347,VH-3814,2024-08-26,Corrective,1230.8328567533435,24.272403850286658,Engine,139287,TECH-136,False
MNT-107348,VH-4001,2024-12-06,Emergency,3357.363045146995,13.755777684145611,"Brakes,Oil Change",189176,TECH-126,False
MNT-107349,VH-7311,2024-01-18,Corrective,1445.1742793852723,1.0,"Engine,Tires,Brakes",175111,TECH-105,True
MNT-107350,VH-2147,2023-07-28,Preventive,407.1832151399568,1.69056769295898,"Engine,Transmission,Electrical",275266,TECH-185,False
MNT-107351,VH-7688,2023-07-23,Corrective,1960.514786336592,22.13339783816678,"Transmission,Oil Change,Suspension",440332,TECH-111,False
MNT-107352,VH-8376,2024-05-29,Preventive,828.9001605781366,2.31982227572932,Engine,90811,TECH-169,False
MNT-107353,VH-1620,2023-03-30,Preventive,744.1250240546415,3.4234291708401545,"Oil Change,Brakes,HVAC",408050,TECH-164,False
MNT-107354,VH-1391,2023-07-17,Preventive,239.46601506291375,1.0,"Oil Change,Engine,Transmission",119165,TECH-145,True
MNT-107355,VH-3547,2023-10-12,Preventive,393.28363400322644,13.259939206973812,Engine,241677,TECH-176,True
MNT-107356,VH-2559,2023-02-24,Preventive,122.63720378406873,6.919417106132587,"Engine,Electrical",401933,TECH-157,False
MNT-107357,VH-4940,2023-07-01,Corrective,766.1126574352436,3.2993128180702116,"Oil Change,Brakes",52285,TECH-148,False
MNT-107358,VH-3348,2023-07-05,Scheduled,516.466963250152,4.0070077075005495,"Electrical,Transmission,Brakes",54872,TECH-125,False
MNT-107359,VH-6473,2024-05-09,Corrective,755.0173603766896,33.22822724965147,"Tires,Transmission",475513,TECH-131,True
MNT-107360,VH-9948,2024-05-28,Emergency,4667.961781798569,58.59247346350435,"Oil Change,Engine,Brakes",347356,TECH-114,True
MNT-107361,VH-9274,2023-07-09,Preventive,418.8099167072643,5.210212924737517,"Transmission,Brakes,Tires",188694,TECH-142,True
MNT-107362,VH-3348,2024-07-08,Preventive,494.97756220933013,3.4898385881206635,Electrical,415229,TECH-130,False
MNT-107363,VH-7166,2023-04-02,Corrective,898.181077398749,15.66077042085952,Suspension,66869,TECH-119,False
MNT-107364,VH-7925,2024-03-21,Scheduled,518.1191510127442,1.0,"Oil Change,Brakes,HVAC",344636,TECH-185,True
MNT-107365,VH-7918,2024-02-07,Preventive,613.037247939714,3.011103703962699,"Oil Change,Engine",164916,TECH-182,True
MNT-107366,VH-6596,2023-11-12,Emergency,1462.2584397441508,7.13020104129088,HVAC,142864,TECH-169,True
MNT-107367,VH-7922,2023-11-27,Corrective,1370.9639318699333,1.0,"Transmission,Tires",249539,TECH-159,False
MNT-107368,VH-8468,2023-10-05,Corrective,872.9504164423715,5.230265529796509,"Engine,Suspension,Electrical",236504,TECH-173,True
MNT-107369,VH-3132,2023-09-30,Preventive,549.2226465715719,2.728353919218605,Suspension,331142,TECH-191,False
MNT-107370,VH-8857,2024-10-24,Emergency,3062.0519092062355,19.07430420529806,Brakes,327727,TECH-186,False
MNT-107371,VH-3776,2024-10-28,Corrective,1094.802331798246,24.92933296556318,"Tires,Electrical,Transmission",179388,TECH-185,False
MNT-107372,VH-9008,2023-03-26,Preventive,650.5687082834664,5.745332108989638,"Electrical,Oil Change",354958,TECH-170,False
MNT-107373,VH-2393,2023-01-10,Emergency,236.90222151370926,8.12594774491356,"Tires,Electrical,HVAC",199680,TECH-140,False
MNT-107374,VH-5635,2023-07-13,Corrective,1185.0436430767923,21.177189520509224,"Tires,Electrical",10977,TECH-180,False
MNT-107375,VH-5450,2024-07-05,Preventive,353.5230678792089,14.58662262593818,"Oil Change,Electrical",447228,TECH-120,False
MNT-107376,VH-1468,2024-08-30,Corrective,1304.269682199731,1.222501783772013,"Tires,Transmission,Oil Change",348401,TECH-186,False
MNT-107377,VH-8653,2023-04-15,Corrective,1349.4106349752076,15.038610633901,HVAC,201414,TECH-120,True
MNT-107378,VH-2381,2023-03-12,Corrective,2153.7368289450333,2.0788164567921537,Engine,306668,TECH-149,False
MNT-107379,VH-8563,2024-11-16,Corrective,2193.8721168886364,8.395612337415852,Suspension,118546,TECH-144,False
MNT-107380,VH-8425,2024-07-30,Preventive,520.7046701612118,3.8263245537282957,Oil Change,204538,TECH-145,False
MNT-107381,VH-9522,2024-09-02,Corrective,1193.8960463798953,1.0,"Electrical,Brakes,Transmission",77627,TECH-181,False
MNT-107382,VH-8468,2023-12-03,Corrective,448.9419153019039,9.660742557226481,"Transmission,Tires,Oil Change",157742,TECH-134,False
MNT-107383,VH-2357,2023-01-12,Preventive,521.9428288895153,1.0,Transmission,102856,TECH-194,True
MNT-107384,VH-6985,2023-04-15,Emergency,3990.077459795646,13.206188871211705,Engine,208480,TECH-185,False
MNT-107385,VH-1093,2023-05-12,Corrective,848.3468926779971,18.402383564063044,"Transmission,Electrical",12587,TECH-104,False
MNT-107386,VH-7929,2023-12-05,Preventive,620.4750845734668,1.0,"Electrical,Oil Change,Tires",257917,TECH-131,False
MNT-107387,VH-3671,2023-07-17,Corrective,1432.3159636228488,8.787566948115408,Transmission,46991,TECH-116,False
MNT-107388,VH-2361,2024-09-19,Corrective,2095.1242289537868,9.381063583775573,"Oil Change,Electrical,Tires",119235,TECH-110,False
MNT-107389,VH-5282,2023-04-11,Emergency,2420.2661920868222,20.351566168169832,"Brakes,Transmission",112811,TECH-162,False
MNT-107390,VH-5203,2023-08-30,Corrective,991.8169262113083,11.682470530678359,"Tires,Brakes",22642,TECH-132,False
MNT-107391,VH-2422,2024-09-28,Preventive,419.8226972202175,1.0,Engine,115548,TECH-118,False
MNT-107392,VH-1588,2024-08-20,Corrective,960.7771612877564,101.61800171477734,"Electrical,Suspension",16732,TECH-146,False
MNT-107393,VH-2915,2024-04-10,Preventive,700.239130939495,1.2981773823285514,Electrical,236672,TECH-195,False
MNT-107394,VH-2559,2024-11-20,Preventive,539.0629576952612,8.696992712808635,Engine,217615,TECH-138,False
MNT-107395,VH-9516,2024-09-06,Preventive,375.3491116480193,8.758641673685121,"Tires,Oil Change,Brakes",210065,TECH-151,True
MNT-107396,VH-5868,2024-12-11,Preventive,367.5272275495536,2.2068988906842617,"Brakes,Oil Change,HVAC",285197,TECH-103,False
MNT-107397,VH-3540,2023-06-17,Preventive,484.68923140375693,4.857703571584947,"Tires,HVAC,Suspension",101309,TECH-194,True
MNT-107398,VH-2410,2024-03-04,Corrective,936.748358377912,19.176539015304474,Oil Change,77161,TECH-135,False
MNT-107399,VH-1131,2024-10-14,Corrective,1155.1891714519209,18.775463327255473,"Transmission,Oil Change",282456,TECH-135,False
MNT-107400,VH-2587,2024-12-13,Emergency,4080.700140996697,11.5427540675432,"Brakes,Oil Change",301630,TECH-192,True
MNT-107401,VH-8547,2024-09-10,Scheduled,299.45554663880756,1.0,"Tires,Transmission,Engine",122040,TECH-168,True
MNT-107402,VH-9801,2024-02-26,Corrective,1185.822535231075,20.852549584486855,"Tires,Transmission,Brakes",138210,TECH-100,False
MNT-107403,VH-3132,2023-07-03,Preventive,446.4949955285922,1.7535325522113185,"Suspension,Electrical",457199,TECH-185,True
MNT-107404,VH-3473,2023-10-02,Preventive,651.7667503807195,7.408488530229615,Engine,135723,TECH-148,False
MNT-107405,VH-2690,2023-05-24,Preventive,487.5613800907036,1.7638754252748041,HVAC,152610,TECH-177,False
MNT-107406,VH-5226,2024-03-03,Corrective,948.0510392919464,18.169213037352407,"HVAC,Tires",446777,TECH-197,True
MNT-107407,VH-5028,2024-04-27,Corrective,601.3565883135171,4.642534722741132,"Suspension,Electrical",17483,TECH-191,True
MNT-107408,VH-6908,2024-04-13,Corrective,1139.1248084081979,8.966070177698747,"Electrical,Suspension",319588,TECH-152,True
MNT-107409,VH-2391,2023-09-01,Preventive,560.548619469982,3.30803093014704,"Oil Change,Brakes",384370,TECH-124,True
MNT-107410,VH-6835,2024-10-28,Preventive,497.2549970087087,1.387411445480414,"Suspension,Transmission,Engine",250262,TECH-132,False
MNT-107411,VH-9432,2024-05-20,Preventive,544.0256194626226,2.631867327717432,"Transmission,Suspension",176937,TECH-179,False
MNT-107412,VH-3233,2023-06-20,Emergency,1054.837446402008,11.699228277323154,"Brakes,Tires,Engine",313655,TECH-176,False
MNT-107413,VH-9274,2024-08-04,Emergency,2438.917157720896,7.807515144004277,"Tires,Brakes",10813,TECH-193,True
MNT-107414,VH-7807,2023-10-14,Corrective,1044.0311703799848,1.4051636990176868,"HVAC,Transmission",122644,TECH-125,True
MNT-107415,VH-6775,2024-10-22,Corrective,632.5133343796433,30.77916583153721,"Engine,Brakes",499917,TECH-148,False
MNT-107416,VH-7693,2024-02-08,Corrective,1351.656329264108,21.966182432260048,"Electrical,Engine,Oil Change",435291,TECH-164,False
MNT-107417,VH-8316,2023-08-30,Preventive,269.41516879162805,8.073880276028948,"Suspension,Tires",133281,TECH-140,False
MNT-107418,VH-8593,2023-02-03,Emergency,3003.1565503539887,12.55257120943267,Brakes,207398,TECH-126,False
MNT-107419,VH-1072,2024-10-05,Preventive,600.2372094574654,14.80593999292249,"Engine,Tires,HVAC",211624,TECH-113,False
MNT-107420,VH-5226,2023-05-20,Preventive,542.1441716521363,4.576156920858379,"Suspension,Brakes",264607,TECH-146,True
MNT-107421,VH-2357,2023-06-20,Preventive,386.76939348486974,3.52640037891915,Tires,248913,TECH-199,False
MNT-107422,VH-8563,2024-02-23,Scheduled,168.5545675012301,3.099751767326815,"HVAC,Engine,Brakes",370551,TECH-162,True
MNT-107423,VH-9824,2023-12-26,Preventive,336.3104062580867,3.104902293947824,"Electrical,Oil Change,Brakes",319534,TECH-151,False
MNT-107424,VH-3132,2024-06-29,Preventive,577.2976380222742,10.958601503685728,"Brakes,Engine",381669,TECH-183,False
MNT-107425,VH-8097,2024-06-16,Preventive,539.3830994550453,2.91040107887898,"Tires,Suspension,Transmission",104724,TECH-130,False
MNT-107426,VH-6985,2024-09-20,Corrective,956.3837229485989,2.612585293332484,Suspension,387777,TECH-167,True
MNT-107427,VH-2587,2023-01-11,Preventive,183.49638070828513,3.0188694145003567,Tires,123818,TECH-112,False
MNT-107428,VH-3490,2024-08-09,Corrective,1081.4900707695697,1.0,HVAC,313973,TECH-146,False
MNT-107429,VH-1789,2024-04-22,Corrective,1144.0590910103158,13.561055084724675,"Transmission,Suspension",13480,TECH-191,False
MNT-107430,VH-5714,2023-03-02,Corrective,1431.3665347261958,8.49533500025191,Engine,488051,TECH-122,True
MNT-107431,VH-8639,2024-08-27,Preventive,238.2899525792538,1.0,"Electrical,Tires,HVAC",206898,TECH-172,False
MNT-107432,VH-7136,2024-11-08,Preventive,627.868775535198,1.0,"Electrical,Transmission",421327,TECH-182,False
MNT-107433,VH-6346,2024-11-16,Corrective,1733.6296992427685,6.0048312525123615,"HVAC,Brakes,Transmission",250745,TECH-102,False
MNT-107434,VH-2357,2023-11-27,Preventive,426.59517472219864,1.9035530200916368,"Electrical,Engine,Tires",327934,TECH-141,False
MNT-107435,VH-1716,2023-04-23,Preventive,626.746827010866,1.0,"Electrical,HVAC,Suspension",93517,TECH-198,True
MNT-107436,VH-7136,2023-02-26,Preventive,518.9625093792084,10.448409666517176,"Oil Change,Tires,Suspension",19469,TECH-137,False
MNT-107437,VH-6596,2023-12-28,Preventive,507.4251203646775,2.2865738163368823,"Electrical,Tires",103895,TECH-193,False
MNT-107438,VH-6985,2023-10-02,Corrective,1494.334994576031,1.0,"HVAC,Engine,Suspension",418530,TECH-177,False
MNT-107439,VH-1366,2023-06-23,Preventive,472.2671172175023,1.0,"Brakes,Transmission,Engine",345660,TECH-156,True
MNT-107440,VH-6775,2024-01-28,Preventive,608.565292365397,1.2843656287040663,"Brakes,Transmission,Oil Change",121477,TECH-176,True
MNT-107441,VH-2625,2023-06-01,Emergency,1608.7788970037464,42.89027948558243,Electrical,427025,TECH-155,False
MNT-107442,VH-8790,2023-11-24,Corrective,639.4597610678504,1.0160880603518898,"Brakes,Transmission",276942,TECH-166,False
MNT-107443,VH-6709,2023-01-09,Emergency,2152.1113894691525,56.86991675687156,"HVAC,Engine",212656,TECH-119,False
MNT-107444,VH-6346,2023-12-01,Corrective,1415.1824200741164,1.2704449414146102,Oil Change,182074,TECH-165,True
MNT-107445,VH-6323,2024-01-15,Scheduled,301.9004904025199,1.0,"Engine,Oil Change",82127,TECH-132,True
MNT-107446,VH-5386,2023-04-11,Corrective,1071.6890274549191,16.826590671966706,"Engine,Tires,Oil Change",402433,TECH-199,False
MNT-107447,VH-3919,2024-01-01,Preventive,571.857631952817,10.384638593254415,"Tires,HVAC",493423,TECH-123,False
MNT-107448,VH-5991,2023-02-20,Corrective,1393.6823928859342,2.383795104784481,"Tires,Electrical,Oil Change",354549,TECH-129,True
MNT-107449,VH-6106,2023-02-16,Preventive,390.0705159797783,1.0,"Tires,Suspension",496362,TECH-135,True
MNT-107450,VH-9824,2024-12-20,Preventive,469.8115432910336,3.481629571023261,Tires,457496,TECH-174,False
MNT-107451,VH-9516,2024-06-01,Preventive,372.2047529338147,2.2679565952798275,"Brakes,Transmission",367425,TECH-109,True
MNT-107452,VH-5672,2024-12-14,Corrective,955.2671055489648,1.8993963161694163,"HVAC,Oil Change",109152,TECH-174,True
MNT-107453,VH-8857,2024-07-08,Corrective,1451.311529224261,45.4067133277688,"Suspension,Brakes,Oil Change",51737,TECH-104,False
MNT-107454,VH-7807,2024-07-08,Preventive,585.4362011653093,1.0,Tires,253923,TECH-143,True
MNT-107455,VH-8959,2023-07-25,Preventive,466.1972762868651,6.450885188196512,"Oil Change,Suspension",399131,TECH-119,False
MNT-107456,VH-2290,2023-03-24,Emergency,2576.4058297167257,29.031843881564875,"Tires,HVAC,Suspension",317147,TECH-168,False
MNT-107457,VH-2410,2023-02-04,Preventive,827.4474147300706,1.0,Transmission,352175,TECH-116,False
MNT-107458,VH-6775,2024-07-13,Preventive,203.23289110152757,1.0,"Brakes,Transmission",122915,TECH-102,False
MNT-107459,VH-8959,2023-09-04,Corrective,378.38260903476237,15.458774527146925,"Tires,Engine,Electrical",428592,TECH-144,False
MNT-107460,VH-2536,2024-02-09,Corrective,1332.829658117481,32.68139013450357,Suspension,426760,TECH-178,False
MNT-107461,VH-8376,2023-12-03,Corrective,1365.0598252361692,7.229402421236658,Tires,202429,TECH-113,False
MNT-107462,VH-2549,2024-12-16,Scheduled,546.2609309338129,1.001534573891547,"Suspension,Engine,Electrical",476593,TECH-158,False
MNT-107463,VH-3817,2023-05-30,Corrective,1037.4371764017465,1.0,"Brakes,Engine",335725,TECH-134,False
MNT-107464,VH-4001,2023-01-26,Preventive,674.8159753248942,6.835559466230672,"Engine,Suspension,Electrical",264253,TECH-152,True
MNT-107465,VH-6443,2024-06-30,Preventive,488.2803536659061,3.8699977469726634,Brakes,476958,TECH-144,True
MNT-107466,VH-1885,2023-01-06,Preventive,470.89678582658155,3.6200918452289756,Electrical,57466,TECH-168,True
MNT-107467,VH-5056,2024-03-17,Emergency,2655.5195711951806,25.24658576780474,Suspension,361640,TECH-152,False
MNT-107468,VH-9948,2023-09-08,Corrective,634.1917150244082,15.073543465289585,HVAC,150764,TECH-143,True
MNT-107469,VH-1885,2023-06-09,Preventive,670.0522885676642,1.0,"Brakes,Electrical,Suspension",61655,TECH-138,True
MNT-107470,VH-9737,2023-08-23,Preventive,409.41584107036607,3.3108501763476883,"Transmission,Brakes,HVAC",318129,TECH-130,True
MNT-107471,VH-4862,2023-04-29,Preventive,555.4634757114887,3.310572703241576,"Engine,HVAC",108672,TECH-125,False
MNT-107472,VH-5028,2024-03-30,Corrective,752.7146711984717,2.849133856389643,Suspension,70781,TECH-132,False
MNT-107473,VH-2147,2024-07-06,Preventive,325.767274542599,1.0,Transmission,176404,TECH-106,False
MNT-107474,VH-5282,2024-03-01,Corrective,806.8348501831382,3.572758780902272,Brakes,189184,TECH-136,True
MNT-107475,VH-1999,2023-12-25,Preventive,608.0606231924054,1.0,"Electrical,Oil Change",184239,TECH-149,True
MNT-107476,VH-8547,2023-12-31,Preventive,583.9641007286833,1.0309956926011632,"Electrical,Suspension,HVAC",336850,TECH-118,True
MNT-107477,VH-7832,2023-10-18,Preventive,665.9522673066842,1.0,Brakes,441571,TECH-197,False
MNT-107478,VH-4057,2024-11-23,Corrective,1093.8290453704353,15.32274745768813,Electrical,348479,TECH-107,True
MNT-107479,VH-5262,2023-12-04,Emergency,2846.7078490827203,45.68575240036464,"Transmission,Brakes,Electrical",439098,TECH-196,True
MNT-107480,VH-3348,2023-03-02,Corrective,1166.2359612176995,21.004503345551214,Oil Change,456991,TECH-194,True
MNT-107481,VH-6253,2024-03-26,Corrective,792.5492292803197,1.0450768601392437,"Oil Change,Brakes",136806,TECH-159,False
MNT-107482,VH-8664,2023-06-12,Corrective,649.8870729734216,11.901204329888314,"Brakes,Transmission,Engine",182499,TECH-175,False
MNT-107483,VH-6019,2024-01-26,Preventive,455.7299188629721,1.7488815910270645,"Transmission,Electrical,Suspension",446241,TECH-147,True
MNT-107484,VH-4057,2024-11-21,Preventive,369.47839525417646,4.2488309917617455,"Engine,Suspension,Oil Change",471190,TECH-149,True
MNT-107485,VH-2690,2024-04-11,Corrective,1163.0889858464918,9.544162120129812,"Tires,Electrical,Engine",250854,TECH-122,False
MNT-107486,VH-9394,2023-09-18,Preventive,791.1207697976292,2.401554924222737,"Electrical,Suspension,Engine",468427,TECH-133,False
MNT-107487,VH-9432,2023-08-30,Corrective,1495.3712791342723,24.92225390395788,"Brakes,Electrical,Engine",268885,TECH-170,False
MNT-107488,VH-2489,2024-03-16,Preventive,370.8924782496913,8.437272659608647,"Electrical,Engine,Brakes",230860,TECH-134,False
MNT-107489,VH-4940,2024-01-14,Preventive,434.9814464692346,4.00272030960268,"Transmission,Suspension",73841,TECH-135,True
MNT-107490,VH-2290,2024-08-23,Preventive,267.9206431106138,12.62729387834832,Transmission,437703,TECH-177,True
MNT-107491,VH-1620,2023-10-18,Preventive,407.3880363703136,7.074477257759244,"Transmission,Tires,Suspension",14774,TECH-124,False
MNT-107492,VH-2549,2024-04-18,Emergency,1409.543337662727,58.16321232702223,"Engine,Suspension,HVAC",31393,TECH-164,False
MNT-107493,VH-6019,2024-10-02,Emergency,3302.5936399412294,38.42812624609367,"Tires,Suspension",309895,TECH-148,False
MNT-107494,VH-8296,2023-10-05,Preventive,442.75970474452515,6.241487276344004,Oil Change,401105,TECH-165,False
MNT-107495,VH-3092,2023-12-30,Preventive,565.9123860392461,3.538391411964646,"Brakes,Oil Change",403415,TECH-184,False
MNT-107496,VH-5282,2024-01-27,Emergency,2514.331591652563,2.1547986568054007,Tires,70248,TECH-168,False
MNT-107497,VH-8790,2023-02-17,Corrective,1467.1184233409372,3.0823938352308224,Oil Change,154358,TECH-188,True
MNT-107498,VH-2290,2023-05-28,Preventive,320.2960806457854,1.0,"Brakes,Engine,Transmission",348815,TECH-159,True
MNT-107499,VH-2216,2024-06-15,Preventive,641.6063941027387,2.2260876362486646,Suspension,320521,TECH-167,False
MNT-107500,VH-3588,2023-02-23,Preventive,278.66142812913785,4.663788176779776,"Electrical,Suspension",298138,TECH-137,False
MNT-107501,VH-3540,2023-07-07,Preventive,582.661713244083,16.984644187881837,Electrical,391454,TECH-172,True
MNT-107502,VH-4976,2023-01-29,Corrective,1203.4358697070356,16.53959741915159,"HVAC,Tires,Transmission",114270,TECH-167,False
MNT-107503,VH-4890,2023-04-19,Preventive,351.11184773321025,1.9875521416285726,HVAC,74170,TECH-165,False
MNT-107504,VH-2393,2024-04-07,Preventive,468.9994429396367,4.003822867551959,Electrical,338525,TECH-179,True
MNT-107505,VH-3317,2024-11-18,Preventive,346.7308108882594,11.819289052784633,"HVAC,Transmission,Suspension",127321,TECH-125,False
MNT-107506,VH-4890,2023-02-20,Preventive,648.3104677284234,2.870820945485277,"Electrical,HVAC,Oil Change",260850,TECH-176,True
MNT-107507,VH-5717,2024-08-19,Corrective,1030.3950639935633,9.811204825876562,"Tires,Transmission",76884,TECH-133,False
MNT-107508,VH-3132,2024-03-04,Preventive,607.4354968543016,12.951557704697638,Electrical,241548,TECH-181,False
MNT-107509,VH-9682,2024-12-12,Preventive,513.3308997527606,3.767022750967544,"HVAC,Engine,Transmission",46545,TECH-106,False
MNT-107510,VH-1789,2024-01-24,Corrective,1184.4419501440066,14.07522220352577,HVAC,272335,TECH-162,False
MNT-107511,VH-5386,2024-12-14,Scheduled,389.2202558389967,1.3798793956285902,"Suspension,Transmission,Brakes",365579,TECH-190,False
MNT-107512,VH-3618,2024-02-10,Preventive,408.4972566664702,5.487650639203198,"Electrical,HVAC,Tires",101084,TECH-150,True
MNT-107513,VH-3132,2023-07-24,Preventive,361.34256589276765,3.9707927958974607,Electrical,453086,TECH-112,False
MNT-107514,VH-2910,2023-11-24,Scheduled,322.95541383684474,3.245099888046842,"Oil Change,Brakes",155528,TECH-186,True
MNT-107515,VH-1366,2023-03-19,Preventive,665.4161574431389,2.9476872451334644,Oil Change,21881,TECH-174,True
MNT-107516,VH-1420,2023-06-16,Preventive,608.2947146378765,2.1152718932159615,"Engine,HVAC",217559,TECH-136,False
MNT-107517,VH-7863,2023-02-21,Corrective,1271.6361874233412,9.106092217723798,"Engine,Brakes,Suspension",393683,TECH-179,True
MNT-107518,VH-5547,2024-02-13,Preventive,587.8352172001597,4.100710563093818,"HVAC,Transmission,Brakes",344481,TECH-175,False
MNT-107519,VH-1391,2023-11-04,Preventive,663.509030939347,2.5629982689255955,Tires,309208,TECH-100,False
MNT-107520,VH-4743,2024-06-08,Preventive,426.5104905511415,3.476643235682304,"HVAC,Suspension",200657,TECH-195,False
MNT-107521,VH-9035,2023-12-31,Corrective,952.3090443631941,13.911013761041476,"Oil Change,Transmission,Brakes",271399,TECH-128,False
MNT-107522,VH-3092,2023-11-05,Preventive,711.7911882942617,9.309078693876026,"Transmission,Engine",276632,TECH-131,False
MNT-107523,VH-1169,2023-10-14,Corrective,1372.1432110505111,1.0,Oil Change,107157,TECH-167,False
MNT-107524,VH-2506,2024-06-11,Corrective,1685.6098713361291,21.084043306783844,"Brakes,Electrical",473281,TECH-164,True
MNT-107525,VH-4106,2024-10-02,Emergency,2176.6929777179093,3.0291359132843945,Suspension,293139,TECH-161,False
MNT-107526,VH-8468,2023-05-04,Preventive,294.92719543181596,1.0,"Tires,Suspension,Oil Change",297117,TECH-104,True
MNT-107527,VH-1092,2023-02-27,Preventive,753.5715573131631,1.890684205845016,"Engine,Suspension",351143,TECH-151,True
MNT-107528,VH-8445,2023-03-11,Corrective,1345.4436183665098,22.24214262305745,"Transmission,Brakes",40297,TECH-182,True
MNT-107529,VH-2290,2023-11-18,Corrective,1354.8354443025257,7.889300896371013,"Transmission,Electrical,HVAC",287263,TECH-135,True
MNT-107530,VH-8918,2024-09-11,Preventive,410.1398479251619,7.7192463394649495,"Engine,Brakes",438238,TECH-159,False
MNT-107531,VH-3817,2024-12-03,Scheduled,319.2666269876535,2.335485092870022,"Transmission,Electrical",251809,TECH-168,False
MNT-107532,VH-6718,2023-04-09,Corrective,2040.996148317954,10.074784346901156,"Tires,Engine,Transmission",275964,TECH-162,True
MNT-107533,VH-9035,2023-03-11,Preventive,456.5025602544956,1.2098028367394844,"Tires,Electrical,Oil Change",193812,TECH-180,True
MNT-107534,VH-1008,2023-02-09,Preventive,574.8480886337234,9.320660684402876,"Oil Change,Suspension,Brakes",299867,TECH-177,False
MNT-107535,VH-6037,2024-10-07,Corrective,1279.0452161663443,15.488667822888864,Tires,361379,TECH-191,False
MNT-107536,VH-9723,2023-11-24,Corrective,1245.0247560542248,11.439581990678482,"Transmission,Engine,HVAC",134480,TECH-111,False
MNT-107537,VH-5714,2024-02-15,Corrective,696.9189682706489,1.0,"Oil Change,Electrical,Brakes",62251,TECH-137,False
MNT-107538,VH-4042,2023-10-17,Preventive,550.1132510123472,5.131735075613254,Transmission,89028,TECH-145,False
MNT-107539,VH-5226,2024-04-05,Corrective,1089.0780202937665,27.40527002413483,"Brakes,Tires,Transmission",436011,TECH-195,True
MNT-107540,VH-3547,2023-07-30,Corrective,1266.9385172844072,34.68400808549855,"Oil Change,Engine,Brakes",177771,TECH-184,False
MNT-107541,VH-1092,2023-12-29,Preventive,472.12787803171693,1.0483743263180998,"HVAC,Oil Change",357047,TECH-136,True
MNT-107542,VH-1072,2024-11-23,Preventive,567.4537085398919,1.0,"Tires,Oil Change",330858,TECH-165,True
MNT-107543,VH-3588,2023-10-01,Preventive,429.1678574071334,1.0,"Suspension,Transmission",251701,TECH-135,False
MNT-107544,VH-8579,2023-10-25,Corrective,1830.2013349515778,49.695749539058966,Oil Change,473892,TECH-198,True
MNT-107545,VH-1059,2024-01-25,Preventive,324.7550857152596,1.0,"Brakes,HVAC",376841,TECH-117,True
MNT-107546,VH-3039,2023-10-22,Scheduled,372.5291821411541,1.0,"Electrical,Suspension",393696,TECH-141,False
MNT-107547,VH-5635,2023-11-27,Preventive,320.7592561853808,6.695445454364313,Tires,193268,TECH-119,False
MNT-107548,VH-3817,2023-06-07,Emergency,1427.1894925523761,29.07630918470328,Electrical,49814,TECH-187,False
MNT-107549,VH-6718,2023-10-06,Preventive,497.9218100282767,6.212804463341844,"Electrical,HVAC",417466,TECH-126,False
MNT-107550,VH-6835,2024-08-29,Corrective,1111.9169754098418,1.0,"Electrical,Tires",281640,TECH-197,False
MNT-107551,VH-6775,2024-05-25,Corrective,311.83870333298455,7.891331452017066,"Engine,HVAC",473334,TECH-102,True
MNT-107552,VH-1366,2024-07-12,Preventive,561.9800932852143,1.0,"Tires,Electrical",307818,TECH-114,True
MNT-107553,VH-8857,2024-02-17,Preventive,303.58643135487375,3.1390239384327945,"Electrical,Oil Change",43957,TECH-132,False
MNT-107554,VH-1885,2024-01-28,Preventive,773.3110567765699,8.294626477378024,Transmission,294509,TECH-136,False
MNT-107555,VH-4740,2024-12-29,Preventive,735.2287500615349,5.467688516104968,"Brakes,Electrical",25810,TECH-122,False
MNT-107556,VH-6253,2024-09-10,Preventive,332.308549475794,1.0,"Oil Change,Electrical",76492,TECH-102,False
MNT-107557,VH-8103,2024-09-17,Preventive,364.5858964814216,1.0,"Suspension,Engine",220119,TECH-190,False
MNT-107558,VH-7929,2023-11-12,Emergency,2255.6736213986987,31.453042648168868,Electrical,322943,TECH-191,False
MNT-107559,VH-1461,2024-05-14,Corrective,887.122533172382,3.5415512800784654,"HVAC,Electrical",111198,TECH-143,False
MNT-107560,VH-1475,2023-11-30,Preventive,635.5405953431786,4.541669331459952,"Transmission,HVAC",151950,TECH-152,True
MNT-107561,VH-9862,2023-12-14,Preventive,478.6091254505872,5.044170872931286,"Tires,Electrical,HVAC",190921,TECH-165,False
MNT-107562,VH-1468,2023-08-08,Preventive,490.9208814012342,6.016426617299661,"Suspension,Tires,Brakes",393300,TECH-162,True
MNT-107563,VH-4984,2024-09-22,Preventive,709.0349898307379,2.701499192167986,"Engine,Tires,Oil Change",56057,TECH-186,True
MNT-107564,VH-8441,2024-09-11,Preventive,344.9071346259574,2.3104922069372154,"Brakes,Tires",135485,TECH-175,True
MNT-107565,VH-9772,2024-08-22,Corrective,1101.4138650684672,2.808740647996898,Tires,31806,TECH-104,False
MNT-107566,VH-4984,2024-07-27,Preventive,532.9990840799127,11.52573160618352,"Tires,HVAC",461991,TECH-137,True
MNT-107567,VH-5028,2024-10-12,Emergency,2065.6560853279493,23.39211874923777,"Suspension,Oil Change,Electrical",51389,TECH-164,False
MNT-107568,VH-2410,2024-11-21,Corrective,774.3913245713965,7.58314767291861,"Oil Change,Electrical",261084,TECH-187,False
MNT-107569,VH-6963,2023-02-28,Preventive,389.3368001784847,2.4121930402078915,"Electrical,Tires",235973,TECH-176,True
MNT-107570,VH-2506,2023-03-25,Corrective,488.9158973644834,1.0,Suspension,345695,TECH-130,False
MNT-107571,VH-1835,2023-07-30,Emergency,1929.9162725696954,4.640326600902412,"Suspension,Oil Change,Brakes",137458,TECH-159,True
MNT-107572,VH-8445,2023-03-16,Corrective,1142.0670309613934,9.657542695654813,"Suspension,Oil Change,Engine",34636,TECH-115,False
MNT-107573,VH-7688,2024-03-07,Scheduled,390.0456631053432,1.8415632402915119,"Electrical,HVAC,Suspension",356565,TECH-116,False
MNT-107574,VH-4740,2023-03-04,Corrective,1522.1047949729043,9.01456718219185,Electrical,234881,TECH-126,False
MNT-107575,VH-9008,2024-08-28,Emergency,2069.6593260163645,18.383483725841625,"Electrical,Transmission,Engine",181529,TECH-116,False
MNT-107576,VH-8579,2024-10-05,Preventive,564.9078564907832,1.3266877834334163,"Transmission,Tires",205809,TECH-168,True
MNT-107577,VH-9432,2023-08-29,Preventive,363.5160993056229,5.444064189538949,"HVAC,Engine,Suspension",425320,TECH-127,False
MNT-107578,VH-4862,2023-11-26,Preventive,409.8481712256804,1.0,"Suspension,Electrical",325906,TECH-129,False
MNT-107579,VH-1008,2024-03-27,Scheduled,334.39182104863005,1.6680644734773138,Tires,123854,TECH-163,False
MNT-107580,VH-9710,2023-08-18,Preventive,430.018114669703,1.634005030367063,Tires,31808,TECH-116,True
MNT-107581,VH-8468,2023-01-16,Preventive,730.557152967604,1.9997748269875906,Transmission,365496,TECH-162,False
MNT-107582,VH-2690,2023-06-20,Scheduled,288.43171583382724,3.5832281921465903,"Transmission,Suspension,Tires",175818,TECH-136,False
MNT-107583,VH-2084,2024-02-27,Preventive,577.8585372742018,5.931802143619076,HVAC,392723,TECH-192,False
MNT-107584,VH-3348,2023-11-14,Emergency,2472.5744165566257,8.108816426217281,"Suspension,Brakes",390983,TECH-199,False
MNT-107585,VH-6253,2024-12-22,Preventive,401.9143647375873,2.100599542655494,"HVAC,Oil Change",53506,TECH-197,True
MNT-107586,VH-9394,2024-03-25,Preventive,564.0903378650352,4.017529048750692,Transmission,106350,TECH-147,False
MNT-107587,VH-1093,2023-10-29,Corrective,485.1007296269096,19.930988416704245,Oil Change,480098,TECH-100,False
MNT-107588,VH-4001,2023-01-09,Preventive,745.1268096312722,1.0,Tires,236271,TECH-124,False
MNT-107589,VH-8376,2023-08-27,Corrective,1391.8375662594942,13.194747234617882,Brakes,373624,TECH-179,False
MNT-107590,VH-6835,2024-07-09,Corrective,940.0885940139553,18.876213844649797,Engine,276868,TECH-178,False
MNT-107591,VH-9522,2023-02-05,Corrective,992.4465335243353,1.0,Suspension,214447,TECH-153,True
MNT-107592,VH-2290,2024-01-31,Preventive,921.3103339190106,16.798461573606808,Transmission,17804,TECH-189,True
MNT-107593,VH-9105,2023-08-08,Preventive,459.3459114865577,1.0,"Transmission,Engine,Suspension",399595,TECH-172,True
MNT-107594,VH-1716,2023-10-20,Emergency,2094.77616835997,45.96834919083645,Suspension,460148,TECH-193,False
MNT-107595,VH-2290,2024-07-30,Preventive,586.4235687235166,1.0,Transmission,80211,TECH-139,True
MNT-107596,VH-9394,2023-01-24,Preventive,389.7031499608378,1.8884121646208383,"Brakes,Suspension",255147,TECH-111,False
MNT-107597,VH-6709,2024-12-08,Emergency,1624.063889443859,20.0289038961751,Tires,218506,TECH-173,True
MNT-107598,VH-3179,2023-04-09,Preventive,306.16784782343746,5.989082093389916,"Transmission,Suspension",418361,TECH-164,False
MNT-107599,VH-4042,2024-10-14,Preventive,326.16602459666393,1.280053252760619,Brakes,173653,TECH-170,False
MNT-107600,VH-7741,2023-01-29,Corrective,534.4807536389934,30.59815424070119,"HVAC,Electrical,Tires",336251,TECH-161,False
MNT-107601,VH-3233,2024-03-27,Preventive,577.2956250000107,4.464503375373813,"HVAC,Oil Change",265204,TECH-113,False
MNT-107602,VH-9029,2023-06-16,Preventive,536.6494722641775,1.0181828003341362,"Brakes,HVAC",449034,TECH-191,False
MNT-107603,VH-3132,2024-02-02,Preventive,581.0627881082148,2.0612114132829342,"Suspension,Electrical",15416,TECH-185,False
MNT-107604,VH-3776,2024-04-09,Emergency,1731.8840015025771,7.310683019664923,"Transmission,Tires,Electrical",340478,TECH-174,False
MNT-107605,VH-7832,2024-03-26,Preventive,795.8531995328581,17.746242412990046,Suspension,315792,TECH-179,True
MNT-107606,VH-2381,2024-07-22,Corrective,1961.023038140611,3.06856275154093,HVAC,257551,TECH-198,False
MNT-107607,VH-3776,2023-03-08,Preventive,390.68060451215604,3.4817388703108785,"HVAC,Oil Change",194187,TECH-108,False
MNT-107608,VH-8097,2024-08-06,Preventive,476.62535666581533,1.0,HVAC,165302,TECH-183,False
MNT-107609,VH-2506,2023-01-10,Corrective,819.7973462481643,1.0,"Brakes,Suspension,Electrical",263675,TECH-133,False
MNT-107610,VH-2910,2023-01-22,Corrective,1118.2558347861734,84.58779672648473,"Engine,Oil Change",303281,TECH-120,False
MNT-107611,VH-1131,2024-02-14,Preventive,701.9576907715164,1.0,"HVAC,Brakes,Suspension",475231,TECH-101,False
MNT-107612,VH-4862,2023-03-24,Preventive,715.2575384132479,1.0801506258035898,"Oil Change,HVAC",469590,TECH-160,False
MNT-107613,VH-7929,2024-10-13,Preventive,398.6955515209272,3.7913073692576615,"HVAC,Brakes,Engine",452800,TECH-157,False
MNT-107614,VH-1169,2024-11-18,Preventive,346.24804449826513,7.488937958004079,HVAC,345866,TECH-143,False
MNT-107615,VH-5844,2023-05-06,Preventive,508.68182681492704,2.153584462626315,"Engine,HVAC,Suspension",215821,TECH-120,False
MNT-107616,VH-8664,2024-12-15,Preventive,474.4596040015941,17.018125709131922,"Transmission,HVAC,Tires",33740,TECH-158,False
MNT-107617,VH-7162,2023-11-14,Preventive,308.269087671158,5.472035865589738,"Brakes,Tires",257397,TECH-165,False
MNT-107618,VH-4862,2023-05-16,Preventive,437.94877586624386,4.771136646759731,"Suspension,Electrical,HVAC",210468,TECH-119,False
MNT-107619,VH-3967,2024-02-02,Preventive,557.0372504068193,1.847104706039472,"Transmission,Engine,Electrical",467537,TECH-180,False
MNT-107620,VH-8653,2024-05-09,Preventive,581.6887132011937,1.1742134808178286,"Oil Change,Electrical",174221,TECH-196,False
MNT-107621,VH-8579,2023-06-16,Preventive,631.6366287045863,1.0,"Electrical,Brakes",381683,TECH-122,False
MNT-107622,VH-8441,2023-02-23,Preventive,355.4777818015542,1.0,"Transmission,HVAC,Electrical",45478,TECH-129,False
MNT-107623,VH-9646,2024-08-02,Scheduled,295.8723492584022,1.0,"Oil Change,Engine",290756,TECH-161,True
MNT-107624,VH-6605,2024-05-13,Corrective,436.02599933746126,13.941084507209819,"Transmission,Tires",161909,TECH-186,False
MNT-107625,VH-8468,2023-02-20,Preventive,648.9940086420557,1.0,Electrical,349397,TECH-157,False
MNT-107626,VH-2391,2023-06-17,Preventive,667.4127736618217,1.0,"Tires,Electrical",238905,TECH-184,True
MNT-107627,VH-5868,2023-07-18,Emergency,1509.9698299337674,15.318134587032752,Engine,24039,TECH-103,False
MNT-107628,VH-2559,2023-02-19,Corrective,806.1472412731516,1.319077999483489,"Brakes,Electrical,Tires",226824,TECH-185,True
MNT-107629,VH-5547,2024-01-01,Corrective,1573.3060900488297,4.940300062445314,Oil Change,12263,TECH-152,False
MNT-107630,VH-7741,2024-02-08,Preventive,350.5149317880755,5.289729404138651,"Brakes,Tires,Suspension",374095,TECH-154,False
MNT-107631,VH-8316,2023-06-12,Preventive,529.1764781032514,9.717713636685884,Electrical,170962,TECH-107,True
MNT-107632,VH-2506,2023-05-03,Preventive,278.73515303552915,2.5020426793722685,"Transmission,Suspension",49550,TECH-166,False
MNT-107633,VH-9432,2023-06-26,Preventive,432.52256568206207,1.0,"HVAC,Engine,Oil Change",334372,TECH-107,True
MNT-107634,VH-2690,2023-05-13,Emergency,1980.1862821664095,19.709072615306425,"Oil Change,Engine,Electrical",60438,TECH-129,False
MNT-107635,VH-3540,2023-01-23,Corrective,1467.5322629356658,16.79520428374957,"Tires,Oil Change,HVAC",221639,TECH-116,True
MNT-107636,VH-8441,2023-05-14,Preventive,640.4344077759199,4.906607047470545,"Electrical,Oil Change",452556,TECH-102,False
MNT-107637,VH-2549,2024-02-03,Preventive,299.1681058293673,1.0,"HVAC,Brakes",85038,TECH-107,False
MNT-107638,VH-2391,2023-08-01,Preventive,337.9150413839276,1.005922218409142,Oil Change,424251,TECH-154,False
MNT-107639,VH-6963,2023-10-29,Scheduled,397.3268370575056,2.2300593634009416,Engine,449812,TECH-189,True
MNT-107640,VH-8468,2024-04-24,Preventive,394.33800197739833,2.2517706658618937,Brakes,477155,TECH-124,True
MNT-107641,VH-2587,2023-09-03,Preventive,688.5872140801557,6.761078209939402,"Brakes,Suspension",152600,TECH-165,True
MNT-107642,VH-2506,2024-12-27,Preventive,378.46183184397603,2.197838160117832,"Tires,Transmission,Brakes",62946,TECH-103,True
MNT-107643,VH-8468,2023-03-03,Scheduled,166.16659158270983,1.0,Brakes,252285,TECH-156,False
MNT-107644,VH-9432,2024-02-17,Preventive,633.103813095918,5.897301359035493,"Electrical,Brakes,Oil Change",47753,TECH-183,False
MNT-107645,VH-7807,2024-11-25,Preventive,569.1937281017896,1.0,"Suspension,Engine,Transmission",52967,TECH-117,False
MNT-107646,VH-2357,2024-08-29,Corrective,2075.267041682956,3.9661387563481822,"Brakes,Oil Change",253989,TECH-196,True
MNT-107647,VH-7686,2024-11-28,Preventive,491.15741937222845,16.679951011783416,Oil Change,175061,TECH-150,False
MNT-107648,VH-1885,2023-03-23,Preventive,675.4575786635563,4.172202184971003,"Oil Change,Transmission,Electrical",222268,TECH-183,False
MNT-107649,VH-1588,2023-12-30,Emergency,2628.7093513736127,6.0222373311130095,"Transmission,Oil Change",402551,TECH-111,False
MNT-107650,VH-6636,2024-06-22,Scheduled,282.1544505459736,1.5610327779208741,"Tires,Electrical,Brakes",53194,TECH-168,False
MNT-107651,VH-1420,2024-07-07,Corrective,1998.945263475784,41.69354355374173,HVAC,292297,TECH-106,False
MNT-107652,VH-3348,2024-10-22,Preventive,562.4685264550852,5.252368955234212,"Electrical,Suspension",214353,TECH-159,False
MNT-107653,VH-9723,2023-08-10,Corrective,637.0035025912234,15.75838441707955,"Tires,Oil Change,Suspension",342701,TECH-100,True
MNT-107654,VH-7918,2024-08-27,Preventive,677.4367855494378,3.1620494288386403,Oil Change,12368,TECH-125,False
MNT-107655,VH-8468,2024-08-31,Corrective,1481.8827674213942,25.455650690656114,"Suspension,Oil Change,Tires",117264,TECH-196,False
MNT-107656,VH-3214,2024-12-09,Emergency,1819.5707388654384,1.8568936050383884,"Oil Change,Electrical,Transmission",396845,TECH-132,False
MNT-107657,VH-3814,2023-06-20,Preventive,545.0148588361001,1.0,"Oil Change,HVAC,Engine",302781,TECH-152,False
MNT-107658,VH-8790,2023-09-11,Preventive,752.953901196371,1.0,"Tires,HVAC,Suspension",329498,TECH-123,False
MNT-107659,VH-8857,2023-10-07,Corrective,1112.40709981888,3.4648428165292557,HVAC,117014,TECH-167,False
MNT-107660,VH-8097,2023-05-22,Preventive,287.6570388790019,2.5507001114935366,Transmission,326872,TECH-178,False
MNT-107661,VH-9824,2023-03-14,Corrective,758.929346141213,9.091963385360385,Tires,417040,TECH-133,True
MNT-107662,VH-3179,2024-10-16,Preventive,539.5425337685881,1.0,"Brakes,Tires,Oil Change",59807,TECH-138,False
MNT-107663,VH-3132,2023-03-05,Preventive,485.4468139886721,3.7272942889581078,"Engine,Tires",498995,TECH-111,False
MNT-107664,VH-2290,2023-08-15,Preventive,471.6135949636474,1.0,"Engine,Transmission",450254,TECH-161,True
MNT-107665,VH-8653,2023-04-29,Corrective,885.9210632277004,16.175535974119125,Tires,142690,TECH-127,False
MNT-107666,VH-4688,2023-08-24,Corrective,1759.2139269200218,1.0,Electrical,145852,TECH-147,False
MNT-107667,VH-2381,2024-11-25,Preventive,154.8201287278979,3.667614189456996,"Tires,Brakes",396273,TECH-191,False
MNT-107668,VH-9008,2023-01-25,Corrective,996.0533442722477,18.265286652992245,"Brakes,HVAC,Oil Change",368880,TECH-146,False
MNT-107669,VH-6718,2023-09-24,Corrective,1665.2265876397691,105.1083425246382,HVAC,336063,TECH-128,True
MNT-107670,VH-1169,2024-01-24,Preventive,703.0778362460105,1.0,"HVAC,Transmission",227155,TECH-192,False
MNT-107671,VH-2393,2024-12-25,Scheduled,399.0858101303478,1.0,"Oil Change,Suspension,Brakes",105761,TECH-153,False
MNT-107672,VH-4106,2023-07-08,Corrective,865.3222557652145,11.236805309651078,Transmission,356585,TECH-163,False
MNT-107673,VH-1620,2024-01-23,Preventive,626.0497461888691,1.0,"Engine,Oil Change",51802,TECH-193,True
MNT-107674,VH-1823,2024-07-21,Preventive,454.3540047705518,1.0,"Oil Change,Engine,Transmission",163619,TECH-173,True
MNT-107675,VH-4042,2024-05-31,Preventive,422.288469351691,1.0538337216700042,"Engine,Tires",344921,TECH-157,True
MNT-107676,VH-1008,2023-12-26,Scheduled,396.16010838963683,1.012223039120459,"Brakes,Electrical",102938,TECH-184,False
MNT-107677,VH-8547,2023-01-22,Corrective,1008.2828696462195,8.65143760967596,Electrical,47524,TECH-127,False
MNT-107678,VH-3919,2023-12-14,Preventive,632.9966751386461,1.399772566568176,"Engine,Electrical,Transmission",18196,TECH-178,True
MNT-107679,VH-7807,2024-10-15,Corrective,1457.6259472017073,15.048893304143892,"Electrical,Tires,HVAC",119205,TECH-138,True
MNT-107680,VH-7311,2024-11-21,Corrective,648.3108703158346,35.3103613468735,Electrical,316627,TECH-151,True
MNT-107681,VH-8653,2023-06-08,Preventive,349.3783868075235,2.919060282448103,"Oil Change,Engine",279327,TECH-171,False
MNT-107682,VH-3540,2024-07-07,Corrective,1123.6977873688577,10.891996155140305,"Electrical,Oil Change,Engine",146524,TECH-199,True
MNT-107683,VH-2372,2023-08-26,Preventive,646.9716238974428,2.2139046772146336,Electrical,88431,TECH-187,True
MNT-107684,VH-5672,2024-06-07,Preventive,341.58071244749635,6.0290050519720415,Electrical,161061,TECH-137,False
MNT-107685,VH-2549,2023-02-12,Preventive,600.8004537017158,4.887658425200238,"Engine,Electrical",302004,TECH-160,False
MNT-107686,VH-8639,2023-05-17,Preventive,593.2740093022363,1.0,"Engine,Transmission,Oil Change",374829,TECH-125,False
MNT-107687,VH-3919,2023-09-13,Preventive,501.1250600133295,1.0,"Brakes,Engine",390750,TECH-191,False
MNT-107688,VH-6443,2023-05-08,Corrective,935.0781205487068,19.082119275213977,"Tires,Engine",259397,TECH-194,True
MNT-107689,VH-2464,2023-10-19,Emergency,2500.73540753957,12.016690368256121,"Engine,HVAC",300778,TECH-110,True
MNT-107690,VH-5868,2023-01-08,Emergency,1707.4468069967274,3.7735009054961646,Engine,337704,TECH-157,False
MNT-107691,VH-1588,2024-01-27,Preventive,336.46772308634536,3.317720040312099,Oil Change,265450,TECH-158,True
MNT-107692,VH-7863,2023-09-14,Corrective,1796.6396664643062,1.4821270164074474,"Transmission,Electrical",224339,TECH-103,True
MNT-107693,VH-5226,2024-04-29,Corrective,50.0,13.99267811086877,"Suspension,Brakes",207781,TECH-149,True
MNT-107694,VH-9710,2023-06-17,Corrective,567.8029884854061,14.083807442730023,Oil Change,366855,TECH-116,False
MNT-107695,VH-2147,2023-09-13,Preventive,418.28837089905056,1.0,"HVAC,Electrical,Brakes",168947,TECH-167,True
MNT-107696,VH-9152,2024-11-03,Corrective,822.7200250544317,18.247577891234798,Suspension,460150,TECH-175,False
MNT-107697,VH-8547,2024-10-30,Scheduled,317.9234998848491,1.0,"Oil Change,Engine",232822,TECH-136,False
MNT-107698,VH-5868,2023-12-03,Preventive,526.5187739684721,2.2867204871217712,Oil Change,420039,TECH-180,False
MNT-107699,VH-9682,2023-11-22,Preventive,363.48272813790544,1.0,"Transmission,Suspension",251237,TECH-134,True
MNT-107700,VH-6019,2023-11-18,Corrective,1356.7511202300334,19.94396569249936,Transmission,82854,TECH-124,False
MNT-107701,VH-7832,2023-01-12,Preventive,406.23618590310093,1.0,Engine,286251,TECH-113,False
MNT-107702,VH-6071,2023-02-25,Preventive,234.72146781969485,8.71318943381705,"Transmission,Tires,Engine",466320,TECH-119,False
MNT-107703,VH-2559,2024-11-01,Corrective,1895.6998080133858,4.479439213255013,"Transmission,HVAC,Suspension",493743,TECH-109,True
MNT-107704,VH-5912,2024-10-19,Corrective,1692.6586126964276,29.619983598109542,"Brakes,HVAC,Suspension",371540,TECH-125,False
MNT-107705,VH-7929,2023-07-05,Preventive,716.0034450313709,6.3249093579654305,Oil Change,179346,TECH-138,True
MNT-107706,VH-3348,2023-05-01,Corrective,1819.9312338179006,1.1418451019261155,"Engine,Oil Change",11158,TECH-199,False
MNT-107707,VH-8097,2024-06-29,Preventive,859.1072033926107,2.369322798498765,"Brakes,Tires",433403,TECH-172,True
MNT-107708,VH-2290,2024-04-25,Preventive,567.655056167097,1.0,"Transmission,Electrical,Engine",306502,TECH-160,False
MNT-107709,VH-9887,2023-10-29,Scheduled,366.49615980934743,1.0,"Oil Change,Brakes",321467,TECH-196,False
MNT-107710,VH-8103,2023-02-15,Preventive,381.99969586291957,4.295891747013048,Tires,24183,TECH-118,False
MNT-107711,VH-5868,2024-03-06,Preventive,466.657397429144,1.08694996697916,"Electrical,Suspension",246391,TECH-178,False
MNT-107712,VH-3540,2023-08-08,Preventive,591.0864433835812,3.1134804989796048,"Brakes,Electrical,Tires",325746,TECH-112,False
MNT-107713,VH-5912,2024-06-07,Preventive,381.9462432801272,3.5836957571334427,"HVAC,Transmission,Oil Change",365445,TECH-158,False
MNT-107714,VH-8857,2023-06-23,Preventive,501.19536341617413,1.315903392415381,"Tires,HVAC",375317,TECH-125,False
MNT-107715,VH-1620,2024-03-11,Emergency,1081.8463270227405,14.154391450320343,Brakes,64649,TECH-173,False
MNT-107716,VH-7166,2024-06-30,Preventive,495.8625954033467,3.163528492881464,"Brakes,Tires,Suspension",341378,TECH-192,False
MNT-107717,VH-2625,2023-07-06,Preventive,610.2881476808591,1.0,"Transmission,Electrical,Oil Change",389274,TECH-169,False
MNT-107718,VH-2147,2024-10-19,Preventive,209.43226159350382,4.319262493868522,Engine,322318,TECH-153,False
MNT-107719,VH-3348,2023-04-13,Corrective,1057.0912769549952,5.8056274661094225,"Electrical,Transmission,Engine",298442,TECH-190,False
MNT-107720,VH-9824,2023-11-01,Preventive,452.09223731530653,8.842598710973919,"HVAC,Electrical",235883,TECH-130,False
MNT-107721,VH-3490,2023-04-24,Corrective,1257.4821055182501,6.003959058693604,"HVAC,Suspension,Electrical",98767,TECH-196,True
MNT-107722,VH-2410,2023-07-24,Preventive,394.14383975408794,1.0,"Oil Change,Suspension,Brakes",353716,TECH-106,False
MNT-107723,VH-9801,2024-06-21,Preventive,532.7722862576297,3.8198843835487595,"Suspension,Engine,HVAC",494616,TECH-134,False
MNT-107724,VH-1835,2023-12-01,Corrective,1969.583945210154,34.15166911255849,"Suspension,HVAC,Tires",204063,TECH-103,True
MNT-107725,VH-9682,2024-01-21,Scheduled,346.7657130503972,1.0,Engine,54562,TECH-199,False
MNT-107726,VH-7688,2024-07-24,Scheduled,280.2682512196547,1.0,HVAC,176659,TECH-127,True
MNT-107727,VH-8532,2023-03-15,Scheduled,100.87453540681133,1.5723611592707412,"Electrical,HVAC",253748,TECH-176,False
MNT-107728,VH-8639,2024-04-29,Preventive,191.65613581034654,7.644562170916701,"Engine,Suspension,Electrical",274869,TECH-191,False
MNT-107729,VH-7832,2023-11-03,Emergency,2572.0099465786834,2.9310628819343267,"Tires,Electrical",292349,TECH-197,True
MNT-107730,VH-1716,2024-11-21,Scheduled,249.5201894375995,1.9416418698835214,Suspension,116501,TECH-178,False
MNT-107731,VH-9801,2023-03-09,Preventive,529.7146027126452,1.0,"Brakes,Electrical,Transmission",413900,TECH-194,False
MNT-107732,VH-7686,2023-03-18,Scheduled,288.7765742902739,1.0,"HVAC,Electrical",18197,TECH-177,True
MNT-107733,VH-8653,2024-01-13,Corrective,1030.2263715914653,5.60550468337185,Transmission,411171,TECH-179,True
MNT-107734,VH-4688,2024-10-14,Scheduled,293.93617851477666,1.0,"Oil Change,Engine,Suspension",253080,TECH-102,False
MNT-107735,VH-7741,2023-03-18,Corrective,875.2534328649463,11.765442099660516,"Suspension,Tires",372222,TECH-193,False
MNT-107736,VH-5450,2024-02-02,Preventive,647.623346770464,3.689569641333072,"Electrical,Brakes",192702,TECH-197,True
MNT-107737,VH-4940,2023-08-25,Preventive,574.1232875945225,2.780631660921374,Transmission,195109,TECH-189,False
MNT-107738,VH-6718,2023-08-01,Corrective,1165.6201243533699,12.250277239146534,"HVAC,Tires,Brakes",239097,TECH-114,False
MNT-107739,VH-9008,2024-06-02,Preventive,561.8805160195369,1.0,"Tires,Transmission,HVAC",282071,TECH-114,False
MNT-107740,VH-4743,2023-10-27,Preventive,491.71251770417894,4.606182281678355,"Oil Change,Electrical",436365,TECH-159,False
MNT-107741,VH-6323,2023-10-04,Corrective,1785.7321089762977,33.516771716061186,"Oil Change,Brakes",274414,TECH-194,False
MNT-107742,VH-5714,2023-08-26,Preventive,285.37858408372585,4.737033541848857,"Tires,Engine,Electrical",494602,TECH-188,False
MNT-107743,VH-1215,2024-04-29,Preventive,396.1349985037157,1.0,"Transmission,Electrical",280320,TECH-136,False
MNT-107744,VH-1468,2024-11-02,Corrective,940.2230609765552,16.134256948677116,Transmission,277291,TECH-161,True
MNT-107745,VH-5282,2023-05-15,Corrective,1000.7434964204558,8.747357748976722,"HVAC,Brakes",304131,TECH-102,True
MNT-107746,VH-8840,2024-08-14,Preventive,653.0571600242301,4.999264406079827,"Oil Change,Electrical,Brakes",244953,TECH-171,True
MNT-107747,VH-5868,2023-08-26,Corrective,698.4388437699874,20.945901750325262,Brakes,494087,TECH-187,False
MNT-107748,VH-8547,2023-09-13,Corrective,1384.2239453630834,4.237576217399534,Engine,317332,TECH-145,True
MNT-107749,VH-8445,2023-11-03,Preventive,610.9092110449486,9.566171352376122,"Engine,Oil Change,Suspension",393669,TECH-103,False
MNT-107750,VH-7686,2023-04-15,Corrective,1479.3722238425296,1.0,"Oil Change,Engine,Electrical",73792,TECH-119,True
MNT-107751,VH-9516,2023-02-17,Preventive,252.39378512817083,5.621945043977554,"Electrical,Transmission",469184,TECH-185,False
MNT-107752,VH-3473,2023-11-03,Corrective,1449.8951375270267,9.585136289382847,"Engine,Electrical",218597,TECH-135,False
MNT-107753,VH-8425,2024-04-04,Preventive,802.2155330895448,4.402619133443632,"Engine,HVAC",443031,TECH-193,False
MNT-107754,VH-6718,2023-04-16,Emergency,3155.501991918021,12.908167140543927,"Brakes,HVAC",60567,TECH-118,False
MNT-107755,VH-7918,2023-07-13,Corrective,1545.5718324309537,1.0,Brakes,90565,TECH-168,False
MNT-107756,VH-9772,2023-12-17,Scheduled,394.99344671057736,3.4961618481364676,"Oil Change,Engine,Transmission",497867,TECH-105,True
MNT-107757,VH-4001,2024-12-02,Scheduled,449.1244602616788,3.412751057665334,Suspension,182163,TECH-193,False
MNT-107758,VH-5226,2024-08-06,Corrective,1109.480054483985,6.505311338705214,"Oil Change,Brakes",33997,TECH-181,False
MNT-107759,VH-7171,2024-02-01,Preventive,679.9178127547351,3.6988156722552783,Engine,235719,TECH-118,False
MNT-107760,VH-6709,2024-02-09,Emergency,1425.2626082729255,1.0,Oil Change,137334,TECH-139,False
MNT-107761,VH-6718,2024-08-11,Preventive,588.4575694730778,2.529684361145934,"Engine,HVAC",242370,TECH-151,False
MNT-107762,VH-6473,2024-11-06,Preventive,426.26133138374433,9.243778531311104,"Brakes,Transmission",344423,TECH-100,False
MNT-107763,VH-5868,2023-07-12,Corrective,450.33208648536083,3.744024977239772,"Transmission,Engine",59746,TECH-120,False
MNT-107764,VH-1169,2024-12-11,Emergency,1998.520118190199,28.64389156510653,"Suspension,Engine",473560,TECH-118,False
MNT-107765,VH-5028,2023-08-07,Preventive,287.4016937952871,2.866310663335356,Tires,370234,TECH-117,False
MNT-107766,VH-6463,2023-03-25,Emergency,2016.0313951218266,142.97209166777114,"HVAC,Oil Change,Suspension",419843,TECH-100,False
MNT-107767,VH-8445,2023-05-07,Corrective,1870.6723682484924,1.0,HVAC,93225,TECH-125,True
MNT-107768,VH-4940,2024-07-29,Preventive,447.7467337772521,5.307003813610911,"Oil Change,Engine,Suspension",250662,TECH-149,False
MNT-107769,VH-9821,2024-01-30,Corrective,1509.9916840858446,9.65253674805735,HVAC,33277,TECH-127,False
MNT-107770,VH-5868,2024-10-20,Scheduled,311.9378440626636,1.0,Engine,457167,TECH-118,False
MNT-107771,VH-2393,2023-04-11,Preventive,539.2435219502182,3.0845596822879333,Brakes,344982,TECH-107,True
MNT-107772,VH-6718,2023-12-25,Corrective,405.26648653106474,14.871364636485602,"Oil Change,HVAC",490525,TECH-184,False
MNT-107773,VH-7311,2024-07-12,Corrective,1718.1489305993168,33.35182829043451,"Oil Change,Transmission",83985,TECH-141,False
MNT-107774,VH-3092,2023-06-03,Corrective,1206.4862336470449,4.197615590763696,"Brakes,HVAC,Tires",177799,TECH-122,True
MNT-107775,VH-3132,2023-04-30,Scheduled,438.44567721345607,1.128245778784899,"Suspension,Oil Change",181852,TECH-120,False
MNT-107776,VH-3776,2024-08-05,Preventive,789.393067049152,1.0,"Brakes,Engine,Electrical",285122,TECH-119,False
MNT-107777,VH-6775,2023-03-23,Preventive,632.187070352681,1.575890059907247,Brakes,162890,TECH-179,False
MNT-107778,VH-3473,2023-09-30,Corrective,594.9656708080655,10.584029325933813,"HVAC,Brakes",414598,TECH-134,False
MNT-107779,VH-4743,2023-12-29,Corrective,1310.8132485553308,18.592649601294468,"Transmission,Brakes,HVAC",279910,TECH-119,False
MNT-107780,VH-6323,2024-09-01,Corrective,808.6182802734698,1.5160649080624924,"Oil Change,Suspension",73388,TECH-142,True
MNT-107781,VH-6323,2023-12-06,Preventive,685.5904040853752,1.0,"Transmission,Tires",468375,TECH-170,False
MNT-107782,VH-5912,2024-11-21,Emergency,2896.35858618403,77.12823079183431,"Tires,Suspension,Transmission",354582,TECH-165,False
MNT-107783,VH-9393,2024-08-01,Preventive,443.3013567456198,1.0,Suspension,163841,TECH-168,False
MNT-107784,VH-2361,2024-05-16,Preventive,525.9592400650307,2.802951090635675,"Transmission,Brakes",295564,TECH-156,False
MNT-107785,VH-9710,2023-01-24,Preventive,673.3762053347887,5.08437692773406,Tires,59001,TECH-176,False
MNT-107786,VH-7688,2024-04-30,Preventive,595.367001320277,1.426363665492574,Brakes,441116,TECH-135,False
MNT-107787,VH-7311,2024-07-25,Scheduled,373.1088115692324,1.0,Suspension,436816,TECH-119,False
MNT-107788,VH-7807,2023-06-21,Preventive,503.0514194809201,1.295534189381108,Tires,104702,TECH-163,False
MNT-107789,VH-4688,2024-07-25,Preventive,507.0961045980446,9.823690129628675,"Electrical,HVAC",432652,TECH-123,False
MNT-107790,VH-7918,2024-03-22,Corrective,1167.3155151864078,3.469317873679879,"HVAC,Oil Change",320815,TECH-122,True
MNT-107791,VH-5226,2024-06-30,Preventive,491.11328794069993,1.7208729217319771,"Brakes,Suspension",205425,TECH-174,True
MNT-107792,VH-4740,2023-12-02,Preventive,341.40721764949166,1.5550908775124033,"Oil Change,Transmission,Suspension",28983,TECH-115,False
MNT-107793,VH-9887,2024-09-21,Corrective,1168.182459994037,16.291214926776924,"Suspension,Engine,Brakes",441013,TECH-101,True
MNT-107794,VH-9862,2023-12-18,Corrective,1200.1477182428046,1.0,"Brakes,Electrical,Oil Change",186920,TECH-118,True
MNT-107795,VH-8790,2024-06-05,Corrective,1821.9435641519167,12.430936517062388,"HVAC,Transmission,Engine",220491,TECH-126,False
MNT-107796,VH-9772,2023-09-03,Preventive,476.4850902161552,3.143187229427736,"Engine,Tires,HVAC",476327,TECH-163,False
MNT-107797,VH-9824,2023-09-04,Corrective,652.5416162395794,11.940046806221307,Electrical,410935,TECH-167,False
MNT-107798,VH-2506,2023-04-21,Scheduled,202.98579303197414,1.0,HVAC,70262,TECH-163,False
MNT-107799,VH-8296,2023-04-05,Preventive,601.792678949214,1.9512598095918245,"Oil Change,HVAC",90011,TECH-129,True
MNT-107800,VH-2690,2023-01-28,Corrective,918.6343609834711,31.820775176205846,"Oil Change,HVAC",460238,TECH-107,False
MNT-107801,VH-2464,2024-05-24,Corrective,1008.7242378508839,3.049457454219919,Suspension,133431,TECH-190,True
MNT-107802,VH-4503,2023-12-27,Emergency,2170.113852421109,23.127846438793735,"Tires,Engine",430187,TECH-195,False
MNT-107803,VH-7693,2023-09-24,Preventive,589.8933310417883,1.0,Brakes,66575,TECH-162,False
MNT-107804,VH-6463,2024-08-20,Preventive,384.32073051861494,1.1700685761729877,"Oil Change,Electrical",224175,TECH-190,False
MNT-107805,VH-1835,2024-06-13,Preventive,367.3952586224394,1.9550125138931298,"Brakes,Electrical",401478,TECH-191,True
MNT-107806,VH-3214,2024-04-01,Preventive,443.18701588383817,1.8820161254164958,Oil Change,142374,TECH-110,False
MNT-107807,VH-3547,2024-08-01,Preventive,631.0418417030161,1.0,"Oil Change,Tires,Transmission",298662,TECH-132,False
MNT-107808,VH-2361,2023-02-23,Preventive,506.45623333077975,4.11906853902589,Oil Change,46497,TECH-113,False
MNT-107809,VH-2381,2023-09-10,Scheduled,255.76779259526933,1.0435176260123544,"Brakes,Tires,HVAC",147335,TECH-166,False
MNT-107810,VH-3776,2024-03-05,Preventive,578.3378677318548,1.0,HVAC,46314,TECH-195,True
MNT-107811,VH-8445,2024-02-28,Corrective,1072.3932300195563,17.39615054454917,"Oil Change,HVAC,Engine",371837,TECH-151,False
MNT-107812,VH-8653,2023-06-21,Scheduled,366.4688991962055,1.0268425446722067,Oil Change,200702,TECH-153,False
MNT-107813,VH-3317,2023-10-12,Preventive,251.50295838852045,2.6218175342990917,"Suspension,Transmission",371219,TECH-178,False
MNT-107814,VH-6775,2024-01-22,Preventive,414.5052853398836,1.0,"HVAC,Suspension,Tires",224800,TECH-144,False
MNT-107815,VH-6908,2023-12-01,Corrective,1673.2878831288137,9.884749337354368,Electrical,69588,TECH-151,False
MNT-107816,VH-8176,2024-11-30,Preventive,490.28126399433035,6.083847625640878,"Suspension,Brakes",164098,TECH-138,True
MNT-107817,VH-8296,2024-06-05,Preventive,663.1684837525672,2.682831995066716,"Engine,Transmission",302482,TECH-105,False
MNT-107818,VH-9737,2024-07-09,Preventive,502.47018209014465,2.980264858343693,"HVAC,Electrical,Engine",324928,TECH-135,False
MNT-107819,VH-8468,2024-01-23,Emergency,1651.7987953259696,25.442543310145908,"Oil Change,Suspension",31010,TECH-183,False
MNT-107820,VH-7171,2023-03-02,Preventive,488.0010632420597,9.959910758569542,"Suspension,Tires,Oil Change",461354,TECH-140,True
MNT-107821,VH-5386,2023-03-07,Preventive,50.0,3.2520659908933527,Brakes,125960,TECH-142,True
MNT-107822,VH-8918,2024-01-31,Scheduled,332.991088497836,2.060584700655526,Tires,401701,TECH-130,False
MNT-107823,VH-3490,2023-02-28,Preventive,394.14066983202207,7.661621122525583,"Engine,Tires",58363,TECH-155,True
MNT-107824,VH-8857,2023-08-27,Corrective,778.4151685104796,8.123724155359284,"Electrical,Transmission,Tires",341824,TECH-194,False
MNT-107825,VH-7686,2023-01-13,Preventive,585.0023426729202,2.0829123628691866,Engine,220438,TECH-108,False
MNT-107826,VH-5203,2024-07-03,Preventive,351.59963827606003,1.0,"Oil Change,Engine",274665,TECH-174,False
MNT-107827,VH-9862,2024-09-09,Corrective,936.2945376944429,4.66291428250302,"Brakes,Tires",87474,TECH-134,False
MNT-107828,VH-2489,2024-04-30,Preventive,746.742803828248,5.781726890995422,"Transmission,Engine",37313,TECH-149,False
MNT-107829,VH-9394,2024-08-07,Preventive,167.32670807321512,4.04061150084657,"Brakes,Engine",292617,TECH-147,True
MNT-107830,VH-6636,2023-09-08,Emergency,1802.058144254831,33.98344381502131,"Brakes,HVAC,Tires",90737,TECH-146,False
MNT-107831,VH-9682,2024-06-11,Emergency,3220.8157362727857,40.68081821893351,Oil Change,104416,TECH-159,True
MNT-107832,VH-7918,2024-08-24,Corrective,812.1795870884318,5.43052392309304,HVAC,325717,TECH-146,False
MNT-107833,VH-1885,2023-02-24,Corrective,861.4693503861312,4.522935044674922,"Tires,Suspension,Oil Change",250859,TECH-128,False
MNT-107834,VH-4740,2023-07-21,Preventive,586.3398788318216,9.65121804862679,"Electrical,Tires,Oil Change",306573,TECH-106,False
MNT-107835,VH-5262,2024-05-19,Preventive,812.0579975288308,4.390446783101019,"HVAC,Brakes,Electrical",45537,TECH-128,True
MNT-107836,VH-9394,2024-07-01,Preventive,530.1930723620088,4.791868569000281,"Tires,HVAC",35045,TECH-148,False
MNT-107837,VH-5262,2024-03-07,Preventive,552.4857228180127,4.202191959152356,"Engine,Transmission,Suspension",19944,TECH-126,True
MNT-107838,VH-8296,2023-06-06,Corrective,1243.1459141006683,3.4924735025411247,Brakes,256809,TECH-164,False
MNT-107839,VH-5282,2023-04-06,Corrective,1331.3690518613923,26.77220070460256,"Electrical,Transmission",147023,TECH-115,False
MNT-107840,VH-1712,2023-02-18,Corrective,1102.5640730677892,12.781770329728282,"Oil Change,Electrical,HVAC",475226,TECH-151,False
MNT-107841,VH-7832,2023-09-03,Preventive,891.3075573813228,10.123392747919128,"Transmission,HVAC",58436,TECH-185,False
MNT-107842,VH-9710,2024-12-22,Corrective,1221.3407522164873,10.061605874836339,"Transmission,Engine,Tires",255366,TECH-152,False
MNT-107843,VH-6037,2023-08-12,Preventive,724.8397446802526,1.0,HVAC,238885,TECH-145,False
MNT-107844,VH-9737,2024-11-29,Preventive,999.49104247364,1.0,"Electrical,Oil Change,HVAC",360758,TECH-155,True
MNT-107845,VH-9824,2024-02-10,Corrective,1969.7696168276384,9.789172940226702,Tires,454197,TECH-136,True
MNT-107846,VH-2381,2024-11-12,Preventive,653.5160594125807,6.307364504978049,Transmission,324559,TECH-162,False
MNT-107847,VH-9862,2023-11-08,Scheduled,344.3985148748239,1.0,"Oil Change,Suspension,Brakes",454544,TECH-143,False
MNT-107848,VH-3919,2023-10-30,Emergency,2072.0630830318905,11.481840121928483,"Oil Change,Transmission",491547,TECH-192,False
MNT-107849,VH-8376,2023-11-27,Preventive,465.5625541248713,2.921625385586417,HVAC,66643,TECH-105,True
MNT-107850,VH-8176,2024-11-14,Emergency,2136.4903958809173,31.779290007418187,"Engine,Suspension",441257,TECH-180,False
MNT-107851,VH-6323,2023-03-10,Corrective,1334.9134518453227,27.93199889101632,Engine,344045,TECH-123,False
MNT-107852,VH-8866,2023-10-13,Emergency,2145.8262092749164,15.901430065454104,"Engine,Suspension,HVAC",258438,TECH-127,False
MNT-107853,VH-3317,2024-04-06,Preventive,643.6092867409478,4.642635247160235,"Electrical,Oil Change",451786,TECH-173,True
MNT-107854,VH-1215,2023-11-06,Corrective,1146.5048711377135,7.304673251869918,Oil Change,164935,TECH-137,True
MNT-107855,VH-1391,2024-12-16,Preventive,775.0799984882449,1.0,Brakes,357861,TECH-194,True
MNT-107856,VH-7693,2024-04-08,Preventive,771.591387474607,1.0030036210224602,"Transmission,Tires",424094,TECH-131,False
MNT-107857,VH-8959,2023-02-05,Corrective,1296.3987095772763,17.115988969984574,"Electrical,Oil Change,Tires",374388,TECH-115,False
MNT-107858,VH-9432,2024-03-19,Corrective,970.6122324155461,2.4940680033584197,"Tires,Brakes,Engine",38178,TECH-107,False
MNT-107859,VH-3927,2023-02-11,Preventive,620.4185565394156,14.763160437861902,"Oil Change,Transmission,HVAC",274510,TECH-162,False
MNT-107860,VH-8468,2024-05-26,Preventive,681.1748328291079,10.467722072435327,"HVAC,Tires",164812,TECH-198,False
MNT-107861,VH-2559,2023-03-16,Corrective,1059.1290018106984,18.833892151623907,Transmission,259380,TECH-165,False
MNT-107862,VH-7863,2023-01-03,Corrective,1576.2833149445858,3.2518990967111607,HVAC,414414,TECH-145,False
MNT-107863,VH-8790,2024-01-11,Preventive,672.0980457056338,6.457091748083756,"Tires,Electrical",73660,TECH-174,False
MNT-107864,VH-1131,2024-04-11,Preventive,733.9047730915788,3.2853003916227004,Electrical,89524,TECH-186,True
MNT-107865,VH-1475,2024-10-23,Preventive,782.8241861009526,2.2235056752321456,"HVAC,Brakes,Transmission",21101,TECH-151,True
MNT-107866,VH-5056,2023-01-06,Preventive,620.6880483539704,4.723763496414331,"Electrical,Tires,Suspension",33539,TECH-186,True
MNT-107867,VH-6605,2024-07-26,Preventive,504.8389963960903,1.0,"Suspension,Oil Change,Engine",208978,TECH-147,True
MNT-107868,VH-6071,2023-11-14,Preventive,669.7595478513704,8.314968867347076,"Suspension,Transmission",466073,TECH-127,False
MNT-107869,VH-1475,2024-05-14,Emergency,2367.0393586237165,37.33034390784904,"Suspension,Engine,Tires",380000,TECH-132,False
MNT-107870,VH-6775,2024-08-21,Preventive,418.04437226182506,1.0,"Suspension,Transmission,Engine",172280,TECH-104,False
MNT-107871,VH-7918,2023-04-24,Preventive,655.4996061879873,1.0,Electrical,50965,TECH-144,True
MNT-107872,VH-8593,2023-07-26,Corrective,416.75694720644583,15.864522162612484,"Transmission,Oil Change,HVAC",422074,TECH-143,False
MNT-107873,VH-9887,2024-12-17,Preventive,420.5680397770402,13.182627595293816,"Engine,Electrical",117245,TECH-126,True
MNT-107874,VH-7922,2023-04-13,Corrective,1696.089850514952,9.775217749181792,"Oil Change,Electrical",217228,TECH-145,False
MNT-107875,VH-2147,2024-10-26,Corrective,439.96322705014586,4.163681645221225,"Tires,Brakes",189937,TECH-180,False
MNT-107876,VH-7688,2023-03-07,Emergency,2092.746582706356,11.99961819951823,"HVAC,Oil Change,Tires",219612,TECH-161,True
MNT-107877,VH-9646,2023-12-08,Preventive,846.6375553164457,1.0,"Transmission,Engine",269502,TECH-117,False
MNT-107878,VH-3776,2024-12-12,Corrective,949.5483837782151,4.4558095209795265,Oil Change,302629,TECH-189,False
MNT-107879,VH-5991,2024-04-24,Corrective,1536.5871107786502,12.184620038940981,"Oil Change,Electrical,Transmission",146849,TECH-178,False
MNT-107880,VH-9035,2023-07-28,Preventive,424.16009134880244,1.0,Oil Change,428909,TECH-125,True
MNT-107881,VH-2690,2024-08-28,Preventive,501.66019401911933,1.0,"HVAC,Electrical",106799,TECH-142,False
MNT-107882,VH-1420,2024-09-28,Preventive,489.3922273003281,3.3214008960880075,HVAC,407111,TECH-144,False
MNT-107883,VH-2147,2023-03-03,Scheduled,409.3069268576862,1.8934715954821777,"Brakes,Tires,Engine",184663,TECH-177,True
MNT-107884,VH-1461,2023-08-08,Preventive,450.74878877909686,3.337517748681814,Brakes,140046,TECH-124,True
MNT-107885,VH-1999,2023-05-09,Preventive,828.1580166954652,4.862338673383448,"Tires,Transmission,Suspension",341950,TECH-149,False
MNT-107886,VH-5684,2023-10-01,Preventive,241.791890826493,2.793011333406875,"Transmission,Suspension",73662,TECH-164,False
MNT-107887,VH-1461,2023-03-08,Preventive,458.8662068823014,2.2394377336201736,"HVAC,Brakes",158188,TECH-106,False
MNT-107888,VH-7929,2023-05-20,Emergency,1424.902311510187,11.573812322152015,"Engine,Tires",452691,TECH-195,False
MNT-107889,VH-8959,2023-08-08,Preventive,583.5504221539062,1.0,"HVAC,Suspension",479008,TECH-131,False
MNT-107890,VH-2381,2024-08-20,Scheduled,346.34573880040625,1.5228380624833584,"Tires,Suspension,Brakes",442946,TECH-181,False
MNT-107891,VH-9035,2024-05-15,Corrective,1704.310841095289,27.569749749751978,"Tires,Suspension,Electrical",295565,TECH-185,False
MNT-107892,VH-7832,2024-08-15,Preventive,287.5497958016589,4.897957698845146,"Brakes,Oil Change",155008,TECH-182,False
MNT-107893,VH-3233,2024-12-24,Corrective,1256.407789387566,42.38306897191947,"HVAC,Tires",456054,TECH-101,True
MNT-107894,VH-4753,2024-10-19,Preventive,408.8534458932768,1.8963950574950574,Tires,414840,TECH-150,False
MNT-107895,VH-9516,2024-06-21,Preventive,679.0609562888931,3.479860159741978,"HVAC,Engine,Oil Change",280618,TECH-108,False
MNT-107896,VH-6963,2024-09-18,Emergency,1506.092562819246,1.4867188259698563,"Engine,Tires",218365,TECH-117,False
MNT-107897,VH-5844,2024-10-22,Corrective,1479.4290664803584,3.0470534489184438,Suspension,166036,TECH-164,False
MNT-107898,VH-5386,2024-05-19,Corrective,468.8394102798811,10.286618243440122,HVAC,17620,TECH-121,False
MNT-107899,VH-8468,2023-07-02,Preventive,185.05566082232457,1.0,Tires,249746,TECH-113,False
MNT-107900,VH-9029,2023-11-26,Preventive,424.51968514249535,3.0813633545670114,"Suspension,Engine",440495,TECH-151,False
MNT-107901,VH-8000,2023-08-21,Scheduled,425.4174166937969,1.0,"Engine,Suspension,Tires",306913,TECH-169,False
MNT-107902,VH-8445,2023-02-20,Corrective,1040.4254541814864,8.852578385991945,Tires,473867,TECH-170,False
MNT-107903,VH-1468,2023-02-07,Emergency,2323.921828426269,18.243312748095537,"Tires,Oil Change,Transmission",483859,TECH-104,True
MNT-107904,VH-1391,2024-11-29,Emergency,2815.432534391756,56.85440360188241,"Transmission,HVAC",489918,TECH-155,False
MNT-107905,VH-6443,2024-11-16,Scheduled,380.47761754236876,2.203164152119338,Transmission,464649,TECH-120,False
MNT-107906,VH-9029,2024-10-07,Emergency,3202.9091700581675,5.499131012747912,Transmission,415750,TECH-187,False
MNT-107907,VH-1072,2023-11-13,Scheduled,378.78936658892906,1.0,"Transmission,HVAC,Brakes",172359,TECH-142,False
MNT-107908,VH-8425,2024-03-31,Preventive,486.44742643787237,1.0,"Brakes,Engine,Electrical",48731,TECH-189,False
MNT-107909,VH-5203,2024-08-17,Preventive,593.3095929418173,1.4111172185230643,"Tires,HVAC,Electrical",112548,TECH-121,False
MNT-107910,VH-4740,2023-11-10,Preventive,483.7819636825296,7.326484181262967,Electrical,74335,TECH-111,False
MNT-107911,VH-2506,2024-01-21,Preventive,504.58619192241446,1.0,"Oil Change,Transmission",378855,TECH-134,False
MNT-107912,VH-2536,2023-06-07,Preventive,556.7170345021389,1.0,"Tires,Engine,Oil Change",109678,TECH-143,False
MNT-107913,VH-8441,2024-07-26,Corrective,1155.857018702886,20.677769763325422,"HVAC,Oil Change,Brakes",316101,TECH-150,False
MNT-107914,VH-6106,2023-08-04,Emergency,2172.8944038908767,22.752250697327113,"Transmission,Electrical,HVAC",200456,TECH-128,True
MNT-107915,VH-7359,2023-04-14,Corrective,815.3514498391955,1.0,"HVAC,Transmission",117323,TECH-152,False
MNT-107916,VH-2361,2024-02-10,Preventive,585.3366666444297,17.190984537782274,Transmission,85766,TECH-119,False
MNT-107917,VH-8664,2023-11-01,Preventive,619.179683081425,2.288668242202414,Engine,151097,TECH-129,True
MNT-107918,VH-6443,2023-03-26,Preventive,275.88984867633576,1.4506458558652988,"Tires,HVAC,Oil Change",279077,TECH-123,False
MNT-107919,VH-4042,2023-01-31,Corrective,380.1008109999716,2.389441097728226,Tires,335259,TECH-133,True
MNT-107920,VH-6106,2023-10-06,Preventive,443.6185969837466,2.4590250504653755,"Transmission,Engine,Electrical",478601,TECH-153,False
MNT-107921,VH-1008,2023-12-14,Preventive,510.5600173004727,1.0495121121733966,Suspension,141422,TECH-121,False
MNT-107922,VH-8547,2023-04-21,Preventive,458.58483338535757,3.861748731389641,"HVAC,Engine",37742,TECH-100,True
MNT-107923,VH-4001,2023-10-19,Preventive,425.5246300283187,2.015452209434635,"Electrical,Suspension",479991,TECH-104,False
MNT-107924,VH-7807,2024-06-29,Corrective,739.6039381919352,16.688077712928532,HVAC,189639,TECH-178,True
MNT-107925,VH-7166,2023-03-20,Scheduled,422.1971448625254,6.385298411585074,"Oil Change,HVAC,Engine",354374,TECH-189,False
MNT-107926,VH-9682,2023-04-16,Preventive,474.7548153073899,17.392750986907025,"Brakes,Suspension",31798,TECH-172,False
MNT-107927,VH-8923,2024-05-03,Preventive,798.0576971959431,14.220741242383587,"Oil Change,Tires",433695,TECH-165,False
MNT-107928,VH-9737,2023-03-06,Corrective,1045.9111113834658,2.0933230347730607,Tires,435464,TECH-127,True
MNT-107929,VH-9682,2024-01-08,Preventive,328.25335430630207,4.39658980203,"Tires,Engine",161043,TECH-163,False
MNT-107930,VH-7657,2024-09-08,Corrective,623.2119998374638,1.0,Transmission,195341,TECH-139,True
MNT-107931,VH-4984,2023-07-14,Preventive,627.2986252673634,3.714449283445584,Engine,167776,TECH-170,True
MNT-107932,VH-5028,2023-09-06,Emergency,2431.089245675785,9.18382447551704,"Tires,Brakes,HVAC",173234,TECH-102,False
MNT-107933,VH-3278,2023-06-25,Preventive,402.1180301222874,8.015755355859534,Transmission,79459,TECH-186,False
MNT-107934,VH-3927,2023-11-02,Preventive,815.7831990802115,3.2461708176385624,Tires,22167,TECH-179,False
MNT-107935,VH-2464,2023-07-13,Preventive,408.6032876921229,2.7404383122834046,"Engine,Electrical,HVAC",95219,TECH-198,True
MNT-107936,VH-1215,2024-08-31,Scheduled,534.0510021365076,1.0,"Oil Change,Engine,Brakes",67425,TECH-132,False
MNT-107937,VH-3450,2024-02-07,Emergency,2872.4036308234354,33.298381036636385,"Suspension,Electrical,Tires",460806,TECH-198,False
MNT-107938,VH-8790,2023-04-22,Emergency,2282.616969981632,14.32594953112867,Transmission,360482,TECH-117,False
MNT-107939,VH-2372,2023-12-05,Preventive,576.1797403669441,4.89671860612537,"Engine,Electrical,Brakes",238387,TECH-169,True
MNT-107940,VH-9737,2024-05-27,Corrective,1618.7880127809894,10.478523358841283,"Tires,Transmission",345905,TECH-197,False
MNT-107941,VH-4042,2023-08-06,Corrective,1239.3118756982594,32.918826861418374,"Electrical,Oil Change,Engine",185047,TECH-160,True
MNT-107942,VH-2489,2023-12-12,Emergency,3932.7536664275403,43.09909258218538,"Transmission,Electrical",16198,TECH-137,False
MNT-107943,VH-6605,2023-10-10,Corrective,1060.7457634785305,26.136300977034885,"Engine,HVAC",220585,TECH-174,False
MNT-107944,VH-3317,2024-04-28,Preventive,345.3458585510617,1.0,"Engine,Tires",241989,TECH-176,False
MNT-107945,VH-9948,2023-08-22,Preventive,532.7440922114249,7.287212574256644,Transmission,71882,TECH-188,True
MNT-107946,VH-7171,2023-12-27,Corrective,765.9302943350463,12.241705309236387,"HVAC,Tires,Transmission",391614,TECH-107,True
MNT-107947,VH-2559,2024-07-07,Scheduled,261.55223921358316,2.472225314541119,"Engine,Tires",235799,TECH-127,False
MNT-107948,VH-3618,2023-02-07,Scheduled,432.769894592863,1.328179992551593,"Engine,Tires,HVAC",198824,TECH-143,False
MNT-107949,VH-7657,2024-09-29,Preventive,588.7690818615996,1.482467308558316,"Transmission,Tires,Electrical",239741,TECH-179,False
MNT-107950,VH-5868,2023-09-04,Preventive,606.6622371631998,1.879370604204307,"Oil Change,Tires,Brakes",454945,TECH-184,True
MNT-107951,VH-1620,2023-02-20,Corrective,1684.081674478608,8.733264841487072,Oil Change,328128,TECH-188,False
MNT-107952,VH-5028,2023-10-07,Preventive,442.0030698814538,7.834566393124222,"Engine,HVAC,Electrical",123335,TECH-149,True
MNT-107953,VH-3039,2023-12-15,Preventive,386.0861958005352,1.0,"Tires,Engine,Electrical",108500,TECH-170,False
MNT-107954,VH-7166,2023-08-15,Corrective,1003.5507887563036,4.817942500688955,"Tires,Suspension,Brakes",356002,TECH-191,True
MNT-107955,VH-3450,2023-03-19,Preventive,483.49192814514726,1.0,"Oil Change,Brakes",12993,TECH-154,False
MNT-107956,VH-8866,2024-07-07,Corrective,725.030336736045,3.895961631555396,"Oil Change,Engine,HVAC",201569,TECH-165,False
MNT-107957,VH-8316,2023-10-20,Corrective,923.5202003111326,1.9275287268831098,HVAC,461757,TECH-100,False
MNT-107958,VH-3092,2023-08-11,Scheduled,402.28232117187474,1.0,"Brakes,Engine,Suspension",11521,TECH-137,False
MNT-107959,VH-3233,2023-09-13,Corrective,1344.2508364164821,6.981907880670016,"Brakes,Engine,Suspension",435973,TECH-149,True
MNT-107960,VH-6253,2024-11-19,Emergency,2274.882880473669,8.645941425922047,"HVAC,Brakes,Oil Change",103338,TECH-101,False
MNT-107961,VH-8593,2023-04-09,Corrective,1625.4906524376333,9.760627819683663,"Engine,HVAC,Tires",249017,TECH-179,False
MNT-107962,VH-8296,2024-09-11,Emergency,2470.2338096636972,21.739748556821127,Electrical,362137,TECH-127,True
MNT-107963,VH-4862,2024-10-07,Preventive,447.35115661568454,2.0777947589212538,"Electrical,Suspension,Brakes",129845,TECH-117,False
MNT-107964,VH-2381,2024-08-02,Corrective,1281.5358809091356,5.522498004956598,"Electrical,Engine",19035,TECH-134,False
MNT-107965,VH-4976,2023-08-15,Emergency,1877.92428970541,3.2080622879895193,"HVAC,Oil Change",55137,TECH-145,True
MNT-107966,VH-9105,2024-10-16,Preventive,628.3682886748529,5.211641125625312,"Engine,HVAC",79850,TECH-103,False
MNT-107967,VH-8857,2024-06-13,Preventive,543.8423033782577,3.979563892840004,Transmission,290830,TECH-111,False
MNT-107968,VH-9772,2024-05-23,Emergency,2462.257557049265,5.937362484975725,Engine,447078,TECH-191,False
MNT-107969,VH-8547,2023-06-25,Preventive,499.8498455247512,3.474149924223602,"Suspension,Transmission,Brakes",266949,TECH-185,False
MNT-107970,VH-1335,2023-05-31,Corrective,1527.4958228743737,2.5273752961572042,Tires,382767,TECH-109,True
MNT-107971,VH-2410,2023-03-24,Corrective,1379.0022478050837,13.19876836278387,Oil Change,341377,TECH-119,False
MNT-107972,VH-7311,2024-02-18,Emergency,1808.8824372797599,15.183101696175358,Suspension,473905,TECH-148,False
MNT-107973,VH-3919,2023-03-25,Emergency,1852.3022819844987,16.064257516033226,Brakes,142284,TECH-125,True
MNT-107974,VH-9948,2023-03-14,Preventive,551.04254468773,3.064261379815474,Transmission,293068,TECH-148,False
MNT-107975,VH-5991,2023-04-06,Preventive,430.48838446358593,4.146623632776258,HVAC,499454,TECH-133,True
MNT-107976,VH-3776,2023-04-26,Preventive,345.90958400870437,5.477554152397828,"Oil Change,Electrical,Engine",240255,TECH-199,False
MNT-107977,VH-7832,2024-06-21,Preventive,489.5986310267832,2.301448473159084,"Oil Change,Engine",421548,TECH-174,False
MNT-107978,VH-7693,2023-12-01,Emergency,2737.573866525579,31.82198967198208,"Transmission,HVAC",216119,TECH-176,False
MNT-107979,VH-2147,2023-10-16,Corrective,324.5840436661357,1.0,"Oil Change,Tires",391229,TECH-155,True
MNT-107980,VH-9029,2024-10-10,Preventive,388.30739342165566,1.4828253907409668,"Tires,Oil Change",276877,TECH-180,False
MNT-107981,VH-8532,2023-05-01,Emergency,1696.4088765151926,1.0,"Oil Change,Transmission,Electrical",110731,TECH-131,False
MNT-107982,VH-3605,2024-02-15,Preventive,142.5782452177409,1.3019479787944055,"Oil Change,Tires",288647,TECH-132,True
MNT-107983,VH-3540,2024-11-26,Preventive,494.57243428942394,1.0,Electrical,165734,TECH-180,False
MNT-107984,VH-4862,2024-02-08,Corrective,700.7945468587882,12.522067421650315,"Transmission,Brakes",265849,TECH-179,True
MNT-107985,VH-2410,2024-08-27,Preventive,614.6187306116674,2.9692038237219696,"Suspension,Oil Change",266348,TECH-120,False
MNT-107986,VH-9801,2023-01-31,Corrective,1905.9415797439965,1.044259518477809,Brakes,127569,TECH-180,False
MNT-107987,VH-1059,2023-07-30,Preventive,755.6549571141645,7.43736620635323,"Brakes,Engine,Suspension",430863,TECH-165,False
MNT-107988,VH-1131,2023-04-16,Preventive,512.342498380832,4.911812142840298,"Brakes,HVAC,Oil Change",137437,TECH-117,False
MNT-107989,VH-1092,2023-08-09,Corrective,665.9628549191981,26.054906967607316,"HVAC,Transmission",379843,TECH-176,False
MNT-107990,VH-6443,2023-02-28,Preventive,279.0772424280826,1.9207781316259243,"Oil Change,Electrical",305177,TECH-132,True
MNT-107991,VH-5991,2024-04-19,Corrective,968.0260141340475,8.454004428309567,"Oil Change,Brakes",447203,TECH-100,True
MNT-107992,VH-5226,2024-10-17,Preventive,383.2434851195899,2.574454133245183,"Oil Change,Electrical",433122,TECH-191,False
MNT-107993,VH-2506,2023-05-10,Preventive,313.6690736061254,1.0,"Engine,HVAC",321183,TECH-141,False
MNT-107994,VH-8296,2023-07-21,Preventive,405.4480114031804,3.655911815814661,Electrical,451119,TECH-111,False
MNT-107995,VH-1588,2024-11-23,Emergency,3164.892775748255,4.58848467277895,"Brakes,Electrical",49922,TECH-157,True
MNT-107996,VH-6253,2024-06-30,Scheduled,422.84385583289105,2.042544547756584,Transmission,295001,TECH-130,False
MNT-107997,VH-2084,2023-12-18,Emergency,3037.3205093941524,15.882223084137305,"Brakes,Suspension,HVAC",154862,TECH-182,False
MNT-107998,VH-1835,2024-12-11,Emergency,2593.6039637076005,170.83123572231793,"Oil Change,Transmission",287299,TECH-144,False
MNT-107999,VH-7929,2023-02-13,Preventive,466.04915661855927,1.0,"Oil Change,Electrical",160277,TECH-137,True
