date,region,service_type,shipment_volume,total_weight,total_revenue,fleet_vehicles_available,warehouse_capacity_used,labor_available,weather_impact,competitor_activity
2023-09-22,Southwest,Dedicated Contract Carriage,141,144904.1483447454,35877.42912559576,65,56.1079531307742,110,None,High
2024-08-24,Northeast,Fleet Maintenance,45,79442.76678180564,49915.60415945485,49,61.36031695290944,122,None,Normal
2024-12-23,Southwest,Dedicated Contract Carriage,203,339720.7784976502,60232.46835604207,34,79.89625231797797,64,Moderate,Normal
2023-10-28,Southwest,Dedicated Contract Carriage,68,158978.65958637442,23783.651185377264,63,78.64707578157729,188,Minor,Normal
2023-07-25,West,Dedicated Contract Carriage,205,383751.8902480574,87221.6119226187,26,76.0012017983466,154,Minor,Normal
2023-01-04,Northeast,Fleet Maintenance,150,396007.0659104204,113122.33626699331,90,65.12251070881014,183,None,Normal
2024-02-08,Midwest,Supply Chain Solutions,211,403326.7027649327,87609.26840426266,87,64.83973990621011,187,Moderate,Normal
2024-06-24,West,Freight Management,248,270473.8262538798,123192.01518631185,64,63.263665403870995,145,None,Normal
2024-05-17,Northwest,Transportation Management,186,499294.03469225136,161583.63679320802,56,68.61566913635376,69,None,Normal
2023-04-27,Northeast,Distribution Center Management,235,628268.0232179866,76619.35722015279,65,72.50456480900819,56,None,High
2023-10-09,Southeast,Fleet Maintenance,120,276415.06281603506,42182.80036467317,52,79.14208170282336,160,Minor,Normal
2023-07-30,Midwest,Transportation Management,79,109673.02275073792,43897.043470998964,43,92.33465284279588,118,None,Normal
2023-09-01,Northwest,Fleet Maintenance,90,190976.6574367421,20002.83240725792,70,80.35411724132834,95,None,Low
2023-11-18,Northeast,Dedicated Contract Carriage,57,39244.71818254733,19925.08952241102,90,73.28972001459,99,None,Low
2023-12-26,Southeast,Freight Management,167,376192.3538997178,102873.8078031851,33,74.9878781164887,118,None,Low
2024-06-20,Northwest,Distribution Center Management,211,637521.1936571465,63200.03378777223,30,89.73726896089755,104,Minor,Normal
2024-03-24,Southeast,Fleet Maintenance,120,310210.61056539416,53596.93163298822,75,56.767404273651934,180,Minor,Normal
2024-02-03,West,Transportation Management,63,147148.9752531475,47815.670788772666,43,37.165102755680486,75,None,Normal
2023-12-09,Northwest,Dedicated Contract Carriage,12,31366.396470340354,4848.647950283821,29,88.00348409438833,105,None,Normal
2024-03-06,Northeast,Freight Management,233,481852.5271181497,156006.0944986905,40,80.15174937063738,125,None,Normal
2024-11-28,Southeast,Dedicated Contract Carriage,133,207821.7250020786,71378.6788386342,36,58.68172710848941,68,Severe,Low
2023-06-05,Southwest,Fleet Maintenance,203,552172.4912050004,139613.41869592667,37,40.410118796355086,58,None,Normal
2024-10-11,Midwest,Fleet Maintenance,85,199810.22070381785,23820.183759987787,89,61.90502323087127,89,None,Low
2023-10-22,West,Distribution Center Management,77,207402.15280306377,31291.627136390343,35,69.98374580550461,151,Moderate,Low
2024-02-12,Midwest,Supply Chain Solutions,120,238420.04218786262,31552.250929682075,79,62.96313653239116,65,Severe,Normal
2024-06-03,Northwest,Fleet Maintenance,237,367172.43931905087,59307.74064163776,65,73.99194518902429,65,None,Low
2024-05-24,Southwest,Transportation Management,340,492218.5266160528,127490.87342923401,73,76.27395399696354,82,Minor,Normal
2024-03-30,Northwest,Fleet Maintenance,100,160984.07784521926,43099.531243546764,86,89.45816868713761,110,None,Normal
2023-08-10,Southeast,Distribution Center Management,109,264506.05560125766,28691.072647392688,47,87.62675296766817,126,None,Low
2024-05-08,Southwest,Freight Management,127,231144.11170165875,25874.091100955495,61,53.258746803841206,102,None,Normal
2024-07-15,Southwest,Distribution Center Management,88,208367.23758815552,69946.86051136265,34,87.99097504441004,69,None,Normal
2024-04-02,Midwest,Dedicated Contract Carriage,215,458679.9281763712,112741.04746659833,36,41.002267366464594,113,None,Normal
2024-03-02,Northwest,Freight Management,139,391874.53345851536,48585.22367036366,31,79.50584152176926,154,None,Normal
2023-05-28,Southeast,Fleet Maintenance,105,271710.9536124311,34345.29220970616,31,68.24175766225044,191,None,Low
2023-07-11,Southwest,Distribution Center Management,173,379421.05010716425,69167.64016644144,65,40.62320604224678,143,None,Normal
2023-10-01,Northwest,Fleet Maintenance,81,134662.7583994293,28581.33324898905,49,75.7720526690362,176,Minor,Low
2024-04-06,Northwest,Freight Management,93,222996.35894652022,15935.869546954687,96,61.20158807599124,164,None,Normal
2024-02-17,Southwest,Distribution Center Management,131,270277.1525226817,63355.54626237549,57,36.213090660680244,80,None,Low
2024-01-23,Southeast,Supply Chain Solutions,215,547413.732037603,65553.01473606602,33,77.24402179015826,81,Moderate,Normal
2024-09-03,Northwest,Supply Chain Solutions,112,260160.75306824222,31788.204166725423,74,73.68742152013861,164,None,Normal
2023-01-09,Midwest,Supply Chain Solutions,225,357911.8595896723,70859.18820700426,29,76.18814698946478,126,None,Low
2024-09-07,Southeast,Transportation Management,86,131419.53371005555,38810.07761917998,28,53.12931925310578,197,Severe,Normal
2023-12-19,Northwest,Dedicated Contract Carriage,249,374488.3757966562,160149.36886750383,40,71.61090911405734,120,None,Low
2023-09-21,West,Fleet Maintenance,162,378428.8860076238,68861.00602820242,62,67.10887514900968,177,None,High
2024-11-28,West,Fleet Maintenance,163,425933.838781779,85874.82304367519,98,52.94955002803488,132,None,High
2023-05-18,Southeast,Distribution Center Management,266,424589.65963264456,189488.34827681095,52,80.44457422202184,94,Minor,Normal
2024-10-26,West,Distribution Center Management,56,118425.3368903232,21596.602971128774,34,47.97222545873972,103,None,Low
2024-10-19,Northwest,Dedicated Contract Carriage,79,164925.02742968817,46672.25814186612,54,45.769509802645594,166,None,Normal
2024-11-01,Midwest,Dedicated Contract Carriage,104,219676.8087246333,17225.910326784102,32,69.643157220093,194,Minor,Normal
2023-11-07,West,Distribution Center Management,147,210700.5018779976,49960.29970643287,67,74.65330310136096,62,None,Normal
2023-09-08,West,Distribution Center Management,75,184418.28153651798,37990.10070851217,69,60.13135667241446,153,None,Normal
2023-04-21,West,Dedicated Contract Carriage,232,560850.7858335553,68704.62574519997,42,36.435598630499534,180,Severe,Normal
2023-12-19,Northwest,Fleet Maintenance,217,351265.1829815053,90571.2389323426,74,88.68393946585765,186,None,High
2023-04-07,Northwest,Fleet Maintenance,233,364492.39559724735,70862.34824025857,43,51.13460030515875,167,Minor,Low
2023-01-27,Southeast,Dedicated Contract Carriage,228,482501.5440331751,74248.046407682,88,39.52218478691089,153,None,Normal
2024-10-15,Midwest,Transportation Management,83,193927.52462680527,23144.1662102307,61,78.15559988037334,122,None,Normal
2024-06-26,Southwest,Fleet Maintenance,166,366217.44891270174,120581.63074853511,77,77.00309028346275,54,None,High
2023-01-28,West,Dedicated Contract Carriage,130,278556.94303758314,71978.26282794529,83,75.60908526390024,99,None,High
2023-11-30,Southwest,Dedicated Contract Carriage,136,300692.3320639688,63751.78658157683,53,83.82408434187012,174,None,Normal
2024-03-25,West,Supply Chain Solutions,155,359502.8521178097,26522.903247575432,38,54.91674068072929,100,None,High
2023-08-20,Southwest,Transportation Management,67,143614.8582288047,18852.434818941543,23,35.61874921412449,152,None,High
2024-03-20,Northeast,Transportation Management,238,280956.3055541874,207827.67845353784,26,56.797555476563545,91,None,Low
2023-09-16,Northeast,Dedicated Contract Carriage,54,137958.21922823857,20668.032974248898,91,34.31169257996301,68,None,Normal
2023-12-13,Midwest,Fleet Maintenance,112,192567.98276899662,71332.50415699079,26,58.32894859568596,197,None,Normal
2023-10-31,Midwest,Supply Chain Solutions,157,315690.413534497,47955.73036374591,75,77.28184451322883,51,Minor,Normal
2024-06-24,Southeast,Supply Chain Solutions,202,400270.1216781957,49849.24334534527,78,54.13543409484055,124,None,Low
2023-03-12,Northeast,Supply Chain Solutions,120,261613.70827945432,16306.64147191602,35,57.02184998346629,144,Moderate,Normal
2024-04-21,West,Supply Chain Solutions,82,185696.0237488686,35608.815500290984,78,61.62125471786343,103,Minor,Normal
2024-02-27,Southeast,Transportation Management,286,373076.7912376591,42492.68045135656,25,83.9608144205094,192,None,Normal
2023-10-18,Southeast,Freight Management,173,391265.3186053359,30553.01205917939,75,71.2147040842945,84,None,Normal
2023-04-13,Southeast,Transportation Management,219,555115.7593272298,174795.67328566924,39,57.59081001147442,169,None,Low
2024-04-03,Southeast,Supply Chain Solutions,123,252993.53075682314,86983.966547322,50,58.57284581346583,193,Minor,Normal
2023-09-08,Southwest,Dedicated Contract Carriage,95,212535.44006962812,39340.11205025967,77,81.43011079044545,162,Minor,Normal
2024-08-22,Northeast,Fleet Maintenance,120,269183.9651284209,37311.79303783376,21,82.39449255399215,198,None,Normal
2023-02-24,Midwest,Distribution Center Management,337,676197.3554042408,81553.48596712161,99,51.208414059684294,179,None,Low
2023-03-08,West,Supply Chain Solutions,271,507906.03977720015,86635.48628310734,32,55.61474859813648,145,None,Low
2023-01-06,Midwest,Transportation Management,204,375475.0975456717,250154.16469458473,58,43.780667748009265,150,Moderate,Normal
2024-02-24,West,Freight Management,120,193307.62029386003,84500.12025761783,92,69.95739031099436,186,None,Low
2024-05-23,Northeast,Transportation Management,225,453535.2304164623,62154.47678162074,73,85.71138038285669,74,None,High
2023-08-19,Northeast,Supply Chain Solutions,81,153591.26494893903,61190.4335392309,51,71.96768431558884,95,None,High
2023-07-02,Southeast,Transportation Management,142,390377.93419354234,108109.72463214432,62,76.75597878826449,78,None,Low
2023-09-06,Northwest,Distribution Center Management,83,220364.7174386405,15731.561033937061,98,94.54134849134397,137,None,Normal
2024-03-31,Southeast,Transportation Management,112,104478.41924392658,28394.248365250674,61,82.21319868289834,148,Minor,Normal
2024-12-02,Northwest,Supply Chain Solutions,158,487206.7291646984,87295.72492979046,47,54.90244152629121,98,None,Low
2023-06-26,West,Distribution Center Management,295,670000.0827123171,165473.05513042898,85,64.49898949687227,136,None,Normal
2024-03-11,West,Supply Chain Solutions,160,354472.65460513625,35477.620456956116,27,70.5486363552768,170,None,Normal
2024-07-15,Northwest,Transportation Management,140,365663.68722539104,59667.311550840306,22,52.759513356812924,172,None,High
2024-06-23,Northeast,Freight Management,134,246477.89569850164,103133.0387814214,80,45.81515550912057,175,None,Normal
2024-06-19,Midwest,Dedicated Contract Carriage,150,339126.10027784563,41577.6371889938,33,91.93694297928296,161,None,Low
2023-07-04,Southeast,Dedicated Contract Carriage,178,359586.8103574645,72908.08766704689,26,72.0709560714475,192,Severe,Normal
2023-01-16,Southwest,Distribution Center Management,265,388877.76331219537,71919.47383651648,97,56.40962638497046,191,None,Normal
2024-04-23,Southwest,Distribution Center Management,190,292422.3896364274,112953.9429106304,57,55.71315056412294,104,Minor,Normal
2024-07-28,Northeast,Fleet Maintenance,88,180544.4120359083,34542.54563888666,96,51.14691096664553,116,None,Normal
2024-07-11,West,Distribution Center Management,125,434322.7679029877,41362.91446188879,85,59.31496826931867,158,None,Low
2023-11-21,West,Freight Management,187,430080.6957228379,85923.93028982855,51,30.42888292463421,158,None,Low
2023-09-07,Southeast,Distribution Center Management,150,153232.03046216248,76976.36744553524,72,41.83579569646712,190,None,Normal
2024-09-11,Southeast,Fleet Maintenance,122,204488.9804776972,39020.39448840164,23,84.66389659366915,69,Minor,Low
2024-03-31,Northeast,Dedicated Contract Carriage,117,312392.1414356017,65783.3599303895,24,49.136051863293716,146,None,High
2023-07-27,Midwest,Fleet Maintenance,175,297263.3622938241,46099.68021564601,55,72.94886223433087,174,None,Normal
2023-02-14,West,Transportation Management,263,773375.0279444618,32483.916631203458,55,82.8958924935654,178,Severe,Normal
2024-09-24,Southeast,Distribution Center Management,171,338592.04386729916,36285.64872002097,68,62.022852056880915,132,None,Normal
2024-04-24,Northeast,Transportation Management,265,554508.6315410607,61722.85792910738,60,30.932886327375027,192,None,Normal
2023-04-06,Southeast,Freight Management,138,310464.6786123566,107812.0921573431,41,69.8870472774905,134,None,High
2023-12-13,Northeast,Dedicated Contract Carriage,116,297784.3672175782,63908.951197608556,45,81.13765952713172,174,Moderate,Normal
2023-08-11,Northwest,Freight Management,128,281692.4173880553,31030.938455895062,59,32.992107710355164,177,None,Normal
2024-07-08,Northwest,Freight Management,155,306494.25739278656,29034.924475171352,61,42.879580858203745,95,None,High
2023-04-06,Midwest,Transportation Management,327,400787.5823547604,98689.51946258865,88,79.0357069493153,179,Moderate,High
2024-10-17,Southeast,Distribution Center Management,174,366293.5151899721,66849.2621300485,55,76.7385386709677,104,None,High
2024-02-23,Northwest,Supply Chain Solutions,179,262751.16669795336,92854.90592509163,98,92.71151581107881,189,None,Low
2023-04-17,Northwest,Transportation Management,251,551763.3065817243,104107.19208022302,77,58.0053170238884,183,None,High
2024-12-21,Southeast,Freight Management,107,81336.09372091529,47423.35900893608,38,56.86808315000851,142,None,Low
2024-09-18,West,Freight Management,110,240298.94476400275,77463.8871997733,93,78.67404223333256,169,Moderate,Normal
2023-03-22,Midwest,Distribution Center Management,197,390452.3585187719,86263.14120508528,79,65.24046998333493,67,None,Normal
2024-10-18,West,Fleet Maintenance,118,249615.71767791957,22730.172634485567,54,70.75304106028496,182,None,High
2024-01-31,Northwest,Distribution Center Management,224,729782.447997111,93440.15319902044,39,74.10198754354977,92,None,High
2024-06-28,Northwest,Distribution Center Management,214,522568.9922800472,74493.09010913158,64,63.361916440951816,125,None,Low
2024-06-26,Midwest,Dedicated Contract Carriage,184,149981.17363293326,79220.15266179563,69,70.20159719027184,112,Moderate,Normal
2023-10-30,Northwest,Transportation Management,185,438843.6422610048,110649.89248956172,53,59.61464197061424,92,None,High
2023-03-31,Southeast,Transportation Management,186,458729.9821263412,39746.93928923455,32,59.23668610222889,156,Moderate,Normal
2023-06-10,Northeast,Fleet Maintenance,86,199930.73728865208,12658.91882782608,59,63.57351823990912,68,None,Normal
2024-05-04,Northwest,Freight Management,78,116338.26656624305,15868.77114003996,64,62.079736252664084,195,None,Normal
2024-02-11,Northwest,Transportation Management,72,170169.17783523738,36417.66062323289,45,71.16473935237826,90,None,Low
2024-09-02,Southwest,Dedicated Contract Carriage,107,130204.62468222778,56159.49508919429,44,73.99942100079599,137,None,High
2023-10-14,Northwest,Dedicated Contract Carriage,44,58549.94034288545,13519.377211397308,44,28.28648111170377,102,None,Normal
2023-02-10,Northeast,Dedicated Contract Carriage,175,357062.81972279836,43439.65940113032,25,56.418088475781715,52,Minor,Normal
2024-04-08,Southeast,Transportation Management,142,358027.3437238447,36121.464066629575,97,46.07424854107428,76,None,Normal
2023-08-24,Northeast,Transportation Management,195,230313.90753578075,109867.12017262568,61,87.43027549070884,105,None,Low
2023-03-18,Midwest,Dedicated Contract Carriage,167,335415.3146071948,77122.72701217719,33,46.3364121507526,66,None,Normal
2023-11-18,Northwest,Dedicated Contract Carriage,59,121321.38615084619,25480.63803836487,98,76.5467771352765,65,Severe,High
2024-11-20,West,Fleet Maintenance,146,426339.8975666692,128091.0505667293,82,41.33682957370052,66,None,Normal
2023-09-10,Southeast,Fleet Maintenance,75,142128.51462389893,26534.948722947556,25,48.07081317117024,136,None,Normal
2023-08-29,Midwest,Freight Management,111,214427.55800490026,29939.57239334751,55,60.64267857582472,122,Minor,Normal
2024-05-07,Southeast,Freight Management,241,489265.37884826335,37462.650051945326,44,44.388654261508655,105,None,Normal
2023-02-06,Southeast,Dedicated Contract Carriage,299,755230.0334896082,53711.15616164703,21,57.38076162285171,53,None,Normal
2024-12-18,Southwest,Supply Chain Solutions,182,396589.32934787957,91794.06214182416,54,66.19861738534546,50,None,Normal
2023-08-29,Northeast,Transportation Management,202,387310.4892051795,82468.89271530576,82,87.00279690677992,88,Severe,High
2023-06-25,Northwest,Transportation Management,84,251261.1219106454,41479.3057804431,28,39.917667479877124,56,None,Normal
2023-01-08,West,Distribution Center Management,63,62912.50056250936,34795.63763736593,77,77.16257716982196,69,Minor,High
2023-07-09,Northeast,Fleet Maintenance,67,162767.49154628086,35843.52298169828,80,60.64960720871275,89,None,Normal
2024-01-13,Midwest,Dedicated Contract Carriage,110,249208.92739696242,49023.67897017015,70,60.92127076061639,192,None,High
2023-04-06,Northeast,Supply Chain Solutions,116,204392.57292700864,42103.87790962985,20,31.428770850110872,80,Minor,Low
2024-01-19,Southeast,Transportation Management,197,340948.02189151675,73172.58028007929,44,53.52742107847257,59,None,High
2024-01-10,Northeast,Freight Management,165,398004.220006118,98594.14498872859,89,57.54957802783062,66,None,Normal
2024-10-29,Northeast,Transportation Management,70,127934.28619638595,35409.60779377478,97,77.81992335855911,75,Moderate,Normal
2024-05-21,Southwest,Distribution Center Management,219,352105.8499618807,42055.8957767402,53,68.69468743774168,182,None,Normal
2023-04-08,Southwest,Supply Chain Solutions,126,220104.34000801208,54474.21132118705,77,75.66278082315465,149,None,Low
2023-08-10,West,Distribution Center Management,108,268385.06894004147,23329.235912635744,28,74.68911758534446,169,None,High
2024-03-19,Northeast,Supply Chain Solutions,279,384436.55423106824,175934.33767245512,68,66.30561658366949,122,None,Normal
2024-02-29,West,Supply Chain Solutions,235,175861.3378156547,200448.56860571294,57,58.555987855548395,125,None,Normal
2024-05-11,Northeast,Transportation Management,104,123360.76292340284,42862.82291192078,82,47.325125844167125,92,None,Normal
2024-05-18,Northwest,Freight Management,119,207082.92103014048,56030.92155517131,87,31.887924783264797,169,Minor,Low
2023-02-11,Midwest,Fleet Maintenance,86,150958.1229399683,49647.49213716354,52,46.374634387457505,112,None,Normal
2023-06-25,Northwest,Fleet Maintenance,73,182160.2746065255,19503.5093124797,26,85.0502131927313,66,Moderate,Low
2023-07-16,Southeast,Fleet Maintenance,106,302178.50709038385,50986.847741854144,43,73.94648517556371,103,Minor,Normal
2023-05-24,Midwest,Distribution Center Management,124,320646.2958866809,56416.84758705131,73,52.87952350108077,178,Severe,Low
2024-11-08,Southeast,Transportation Management,134,379926.48463213467,49363.5292543571,62,43.496062621126185,146,Moderate,High
2023-05-13,Northwest,Freight Management,60,111863.05178720516,22670.457810029482,66,78.68016462150126,86,None,Low
2023-11-06,Southwest,Freight Management,136,367355.34680245374,47668.55427439838,36,50.969325304033774,51,None,Normal
2023-11-29,Northeast,Transportation Management,216,440964.90064371895,237771.5501890574,92,57.165514961649144,67,Minor,High
2024-02-07,Southeast,Freight Management,244,424790.05170273257,118082.90088848802,75,82.16428371654297,114,None,Normal
2023-08-06,West,Fleet Maintenance,76,107524.71687300243,49487.16378280522,34,52.5522683195163,165,None,High
2024-04-28,West,Distribution Center Management,105,171779.2974231208,33111.73303909182,82,70.14473286672808,177,Moderate,Normal
2023-01-03,Northeast,Distribution Center Management,283,343823.3076341587,46406.478993846395,82,47.35257362840136,164,None,High
2024-10-13,Northwest,Supply Chain Solutions,61,159738.38692562442,14140.640371362115,22,48.577056017862056,159,Minor,Normal
2023-11-04,West,Transportation Management,70,232162.272557829,28582.247127871567,93,71.63501024951695,152,None,Normal
2023-08-23,Northeast,Dedicated Contract Carriage,110,241489.1409773453,48156.35093578977,21,46.20695588494739,141,None,Low
2024-01-16,Midwest,Freight Management,227,563270.5318900942,39593.97129200749,89,54.64199549107106,50,None,Normal
2024-10-18,Northeast,Distribution Center Management,131,299425.69481111574,203839.15008490186,41,62.64851743411186,176,None,Normal
2024-11-17,Southeast,Dedicated Contract Carriage,89,222389.26464427725,41175.603867647165,72,79.05444114008425,117,None,Normal
2024-04-21,Northeast,Supply Chain Solutions,105,218468.93279338666,28450.780686933864,21,69.75317150052484,75,None,Normal
2023-09-12,Southwest,Supply Chain Solutions,115,213642.70032178905,103390.05817424976,68,91.58709647652603,144,Severe,Low
2024-01-31,West,Supply Chain Solutions,232,348062.7001729478,232761.6448074831,91,30.58958756106509,133,Severe,Normal
2024-02-18,Southeast,Transportation Management,135,354056.6416686977,28589.319213823193,78,48.32395315431874,52,Minor,Normal
2023-03-23,Northeast,Fleet Maintenance,196,605787.893713828,58868.96708228586,20,66.73981280733176,78,Minor,Normal
2024-11-11,Northwest,Transportation Management,71,131021.8874958322,39850.97639807574,70,33.123508693542846,163,None,Normal
2023-12-27,Northeast,Transportation Management,170,151138.8606747369,137448.211657121,87,87.58524659513792,146,None,Low
2023-04-11,Northeast,Distribution Center Management,226,404185.63768852706,252638.37864978064,32,38.9620056847819,52,None,Normal
2023-01-29,Northeast,Transportation Management,29,41199.21123189235,19705.914300899152,85,94.44179755762802,110,None,Normal
2023-04-05,Southeast,Freight Management,274,764880.8561887846,64214.96777193348,96,53.14147032237803,83,None,Normal
2023-01-16,Northeast,Fleet Maintenance,182,341399.1684347754,149098.4438381836,22,67.2183679249409,198,None,High
2024-03-23,West,Freight Management,137,166896.78344593287,37853.9691836844,57,82.90177496982348,182,Minor,Normal
2024-03-25,Southwest,Transportation Management,187,313131.14025479124,77914.63075538071,56,86.19452415028836,163,Moderate,Low
2024-10-17,Northwest,Freight Management,199,378150.2818702475,86477.10814541961,42,35.315377374158466,60,None,Normal
2024-07-08,Northeast,Dedicated Contract Carriage,173,217963.05811800782,44398.43513928551,72,91.54091648401422,82,Minor,High
2024-02-06,Northwest,Dedicated Contract Carriage,215,515449.636338114,118381.95688764735,20,38.08530623423513,132,Minor,Normal
2023-05-10,Northwest,Freight Management,277,694876.0382966056,82385.39392411828,57,52.70341318450092,181,None,High
2024-02-17,Northeast,Fleet Maintenance,99,188159.1853000865,43707.16925161724,88,72.7737066682614,192,Moderate,Normal
2024-03-05,Northeast,Freight Management,157,276051.30978752195,135851.41010275038,22,50.857939570041424,185,None,High
2024-07-28,Northwest,Dedicated Contract Carriage,67,139668.79421337985,23108.901460126315,52,54.23636565690712,66,None,High
2023-09-15,Southeast,Transportation Management,102,145829.77418826104,65722.65238337743,98,90.75850400219115,54,None,High
2023-10-05,Northwest,Distribution Center Management,120,285292.5451588643,25024.769119273627,74,31.486883588109766,166,None,Normal
2023-04-17,Northeast,Freight Management,199,455671.22209716786,85208.86474681864,93,67.00970614533817,187,None,High
2023-04-03,Southeast,Fleet Maintenance,324,600004.7857307649,228836.08972738025,90,69.59784114481641,134,Minor,Low
2024-06-17,Southeast,Freight Management,86,256862.3975760488,31569.38275482927,25,49.79573474339413,84,Moderate,Normal
2023-01-02,West,Supply Chain Solutions,253,663244.2458004496,108057.36828905003,93,88.02221492886108,192,None,Normal
2024-12-15,Northeast,Distribution Center Management,69,95891.4290454544,9115.041119158928,96,72.54029679687916,67,None,High
2023-02-11,Southeast,Fleet Maintenance,90,178477.35813416357,36852.704707988116,36,82.19117953016378,118,Moderate,Normal
2024-01-03,Midwest,Dedicated Contract Carriage,128,323673.44783590845,47441.63553864806,71,77.6149801837883,173,None,Normal
2024-12-19,Northeast,Distribution Center Management,168,331499.83176787186,117173.58754674158,37,58.741171287360736,108,None,Normal
2023-12-26,West,Supply Chain Solutions,153,308275.4195765681,18023.810725966752,24,85.9671242917286,158,None,Normal
2024-11-28,Southeast,Freight Management,176,395255.7958917592,62612.13899046188,23,47.75282857037683,52,None,Normal
2024-05-10,Northeast,Transportation Management,269,630766.6582728769,161923.09808669676,95,59.68106663006848,73,None,Normal
2024-05-10,Northeast,Distribution Center Management,220,504062.7857268748,138604.84640695294,92,55.46256623656014,136,None,High
2023-02-04,Northeast,Distribution Center Management,133,305972.3647781636,16990.638573800272,84,86.58275988615067,104,None,Normal
2023-07-11,Southwest,Supply Chain Solutions,130,211807.71156610956,49410.662396157335,41,86.5354711469294,100,None,Normal
2024-10-07,Southwest,Freight Management,124,331572.32612902747,36448.29265103751,75,53.109592389484206,188,Minor,Normal
2024-04-25,West,Freight Management,295,727457.5609434107,56617.71566785643,64,48.61889666550325,63,None,Normal
2023-09-15,Southeast,Transportation Management,131,333863.1770075367,47928.43689270147,89,59.895174177627155,182,None,High
2023-09-29,Southeast,Transportation Management,207,413438.7756722539,176643.01447049528,71,39.5276405969995,77,None,Low
2024-02-07,Northeast,Supply Chain Solutions,179,277006.8483313906,150842.6005904396,68,51.21495147411723,108,Moderate,Normal
2023-11-14,Southwest,Transportation Management,127,289163.47271298186,55652.176754415756,92,49.97503281871876,175,None,High
2023-12-30,Northeast,Distribution Center Management,101,149167.08850628595,39413.35944953285,39,82.20167208790984,121,None,Normal
2023-12-28,Midwest,Dedicated Contract Carriage,148,174554.72517995926,58049.35249120421,39,41.13894814407345,107,None,Normal
2024-07-29,Northeast,Freight Management,158,275832.34404906724,56878.243551353145,62,73.14579595060863,136,None,High
2024-06-19,Northwest,Fleet Maintenance,213,453329.4869454183,37277.19942191572,39,81.422929266802,164,None,Normal
2024-09-28,Midwest,Transportation Management,85,206930.8278027748,46857.36400763959,86,70.40236968351518,138,None,Normal
2024-06-21,Northeast,Transportation Management,170,251064.5546620964,73723.10351705774,39,87.05816212707973,134,None,Low
2023-10-12,Northwest,Distribution Center Management,92,139366.0836434405,61089.198667210665,34,46.69682483954672,118,None,Normal
2024-05-23,Southeast,Fleet Maintenance,237,530461.2095230089,93245.60064354996,24,79.32735143395689,173,Moderate,Normal
2023-04-23,Northwest,Transportation Management,80,77500.33595231413,31163.226078009946,64,61.78398691633286,62,Moderate,Normal
2024-05-09,Northeast,Distribution Center Management,308,626265.1660542175,276690.64702181506,62,69.75801339683532,159,None,Normal
2024-11-15,Midwest,Freight Management,138,253278.56941107634,34893.29269442783,66,76.9170186995082,198,Minor,Normal
2023-11-24,Northeast,Distribution Center Management,186,223151.32444108784,101220.43085358958,49,73.23660106503085,106,None,Low
2024-08-30,Southwest,Fleet Maintenance,116,272249.78290363017,37408.22263306323,63,71.9106089510264,159,None,Normal
2023-09-21,Southeast,Dedicated Contract Carriage,73,72971.8066342306,18527.876598519048,89,72.82066082057449,137,Moderate,Normal
2023-01-13,West,Transportation Management,116,242061.05402151187,38339.689091011205,67,49.93087923575942,195,None,Normal
2023-01-26,Northeast,Freight Management,194,296446.3820624376,62676.508797582195,70,34.03048366318116,165,Minor,Normal
2023-07-22,Midwest,Distribution Center Management,90,125835.3714644576,24643.466796292476,24,76.41072312504748,152,None,Normal
2024-02-18,Northeast,Distribution Center Management,82,247551.57748280102,33896.98510010974,37,56.50986498219977,105,Moderate,Normal
2024-12-05,Southwest,Dedicated Contract Carriage,160,266408.86555502506,108852.68926354768,72,77.93433252919768,107,Moderate,Normal
2024-04-09,Southwest,Dedicated Contract Carriage,264,402868.6888866224,60044.01424254169,81,54.68962685547584,50,None,Low
2023-07-27,Northwest,Distribution Center Management,127,293310.0189809504,24901.542583961807,71,81.5039021975943,180,None,Normal
2024-04-07,Midwest,Fleet Maintenance,157,277893.33228476683,38908.36454032485,56,38.20191980120317,109,Moderate,Low
2024-12-05,Southwest,Distribution Center Management,87,181945.9827991436,50552.5085884907,52,79.17961289584903,154,None,Normal
2023-02-15,Southeast,Freight Management,165,345485.2029152024,48754.75258467595,96,64.6345860736019,92,None,Normal
2023-10-18,Midwest,Fleet Maintenance,211,487145.57293547725,33001.820936962795,68,89.44984766531249,111,None,Low
2024-11-27,Midwest,Transportation Management,185,368150.0641681461,115390.77208574067,87,30.072961417520872,172,None,High
2024-04-10,Northeast,Dedicated Contract Carriage,206,417511.5069495982,30237.242317766933,36,9.923651749642671,97,None,Normal
2023-02-22,West,Dedicated Contract Carriage,317,490475.0799114131,149370.11838301804,24,61.98356837211955,139,Severe,Normal
2023-06-29,Northeast,Dedicated Contract Carriage,212,468609.6590817416,72120.60668588278,69,75.86359350334345,73,None,Normal
2023-08-24,Northwest,Supply Chain Solutions,126,227871.53078928863,104335.9532430113,92,66.87955088085393,58,None,Normal
2024-09-19,Southwest,Transportation Management,106,207048.30912547195,43568.08351941996,45,38.18051593852939,130,None,High
2024-09-08,Northwest,Dedicated Contract Carriage,73,176480.03733395544,79682.53983071518,80,71.40549198713161,101,None,Normal
2023-02-09,Northwest,Distribution Center Management,187,338246.4871023069,147960.90548269544,59,62.85458287279609,107,None,Normal
2024-03-18,Southeast,Distribution Center Management,136,212751.43064611658,49288.29000080418,91,63.0804293467622,179,None,Normal
2024-09-19,Southwest,Fleet Maintenance,137,134247.36645645078,67487.72761345029,41,80.43651430587599,108,None,Normal
2024-03-27,Southwest,Supply Chain Solutions,195,463461.27192390524,81085.45441776222,92,44.257215324423996,71,None,Normal
2023-04-23,Northeast,Dedicated Contract Carriage,112,310953.09131604683,25623.93965784996,32,52.28920944768846,135,None,Normal
2023-12-06,Midwest,Supply Chain Solutions,160,394431.03539428173,44221.22185210271,30,83.9313874964835,159,None,Normal
2024-03-16,Northwest,Transportation Management,108,269953.9768294554,35454.83609683725,81,60.19991304350351,166,None,Low
2024-12-17,Midwest,Dedicated Contract Carriage,168,356168.6034660163,92139.41751642547,58,71.18783748334309,188,None,High
2024-05-25,Southeast,Transportation Management,75,238040.2162805463,51777.34104542698,43,54.62803181238341,122,None,Normal
2024-01-17,Midwest,Dedicated Contract Carriage,175,475127.72841623,138157.94148746366,84,76.72303169643928,69,Minor,High
2024-09-19,Northwest,Fleet Maintenance,139,312795.9632284506,73161.5398789351,28,40.844008091610114,199,None,Normal
2023-01-15,Midwest,Fleet Maintenance,98,248881.56818788743,35901.80738330318,49,74.48638269056104,82,Severe,Low
2024-09-20,Northeast,Freight Management,155,305177.5480245593,60248.120868942446,92,47.66971501864662,93,None,High
2023-09-02,Northwest,Transportation Management,77,186896.3221070927,35604.525474982955,33,15.21901285477751,166,None,Normal
2023-03-09,Southeast,Freight Management,215,346175.012942503,80384.82443608933,96,81.10547837752989,151,None,Normal
2023-01-15,Midwest,Fleet Maintenance,117,208638.79828948123,41153.19716528366,63,78.11718553127815,124,Severe,Normal
2023-05-23,Northwest,Supply Chain Solutions,152,248494.1031969637,40369.81345970859,36,61.56910720736389,185,None,Low
2024-04-19,West,Freight Management,222,448881.45404404344,142842.28523473663,81,41.25457833333822,98,None,Normal
2023-01-11,West,Transportation Management,198,297683.75079709577,63665.435784885885,35,76.49943467282137,161,None,High
2024-04-19,West,Fleet Maintenance,257,450344.8685151433,129576.39506452251,59,76.72303471504071,132,None,Low
2024-01-19,West,Distribution Center Management,264,503296.78112120304,83513.88435079878,44,74.19855043539195,198,None,Low
2023-03-24,Southeast,Fleet Maintenance,229,385363.07877248485,137062.9622765597,75,70.67697989654197,76,Minor,Normal
2024-02-28,Northeast,Fleet Maintenance,177,437913.25105536706,179795.83059041845,80,77.54772181362154,145,Moderate,Normal
2023-01-14,Northeast,Freight Management,137,214853.6266322927,47291.04972146078,20,21.9334379741318,173,None,Normal
2024-07-08,Northeast,Distribution Center Management,181,294831.50347262964,90749.97751641662,35,47.87599624700737,161,None,Normal
2024-06-01,Southwest,Transportation Management,140,232408.39080001606,64536.360750022846,80,65.38912324662815,133,None,Normal
2023-05-24,West,Dedicated Contract Carriage,272,452131.50654532143,69695.76354331471,47,51.45444194721031,63,None,Normal
2023-08-06,Southwest,Freight Management,94,129478.31928252587,19691.602712811346,95,74.73531073080221,57,None,Normal
2023-04-14,Midwest,Freight Management,192,472281.6711109114,113093.1042828566,63,74.08803962245779,168,None,Normal
2024-06-29,Southeast,Freight Management,117,201523.023368976,43237.47597006726,24,45.147309628391355,196,None,Low
2024-12-06,Northwest,Dedicated Contract Carriage,181,305647.9719728143,57296.1643400336,28,72.5367558581617,152,None,Normal
2024-09-14,Southeast,Fleet Maintenance,62,95905.68325653204,22659.309663663633,66,85.17301671317863,83,Minor,Low
2024-04-14,Southeast,Freight Management,96,182522.42927476502,16867.198655988017,98,51.676129082781586,109,None,Normal
2024-01-10,Southwest,Distribution Center Management,171,248862.39688967742,101855.57119254427,51,76.05222956377172,111,None,Normal
2024-02-07,Northwest,Supply Chain Solutions,180,259200.58089018703,158907.34184146696,30,48.82774542596093,198,None,Normal
2023-07-15,Northeast,Transportation Management,69,205333.5700074111,11150.024853197092,80,56.148643289859415,79,Moderate,Normal
2024-07-07,Northeast,Transportation Management,88,172838.33555995786,86366.61025603523,46,54.40655177965225,195,Minor,Normal
2023-12-12,Northwest,Fleet Maintenance,184,229968.23771293095,82613.86275702853,43,56.554356255108985,122,None,Normal
2023-09-25,West,Distribution Center Management,77,172144.1250642007,22954.55515369233,98,64.73307745412355,87,None,Normal
2023-09-22,Southwest,Distribution Center Management,130,207087.17977243767,14951.79227502265,47,88.93320305077376,172,Severe,High
2023-04-05,Southwest,Supply Chain Solutions,128,165141.52017766814,36287.78395711641,27,24.17443384816429,155,None,Normal
2024-10-19,Midwest,Fleet Maintenance,73,137205.68885923896,21785.947085393324,38,70.48974985065637,112,None,Normal
2023-05-18,Midwest,Supply Chain Solutions,254,462499.0393289667,303082.7858772233,59,70.03510314408462,190,None,High
2024-07-09,Northeast,Freight Management,192,526678.9910909194,136814.7769002147,49,53.906611703316486,150,Minor,Normal
2024-12-14,Northwest,Fleet Maintenance,100,292641.93087029306,43882.11890431978,38,38.99772555921633,162,None,Normal
2023-03-31,West,Transportation Management,257,670142.2704790786,251834.71048581888,43,73.77590845150185,135,None,Low
2024-10-30,Southwest,Distribution Center Management,155,224273.27822397198,134687.47690146754,33,81.28599128039097,187,None,High
2024-05-07,Northwest,Supply Chain Solutions,97,229708.6157655987,11521.876557945692,38,81.00041475062001,140,None,High
2023-09-04,Southeast,Dedicated Contract Carriage,54,102166.8443253218,19110.277545413846,87,54.8316913787684,195,None,Normal
2024-09-07,Southeast,Supply Chain Solutions,72,117746.21059561292,13695.5273016846,77,37.111396829063274,143,Severe,Normal
2024-08-11,Northeast,Dedicated Contract Carriage,130,214103.3526168106,47488.73655757816,98,80.30059180415222,117,None,Normal
2024-11-24,Southwest,Distribution Center Management,87,143762.36773941995,71438.82807466369,89,82.86279016476698,164,None,Normal
2024-09-17,Southeast,Fleet Maintenance,113,269761.8465362534,28844.605717459213,79,75.1380011033962,190,None,Low
2023-07-11,Southeast,Dedicated Contract Carriage,183,383459.9828206081,90777.17826684062,52,61.92874382197472,152,None,Normal
2024-09-14,Midwest,Fleet Maintenance,71,172980.41874644172,29566.33024056178,21,38.05501024858334,199,Moderate,Normal
2024-02-03,West,Dedicated Contract Carriage,98,281228.4908797626,81673.09076340761,61,50.302578482300135,176,Severe,High
2024-02-13,Northwest,Freight Management,125,261380.39313538797,20313.776693187036,59,75.11486273922768,51,Minor,Low
2023-05-31,Northwest,Supply Chain Solutions,150,280936.44896907825,59343.602470517326,24,62.25119311702919,172,None,High
2024-06-06,West,Transportation Management,197,250148.38052909574,52226.969589907945,75,76.59470043937485,177,None,Normal
2023-09-11,Southwest,Transportation Management,162,322171.352723912,70798.87290028161,48,72.37730487997966,76,None,Normal
2024-01-03,Southwest,Fleet Maintenance,217,225754.03108248278,81011.1319511037,49,53.15189393979806,53,None,Low
2023-05-19,Southeast,Fleet Maintenance,111,269014.6300325106,51180.2335250913,87,76.00630595131113,161,None,Normal
2024-11-24,West,Transportation Management,65,148640.306134454,17671.445522090293,49,45.7062708860611,149,None,High
2024-03-01,Northeast,Fleet Maintenance,172,347334.47350535373,74244.45767502407,22,85.42178667153888,171,None,High
2023-07-01,Southwest,Dedicated Contract Carriage,86,137793.00668713322,32397.92218484738,81,30.89791331804016,152,None,Low
2024-12-23,Midwest,Transportation Management,139,250760.89658972056,112143.23791578655,96,67.40877888594974,73,None,Low
2023-08-08,Midwest,Supply Chain Solutions,214,494017.5909535107,41888.273095816025,65,58.689091874103504,50,Minor,Normal
2024-12-26,Southeast,Distribution Center Management,156,258430.11072475137,103924.48174752243,79,41.72887825914842,69,Moderate,Normal
2024-07-09,Midwest,Freight Management,126,314951.974380439,78635.73165991463,51,35.94952392704296,107,Moderate,High
2024-06-12,Southeast,Distribution Center Management,167,395349.078620528,90075.22780538125,40,68.43493432008792,64,Minor,Low
2023-09-25,Midwest,Transportation Management,140,296227.4224783377,56664.85305005042,80,78.10527583214862,178,None,Normal
2024-07-30,Northeast,Freight Management,113,264052.9865666263,41469.617771538,53,84.49146213987396,62,Minor,High
2023-05-27,Northeast,Freight Management,150,300457.32445985626,94797.92234264342,97,47.82977166169029,75,None,Normal
2023-07-06,Southeast,Distribution Center Management,237,517872.4405454089,151793.66532424043,33,90.98981749184951,59,None,High
2023-09-18,Southwest,Dedicated Contract Carriage,111,243455.24102319867,30241.278523018605,86,53.22225214130951,122,None,Low
2024-12-27,Midwest,Fleet Maintenance,170,405668.5223917702,49253.69717653601,61,66.49261257527836,194,None,High
2023-07-10,Southwest,Freight Management,181,496536.35967677116,89299.80779761643,33,45.47731667159005,82,None,Normal
2024-07-31,Northeast,Transportation Management,188,357549.43911187607,143115.4066846811,35,58.73372580880625,132,None,Normal
2024-07-24,Northeast,Supply Chain Solutions,132,141213.11647963556,62027.89224418851,39,74.4754463984187,77,None,Normal
2024-07-07,Northeast,Dedicated Contract Carriage,75,138414.60577059354,25828.239644920897,97,73.81940786955701,158,Severe,High
2023-12-11,Midwest,Dedicated Contract Carriage,178,256771.83195413454,84529.05662635644,34,32.840872646988814,82,None,Normal
2024-05-14,Southeast,Distribution Center Management,154,243063.79402672505,42316.32680271234,35,77.93620506060357,83,None,Normal
2023-09-25,Southwest,Freight Management,89,142148.24525581484,24270.89950353964,70,79.009796259967,56,Severe,High
2024-03-07,Southeast,Fleet Maintenance,234,695887.8437286712,297192.94523134734,85,57.88900011741619,84,None,Normal
2024-12-14,Southwest,Supply Chain Solutions,95,176398.8860599723,123274.32872441699,99,69.07579712006506,116,None,Normal
2024-03-20,Midwest,Transportation Management,169,247834.17867018565,63986.59555008117,78,49.61092238841373,52,Severe,Normal
2024-06-28,West,Distribution Center Management,118,227916.47675392634,34306.76263340682,26,25.226912851692813,100,Moderate,Low
2024-09-16,Southwest,Transportation Management,139,274879.2085600753,119610.47637216281,51,44.70010988864823,59,None,Normal
2023-05-24,West,Distribution Center Management,224,549130.0915943234,120701.10343503662,71,80.94777838896663,148,None,Normal
2024-04-02,Southeast,Dedicated Contract Carriage,225,544738.0984427226,61690.531135390935,64,73.40353935266616,139,None,Normal
2024-04-17,West,Fleet Maintenance,112,273769.73783314624,60909.93847767878,48,60.49763690044492,76,Minor,High
2024-10-26,Northwest,Fleet Maintenance,45,84355.80747333447,21693.29494041687,26,53.74975663396211,165,Severe,Normal
2024-04-01,Southwest,Transportation Management,67,123975.70587503952,39715.32751908887,88,56.49385076705645,63,Minor,Normal
2024-01-14,Midwest,Transportation Management,143,335210.40477448044,129315.50109257225,73,57.639791277904784,131,Minor,Normal
2023-08-31,Midwest,Distribution Center Management,178,336583.7492422333,90016.92433082171,89,58.21712509327921,166,Minor,Low
2024-08-27,Southwest,Dedicated Contract Carriage,170,432774.5880445583,69033.28428762287,46,43.102298393417826,158,None,Low
2023-03-29,Midwest,Distribution Center Management,225,439915.3460360286,56111.607829802226,37,26.744087378548357,117,None,Normal
2024-01-21,Northeast,Fleet Maintenance,110,158268.2183162995,19279.440203988706,23,55.788404243283566,193,Severe,Normal
2023-06-20,Northeast,Transportation Management,225,346764.9723510707,88258.53855349042,95,70.3888478231764,93,None,Normal
2023-03-27,Northeast,Supply Chain Solutions,212,440773.8413906018,124536.26415670667,72,52.097436846034086,171,None,Normal
2024-04-29,Southeast,Distribution Center Management,170,501975.8023781874,84035.60252001925,52,83.01964806195136,184,None,Low
2023-10-15,Southwest,Fleet Maintenance,87,178446.3673997881,45929.45008188402,49,72.07098067904951,136,Moderate,High
2024-07-01,Northwest,Supply Chain Solutions,211,500409.3437491194,35819.10499421965,87,87.74912391631246,154,None,Low
2024-09-26,Northwest,Transportation Management,99,305126.6332140358,46840.4909927162,63,41.33107735160315,130,None,Normal
2024-08-02,West,Fleet Maintenance,114,183733.23040765245,58739.28345055857,97,81.52617703249484,175,None,Normal
2024-03-15,Southeast,Distribution Center Management,140,351365.12628855533,67481.2682004403,85,43.66983788230091,112,None,Normal
2023-02-24,Southeast,Dedicated Contract Carriage,224,513037.68458904634,181445.2333105912,40,69.54223180244712,176,Minor,Normal
2023-10-19,Southwest,Supply Chain Solutions,113,278607.8956170147,23408.760366389855,75,51.542042937357444,93,Minor,Low
2024-03-29,Northeast,Distribution Center Management,193,422632.5247054958,58037.430143951264,90,39.834621002566266,126,Moderate,Normal
2023-07-18,Southwest,Supply Chain Solutions,218,544608.7412570734,116777.66235200917,70,62.51055538334671,74,Minor,Normal
2023-12-18,Southeast,Supply Chain Solutions,147,288403.8537335389,33209.26079677108,30,45.32897664271766,169,None,Normal
2024-07-11,Midwest,Freight Management,214,316388.86656443134,186050.42592145395,20,60.78791104034767,161,None,Normal
2023-04-07,West,Fleet Maintenance,245,404773.79853711487,203483.84223766925,54,47.2775517521602,106,None,Normal
2024-07-20,Northwest,Dedicated Contract Carriage,79,244475.02857148944,47839.67859678126,44,56.903219691785935,103,None,High
2024-06-17,Midwest,Fleet Maintenance,195,329480.5604243403,112624.94904146835,82,82.67998038801845,104,None,Normal
2024-01-14,Midwest,Freight Management,91,136949.17953426708,12927.405316051618,81,89.99136938568691,66,Minor,Low
2023-09-17,Northeast,Transportation Management,47,111700.3526116252,7231.874491813814,36,73.98362875370394,176,None,Normal
2024-01-04,Northwest,Dedicated Contract Carriage,143,244274.10204013943,98677.66708155352,56,61.0164161570849,56,Severe,High
2024-04-24,Northwest,Supply Chain Solutions,321,622232.2096725474,207124.3191870579,84,40.02224751625862,55,Minor,Normal
2024-02-27,Southeast,Fleet Maintenance,297,538022.7367463233,171906.90340124202,36,61.80514834391745,130,Minor,Low
2023-12-05,Midwest,Freight Management,171,236796.60142670135,67427.60160914197,25,68.13504631014705,185,None,Normal
2023-07-19,Northeast,Dedicated Contract Carriage,189,473759.7033302915,67052.58106761456,60,46.73370656736434,63,None,Low
2023-04-14,West,Transportation Management,228,288464.0385613265,104311.07049225799,58,67.73182161154787,185,None,Low
2023-11-15,Southwest,Transportation Management,121,213879.31759308837,49002.69946983193,77,55.65149314256268,177,Moderate,Normal
2024-09-07,Northwest,Dedicated Contract Carriage,64,108551.03335200633,32885.71693150121,42,62.03944580589913,138,None,Normal
2024-02-06,Midwest,Supply Chain Solutions,135,270117.53101295023,57446.39911684667,76,44.79424582477336,121,None,Normal
2023-12-28,West,Fleet Maintenance,20,38198.676630113994,10233.176268300896,86,52.913786432409914,78,None,Normal
2023-02-16,Northeast,Supply Chain Solutions,163,348586.2582822638,158366.31342371623,79,42.78208124365428,161,Minor,Normal
2024-06-14,Southwest,Dedicated Contract Carriage,186,553957.5692533248,114209.79102302901,50,70.37464603698258,140,None,Normal
2024-12-05,Northeast,Distribution Center Management,154,275056.6771165358,111552.9953618761,40,89.68971948220424,139,None,Normal
2024-04-18,Southeast,Freight Management,60,97596.02097076477,15669.707194734947,89,75.71071063745384,63,Minor,Normal
2024-03-10,Southeast,Distribution Center Management,94,158008.87753484785,13996.53413809923,70,56.04756946971702,135,Moderate,Normal
2023-07-15,Southeast,Transportation Management,90,151010.17014220453,16621.029687924824,21,57.46528354567815,52,None,Normal
2023-01-30,Southwest,Fleet Maintenance,175,441255.43897346,90837.1858650177,47,84.11235273855087,139,None,Normal
2024-08-26,Northeast,Distribution Center Management,101,165088.45439102483,23836.144581703342,91,80.50951780478306,152,Moderate,Normal
2024-05-14,Southeast,Transportation Management,144,236028.6608092788,24762.487703762858,48,53.592746124657495,173,None,High
2024-02-23,Northwest,Supply Chain Solutions,227,498946.74904792284,43255.052986931194,54,72.09563688684943,122,None,Normal
2024-03-06,Southeast,Supply Chain Solutions,120,179889.76109655766,105373.35010104728,30,54.37908681341176,135,Moderate,Normal
2024-08-29,Southwest,Dedicated Contract Carriage,148,363895.88021321496,59625.370919740024,53,49.36747889138431,159,Moderate,Normal
2024-08-24,Southeast,Transportation Management,106,158957.72316198226,33772.537924588105,40,68.15869149169357,61,None,Low
2023-08-28,West,Transportation Management,75,129706.85919767064,60640.8292779542,32,46.049454327343334,79,None,Low
2023-06-07,Southeast,Freight Management,192,455145.9113692844,40962.71972509276,61,82.33530745319875,81,Moderate,Normal
2024-06-17,Southwest,Fleet Maintenance,344,443629.98770989897,237282.67765519163,51,57.621782316478445,114,None,Normal
2024-08-15,Northeast,Fleet Maintenance,104,219963.0633436694,41622.30294713068,51,81.34944300652458,68,None,Normal
2024-08-02,Northwest,Transportation Management,135,320503.1932586372,33500.26806428755,89,71.5725733889057,59,Moderate,Low
2023-12-22,Midwest,Transportation Management,105,175135.9204356998,82647.66130077829,92,51.600499272030206,93,None,Normal
2024-01-13,Northeast,Distribution Center Management,115,297597.56412864255,75587.88252204255,21,63.08495912333918,93,Severe,Normal
2024-01-15,Southwest,Supply Chain Solutions,217,399457.9586597511,102466.50756222455,24,69.68873255163747,106,None,Normal
2024-02-18,Northwest,Dedicated Contract Carriage,144,319625.2277367157,82929.62100725126,25,73.60617188800498,125,None,Normal
2023-01-02,Northwest,Transportation Management,222,565191.8947742092,44843.882448664466,29,68.77330937816657,57,None,Normal
2024-12-04,Southwest,Dedicated Contract Carriage,135,208127.42640843274,35954.037451960095,56,62.39561780774109,81,None,Low
2024-03-12,Southwest,Supply Chain Solutions,278,510466.2446288552,324184.63317570667,24,62.361031979710226,102,None,Normal
2023-04-21,Northeast,Freight Management,266,213304.72166805013,382621.71045342146,83,69.43924769140214,50,None,High
2023-08-22,West,Dedicated Contract Carriage,151,336365.3559042135,118567.0253728169,59,63.255482056988434,97,None,Low
2023-04-10,Midwest,Supply Chain Solutions,205,618197.5386666708,129053.87385571237,70,49.03004390836742,89,None,Low
2023-12-18,Southwest,Supply Chain Solutions,193,277459.6236344404,55638.96155686965,25,76.96017562569763,65,None,Normal
2024-05-07,Southeast,Dedicated Contract Carriage,160,256469.97905879977,77200.5880833428,53,68.28906517812659,78,None,Low
2024-08-12,Midwest,Freight Management,168,416281.58366945677,70270.38328169537,49,75.7487230865298,194,None,Normal
2024-05-04,Northeast,Supply Chain Solutions,92,228094.55000933536,49067.41503847667,45,37.3193607901465,123,None,Normal
2023-01-01,Northwest,Freight Management,85,163497.61416741725,74364.19406636061,32,73.08036898851724,178,None,Normal
2024-01-10,Northeast,Transportation Management,272,604311.2696788013,58293.50112062732,77,75.46178554771262,58,None,Normal
2023-03-30,Southeast,Transportation Management,181,346302.3601643143,33661.18778029554,23,77.39294522527965,79,None,Normal
2023-03-23,Northeast,Freight Management,163,218440.12812589837,53366.44652735596,41,76.47610974531914,88,None,Normal
2024-04-01,Midwest,Fleet Maintenance,212,503156.97806263715,184362.46677344403,67,67.98890400032796,69,None,High
2024-03-11,Southwest,Freight Management,233,548168.1102774196,166558.6924256523,27,77.69662209961066,54,Moderate,Normal
2023-05-18,Southwest,Distribution Center Management,284,581545.5759112841,188721.22522990016,67,51.34492669128971,182,None,Normal
2023-11-27,Northeast,Dedicated Contract Carriage,183,442722.5216123749,110172.60955752352,79,48.16791483848466,90,None,Normal
2023-04-29,West,Freight Management,127,272488.4599475444,112664.60653524207,42,62.09304650360469,95,None,Normal
2024-04-02,West,Supply Chain Solutions,223,459080.4282520479,260156.37826515394,56,47.66395680279511,185,None,High
2023-02-25,Southwest,Freight Management,98,205488.2287935857,73016.57023989495,52,38.117135996601355,115,None,Normal
2024-06-19,Northeast,Freight Management,192,445086.51185859565,37059.76140498213,34,61.25523968482691,148,None,Normal
2023-07-19,Northwest,Dedicated Contract Carriage,124,292705.6629250127,53711.77898339228,58,81.68059007673905,136,None,Normal
2024-04-21,Midwest,Dedicated Contract Carriage,84,176742.7171264936,32433.259704706055,94,86.57429043540131,145,Moderate,Normal
2024-12-20,Southeast,Distribution Center Management,85,202678.84188864933,10848.745362843518,34,64.01139992475233,192,Moderate,Normal
2023-04-08,Northeast,Fleet Maintenance,152,233155.4682070879,39895.54239087732,57,68.99122446046526,66,None,Normal
2023-06-28,Northwest,Distribution Center Management,143,309923.4099146014,80081.56034367651,28,74.43622246199581,77,Severe,Normal
2023-12-22,Southwest,Transportation Management,193,307739.06755460973,66302.70376521812,68,44.67574198320634,142,None,Normal
2024-08-30,West,Dedicated Contract Carriage,155,288776.83316978184,44920.54440637752,21,70.43704979717911,192,None,Normal
2024-05-07,Southwest,Transportation Management,316,870823.1075703291,190546.122232504,69,44.926585503753884,160,None,Normal
2023-08-11,Northeast,Distribution Center Management,112,238926.4352213694,88963.23423434571,39,80.2805586577668,110,None,Normal
2024-05-20,Midwest,Supply Chain Solutions,174,416815.29545769177,61659.147975641616,86,66.43356385889436,59,None,Normal
2024-06-25,Northwest,Freight Management,131,225270.11542886117,27053.885032816732,53,45.19683794806368,86,None,Normal
2024-12-24,Southwest,Fleet Maintenance,209,542639.6182425744,33435.48619373193,70,51.330142691057176,192,None,Normal
2024-03-29,West,Transportation Management,328,532614.466022282,112599.16730647355,25,49.365129969850486,107,None,Normal
2023-04-24,Northwest,Distribution Center Management,210,467862.3843959636,100008.78944597508,55,50.2830181021868,154,None,Low
2024-05-19,Southeast,Freight Management,157,292627.42357374117,56064.049366288964,47,50.00290074561286,120,None,Normal
2023-10-22,Northeast,Distribution Center Management,93,147017.30410600035,75129.1018195817,56,60.925837691187134,67,None,High
2024-01-25,Northwest,Distribution Center Management,231,700793.0605594873,103259.2861441165,76,47.71649233434203,72,Severe,Normal
2024-11-25,Southwest,Distribution Center Management,133,311421.35101297376,13800.98889126191,28,47.39303891834788,71,Minor,Low
2023-02-07,Southeast,Supply Chain Solutions,172,337647.6736837043,52223.68334768035,49,52.35063312322337,96,None,Normal
2023-06-07,West,Freight Management,139,211624.2817615139,75084.82337138169,74,51.379439946276165,128,Moderate,Normal
2024-07-05,Northeast,Distribution Center Management,166,189741.73933811946,68655.98679185823,33,83.02825500132492,177,None,Normal
2023-07-27,Southwest,Fleet Maintenance,163,160728.78008235435,87871.41738174041,27,59.94131022742825,100,None,Normal
2023-08-30,Northwest,Supply Chain Solutions,125,329838.6392855278,89903.432798327,51,52.742130761596094,130,None,Normal
2024-03-23,Midwest,Transportation Management,62,138800.0965863181,18593.11634590311,27,53.934406529272295,65,None,Normal
2023-08-29,Northeast,Dedicated Contract Carriage,155,377933.9958996729,77895.23472584317,26,54.4519949488438,104,None,Normal
2024-01-26,Midwest,Fleet Maintenance,229,536908.337327542,84658.93577332198,65,51.91476033555396,161,Minor,Low
2023-04-08,Northwest,Dedicated Contract Carriage,58,154171.44302149865,26493.774570553334,60,44.67446247125645,165,Moderate,High
2023-04-26,Northeast,Fleet Maintenance,276,578514.8555259266,80039.04227809749,87,71.21448763339929,125,None,High
2024-02-21,West,Transportation Management,203,488213.12326299114,54889.972624119044,79,70.45757723261981,124,None,Normal
2024-12-23,West,Freight Management,122,196672.8196422297,33227.4958072464,49,62.527122125872246,199,None,Normal
2023-02-12,Northwest,Transportation Management,75,123676.98217237616,17427.12529810652,61,61.28235587671762,50,None,Low
2024-10-28,Southeast,Supply Chain Solutions,210,425039.43228201277,31007.65286349521,91,24.14216968667896,106,None,Normal
2024-03-01,Southwest,Freight Management,134,319964.5052777711,43017.752606945985,87,89.40085788910007,161,None,Normal
2024-06-27,Northwest,Fleet Maintenance,125,184569.41685759416,86397.65472660676,35,75.15252419892255,148,None,Normal
2024-02-09,Southwest,Transportation Management,162,323924.8262142901,56433.002763903205,55,49.545397469574624,183,Minor,Normal
2024-10-28,Southwest,Supply Chain Solutions,178,305972.5391989377,147054.06468850622,90,82.70224695465345,198,None,Normal
2023-07-20,Southwest,Distribution Center Management,160,338504.2143235816,50292.027565919336,84,70.44645585014133,84,None,Low
2024-11-10,West,Transportation Management,88,196532.184590935,71001.08039792687,29,31.634600026622238,136,None,Normal
2023-01-22,West,Fleet Maintenance,131,174666.7501119777,59254.12801884508,55,72.26708785943529,147,None,Normal
2024-07-22,Midwest,Distribution Center Management,117,297301.4882212194,53496.27297433421,54,38.783557125464235,140,Minor,High
2024-02-13,Midwest,Distribution Center Management,278,672240.2235837041,218699.4380477181,90,87.62574027956734,159,None,Low
2024-02-21,West,Transportation Management,242,397333.20864505885,140117.808880312,91,41.84752863862411,146,None,High
2023-01-18,Northeast,Freight Management,128,253352.85645183205,57863.98375772073,77,78.47877987064098,169,None,High
2024-02-01,Southwest,Dedicated Contract Carriage,218,140336.83705740867,115723.10038946997,45,75.43007939204844,159,None,Normal
2024-09-16,Midwest,Freight Management,150,405217.44445878273,70055.7276074506,56,24.97702167421379,189,None,High
2024-12-21,Midwest,Supply Chain Solutions,108,293572.9485492156,70094.45867955519,22,47.459421295588534,173,Moderate,High
2024-07-10,Northwest,Supply Chain Solutions,221,458626.00484186923,225135.6902965182,26,63.24212492120126,186,None,Low
2024-09-16,Southeast,Supply Chain Solutions,145,261630.7480539879,150075.48806676726,81,91.31905855973841,58,Minor,Normal
2024-11-19,Midwest,Dedicated Contract Carriage,235,288487.5866311723,139026.74161366856,77,17.587297134838312,171,Severe,Normal
2024-04-28,Southeast,Supply Chain Solutions,99,163590.6363750812,12795.820138543706,55,50.80327626956085,130,None,High
2023-07-27,Southwest,Supply Chain Solutions,183,239913.8778421016,67593.29968770032,59,70.4801368419146,50,None,Normal
2023-06-26,Midwest,Dedicated Contract Carriage,246,649966.8404939322,172140.9080958729,62,82.75756311853394,159,None,Normal
2023-01-07,West,Dedicated Contract Carriage,123,269539.44696939434,87082.10933041913,21,44.913638564214956,57,None,Low
2023-06-26,Midwest,Distribution Center Management,261,314258.20448796276,51968.190031353995,93,56.580744877055814,163,None,Normal
2023-09-23,Southwest,Supply Chain Solutions,78,236632.23738338394,31364.028141116225,22,57.472190282547416,110,Severe,Low
2024-05-06,Northwest,Distribution Center Management,219,368829.5265175519,115965.89487073655,50,71.4069629847645,80,None,Low
2024-07-16,Northwest,Distribution Center Management,206,602593.3791840251,164880.83291211794,52,45.540196231200554,141,None,High
2023-06-23,West,Fleet Maintenance,149,286958.11049781885,146427.46303273202,44,75.35871390645379,97,Moderate,Normal
2023-09-09,Northeast,Fleet Maintenance,66,145604.33780322183,31844.84489423151,85,58.527482619346706,85,Minor,High
2023-12-25,West,Distribution Center Management,244,521184.767693732,167562.52499110528,70,48.86777161639303,140,Moderate,Normal
2024-08-09,West,Distribution Center Management,149,188397.117295305,40333.12620063696,78,81.06416526117471,183,None,Low
2023-02-15,West,Fleet Maintenance,237,526952.3277383306,71256.05914404099,21,50.218581907085905,71,None,High
2023-02-17,Northwest,Supply Chain Solutions,214,298827.27748622413,47919.22991084328,72,92.00914203524063,111,Moderate,Normal
2023-04-23,Southeast,Supply Chain Solutions,79,124223.33726057732,17923.580051002788,57,52.18542730842712,149,None,Normal
2024-06-06,West,Freight Management,152,149997.52266355604,77938.8100259333,80,52.96790775703707,88,None,Normal
2023-06-25,Midwest,Freight Management,61,107302.00588915756,15744.231813055845,56,77.06865412295545,107,None,Normal
2023-06-13,Midwest,Distribution Center Management,146,204118.50408098195,47459.102890908965,71,86.54301843933155,115,Moderate,Normal
2023-07-31,Southeast,Fleet Maintenance,183,251471.40152495724,40350.51606364606,25,35.8567902040268,58,Severe,Normal
2023-06-19,West,Transportation Management,332,378916.92569389706,111853.27348778854,94,72.17179205573767,170,Moderate,High
2023-07-23,Southwest,Transportation Management,56,140099.69669691834,19569.477387753508,71,34.10262907173377,166,None,Normal
2024-12-25,Northwest,Freight Management,168,307335.71306327503,44450.35310927437,52,61.490345709963904,113,None,Normal
2024-02-21,Southeast,Freight Management,260,326534.57684079814,108223.66578233326,98,73.60353374847428,149,Minor,Normal
2024-11-11,Southeast,Distribution Center Management,77,111630.71543439467,48123.63125070943,41,61.863746140828454,127,Minor,Normal
2023-06-28,Southeast,Transportation Management,129,164901.6397938177,52403.53388648364,96,78.36134300670523,82,None,Normal
2024-06-24,Southwest,Transportation Management,165,267089.5664055119,46572.77019165426,98,69.82844320502744,88,Moderate,Low
2023-02-23,Southeast,Transportation Management,331,367830.10653410514,62944.677978858,66,83.36975183011872,127,Moderate,High
2024-03-05,Midwest,Supply Chain Solutions,197,531518.8425614064,100164.0951812427,46,65.97899515614453,150,None,Low
2023-04-28,Midwest,Fleet Maintenance,246,477640.27583764325,136433.95074936806,42,43.90653681769813,83,None,Normal
2023-03-01,West,Transportation Management,214,468882.45737553766,254587.29400600464,29,74.32246610887928,134,Severe,Normal
2024-06-04,Southeast,Freight Management,143,181411.43377337352,173791.33331669724,41,79.22501934368995,173,None,Normal
2024-07-24,Midwest,Fleet Maintenance,147,355930.20022086805,69066.62204497072,64,57.9404722508509,199,None,Low
2023-04-03,Southwest,Fleet Maintenance,278,555836.5300043646,146437.14673698635,53,81.75717983924484,141,None,High
2024-12-17,Northeast,Supply Chain Solutions,159,232211.91730982854,55307.96947544733,40,36.924679710186375,181,None,Low
2024-06-04,Northeast,Freight Management,222,353633.3913686157,133116.2217357994,64,44.350982228516315,156,None,Normal
2023-09-07,Midwest,Fleet Maintenance,142,174732.5412304405,70209.53765312125,99,73.16762246712759,87,None,Low
2024-03-30,Southwest,Freight Management,118,250006.1957573545,102979.98959173055,91,27.495239600940142,71,None,Normal
2024-03-17,Northwest,Freight Management,184,312354.7073439077,79802.82601610775,37,70.18678760110879,83,None,High
2024-12-11,Southwest,Distribution Center Management,174,268000.9738786027,39261.61556231641,55,77.5221470884894,186,None,Normal
2023-02-16,Northeast,Supply Chain Solutions,213,407863.843506879,96149.62751426591,84,44.41201920562987,119,None,Normal
2024-01-27,Midwest,Fleet Maintenance,130,322743.699531693,49640.213940433954,92,37.121262298078314,93,None,High
2024-08-24,Northeast,Freight Management,93,170452.60319474927,72959.66581886388,79,35.927422185362815,78,Minor,High
2023-11-02,Southwest,Fleet Maintenance,138,221621.48345687802,100233.35819584974,37,62.88207342988621,199,None,Normal
2023-02-05,Northeast,Freight Management,109,237810.05078878035,59924.13675546246,39,61.68029437975253,176,None,Normal
2024-12-09,Southwest,Fleet Maintenance,82,144557.940468845,17826.05211850564,84,60.84951504783665,95,None,Normal
2023-07-02,Northeast,Dedicated Contract Carriage,116,259876.47800812373,46599.55517401693,60,74.50785867229561,186,None,High
2023-04-14,Southwest,Supply Chain Solutions,181,350863.20074985403,46195.97213547959,90,88.22991827319927,52,None,High
2023-07-09,Southeast,Distribution Center Management,70,124230.08385867681,17599.19501501213,88,55.19653651800665,177,Minor,Low
2023-09-09,Southeast,Distribution Center Management,65,172910.06609957133,32539.012014476015,33,73.00985948036364,70,None,Low
2024-11-07,West,Transportation Management,128,205750.01263841818,56454.661337121746,84,65.39983346429968,79,None,Normal
2023-01-16,Northeast,Transportation Management,174,325616.73960494826,76883.19088999578,36,65.10807859849031,151,None,Low
2023-07-21,Southeast,Transportation Management,172,345635.27561581775,55676.3559719805,46,43.04498368918215,178,Minor,Normal
2024-05-27,Northeast,Dedicated Contract Carriage,135,442733.44478106184,150681.97432218224,22,62.71901975371047,63,None,Normal
2024-04-09,Southwest,Fleet Maintenance,168,412514.30692966847,120061.92983848212,50,57.16364129759038,92,None,Low
2024-03-08,Northwest,Fleet Maintenance,218,549391.1063994466,105804.22056008657,91,51.321991416018165,88,None,Normal
2024-04-22,Northwest,Transportation Management,181,331972.48326230154,84002.97721456682,78,65.5411409022984,67,None,Normal
2024-04-26,Midwest,Fleet Maintenance,188,382383.1304539607,129074.57854662064,30,71.51218593934585,119,Minor,Low
2023-09-16,West,Fleet Maintenance,48,101591.55768739237,13301.572709921154,50,68.67513308126034,71,Minor,High
2024-07-03,Midwest,Freight Management,160,432953.2255337792,99403.89147925231,64,58.16542924976474,81,None,Normal
2023-06-14,Southwest,Supply Chain Solutions,151,261599.6545715516,67583.01584768663,66,93.49481506246586,159,None,Normal
2024-06-03,Southeast,Freight Management,209,494908.8704644684,46159.889687604584,51,39.195811645723154,147,Moderate,Normal
2024-10-25,Midwest,Transportation Management,139,278251.3024031111,124311.26636585467,70,75.73237572933563,156,None,Normal
2023-02-12,Midwest,Fleet Maintenance,108,239937.34489058325,27887.622313538086,67,66.53523841139001,60,None,Low
2023-07-12,Midwest,Distribution Center Management,233,412695.46594205283,175608.49602258293,78,21.899932507275864,83,None,Normal
2024-09-06,Northwest,Freight Management,125,342889.69312336657,65328.21926050336,47,63.22597609343896,58,None,High
2023-02-14,Northeast,Fleet Maintenance,307,594575.5892599868,174493.74492649504,22,73.33802656416113,83,None,Normal
2024-10-15,Southwest,Transportation Management,194,464025.6602242611,157024.97872137994,89,37.65616956744529,134,Minor,High
2024-06-14,Northeast,Fleet Maintenance,155,366441.35757535906,84706.88975428596,95,70.93730635217062,192,Minor,Normal
2023-03-10,Southwest,Dedicated Contract Carriage,156,347349.5881298724,73056.93086126013,99,64.62790304692419,136,None,Normal
2023-01-28,Northwest,Freight Management,114,297897.84822695295,59633.29775531493,84,63.82261601002537,106,Moderate,High
2024-04-18,Southwest,Fleet Maintenance,140,263788.04291921825,14167.368993910555,24,53.02542985265342,151,None,Normal
2024-12-28,Southeast,Transportation Management,77,123680.34793731406,21590.23098168815,48,65.57294411512616,126,None,Normal
2023-09-03,Southeast,Supply Chain Solutions,40,64383.901231537835,16219.516181505056,99,77.11526672614511,180,Minor,Normal
2023-04-25,Southwest,Distribution Center Management,170,284461.2522474415,55620.279757564065,58,54.78669287369613,156,None,Normal
2023-09-04,Southeast,Transportation Management,88,152036.24922584323,19010.831518147177,89,61.90224940752126,107,None,Normal
2023-04-02,Northeast,Transportation Management,116,184449.19429786102,32829.96053504297,98,70.68797860019399,103,None,Normal
2023-07-11,Northwest,Dedicated Contract Carriage,177,416575.70891709893,72678.61286808571,56,56.80563642551459,79,Severe,Low
2024-02-14,West,Distribution Center Management,281,466607.8734892304,62061.84375254977,75,69.13199522233126,176,Moderate,High
2024-09-13,Northeast,Dedicated Contract Carriage,156,174474.0111464019,85000.69190111688,77,71.35445961344536,96,Minor,Normal
2023-01-03,Southwest,Transportation Management,163,319269.38176399516,84946.04485476337,80,57.664405502101545,59,None,Normal
2024-07-04,West,Transportation Management,136,271181.8820038075,52308.72738656148,99,79.01844153458197,181,None,Normal
2024-07-23,Northwest,Transportation Management,119,266094.99360604887,49356.022205534275,84,70.81085613922347,135,None,High
2023-02-05,West,Freight Management,133,268285.30856774095,44544.57329416427,51,57.80003469292927,144,Minor,Low
2024-12-06,Northeast,Distribution Center Management,127,182449.8177825493,75500.88271974643,41,56.180861792496,50,None,Normal
2024-03-08,West,Dedicated Contract Carriage,195,176997.48610896053,99194.10904970413,71,87.54671994670362,156,None,Normal
2023-06-17,Southwest,Transportation Management,146,262536.6722939859,40868.66382150378,99,56.109735514695494,114,None,High
2024-11-26,Northeast,Freight Management,137,273209.81967840885,33638.72771571342,49,60.70313394229363,187,None,High
2024-05-09,West,Fleet Maintenance,144,289929.3597923379,119294.30326946007,50,46.48227174622744,173,None,Normal
2023-11-11,West,Distribution Center Management,46,116675.27553626518,21089.22050153122,57,73.8540526355599,75,Minor,Normal
2023-10-08,Southeast,Distribution Center Management,73,155778.9849562065,38588.89132438269,21,69.32644676748536,130,None,Low
2024-01-02,Midwest,Freight Management,125,212372.65577563096,119030.79214371249,81,74.90344848015307,188,None,Low
2023-05-15,Northeast,Supply Chain Solutions,175,245404.7874330164,73394.30054554161,82,30.424818637048844,165,Moderate,High
2023-11-15,Midwest,Fleet Maintenance,194,352203.8983746496,45018.51453951981,35,65.03541571469692,86,None,Normal
2024-04-02,Northeast,Transportation Management,231,352576.621085852,139670.59952326096,73,78.3748798421062,85,None,Normal
2024-01-20,Southwest,Freight Management,131,291702.48955667444,39975.09626521676,72,57.161589075319405,194,None,Normal
2023-12-02,Northwest,Distribution Center Management,60,120816.24912813448,25042.764646170723,30,64.82459890206349,118,None,Normal
2023-01-27,Midwest,Freight Management,228,484085.44124982116,71263.06159976602,62,48.54399901799888,169,None,Low
2023-04-10,West,Freight Management,298,419389.5222795164,124227.87799899113,59,62.46802681264888,138,Moderate,Normal
2023-09-28,Southeast,Supply Chain Solutions,153,316583.56043227756,100170.01450860176,83,92.59943563987098,82,None,Normal
2023-12-20,Southeast,Supply Chain Solutions,199,390484.83240481705,82546.30504547404,64,59.33219297703395,166,None,Normal
2024-06-19,Northwest,Dedicated Contract Carriage,208,259142.36318057784,57355.66568726981,78,89.48877651690039,139,None,Normal
2023-02-16,Southeast,Dedicated Contract Carriage,146,249860.4928867349,42724.193334069074,45,67.62529455044421,51,Minor,High
2023-09-03,West,Distribution Center Management,84,187426.51477729005,27762.209787870877,66,62.87131759453929,84,None,Normal
2023-06-22,Southeast,Distribution Center Management,195,351367.6434053878,82481.21392425391,99,55.75421753613655,193,None,Normal
2023-03-22,Southeast,Transportation Management,312,812716.4135180791,74267.64982224737,28,52.6168665050367,199,Minor,Normal
2023-03-03,Midwest,Distribution Center Management,282,534107.6943279142,185593.24942548454,42,64.31216198253664,104,None,Normal
2023-09-20,Southeast,Transportation Management,146,198081.4127322527,22965.671283526386,85,87.25335405337324,93,None,Normal
2023-03-14,Midwest,Fleet Maintenance,231,567883.5383606768,102948.076122696,64,63.76917276990005,98,Severe,Normal
2023-12-25,Southeast,Supply Chain Solutions,159,250280.5477599608,38215.83576872273,92,45.418027084567534,123,None,Normal
2023-06-11,Midwest,Supply Chain Solutions,119,361337.1945354512,23306.706410730632,92,69.24453264255133,144,None,Normal
2024-07-02,Northeast,Supply Chain Solutions,267,466431.4428378097,165996.23077482896,27,64.88511886888934,178,None,Low
2023-11-10,Northwest,Distribution Center Management,70,88914.02359702266,12456.672741811493,72,77.96333584695816,159,None,Normal
2023-10-31,Northeast,Fleet Maintenance,135,197023.19910467093,38077.99600162585,85,59.064855725189055,170,None,Normal
2024-09-30,Northeast,Supply Chain Solutions,136,358288.7442423163,38020.614030073964,73,50.94511719413174,97,None,Low
2024-01-16,Southwest,Supply Chain Solutions,165,463260.1626269122,129578.30147454985,44,35.50545979462615,126,None,High
2024-11-15,Southeast,Transportation Management,115,226575.81125005306,35836.68155588526,28,59.84392461236469,93,None,Normal
2024-02-26,Southwest,Transportation Management,228,504743.6922902983,84611.02659186206,49,72.02984216148498,97,None,Low
2023-07-19,Midwest,Transportation Management,124,236835.79142967492,56972.22938871033,60,58.37945033464462,170,None,Normal
2024-04-17,Midwest,Fleet Maintenance,203,491948.26885100524,102538.5114132393,94,37.493056773880035,199,None,Normal
2024-09-11,Northeast,Dedicated Contract Carriage,110,154925.69043523388,99110.34297443442,89,67.66027131176887,55,Minor,Normal
2023-09-26,Northwest,Transportation Management,163,389526.1443625445,56098.964497183,88,61.934585580638725,149,None,Normal
2023-12-19,Northwest,Dedicated Contract Carriage,180,429835.98010362417,76607.33500962441,58,74.02827469706146,190,None,Normal
2023-07-15,Northwest,Fleet Maintenance,59,117322.77539626881,15260.546785916646,51,64.59213761008205,144,Minor,Normal
2023-05-04,Northwest,Fleet Maintenance,169,389324.94801836554,51042.480150734635,58,46.25621064866788,80,None,Normal
2023-10-21,West,Supply Chain Solutions,69,110386.6278401933,14689.839047330526,40,86.21001597142535,176,None,Normal
2023-09-27,Northwest,Fleet Maintenance,105,182386.79430602488,74429.95630383541,71,70.57585142797231,108,None,Normal
2024-09-30,West,Transportation Management,83,146253.95900175796,59529.11813847783,74,80.33239666095079,109,Minor,Normal
2024-10-24,Southeast,Freight Management,188,270642.9648729841,69583.64672639483,78,81.56012485030315,82,Minor,High
2024-01-20,Northeast,Fleet Maintenance,85,199790.66953045139,21223.8990936048,60,67.8859496628968,125,Moderate,Normal
2023-06-04,Midwest,Supply Chain Solutions,79,190851.15790552608,40920.34131860891,45,76.90273235757147,124,None,Normal
2023-09-30,West,Dedicated Contract Carriage,94,174115.95211635478,53953.07307178186,23,68.23021756302053,89,Minor,Normal
2024-09-01,Northwest,Transportation Management,58,117337.39351594927,20590.474720012033,60,42.13334704221472,50,Moderate,Low
2023-11-23,Southeast,Supply Chain Solutions,178,560183.559038547,83023.4944371756,30,69.92279125704523,74,None,Normal
2023-08-27,Southeast,Freight Management,38,87467.94504254755,11713.408908730846,74,66.08876339926633,125,None,Normal
2024-04-04,Northwest,Dedicated Contract Carriage,249,418030.15930426866,148020.27368007484,27,87.74967966588282,186,None,Normal
2024-07-28,West,Transportation Management,79,179452.90889211016,38326.114571534345,42,52.51058041498043,188,Moderate,Normal
2023-06-14,Northwest,Transportation Management,190,466178.11875391455,109355.29558212284,63,63.55651203401155,78,Minor,Low
2024-05-06,Northeast,Freight Management,195,383072.36019148596,139281.74702174732,53,56.47057365378482,197,None,High
2023-02-11,Southwest,Freight Management,93,168122.6985990087,33106.96793253176,42,58.77683693741085,119,Minor,Normal
2024-09-25,Southeast,Freight Management,136,291573.1895901094,40254.225700229035,64,51.77953988615426,61,None,Low
2023-08-24,Northwest,Dedicated Contract Carriage,128,334987.3975801413,82601.9582504382,20,76.69856754775466,145,None,High
2024-02-12,Northwest,Dedicated Contract Carriage,157,403671.38650951296,26982.554143602538,90,84.36002237240201,168,Severe,High
2023-05-16,Southeast,Transportation Management,262,432620.8796881239,59699.84660733604,72,49.50551500187113,129,None,Normal
2023-09-19,Southeast,Transportation Management,165,227968.50666797222,81364.29643256882,38,45.116402492451975,120,None,High
2024-10-22,Northeast,Fleet Maintenance,77,167840.57819085085,17359.14211015112,68,37.292991778411505,89,Severe,High
2023-04-18,West,Supply Chain Solutions,301,538958.9707331877,167893.38722423435,58,89.76510616612484,151,Severe,Normal
2023-04-21,Southeast,Fleet Maintenance,274,359849.84862621594,198834.96989988285,72,75.63519734860904,148,None,Low
2023-08-01,Northeast,Supply Chain Solutions,176,386049.9682636458,62778.51348352525,75,69.68577602220176,181,None,Normal
2023-07-28,Midwest,Transportation Management,178,396041.50135216495,56042.58295602977,42,90.0702964714136,129,None,Normal
2023-09-05,Midwest,Supply Chain Solutions,129,284443.9847585803,79203.55532304732,87,98.21380405395212,104,None,High
2023-07-07,Northeast,Freight Management,207,499585.0172322266,54954.93777465959,35,36.5591244007627,149,None,High
2023-12-18,Northeast,Distribution Center Management,94,150755.01724431038,28375.1766288906,65,43.23693303459593,137,Minor,High
2024-12-25,Northwest,Distribution Center Management,134,273058.4942137866,59781.00261220954,42,89.107517353329,169,None,High
2023-01-29,Northeast,Fleet Maintenance,88,158266.3547049919,48009.61202245701,56,83.24079669019659,142,None,Low
2023-07-16,Southeast,Freight Management,81,154797.155503643,51098.95195638187,21,65.51349121589016,155,Minor,High
2024-10-14,Northwest,Distribution Center Management,127,287290.2910928687,59418.35444182804,99,63.69288941415926,69,Minor,Normal
2023-05-21,West,Distribution Center Management,94,227404.70557753372,34294.465349882725,64,49.25342118459775,108,None,Normal
2023-06-20,West,Freight Management,214,400887.21535723604,56057.18806691658,59,35.25277077763255,120,Moderate,Low
2023-01-15,Midwest,Transportation Management,85,111455.8938466724,14264.384616947846,87,57.83051867655686,120,None,Low
2023-03-29,Southeast,Fleet Maintenance,181,279802.57344117964,263647.50824218144,41,81.03496831247138,157,Moderate,High
2023-04-23,Northeast,Distribution Center Management,115,264876.5536239353,31939.04610666779,84,65.61694274458378,178,Minor,High
2023-02-22,Southeast,Transportation Management,160,456052.2406572686,63776.96505739653,95,71.64465856722381,56,None,Low
2024-01-09,Northeast,Supply Chain Solutions,233,479106.69797460316,150050.72969967054,41,50.97698991802305,120,None,Normal
2023-01-24,Northeast,Distribution Center Management,176,425208.936844787,46853.50196693154,67,35.755749561099215,59,Moderate,Normal
2024-10-12,Northwest,Fleet Maintenance,86,162092.5044113716,26556.955282964525,52,78.75759913091774,140,None,Normal
2024-05-14,Northwest,Dedicated Contract Carriage,284,693708.8284949765,112210.13539135833,30,63.75944363777787,57,None,Normal
2023-01-06,Southeast,Supply Chain Solutions,174,299781.89631664613,69087.09567264492,86,45.23355871018125,102,None,Normal
2024-04-05,Midwest,Freight Management,244,529549.6613819926,115040.26153112625,66,32.03473599841663,110,None,Normal
2024-09-13,Northeast,Supply Chain Solutions,89,135527.64641063946,21928.86973269795,85,71.07929440733791,191,None,Normal
2023-12-09,Southwest,Dedicated Contract Carriage,41,95096.16897656558,14843.47094655915,71,81.77587249638513,114,Minor,Normal
2024-04-04,Northeast,Distribution Center Management,276,754216.0208640286,183288.66430049564,47,58.10892845292873,111,None,High
2023-12-02,West,Freight Management,52,69921.62218478331,22928.59310767287,44,61.748389264819735,132,Moderate,Normal
2024-08-20,Midwest,Supply Chain Solutions,129,316431.10191303643,65467.2896393148,26,85.24391756747443,181,Moderate,High
2023-07-17,West,Transportation Management,117,227690.97096123925,36268.47320226766,90,58.21110298267572,97,None,Normal
2023-01-21,Southwest,Transportation Management,103,159492.802824361,33388.85920210576,36,25.05919676404769,122,Severe,Normal
2024-08-15,Southwest,Dedicated Contract Carriage,153,241142.9166836135,66726.28878854042,27,61.58234549295785,112,Moderate,Normal
2023-08-20,Northeast,Freight Management,74,115092.26853236876,29734.318791068716,43,60.75956804990462,160,None,Normal
2024-07-23,West,Distribution Center Management,123,164662.90276604216,39302.58108130847,42,45.604637861709946,154,None,Low
2024-02-08,Southeast,Dedicated Contract Carriage,211,424176.2554928065,68056.92753116408,86,60.26979337558501,117,None,Normal
2024-01-09,Midwest,Dedicated Contract Carriage,164,435830.7200013562,50513.02837861319,68,77.90981580997178,199,None,Normal
2024-04-28,West,Dedicated Contract Carriage,101,267241.657117677,19839.336540163946,32,74.21754179730522,120,Severe,Low
2024-04-10,West,Fleet Maintenance,192,413170.6026048523,113932.41701046439,71,57.18841011179443,66,None,Normal
2024-07-20,Southeast,Fleet Maintenance,82,140160.01881476783,13820.88781396714,90,53.11214601845894,78,None,Normal
2024-06-27,West,Supply Chain Solutions,198,418841.5906067237,198228.41945452132,37,49.74566448032251,141,None,Normal
2024-01-18,Northwest,Supply Chain Solutions,227,466733.18631656223,106244.06948456228,25,78.54615596270614,199,Minor,Low
2023-02-07,Northwest,Supply Chain Solutions,131,176053.5214253126,86532.0812575036,77,52.08268031255996,116,None,Normal
2023-02-18,West,Transportation Management,134,335844.202036991,48245.28682949891,53,38.22896299438654,149,Moderate,Normal
2024-07-10,Southeast,Supply Chain Solutions,261,498462.7586733254,99638.01100675196,23,43.990532761486655,165,None,Normal
2023-03-17,Northeast,Supply Chain Solutions,322,140675.27553133987,105912.60458610172,67,80.97656980461375,159,None,Normal
2024-12-09,Northwest,Freight Management,180,371085.2782637595,101681.5448024531,63,57.67937110671518,139,None,Normal
2023-05-23,Southeast,Transportation Management,230,344642.7994885739,126788.0601186675,80,67.7546134608096,115,None,Normal
2024-03-14,Southwest,Distribution Center Management,238,785264.919359382,257799.55424793996,27,40.92878595483686,130,None,Normal
2024-12-05,Midwest,Freight Management,140,222350.35488996553,50344.230605660676,66,66.37335407653701,76,None,Normal
2023-02-15,Midwest,Distribution Center Management,233,270112.13038963504,61978.6367808661,53,47.64712039053504,62,None,Normal
2024-09-12,West,Freight Management,157,242152.94800269295,31852.86155977705,71,56.54607566177435,181,Minor,Normal
2023-01-22,Southeast,Distribution Center Management,73,183342.55432135286,16562.025659695362,74,51.68367694623692,96,None,Normal
2023-07-25,Northeast,Fleet Maintenance,104,241528.88429470817,63327.578258113586,39,68.41948865004582,182,None,Low
2023-07-24,Northwest,Transportation Management,146,198460.9851055312,48285.29710191097,81,71.56626644609089,178,Minor,Normal
2024-06-30,Northeast,Distribution Center Management,89,185253.76591814353,28360.90922901629,88,83.83366397289115,92,Minor,High
2024-04-26,Midwest,Fleet Maintenance,329,531329.0139733662,209878.65486226795,81,78.66498527960121,178,Minor,High
2024-11-02,West,Distribution Center Management,66,115291.28166401877,22156.957859952705,27,72.15738757541577,157,None,Normal
2024-09-16,West,Freight Management,183,321798.763985685,86164.83817290438,40,62.94625959731249,137,None,Normal
2023-04-10,Northwest,Transportation Management,167,273011.5557234577,58774.308497778926,39,62.24888254650538,92,None,Normal
2023-03-04,Midwest,Distribution Center Management,127,279612.20912934357,46148.74661725902,26,72.53581376461595,165,None,Low
2023-11-09,Midwest,Freight Management,139,241830.8997381093,84015.27903184072,79,50.357909556126515,191,Moderate,Normal
2023-02-22,Northwest,Freight Management,267,402459.48561622476,163921.9242982215,77,76.70285666021549,107,Minor,Normal
2024-12-02,Southwest,Supply Chain Solutions,143,213940.2506847373,34554.428582863555,42,42.4023464893871,178,Minor,Normal
2023-12-07,Northeast,Transportation Management,153,368509.4650321435,28323.45926768621,43,82.0647226061411,127,None,Normal
2024-01-18,Southwest,Dedicated Contract Carriage,196,577129.802043175,53004.37784644507,49,62.832622392438395,148,None,Low
2024-10-05,Midwest,Transportation Management,50,55955.574783209115,23790.623229060922,49,54.2585956054041,132,None,Normal
2023-11-18,Southeast,Freight Management,54,107921.69219103812,16278.892295583077,39,68.90231854332205,51,Severe,Normal
2024-05-19,Northwest,Fleet Maintenance,148,149143.9458525597,24877.01539171115,99,70.64305004051711,156,None,Normal
2023-08-01,West,Distribution Center Management,152,261042.1107599878,79719.10794533395,95,68.13331709751341,154,None,High
2023-12-03,Southeast,Transportation Management,91,269651.5176562904,69851.02336689156,37,83.0605140793815,94,None,Normal
2023-02-25,West,Fleet Maintenance,112,137303.7022941666,78885.19087577196,99,30.52957374319365,114,Minor,High
2023-09-20,Northwest,Freight Management,78,254441.62824979387,58915.69396262458,38,66.87579480411796,95,Moderate,Normal
2024-07-27,Midwest,Distribution Center Management,80,182693.59931169468,37293.106809850375,49,83.3801548252751,138,None,High
2024-05-13,Midwest,Supply Chain Solutions,256,828466.8785547805,79519.01727058565,82,70.90335270325465,138,None,High
2023-03-30,Southeast,Fleet Maintenance,276,633509.4015572496,134807.84393897187,25,76.00855646250781,115,None,Normal
2024-06-25,Midwest,Freight Management,204,286601.8161886865,48786.93179155803,23,58.07663052962957,161,None,Normal
2024-06-25,Midwest,Fleet Maintenance,154,201521.21378577506,84435.79983812384,22,45.92394967640746,166,None,Normal
2024-10-20,West,Supply Chain Solutions,65,118090.0226265122,24843.710527685555,25,91.54055220921067,168,None,High
2023-03-25,West,Dedicated Contract Carriage,101,246688.29135977553,55106.682028474956,41,89.40361578701553,132,None,Normal
2023-08-11,West,Transportation Management,107,204120.29490841934,47415.68065081616,68,43.8549121159391,118,None,Normal
2024-12-04,Southeast,Dedicated Contract Carriage,177,294155.3518993579,63415.76653197102,59,86.77885657137168,159,None,High
2023-05-08,Midwest,Dedicated Contract Carriage,207,273272.3195117152,160607.09975478132,52,21.735802126055855,86,None,Low
2023-10-12,Midwest,Dedicated Contract Carriage,161,337788.5934820789,66199.86331596563,90,61.70311316242636,177,Moderate,Normal
2023-04-11,West,Fleet Maintenance,198,259493.03612455024,58265.229407362734,38,52.034069298318094,150,None,Normal
2024-01-06,Northeast,Fleet Maintenance,117,245345.36996596496,59137.312712912215,74,66.91350377536415,159,None,High
2024-03-02,Southeast,Distribution Center Management,91,217340.31746536272,37709.68095637891,60,87.28535857616504,190,Minor,Normal
2024-12-19,Southeast,Dedicated Contract Carriage,79,181913.01532377253,13331.961351864864,25,53.811493005387455,164,Moderate,Normal
2024-10-13,Southwest,Fleet Maintenance,78,135778.0908445601,17316.53625780619,98,55.89093822467737,116,Moderate,Normal
2023-06-16,Northwest,Freight Management,204,359635.3081266343,122197.33576747004,20,39.21482478447966,191,None,High
2024-03-24,Midwest,Dedicated Contract Carriage,156,311140.6744222553,46924.287570125605,50,39.37024211447557,107,Severe,Normal
2024-10-01,Northeast,Dedicated Contract Carriage,137,241012.490472031,66473.54749444878,61,78.12792653063289,188,Minor,Normal
2024-11-19,Northeast,Supply Chain Solutions,200,483659.632122104,118765.05286683924,89,76.69560323374466,193,None,Normal
2023-03-06,Southwest,Dedicated Contract Carriage,162,246977.87915492375,46976.19658985854,86,80.17408996884049,82,Minor,Normal
2024-06-13,Midwest,Fleet Maintenance,234,521355.9116282,53824.092326755446,38,66.12245087581898,125,Moderate,Low
2024-08-20,West,Distribution Center Management,198,385368.72512971965,36559.63737740439,48,49.42128827815451,106,Moderate,Low
2023-08-31,West,Transportation Management,151,380654.1838525119,74345.34498963949,57,57.42705807579524,69,Severe,Low
2023-12-21,West,Dedicated Contract Carriage,184,412574.822062355,300940.86808092135,65,65.7677591443342,160,None,Normal
2023-07-02,Southwest,Dedicated Contract Carriage,63,112665.47528929092,15876.086106625698,89,70.37294963514644,182,None,Normal
2024-02-19,West,Dedicated Contract Carriage,309,632220.2406319322,163732.2772713686,60,57.7227906117113,56,None,Low
2023-03-27,West,Transportation Management,236,454372.86660036625,92098.14065852734,53,70.9841075224351,66,None,Normal
2023-12-20,West,Fleet Maintenance,242,625948.9777369071,44184.53991959795,40,31.733149604255832,50,Moderate,Normal
2023-11-02,Northeast,Distribution Center Management,134,336510.9969504483,54397.75001839062,66,43.224516546546155,180,Minor,Normal
2023-04-03,Northeast,Transportation Management,279,719675.7434161209,192925.4419705439,38,65.09253028128744,134,None,Normal
2024-01-20,Southwest,Transportation Management,119,269181.51962112327,37741.704581056816,78,76.64945887854995,121,None,Normal
2023-01-08,Southeast,Transportation Management,58,117588.66322679441,30208.802620685758,23,76.76869632965048,51,None,Low
2023-03-24,Northwest,Transportation Management,236,750909.6295614131,101438.53700770084,33,68.45654512501696,197,Moderate,Normal
2024-01-11,Midwest,Freight Management,80,185920.4613509113,25070.640879622348,92,51.47551950399388,116,None,Normal
2023-05-16,West,Distribution Center Management,235,330752.5058047926,82898.38640159725,28,70.05843823480708,81,None,Low
2024-11-18,West,Distribution Center Management,110,321459.716426691,12657.434277084818,41,72.71029232900872,185,Minor,Normal
2024-07-07,Southwest,Transportation Management,66,149010.31666323898,22281.071721594024,80,48.54705687873175,127,None,Normal
2023-01-12,Northwest,Dedicated Contract Carriage,187,354633.13810653077,40240.3280809927,97,63.14558093209385,99,Severe,Normal
2024-11-15,West,Freight Management,227,497213.0176142215,75479.09171356716,21,86.73133615957839,95,None,Normal
2024-02-05,Southeast,Transportation Management,152,430778.54420638416,46936.05413072251,60,60.05291047131559,65,None,Normal
2024-01-23,Midwest,Freight Management,214,690712.2119313794,80023.34936324049,34,40.90175740279619,64,None,Normal
2023-10-07,Northeast,Transportation Management,59,58906.57573653595,29935.89995619917,64,80.38945239884478,76,None,High
2024-01-19,Southeast,Transportation Management,193,343045.58757243946,140197.34535365112,58,76.09494815906743,177,None,Normal
2023-11-22,Northeast,Transportation Management,145,433669.0502205848,93721.00900697566,65,68.63908571805894,177,None,Normal
2024-09-05,Southwest,Dedicated Contract Carriage,168,318402.2491659802,83984.46257169268,88,61.53494196553182,71,None,Normal
2024-11-20,West,Dedicated Contract Carriage,44,72751.60683017042,11102.029033875177,54,76.99501392717214,50,None,Normal
2023-07-05,Northeast,Distribution Center Management,275,690488.4915141003,225613.9135269867,91,77.5200697039988,197,None,Low
2023-11-22,Midwest,Dedicated Contract Carriage,150,383186.0311987626,48640.8496381641,76,50.33962914361598,190,Minor,Normal
2023-04-16,Midwest,Supply Chain Solutions,95,180497.338004733,53552.587527186275,84,77.73299553371523,97,None,Normal
2023-04-12,West,Freight Management,306,710873.8372749173,150639.28167488545,72,62.213200078959886,173,None,High
2023-12-30,Southwest,Distribution Center Management,113,167655.94780093027,100676.12301979157,60,67.65504285536908,186,None,Normal
2023-09-06,Northwest,Freight Management,196,435584.6699156199,59339.537932223204,93,57.77822724574311,100,None,Normal
2023-06-22,Midwest,Fleet Maintenance,259,565400.5657821557,162193.3802598958,38,61.92015290081291,95,Moderate,Normal
2024-01-23,Southeast,Fleet Maintenance,207,625591.2107959364,114262.27369820308,52,47.88317272472771,165,None,High
2023-06-02,West,Dedicated Contract Carriage,225,442405.3138982694,109040.88130712607,64,64.14783490359042,72,None,High
2024-02-28,Southeast,Supply Chain Solutions,201,320978.82776649593,58367.25425810631,39,44.83485943247232,196,None,Low
2023-03-29,Southwest,Fleet Maintenance,200,303860.34136860317,100522.306180453,71,76.83777007860868,106,None,Normal
2023-03-31,West,Freight Management,190,308831.1500798373,140380.5210663478,21,61.823740298241745,85,None,Normal
2024-10-26,West,Transportation Management,63,172400.1075146892,37027.23399101828,87,42.82876313589577,141,None,Normal
2023-12-18,Northwest,Dedicated Contract Carriage,183,413556.3748411229,85201.57121852641,23,88.6708138548042,156,Moderate,Normal
2023-04-30,Midwest,Dedicated Contract Carriage,97,174926.59816496572,30921.958637403273,77,50.36906595339203,59,Minor,Normal
2024-03-07,Northeast,Supply Chain Solutions,293,800264.3777084238,134494.66395761567,56,84.360258132504,178,None,Low
2023-07-01,West,Distribution Center Management,69,159224.0421392323,12452.891785070753,43,31.868957215678062,60,None,Low
2024-03-17,Southeast,Supply Chain Solutions,111,155192.85765522448,118305.02182791336,34,82.30481833384007,131,None,Normal
2024-06-03,Northeast,Supply Chain Solutions,149,294544.8242090537,43347.97929251869,89,50.18388626988391,134,Minor,Low
2023-04-14,Northeast,Dedicated Contract Carriage,266,609470.633373841,72981.88908259558,63,80.95320638698978,165,None,High
2023-08-13,Northeast,Fleet Maintenance,75,173479.8207293817,70642.89386026692,39,48.764180100685735,189,None,High
2023-03-15,Southwest,Supply Chain Solutions,306,511005.3055860531,66078.7449865937,88,74.81582286010345,85,None,Normal
2023-10-04,West,Transportation Management,96,188667.80718486285,125120.30910046717,23,74.37615445764898,63,None,Low
2023-05-12,Southeast,Supply Chain Solutions,171,381238.8831093487,64453.80150399734,78,84.00477762073552,166,Minor,Low
2023-01-04,Southwest,Supply Chain Solutions,108,283053.7117203079,18205.491265881978,89,81.20762269441569,190,Minor,Low
2023-05-09,Midwest,Distribution Center Management,173,251611.65389649945,87933.44059574862,40,81.70775165601862,59,None,Normal
2023-04-25,Northwest,Freight Management,212,538287.8736711227,90996.49533528807,94,84.18637700082874,183,None,Low
2024-10-24,Northwest,Freight Management,81,148768.52659422072,25534.416244072712,89,77.67988304601855,164,Severe,High
2023-07-23,West,Freight Management,53,168138.0499558239,32301.52016744597,74,82.18282492079788,183,Moderate,Normal
2024-06-28,Midwest,Dedicated Contract Carriage,149,213787.6607645025,48128.16961315827,41,94.4426807303232,176,None,Normal
2023-01-06,Northwest,Fleet Maintenance,183,354190.05447359174,96303.24072637042,58,68.28725624478336,59,None,Normal
2023-05-09,West,Fleet Maintenance,238,440730.1651982318,67685.72332955712,55,34.629957969844995,148,None,Normal
2023-10-10,Northeast,Freight Management,83,148217.9131280884,23589.335350482463,49,60.487865484705395,61,None,Normal
2023-01-23,Midwest,Fleet Maintenance,317,571431.1864705486,184652.57211230864,50,37.519295108709585,152,None,Normal
2023-07-24,Southwest,Freight Management,281,499579.04441040574,236527.90470441105,89,42.30775326793604,180,Moderate,Normal
2023-03-13,Northeast,Fleet Maintenance,129,119577.95136335412,42912.580178780736,77,67.78270536600446,64,None,Normal
2024-06-10,Southwest,Transportation Management,194,335716.5889690706,114054.33053382635,66,56.63743690631294,137,None,Low
2023-03-15,Midwest,Freight Management,191,431008.50530162,96356.65519925447,48,65.8096566070288,74,None,Normal
2024-05-26,Southwest,Freight Management,91,164159.31825433343,28491.15417988602,73,62.87800736250476,146,None,Normal
2024-10-23,West,Fleet Maintenance,126,146683.9583788937,17264.24842093604,50,73.97657913369474,137,None,High
2023-04-29,Southwest,Supply Chain Solutions,116,245946.61373743016,43469.0909672974,65,45.803560551763944,159,None,Low
2024-03-23,Southwest,Fleet Maintenance,118,291317.33204601647,87369.2561423429,44,43.45119112069966,177,None,Normal
2024-07-18,Midwest,Supply Chain Solutions,219,372137.7311242259,132419.0636223115,84,85.74167843693151,52,None,High
2024-07-11,Midwest,Fleet Maintenance,219,389258.5496616289,136225.49298459146,54,88.1520458299465,85,None,High
2023-07-18,Northeast,Fleet Maintenance,124,220241.947644572,113798.35972890661,36,55.28266433929144,181,None,Normal
2023-09-01,West,Fleet Maintenance,156,277830.9440234673,76743.42121134467,86,55.55456278687597,97,None,Normal
2024-12-30,Midwest,Distribution Center Management,186,271160.3775307647,71936.15533167345,38,70.83364198865661,101,None,Normal
2024-08-02,Southeast,Dedicated Contract Carriage,155,435853.93418271263,82878.7207577661,85,47.00736670885581,101,None,High
2024-06-24,West,Transportation Management,239,463407.3811796775,77894.50245516715,91,69.3967567317953,60,None,Normal
2023-12-08,Southwest,Freight Management,216,448437.9091113922,120799.92799162211,86,56.9258199421615,173,None,High
2024-07-21,Midwest,Fleet Maintenance,101,244340.4645927837,42411.725700423296,85,46.35460840783074,99,None,High
2023-03-14,Northwest,Supply Chain Solutions,173,326183.9201851418,62764.55619191422,66,37.42208343698037,163,None,Normal
2023-11-13,Southwest,Supply Chain Solutions,104,184909.84616585437,67946.13983330231,51,67.20450484583897,182,None,Normal
2024-11-02,Midwest,Supply Chain Solutions,70,134067.56204957835,43918.21397247226,41,54.87308108745525,70,None,Normal
2024-02-26,Midwest,Supply Chain Solutions,229,435845.4473069617,340869.0335270867,75,82.2663756979844,185,None,Normal
2024-12-10,West,Freight Management,186,387497.3601324247,52976.74510121614,37,89.27269239622376,126,None,Normal
2024-05-30,Southwest,Fleet Maintenance,335,793089.1836452703,122467.69910308767,34,37.537728647904075,142,None,Low
2023-09-27,Northeast,Transportation Management,77,147049.16691628005,26216.82402745777,83,50.976118899020214,50,None,Low
2023-01-18,Northeast,Transportation Management,277,731474.0802014963,297055.6164980447,58,38.36122129698522,52,None,Normal
2024-02-23,Midwest,Distribution Center Management,245,735935.24134227,22143.12734304423,28,72.89784297148631,194,Minor,High
2024-10-29,West,Distribution Center Management,85,172720.03822686494,26094.300877346108,45,45.3374336251107,135,Minor,High
2023-08-09,Southwest,Fleet Maintenance,157,238750.56857021,99008.49729995968,75,62.96883297081881,66,Minor,Normal
2023-04-04,Southwest,Distribution Center Management,283,474426.7937364021,221460.49451981485,39,38.75449431076655,168,Minor,Normal
2024-09-22,Midwest,Dedicated Contract Carriage,86,128427.82189907464,13583.80477310916,81,36.4002161331821,57,Minor,Normal
2024-12-13,Northeast,Fleet Maintenance,199,283901.13655700354,59518.91862547927,73,88.12890967796834,51,None,High
2024-08-25,Northwest,Transportation Management,68,181051.42524275265,47216.091222972726,35,86.05674211621938,118,Minor,High
2023-10-27,Northwest,Dedicated Contract Carriage,119,209830.09216201774,33668.40709982737,60,48.49140246757804,77,None,High
2024-01-08,Northeast,Freight Management,216,641159.9520737994,70451.39973445827,68,80.30984274266015,84,None,High
2023-12-09,Midwest,Fleet Maintenance,99,313944.16347773594,26803.70602916448,95,76.12496752099983,68,None,Low
2024-11-18,Midwest,Distribution Center Management,229,540878.0069187674,183306.78748095754,80,73.31390889295649,131,None,Normal
2023-05-22,West,Freight Management,231,456980.2881401966,111030.4526821429,62,71.25558149789516,144,None,Normal
2024-04-02,Midwest,Freight Management,138,243969.33758625377,21182.16792574198,81,62.23962120392088,75,None,Normal
2023-07-27,Midwest,Fleet Maintenance,177,394687.56091365777,65329.28217882194,86,72.12164177332609,138,Minor,Low
2023-03-27,Northwest,Distribution Center Management,163,336132.5375519816,76902.12774444572,33,58.90312401671886,179,None,Normal
2024-07-09,West,Freight Management,264,555226.2734690544,58357.70300624535,86,53.36249900136354,85,Minor,Normal
2023-12-10,West,Freight Management,72,163263.59204166406,14550.39142231016,55,56.37190971679913,114,None,High
2024-03-27,Southwest,Supply Chain Solutions,236,460286.33426155965,87387.01187149933,96,74.64340150664201,99,None,Normal
2024-05-27,Northwest,Distribution Center Management,232,596400.3310799274,67719.28144416567,41,77.6219120385036,136,None,Normal
2024-12-12,West,Fleet Maintenance,145,309861.871375823,72042.26332131699,87,56.426704163756135,109,Minor,Normal
2023-05-28,Northeast,Supply Chain Solutions,154,324543.79046141234,37350.21767940203,28,67.88431479505233,85,None,Low
2024-12-16,Northeast,Transportation Management,172,272055.584239352,111794.8829555044,76,78.0401690960151,81,None,Normal
2023-10-28,Northeast,Freight Management,77,196214.86853275265,37004.759632656256,26,40.21743339913789,86,Minor,Normal
2024-01-03,Northwest,Dedicated Contract Carriage,190,582547.9695445729,35177.08439922061,62,79.1968528589319,164,Minor,Normal
2024-12-23,Midwest,Transportation Management,209,162226.25609642058,95263.30529247402,90,71.6584061661423,162,None,High
2023-08-06,Midwest,Freight Management,75,151431.30417142026,36282.43122988438,23,40.13870369794282,189,Minor,Normal
2024-09-19,Southeast,Dedicated Contract Carriage,156,424750.07534708595,80887.24994251483,35,48.04008122909307,91,None,Normal
2024-08-20,Midwest,Fleet Maintenance,234,308492.3714068563,79664.06337950673,80,31.97281973055322,132,None,Normal
2024-01-02,West,Distribution Center Management,180,385248.42863332643,50331.79228652968,63,68.52887317161449,95,None,Normal
2024-12-22,Midwest,Fleet Maintenance,56,165564.07676496968,37764.162782091546,44,74.16232399261511,115,Severe,Low
2023-11-19,Northeast,Dedicated Contract Carriage,114,255908.71180773072,41935.38342034704,40,36.160169717972124,90,None,Low
2024-07-27,Southwest,Fleet Maintenance,100,208582.86527698988,20309.42313902114,66,54.9038217567955,104,Severe,Normal
2023-01-31,Northwest,Fleet Maintenance,130,292890.71326786285,24208.48517618168,92,76.3145617317464,53,None,High
2024-02-19,Southwest,Freight Management,151,439993.86011248606,35825.74123870625,38,77.99822075156284,166,None,Normal
2024-03-03,Northwest,Transportation Management,140,267777.25399148825,29857.65888865293,91,77.87973947576806,55,None,Normal
2023-05-12,West,Transportation Management,194,447658.7871744038,105648.35564187185,77,51.07645740296076,60,None,Normal
2024-05-11,Northwest,Transportation Management,85,169903.68215354026,41803.91020578042,82,85.51327893625796,91,None,Normal
2024-01-18,Southwest,Transportation Management,182,465137.10102743166,103246.37907768086,92,63.32264525226232,118,None,Normal
2024-02-29,Southeast,Fleet Maintenance,126,252802.68496922316,87009.15391300789,76,56.41287761750225,79,None,Low
2024-11-22,West,Dedicated Contract Carriage,202,459205.99216688273,35418.70923677769,26,20.143625334685826,173,Minor,Normal
2023-04-06,Southwest,Fleet Maintenance,242,467204.70951285417,235055.19966181903,62,69.73716073584167,96,None,High
2023-11-09,Southeast,Dedicated Contract Carriage,135,235882.2433490269,25063.843420313522,92,32.12684953330837,135,None,High
2024-04-09,West,Fleet Maintenance,289,546766.3548118488,156777.6556264415,80,62.889046506943046,91,None,Normal
2023-01-11,Southwest,Freight Management,180,419117.45538468927,70700.10895157952,86,78.15925071772341,185,Moderate,Normal
2023-05-07,Northwest,Distribution Center Management,94,270069.8447638893,114886.04399472516,92,48.24458252032788,53,None,Low
2024-09-06,Southwest,Dedicated Contract Carriage,101,264261.1261226099,29887.844181356842,91,66.49233724315184,117,Severe,High
2023-03-28,Southwest,Distribution Center Management,196,384508.77058587805,51268.95007268762,64,87.03378971264559,177,Moderate,High
2023-10-03,Northwest,Dedicated Contract Carriage,138,270388.2787950685,27363.65610665083,37,63.72069410074267,54,None,Normal
2023-08-07,Midwest,Transportation Management,169,495280.7963119025,56982.61162284915,74,64.5975769307419,137,None,Normal
2024-08-30,West,Freight Management,166,400134.13757872477,195904.39991795173,73,62.087875438405796,133,None,High
2023-05-26,Southeast,Dedicated Contract Carriage,152,355623.63535732013,122454.44668961524,30,75.05128086979231,110,None,Low
2023-05-07,Southwest,Supply Chain Solutions,84,204615.4144175005,33539.323559451,31,71.09775364461095,139,None,High
2023-10-30,West,Supply Chain Solutions,119,263405.5055188018,43720.98459772429,89,41.97782354925057,65,None,Low
2024-04-23,Southwest,Transportation Management,318,723638.6946002627,127421.82401519814,92,76.56535669545391,127,None,Normal
2023-07-25,Northeast,Dedicated Contract Carriage,176,180780.38327388963,118770.80491799377,91,77.15654724608211,191,None,Normal
2023-05-13,Midwest,Transportation Management,131,333204.7258867041,124912.4097648292,29,63.18034152488159,73,Severe,High
2023-03-19,Midwest,Freight Management,164,401895.05147629353,133664.07036566082,39,78.0708299622446,187,Severe,Normal
2024-06-22,West,Transportation Management,96,73231.17850023165,50728.95758521784,49,47.10639866579931,159,Moderate,Normal
2023-02-20,West,Dedicated Contract Carriage,120,247745.88939700823,48874.45290907298,44,87.88128192874208,96,Minor,Normal
2023-02-22,Northeast,Supply Chain Solutions,322,178299.4451679441,225843.18593130898,54,89.90089185628332,97,Minor,Low
2023-05-29,Northeast,Distribution Center Management,52,48813.15297321577,7539.805521876732,82,59.696876191798985,175,None,Normal
2023-12-17,Northeast,Transportation Management,48,76401.94053923443,27492.729089690394,25,76.0350977532949,181,None,High
2023-09-10,Northwest,Supply Chain Solutions,91,145955.87461671507,22914.23615697408,87,78.15491589550562,164,Minor,Normal
2024-01-07,Southwest,Freight Management,77,173953.64104970667,15806.932234729375,56,85.33843192347341,153,None,Normal
2024-08-13,Northeast,Dedicated Contract Carriage,150,314725.47093326267,69904.67360822891,57,67.46372385862578,190,Minor,Normal
2024-11-20,Midwest,Dedicated Contract Carriage,133,132584.15930897245,66230.16635895253,38,76.63924171179598,137,None,High
2024-01-14,Midwest,Freight Management,79,173233.1593423225,40743.29842118868,96,41.16928298849507,141,None,Normal
2023-08-23,Northwest,Distribution Center Management,213,385354.28173778637,154891.0222217471,68,82.09992065418535,123,Moderate,High
2023-07-25,West,Supply Chain Solutions,127,177468.01453034003,35075.29679453489,62,54.162912313618314,81,None,High
2024-07-18,West,Fleet Maintenance,211,310301.04780082067,138313.54321414247,80,52.09177134858126,139,None,Low
2023-01-24,Northwest,Supply Chain Solutions,168,303977.0409639888,44513.50539928776,68,58.63048246797584,141,Minor,Normal
2023-02-09,West,Transportation Management,273,684653.3801484285,55921.966294996404,91,62.76912028832747,182,Moderate,Normal
2023-05-19,Midwest,Distribution Center Management,277,852936.2846877263,184741.59270729963,57,49.659372740033845,144,None,Normal
2023-09-11,Southeast,Distribution Center Management,108,328645.48909225495,53115.47696328528,20,47.96972365139909,125,None,Low
2023-05-02,West,Transportation Management,216,431013.5462404817,55676.14444266096,47,77.74579516099087,118,None,Normal
2024-05-13,West,Fleet Maintenance,147,235962.4325560894,34813.04169933703,69,74.55079698760187,188,Moderate,Normal
2024-05-27,Northeast,Dedicated Contract Carriage,188,402505.74871242646,170549.6102368201,39,84.00969058337257,160,None,Normal
2023-10-13,Northeast,Dedicated Contract Carriage,132,242502.1012016171,34520.90798669321,71,87.57197288616749,56,None,High
2024-04-06,Midwest,Supply Chain Solutions,122,211485.8797271992,32871.69762763765,82,84.99663814119526,91,None,Normal
2023-03-07,Southwest,Supply Chain Solutions,339,649674.3464513632,148468.26884557182,77,78.51726053656022,158,Minor,Normal
2023-06-17,Northeast,Transportation Management,63,173675.63840174902,36006.364102052845,79,90.23396654818862,73,Minor,High
2023-01-09,Southwest,Dedicated Contract Carriage,88,169860.69764135958,30866.240364495527,52,65.92583952810426,78,None,Low
2023-06-16,Southeast,Transportation Management,85,200400.9265835593,28469.934714245468,42,87.31775691061715,178,Minor,Normal
2024-05-16,Northeast,Transportation Management,115,195895.844432374,54340.36451047644,48,59.01371548184275,129,Minor,Low
2023-01-16,Northeast,Distribution Center Management,216,411425.8156882783,96345.75654842898,96,34.10176650957374,156,None,Low
2023-05-20,Southwest,Dedicated Contract Carriage,124,266699.20251477044,38903.21196326354,54,66.46748658463218,89,None,Normal
2023-12-20,Midwest,Distribution Center Management,138,308735.34088196885,103106.48265355325,44,63.6505805228756,87,None,High
2023-05-16,West,Freight Management,226,625080.1578020878,148385.60798269315,84,70.93566549082588,121,None,Normal
2023-06-23,Northeast,Freight Management,142,293369.86799023085,35636.27904249236,69,62.14177743469646,156,None,Normal
2023-12-28,Northeast,Dedicated Contract Carriage,163,293802.61779875815,144490.6759280523,77,69.10462968252558,115,Minor,Normal
2024-10-20,Southeast,Distribution Center Management,47,78534.08376115703,57116.12742057187,70,21.587359785993403,190,Moderate,Normal
2024-01-22,Southwest,Fleet Maintenance,134,292598.46327873046,43625.25456949679,29,79.79112021451775,196,None,Normal
2023-01-13,Southeast,Freight Management,122,225232.33258996916,27071.21845822993,72,42.410464217645796,118,None,Normal
2023-11-17,West,Dedicated Contract Carriage,114,220338.95120630428,37434.84343252036,68,74.74537542992229,102,None,High
2024-10-12,Northeast,Transportation Management,76,191471.70403187492,21802.69479733779,40,74.28361976856841,112,None,Normal
2024-04-07,Southeast,Transportation Management,143,301401.59252124705,43740.246416475304,66,45.154648858688276,127,None,Normal
2023-06-01,Southeast,Supply Chain Solutions,263,702711.8016553888,84029.48762523395,45,28.874316130880384,169,None,Normal
2024-01-01,West,Freight Management,167,391036.037518779,49983.22169480638,77,84.16958504658793,100,Minor,Normal
2024-02-09,Northeast,Dedicated Contract Carriage,221,658685.4957335622,84440.82551766648,73,36.86729568199662,71,None,Normal
2023-04-27,Northwest,Supply Chain Solutions,286,878682.6106560271,87318.8971484745,65,71.86487796880986,92,Severe,High
2023-11-02,Southeast,Fleet Maintenance,159,315346.265549538,63597.199462741635,37,61.47705800256781,163,None,High
2023-03-27,Midwest,Freight Management,192,251222.49758179276,116294.16926278593,29,89.16900709747611,196,None,High
2024-08-28,Southeast,Supply Chain Solutions,150,317471.51309351914,44523.01138654873,61,70.09884157939179,156,Moderate,Low
2024-07-03,Southwest,Freight Management,252,415771.51572859415,303536.61104902526,72,76.66111647153228,194,Minor,Normal
2024-09-06,Northwest,Dedicated Contract Carriage,142,369620.6556611368,79092.60048466372,21,70.65703593186386,152,None,High
2023-07-02,West,Supply Chain Solutions,71,105738.36350159408,12421.426222236698,98,78.2246251424587,69,Moderate,High
2023-05-30,West,Freight Management,134,219509.5273109347,30314.573234624633,37,53.36378929497445,77,None,Normal
2024-05-04,Southeast,Transportation Management,123,291484.9588717087,58165.84602028956,82,34.25149061950414,129,None,Normal
2024-11-17,West,Dedicated Contract Carriage,68,184258.60343194113,22332.935845122924,97,57.6273494704018,52,None,Low
2024-05-05,Northwest,Transportation Management,149,247370.107892215,65669.42044144667,30,35.978185629691176,175,Minor,Normal
2024-06-05,Midwest,Distribution Center Management,146,257615.23577563683,68741.927929936,39,74.57271402050799,72,None,Normal
2023-03-12,Northeast,Transportation Management,65,190962.57890466816,12665.283820274297,66,70.02948036366847,54,None,Low
2024-11-20,Northwest,Supply Chain Solutions,66,154208.84668699687,10808.135210290136,94,58.28492504892895,187,None,Low
2024-03-26,Northeast,Transportation Management,372,845268.2920575538,177339.28606056323,48,67.07259761123771,175,Moderate,Normal
2024-09-05,West,Freight Management,123,241387.27444215387,61729.868595670836,43,15.381916568461703,129,None,Normal
2023-07-29,Northeast,Transportation Management,30,71553.10516124252,7550.681652176638,79,61.44283224540179,172,Minor,Low
2024-02-21,Northeast,Fleet Maintenance,165,284290.5536213291,64819.42371763894,96,44.82265707656735,75,Minor,Low
2023-09-07,West,Supply Chain Solutions,164,348386.11439943896,44078.25907821632,59,61.626435346175015,80,Moderate,High
2024-04-21,Midwest,Freight Management,148,486748.6551304635,55149.85283638264,82,45.462318471729205,111,None,Low
2024-01-08,Southeast,Fleet Maintenance,243,593032.7829933829,55008.419798765084,92,89.08017148898321,174,None,High
2024-06-15,Northeast,Distribution Center Management,97,206414.4292113178,29124.100448931997,38,50.97535084475218,61,Minor,High
2023-06-09,Southeast,Supply Chain Solutions,275,414714.7786640708,164887.35371509098,76,79.15328388206778,171,None,Normal
2023-10-01,Northeast,Distribution Center Management,55,163343.25851851166,26752.074011407873,84,74.24929140782757,156,None,Low
2024-11-01,Northeast,Freight Management,141,367432.3139275976,38031.75201608881,57,43.89502840143345,169,None,Normal
2024-01-10,Midwest,Distribution Center Management,123,287367.22145983693,33787.55247905333,56,29.21076486209877,160,Moderate,Low
2023-12-31,Northwest,Fleet Maintenance,63,106951.6115704102,25619.703141780672,50,56.72642175555991,66,Moderate,Normal
2024-02-08,Northwest,Fleet Maintenance,164,431371.659901021,78528.26719103793,35,52.620519967582766,105,Minor,Low
2023-10-29,Southeast,Transportation Management,92,233936.45821746544,89473.51179530426,44,58.3480638717412,183,Minor,Normal
2024-01-19,Midwest,Transportation Management,211,354454.9295171874,126013.76028891523,46,48.6912870519355,130,None,Normal
2024-10-13,Southwest,Supply Chain Solutions,54,49976.8790946222,13611.572965152649,94,76.60611262417481,197,Severe,Normal
2024-05-19,Southeast,Fleet Maintenance,72,182497.609018459,27745.666978774734,67,45.28719676717226,179,None,Low
2024-04-17,Southeast,Distribution Center Management,276,568815.841590724,58343.47571537731,79,34.975840755526946,167,None,High
2023-12-27,Southwest,Distribution Center Management,170,337098.69194854016,96147.38036747217,83,59.0247645787987,129,None,Low
2023-10-24,West,Transportation Management,148,211477.96232021647,74765.16659485699,61,51.42796220137462,189,None,High
2024-11-18,Northeast,Dedicated Contract Carriage,122,318349.7695536367,117185.83976096398,84,52.49238764405645,75,None,Low
2023-02-21,Northeast,Distribution Center Management,224,448878.44154741045,93863.69984270725,40,67.33739948132093,165,None,Normal
2024-12-14,West,Dedicated Contract Carriage,89,146474.67199476023,37561.41248176161,63,90.36724739195593,113,None,High
2023-11-02,Southwest,Transportation Management,98,269547.49660407857,64113.609851039866,89,70.17960487106038,98,None,Low
2024-08-27,Midwest,Fleet Maintenance,148,389247.5182514898,114564.89493048434,64,74.55828428693442,134,None,Normal
2024-05-14,Midwest,Freight Management,221,337147.8665276997,179078.33164294227,54,46.56358474562026,83,None,Normal
2024-09-05,Northeast,Transportation Management,133,380086.15626445843,49704.322659588564,34,51.35749776269537,132,Severe,High
2023-11-21,Midwest,Freight Management,205,444642.1691894875,55391.78459420418,74,72.71786745196206,151,None,Normal
2024-03-31,West,Distribution Center Management,96,188521.56008830937,32697.691005753335,57,71.85719783229685,186,None,Low
2024-06-08,Northeast,Freight Management,49,127758.60793591011,22991.606715157344,32,66.83780681300078,149,Severe,Normal
2024-12-23,Southwest,Supply Chain Solutions,178,432914.9065768404,98769.75128711527,21,60.625443881114215,140,None,High
2024-06-03,Southeast,Transportation Management,209,337915.3969372695,196407.5671806687,68,51.39511058180016,89,None,Low
2023-06-24,Midwest,Dedicated Contract Carriage,77,216239.8977742835,19768.524754760685,68,86.34328127979863,57,None,Normal
2024-11-30,Northeast,Fleet Maintenance,68,99261.93786202498,41217.438264282086,21,74.88031169790878,91,None,Low
2024-04-23,Northwest,Dedicated Contract Carriage,196,279999.7864710471,141807.0735099229,49,58.86263622262929,131,None,High
2023-02-06,Southeast,Freight Management,202,396450.6444826823,94690.0902830294,27,46.17826261629908,69,Moderate,Normal
2024-04-23,Northwest,Freight Management,289,712538.3996857053,69993.84947237524,48,69.48661128481416,87,Minor,Normal
2024-02-07,Northwest,Freight Management,238,376590.86265067157,190131.8462886977,33,94.17162774702588,177,None,Low
2023-04-05,West,Distribution Center Management,250,431090.26366907137,113766.51122763754,66,46.19128459989988,171,Moderate,High
2023-10-13,West,Freight Management,133,318495.4966831416,73333.13299961542,28,55.975612194664095,158,Severe,High
2024-10-15,West,Freight Management,109,258845.83296533258,84043.62386842258,69,89.89908081850774,61,Minor,High
2023-10-09,Northwest,Distribution Center Management,142,318207.31476063473,39021.57975234018,76,82.59949351387051,113,None,Low
2024-03-29,West,Dedicated Contract Carriage,232,420495.88429867703,58807.63310689441,22,41.445945588331874,152,Moderate,Low
2024-04-18,Southwest,Transportation Management,244,721358.4855393893,110739.24886809455,69,75.65421404884657,99,None,Normal
2023-04-26,Northwest,Distribution Center Management,188,428468.24216414825,77513.58405921215,79,56.612091545495446,145,None,High
2023-06-11,Southeast,Fleet Maintenance,118,220935.55000927526,52745.40630983745,98,80.48569540772273,171,None,Normal
2023-04-08,Southwest,Fleet Maintenance,91,230552.14119749606,24650.322636706936,92,74.28925277389018,180,Moderate,Low
2024-07-25,Midwest,Fleet Maintenance,215,482181.83245183696,129158.80317603279,71,91.5931972320606,59,None,Normal
2024-02-28,Midwest,Fleet Maintenance,128,102005.82964494501,14873.688725461714,66,77.6054651640043,142,None,High
2023-03-04,Northwest,Supply Chain Solutions,103,175215.71637878456,42137.79742897115,49,53.67873962990889,184,None,Normal
2024-02-12,Northeast,Fleet Maintenance,235,563255.5445412322,73016.60260788481,37,60.61778384081485,110,Minor,Normal
2024-05-29,West,Fleet Maintenance,224,369203.3762940259,73915.35781073409,66,86.65143224660173,104,Severe,Normal
2023-07-28,Midwest,Fleet Maintenance,112,287666.85992697,41212.132001106234,39,70.79774262961821,128,None,High
2024-01-30,West,Transportation Management,201,345642.06586685625,48468.65014186801,34,49.991976119663,55,None,Low
2024-05-31,Southwest,Supply Chain Solutions,203,476863.45355470834,63002.488944380224,45,77.78043949161857,108,None,Normal
2023-12-02,West,Supply Chain Solutions,56,136005.15809005263,20417.536354747244,81,59.93647556073061,103,None,Low
2024-01-18,Northeast,Fleet Maintenance,169,354229.58051358775,106573.09685608692,71,72.00493732679143,112,Minor,Normal
2023-04-11,Northeast,Supply Chain Solutions,321,560683.5113724102,76451.04839497419,53,84.29233071416243,104,Minor,High
2024-10-06,Midwest,Supply Chain Solutions,61,90317.45307687207,30762.486457606665,29,24.581005177832818,91,Minor,High
2024-05-12,Northwest,Transportation Management,120,236508.45936437248,78650.02299969702,47,55.257781746770796,164,None,Normal
2024-02-12,Northwest,Transportation Management,186,284058.16392096353,55311.42206865326,63,47.963024463424745,167,None,Normal
2024-02-13,West,Freight Management,227,298694.58831780986,75789.07751772275,52,64.23518597529842,69,None,Normal
2024-03-13,West,Distribution Center Management,261,359912.719226454,216667.97047005102,85,72.69704977757712,123,None,Normal
2024-01-29,Northwest,Dedicated Contract Carriage,241,378187.93236999575,43260.54137244446,57,36.54833292993595,110,Minor,Low
2024-01-13,Northwest,Freight Management,117,330269.53537142626,29921.655688637926,41,64.12454715386444,192,Minor,Normal
2023-12-08,West,Freight Management,216,428406.6999797426,43511.651546682,84,68.48731883538987,84,None,Low
2023-06-19,Midwest,Transportation Management,290,627408.5902869052,70550.13867142632,48,53.57030886100191,167,None,Normal
2023-11-05,Northwest,Transportation Management,57,128178.36165873753,21171.949998626114,72,64.35457724203765,127,Severe,Normal
2024-07-09,Midwest,Supply Chain Solutions,203,99391.39060979243,55744.42846166576,28,69.27301488258067,121,Minor,High
2024-09-05,Southwest,Transportation Management,104,227605.47727581672,43288.33230047806,55,61.619937027278226,57,None,High
2024-12-19,West,Dedicated Contract Carriage,179,280686.16696581105,34427.59091545783,89,68.09633817111475,196,None,Normal
2023-07-10,West,Distribution Center Management,150,277563.25951428333,73800.23013837225,57,58.03106848786298,132,Minor,Normal
2023-07-11,Southeast,Transportation Management,251,517250.34473996056,116308.60369794391,98,43.69518268601563,116,None,Normal
2024-05-22,Northeast,Dedicated Contract Carriage,232,405270.3076169217,59475.20627869608,32,72.4797581747805,134,None,Normal
2024-09-04,Midwest,Dedicated Contract Carriage,174,346804.6731028081,67086.14772541911,63,57.89810911782822,163,Moderate,Normal
2024-05-09,West,Distribution Center Management,233,642577.2461986975,90923.2041424511,31,57.15608268839295,174,Severe,Normal
2024-03-10,Midwest,Dedicated Contract Carriage,113,251696.27685561642,93477.44235485091,45,67.12291159706629,171,Minor,Normal
2024-06-11,Southeast,Dedicated Contract Carriage,175,379334.51501398016,35052.36681355903,82,73.88865199861,132,None,Normal
2024-04-29,Northwest,Fleet Maintenance,192,421748.18877661193,65706.13586922144,27,56.454294950721554,167,None,High
2023-12-25,Southeast,Freight Management,112,358820.27585716743,42358.84490361667,82,29.85339507361222,89,None,Normal
2024-06-26,Northeast,Freight Management,172,351717.45142308326,78286.92481631086,48,82.01277208976573,100,None,Low
2023-04-24,Southwest,Dedicated Contract Carriage,188,304272.89447273524,96603.5399463547,98,33.57242650871029,85,None,Normal
2023-01-10,West,Supply Chain Solutions,126,292891.1493198855,35957.991526871774,64,27.884362755142938,67,Minor,High
2024-12-18,Southeast,Freight Management,116,207226.6383494453,73091.5144350391,97,29.93370403935635,160,None,Low
2023-06-04,Southwest,Dedicated Contract Carriage,93,178757.0743909368,19691.213443253597,45,34.60293112883979,188,None,Low
2023-09-27,Southwest,Supply Chain Solutions,198,255082.18945105743,36212.99456209089,93,85.11864387147028,174,None,Normal
2024-03-10,Southwest,Fleet Maintenance,62,120973.78378473509,31522.248559411768,21,54.286333018396896,103,None,Normal
2024-08-19,Southeast,Fleet Maintenance,169,378894.36758881155,84660.97174171697,68,38.84780337331085,185,None,High
2023-08-11,Midwest,Dedicated Contract Carriage,122,290858.4178561271,28750.886977835165,66,41.68259717067778,66,None,Normal
2023-03-29,West,Distribution Center Management,174,391629.10068236035,89441.4717072813,62,81.95324311867199,88,None,Low
2024-01-26,Southwest,Freight Management,218,515261.9192844766,65306.99135420348,24,37.46423503070292,198,None,High
2023-10-27,West,Transportation Management,75,105356.00754309385,16108.81026681933,56,43.006776261128444,76,Minor,Normal
2023-07-22,West,Freight Management,96,195978.95969865788,26855.75652137933,25,67.12893482160752,166,None,Normal
2023-10-28,Northwest,Dedicated Contract Carriage,77,171328.3319856067,26891.33193574331,91,78.84271254568273,117,Minor,High
2023-06-22,Midwest,Fleet Maintenance,182,472981.6327893464,47419.907559708445,58,82.0500235259936,154,Moderate,Normal
2023-02-05,Midwest,Freight Management,54,162057.31565259423,32281.74377987823,57,55.62134624258383,56,None,Normal
2023-04-05,Midwest,Freight Management,232,700073.5666754245,75840.85039367076,55,77.33052673800528,114,None,High
2023-12-09,West,Transportation Management,85,227178.32891760123,19421.094529787602,91,68.85648834441356,91,Moderate,High
2023-11-04,Northwest,Supply Chain Solutions,63,113109.45033680063,16615.77550309858,89,34.55553977647249,139,None,Normal
2024-12-06,Southeast,Freight Management,158,419018.11360018456,84378.53021697914,64,70.12549023896545,178,Minor,High
2024-08-12,West,Transportation Management,186,239070.47319386518,53063.53209604139,62,91.51656475378516,193,None,Normal
2024-12-15,Northwest,Fleet Maintenance,24,30375.38345912352,12341.53005633553,40,85.86296913158954,197,None,Normal
2023-04-12,Southwest,Transportation Management,229,395368.8816299381,122002.6006811854,44,47.851016495222375,117,None,High
2024-12-18,Midwest,Dedicated Contract Carriage,138,269932.4701075524,77019.83911288824,28,53.607775789802815,150,None,Low
2024-04-07,West,Distribution Center Management,116,304847.571893452,55419.221414405096,50,94.54068612234,88,Minor,Normal
2023-06-27,Midwest,Dedicated Contract Carriage,153,280794.97280551004,121979.37206092625,26,30.219961386516907,174,Severe,High
2023-11-14,Northeast,Dedicated Contract Carriage,105,221597.43008427438,54300.63280827766,53,76.3224962419485,99,None,Normal
2024-07-17,Southwest,Dedicated Contract Carriage,208,584387.5829202305,81614.10755609522,25,42.40020403465322,92,None,High
2024-07-13,Northwest,Dedicated Contract Carriage,75,118362.23439566744,34929.20792849468,57,71.40367590152653,93,None,Normal
2023-01-15,West,Freight Management,86,202537.9591990338,8448.170120195891,63,72.72096777785274,53,None,Normal
2023-09-21,West,Fleet Maintenance,149,303910.4355457462,34814.77795105879,78,51.33210466087398,53,None,Low
2024-11-28,Midwest,Supply Chain Solutions,195,428628.4190809999,42195.8303745894,53,45.1142942441726,169,None,High
2023-06-23,Southwest,Freight Management,206,370847.84447494795,52311.293984524964,23,39.61790479742526,188,Minor,High
2023-02-18,Midwest,Dedicated Contract Carriage,134,265636.5656221955,38326.02570645844,83,86.41402341455913,53,None,Low
2024-06-16,Southeast,Supply Chain Solutions,102,211418.5272659791,59018.91859906482,49,81.4129708364907,125,None,Normal
2024-09-05,Northwest,Transportation Management,161,291003.9929187979,62900.385131400464,39,76.48977744077253,105,None,Normal
2023-04-27,West,Dedicated Contract Carriage,203,465616.5232355605,172834.94018120953,90,74.03869527824381,72,None,Normal
2023-08-12,Northwest,Transportation Management,87,152810.3061289518,36343.206359547665,63,78.91853954593606,92,None,Normal
2023-08-28,Southeast,Dedicated Contract Carriage,171,368838.61486434255,62546.981621774656,31,69.90387839796539,67,None,Normal
2023-05-22,West,Distribution Center Management,96,177791.47261048382,56838.431333600296,52,48.43829377754446,150,None,Low
2024-11-19,Southwest,Distribution Center Management,124,270977.728877952,62827.51758991677,26,51.58908555180894,178,None,High
2024-04-05,Northeast,Supply Chain Solutions,239,492132.2224797482,54972.59035209817,76,70.76638491858338,74,Severe,Normal
2023-03-21,Southeast,Freight Management,85,161681.88763804454,52716.498038982805,47,54.511064542356266,161,Minor,Normal
2024-02-06,Midwest,Freight Management,151,345196.427608408,37075.97105947024,65,66.00895404980837,145,None,Low
2023-01-31,Northeast,Distribution Center Management,212,369836.9716720513,101930.10129850417,92,36.04743507105257,85,Minor,Normal
2024-09-25,West,Supply Chain Solutions,203,621530.3700159789,86703.6446080717,48,46.5335377954751,198,Severe,Normal
2024-05-05,Southwest,Transportation Management,110,131184.20556728667,65526.97709524944,95,71.02065704048984,191,None,Normal
2024-10-02,Southeast,Supply Chain Solutions,193,323616.86275665445,26674.67462241182,48,64.36304096452574,103,None,Normal
2023-03-28,West,Fleet Maintenance,292,343152.70215594245,98554.96750627231,97,34.81969040731869,158,None,Normal
2023-04-27,Southwest,Supply Chain Solutions,180,549834.3191861302,116977.925408829,25,46.39203592896507,97,Minor,High
2023-12-25,Southeast,Supply Chain Solutions,142,273994.9750296616,55310.19380423799,94,51.00686851330879,55,Moderate,Low
2023-10-23,Southwest,Freight Management,135,223337.31944216555,23949.634675976606,60,37.15580672656248,71,None,Normal
2023-11-02,Southwest,Distribution Center Management,119,238239.2595242479,46366.26773540421,76,72.8839326484677,159,None,Normal
2023-03-21,West,Fleet Maintenance,269,775651.398423781,72590.74492492637,96,76.05623642744196,127,None,Low
2023-12-09,Southeast,Supply Chain Solutions,89,195481.94166162322,20656.388272293334,59,61.7895997514531,51,None,Normal
2024-07-03,Southeast,Dedicated Contract Carriage,121,281014.0443759189,51226.433272348346,76,40.91323280678586,66,Moderate,Low
2023-07-22,Northeast,Freight Management,90,199183.84031918933,31096.37164698161,46,61.05842889859666,179,Severe,High
2024-06-08,West,Supply Chain Solutions,136,364566.6743898561,109461.9125586233,54,53.54277238044233,108,Severe,High
2023-08-25,Northwest,Supply Chain Solutions,137,304701.2440715996,31724.922994603978,60,33.671004176786205,148,Minor,Normal
2024-05-11,Southwest,Distribution Center Management,88,194160.2248390436,27818.174572971053,87,53.7151843595643,145,None,Low
2023-04-21,Midwest,Supply Chain Solutions,171,410697.0725317114,74966.65231137353,59,70.37968760430006,113,Minor,Normal
2024-09-13,Northeast,Freight Management,143,384025.0049957375,136165.796929296,62,51.688453415555045,145,Minor,Normal
2024-01-12,Northeast,Transportation Management,146,338609.9794253029,44522.45499056853,24,49.408680622793426,146,None,Normal
2024-02-24,Northeast,Transportation Management,81,242355.10905906733,19642.988317783074,75,58.191938415103415,144,None,High
2024-03-18,Northeast,Distribution Center Management,312,939937.5417477795,174352.86191814914,52,79.40199497257474,116,None,Normal
2023-05-10,Southeast,Supply Chain Solutions,220,253703.6833357271,159754.9494492478,54,47.87121536398324,142,None,Normal
2023-03-20,Northeast,Transportation Management,213,328070.69306706765,120411.30812346823,74,58.91697059686424,180,None,High
2024-06-13,Southeast,Dedicated Contract Carriage,202,503994.3989283643,86540.12529151009,60,39.844961736958865,66,None,Normal
2024-08-17,Midwest,Freight Management,37,86029.22453920197,9976.699102147653,26,56.11666046119576,77,None,Low
2024-04-11,West,Distribution Center Management,253,469261.7879032309,113833.0364850646,60,53.8052304657848,161,None,Normal
2024-07-21,Northwest,Transportation Management,62,135789.35622435325,17971.04553530784,48,43.90059093078871,141,Minor,Normal
2023-10-29,Northwest,Transportation Management,66,114111.99982053546,65212.28361540864,89,69.61680394589673,172,None,Normal
2023-03-14,West,Dedicated Contract Carriage,227,551728.8603117008,115069.17349285031,96,79.86993317135877,91,None,Normal
2023-08-30,Southwest,Supply Chain Solutions,150,314243.74381560716,73338.6677307437,95,64.9291920838586,191,None,Normal
2024-02-13,Southwest,Dedicated Contract Carriage,184,171209.46214181112,58188.979937957956,80,50.76793157215963,77,None,Low
2023-10-23,Northeast,Fleet Maintenance,87,185253.3160341333,35677.97235625477,24,79.61135609153214,78,None,Normal
2024-06-30,Southeast,Dedicated Contract Carriage,74,82226.53937295573,44501.77910148284,39,21.890693153800147,183,Moderate,High
2023-02-09,Southeast,Freight Management,198,281896.06611131376,71033.14102867617,42,59.942977121833415,106,None,Normal
2023-10-22,Midwest,Supply Chain Solutions,72,148012.89426721827,32187.94316941788,73,43.010766543308726,92,None,High
2023-04-03,Midwest,Fleet Maintenance,188,421350.62661010737,103042.83719479287,66,57.61699227546796,190,None,High
2024-11-10,Southeast,Transportation Management,82,165734.39098516316,37101.60692788454,28,65.35339219976868,156,None,Normal
2024-05-19,Southwest,Distribution Center Management,92,229575.77618121164,22781.775380543568,36,58.924254530016775,51,None,Normal
2023-02-17,Southeast,Freight Management,176,531791.2444058631,111658.30295331297,51,62.439127430377674,124,None,Normal
2024-03-10,Midwest,Transportation Management,93,183296.29280500743,25060.139021541476,48,77.90331660700399,127,Severe,Normal
2023-11-01,Northwest,Supply Chain Solutions,146,289599.1500467736,53048.86018875516,57,83.947498350649,115,None,Normal
2024-02-07,Southeast,Distribution Center Management,124,205167.24910195803,28726.631533994143,60,62.67026790544823,190,Moderate,Low
2024-07-28,Southwest,Supply Chain Solutions,68,105524.9137959625,23493.407630036167,51,54.55650675291235,182,Minor,Low
2024-08-03,Northwest,Fleet Maintenance,120,222542.56780889633,15849.993535991956,68,80.88609025680574,52,None,Normal
2023-03-18,West,Distribution Center Management,94,188672.5478051932,39148.948084440744,59,38.306724424584466,56,None,Low
2024-07-06,Southwest,Supply Chain Solutions,55,128385.48211919343,27218.255220693092,95,46.78853993654946,96,None,Normal
2024-02-24,Northeast,Distribution Center Management,113,184051.0110368684,35886.93100958559,35,76.83191585758644,132,None,High
2023-08-25,Northwest,Transportation Management,128,303467.7663372811,75184.72945825059,72,41.935582196840976,146,None,Low
2024-04-25,Southwest,Transportation Management,79,150726.38109045973,24316.164899987536,32,62.096050407549875,167,None,High
2023-12-27,Northeast,Freight Management,150,230106.82693214316,74837.87842979119,91,54.93126880803641,181,Minor,High
2023-01-15,West,Freight Management,102,252951.31149242236,66500.50811827945,40,20.288042638974048,82,None,Normal
2024-07-27,West,Fleet Maintenance,100,182795.9572524413,67619.62554882631,67,56.718205172658884,124,None,Normal
2024-08-05,Midwest,Dedicated Contract Carriage,130,249532.39944604083,143426.6993419069,30,80.28130386994796,126,None,Normal
2024-05-27,Northwest,Freight Management,169,253353.00973465177,66684.29514087173,89,42.546665599757404,99,None,Low
2023-08-07,Southwest,Dedicated Contract Carriage,103,204781.19711794262,22824.41278333405,84,64.88888831710055,154,Moderate,Normal
2024-10-28,Southwest,Supply Chain Solutions,107,253415.67573312813,31435.12695578107,68,65.09115770181624,85,Moderate,High
2023-12-30,Southwest,Freight Management,75,105476.68599026019,31020.81115129048,56,74.32846872059282,103,Minor,Normal
2023-06-12,Southwest,Fleet Maintenance,269,724947.7904442721,107419.31025149311,63,52.91283276011377,176,None,Normal
2024-11-23,Southeast,Freight Management,72,149222.0028767889,14800.669119945836,32,35.087753065978006,110,Moderate,Normal
2024-07-24,Southeast,Fleet Maintenance,215,329537.4620484053,93558.1595715866,44,66.22374782949476,130,None,Normal
2024-02-25,Northeast,Transportation Management,113,190731.51719784125,45706.812774398866,43,57.645934477594885,187,None,High
2023-07-03,Midwest,Supply Chain Solutions,219,464466.76674299716,220269.74597983222,72,79.96035486470316,185,Minor,Normal
2024-06-05,Northwest,Fleet Maintenance,236,444790.71610564744,108871.21622109188,22,39.03851346432281,110,Moderate,Normal
2024-01-14,Southeast,Supply Chain Solutions,102,149389.20357932488,65635.78169745152,64,48.71182213354322,85,None,Normal
2024-03-30,West,Supply Chain Solutions,107,211600.0253164566,59829.468758509145,56,62.3209663346861,152,Severe,Normal
2023-04-08,West,Transportation Management,142,408588.536437836,184503.8668812556,55,48.55054623627414,65,Moderate,Normal
2024-01-24,Midwest,Fleet Maintenance,204,372068.04079950094,96325.92969672124,68,67.81615392874671,123,Severe,Normal
2023-09-30,Southeast,Transportation Management,60,143052.99067731574,21256.594896106206,37,48.55057887387923,70,Minor,Normal
2024-07-17,Midwest,Transportation Management,179,312029.6478412282,32559.85711041068,61,51.4086663516645,108,None,Normal
2024-10-09,Midwest,Freight Management,105,197438.1424222828,43657.68653631716,29,49.97824310669191,163,None,High
2023-05-20,Northeast,Supply Chain Solutions,142,105480.7379413931,66929.76423900785,59,58.37583572370225,143,Minor,Normal
2024-05-17,West,Dedicated Contract Carriage,233,483303.5318329733,161395.7204651505,23,76.39311605830545,195,Moderate,Normal
2024-01-21,Northeast,Freight Management,103,148805.1164654536,59432.10826258138,23,66.15569329861476,193,None,Normal
2023-11-05,Southwest,Dedicated Contract Carriage,49,99173.17057867716,15932.061626135828,22,76.48753182407214,183,Severe,Low
2024-02-29,Northeast,Transportation Management,201,181101.74989328778,109776.25345627981,67,48.21778822507716,54,None,Normal
2024-02-01,Northeast,Supply Chain Solutions,253,347767.1345889163,98175.74487086205,74,87.48815233630579,183,None,Normal
2024-04-23,Midwest,Freight Management,292,409114.1415916757,92772.17781485523,23,61.61383830473754,194,Minor,Normal
2023-11-29,Northwest,Supply Chain Solutions,167,288578.3966982347,52872.06732770184,29,53.25873198465687,135,None,High
2023-03-28,Northeast,Distribution Center Management,308,432525.04050813627,129216.8051326607,51,68.39413960459422,169,None,Normal
2023-01-16,Northwest,Distribution Center Management,216,396699.6456583474,101233.59611569709,23,39.88231402337404,108,Severe,High
2024-06-29,Northeast,Supply Chain Solutions,117,244863.95530724683,55680.42478046943,47,40.358787820498065,185,Severe,Normal
2024-06-01,West,Fleet Maintenance,88,165780.62467121877,31570.926092233756,40,78.01574023862382,74,None,Normal
2024-10-11,Southeast,Supply Chain Solutions,184,474063.7188678616,62527.1595152549,39,26.478016753869195,63,None,Normal
2024-05-20,Southwest,Supply Chain Solutions,242,682411.7273121057,220982.55666558378,24,68.20050695290611,160,Severe,High
2023-10-05,Northeast,Fleet Maintenance,94,238174.41207246674,52672.403014869284,93,67.7886501330978,109,None,High
2024-05-13,Southeast,Freight Management,153,430392.47518667806,77859.27476381787,29,76.8631916750785,66,Moderate,Normal
2023-04-01,Northwest,Distribution Center Management,118,292359.15791639604,38539.33518076868,45,79.7999140287732,194,Minor,Normal
2023-04-14,Northeast,Distribution Center Management,311,791124.5104798055,110447.97708854043,92,81.56521289765584,69,Minor,High
2024-02-19,Southeast,Freight Management,161,42135.669498611,312991.6701994691,88,59.704421374997075,118,None,Normal
2023-02-21,West,Freight Management,248,764931.7549984012,109821.6896132547,76,53.3382199851011,78,Minor,Low
2023-06-07,Northwest,Freight Management,205,558774.6936721638,108132.49625910156,96,50.411380701515995,165,None,Normal
2023-01-31,Southwest,Dedicated Contract Carriage,172,335260.4390316297,60221.836531106565,69,74.3683827258096,187,Minor,Low
2023-01-13,Southeast,Freight Management,173,337216.7704693265,67572.0122554419,24,84.43170914363603,55,None,High
2024-04-16,West,Supply Chain Solutions,178,419020.65413049853,44233.59148101249,51,71.21506194216455,192,Minor,Normal
2023-04-07,Southeast,Transportation Management,224,455739.36469741084,64837.47893141288,52,79.25023958185132,146,None,Low
2023-10-28,Midwest,Dedicated Contract Carriage,48,86961.91387820194,32474.82289590703,52,75.20051035780386,112,None,Normal
2023-04-05,Midwest,Freight Management,256,499053.7842828196,71652.32312987706,55,77.77740009650827,106,None,Normal
2023-02-04,Northeast,Freight Management,78,189714.2885549692,38904.38614787606,26,48.899324291805044,152,None,High
2024-04-17,Northwest,Distribution Center Management,156,286906.1249834055,27921.0128530193,61,45.00124739403089,70,None,High
2024-04-16,Northeast,Supply Chain Solutions,299,786736.3408744477,204030.5013335894,45,83.1869107070622,98,None,Normal
2024-04-29,West,Distribution Center Management,220,532244.63321048,170067.06562901422,97,63.204023032275416,185,None,Normal
2024-08-20,Southwest,Freight Management,93,210677.0571425354,30962.71115584339,58,79.46705364473401,126,Minor,Normal
2023-08-18,Southwest,Distribution Center Management,127,267887.0479794151,23517.907777360426,65,79.16634109302996,129,None,Low
2023-11-16,Northeast,Freight Management,198,504868.4866925451,75357.26875785975,42,43.49075932843709,107,None,Normal
2023-02-27,Midwest,Distribution Center Management,210,462564.626357257,40157.183488137234,99,57.11711825312379,103,None,Normal
2023-07-10,Northwest,Dedicated Contract Carriage,240,415729.72664721264,103375.05256123528,35,37.55190726484282,80,None,High
2024-12-26,Southwest,Supply Chain Solutions,202,524555.8984031591,143604.8419514342,26,53.8962406707018,158,None,Normal
2023-07-04,Northwest,Freight Management,163,309473.83904647606,53751.82010137182,59,60.65483415575598,98,None,Low
2024-01-08,Southwest,Dedicated Contract Carriage,169,446424.6343942353,89644.52417936554,62,77.06033038573194,97,None,Normal
2024-10-31,Northeast,Distribution Center Management,132,339734.9307774074,55479.37360870547,86,42.10233360349102,91,None,Low
2024-02-24,Southwest,Transportation Management,118,329236.4048639103,45014.41351730932,37,53.4895976630475,199,None,Normal
2023-11-21,West,Transportation Management,264,599844.4425013235,65203.659559923726,36,61.400666764803425,96,None,Low
2023-01-07,Midwest,Fleet Maintenance,82,235507.79495366826,30224.418981362334,40,79.35129724133083,83,None,Normal
2023-12-30,West,Supply Chain Solutions,81,179749.2281739517,32436.709403936067,32,79.31631961035771,102,None,Normal
2023-06-25,West,Freight Management,46,122156.57739707523,21275.526783133293,84,77.52786381122912,180,Minor,Normal
2023-01-16,Northeast,Fleet Maintenance,157,179176.4806863923,31593.40570916901,25,44.444287876611796,154,None,Normal
2023-09-02,Southeast,Distribution Center Management,68,132514.16937486964,17340.78866457815,93,67.75055715969526,183,None,Normal
2024-12-08,Southwest,Distribution Center Management,106,277231.7129590026,43532.948465083355,65,71.94898236392085,76,None,Normal
2023-01-18,Southwest,Dedicated Contract Carriage,272,672557.4855605444,66449.2755455651,39,56.02822214283951,115,None,Normal
2024-08-03,Southeast,Freight Management,98,270411.0182964609,39191.8505434558,31,80.16658363054103,160,None,Normal
2024-11-12,Southeast,Fleet Maintenance,107,155933.48403719775,21133.596670286952,33,48.73141258259474,127,None,Low
2023-11-10,Southeast,Freight Management,96,225678.99457768418,39939.20694071727,52,81.02356845374254,187,None,Normal
2023-03-15,Midwest,Fleet Maintenance,140,260755.28177935528,22079.57407874655,71,53.99385064761244,113,None,High
2024-01-06,West,Dedicated Contract Carriage,89,243292.3067261755,54384.243393068034,84,81.8418106368385,167,None,High
2024-11-05,Midwest,Dedicated Contract Carriage,127,259658.56658502907,83159.47648572929,83,72.93213506335707,71,None,Normal
2023-10-19,Southwest,Distribution Center Management,148,308342.73377601604,22768.875008642364,60,49.416320323209476,74,None,Normal
2024-10-18,Northeast,Fleet Maintenance,97,289772.30529506505,57405.107025730584,31,46.73991463430186,193,None,Normal
2024-08-02,Northwest,Distribution Center Management,120,230917.5975786032,38038.51195802717,81,76.31581940178627,93,None,High
2023-02-18,Northeast,Dedicated Contract Carriage,72,111111.42527996693,37731.05984208529,71,31.13958727511641,117,None,Normal
2024-12-10,West,Dedicated Contract Carriage,135,324503.4413997269,88946.09639064269,39,88.24709969774815,135,None,Normal
2024-03-22,Northwest,Transportation Management,256,582621.6918952998,92699.29752398917,28,63.77526029643923,104,None,Low
2024-07-08,West,Distribution Center Management,201,322191.154072293,25207.660822619637,79,55.360917029537745,120,None,Low
2024-03-10,Northwest,Freight Management,171,438706.01013447344,42074.25534261616,94,76.83398035847011,92,Moderate,Normal
2024-04-25,Northwest,Freight Management,118,186939.87794970296,66227.60890985989,31,66.43477705903084,191,None,Normal
2023-11-09,Southwest,Distribution Center Management,159,278533.78492832254,54582.71913519334,72,27.51372297053296,96,None,Normal
2024-12-01,Southwest,Dedicated Contract Carriage,76,128023.47992295084,20613.979108270978,36,81.22196396129932,110,None,Normal
2024-09-03,Southeast,Distribution Center Management,95,200406.6674069986,18835.785959638146,60,76.37059868639523,174,Moderate,High
2024-02-23,Southeast,Dedicated Contract Carriage,223,523026.70847121056,32849.5696077277,40,62.89350664731158,52,None,Normal
2024-09-04,Northeast,Fleet Maintenance,99,254933.33180545745,36038.21132646716,67,79.39392299319664,165,None,Low
2024-12-02,West,Transportation Management,122,263795.89018964005,43852.51607505619,61,78.303914813453,198,Minor,Normal
2024-08-14,Midwest,Distribution Center Management,93,164992.53232086755,27708.334316481894,33,74.21712349509625,195,None,Low
2023-05-29,Northwest,Freight Management,193,358886.73077439156,197986.50126262507,77,61.29326290648831,118,Moderate,Normal
2024-03-17,Northeast,Distribution Center Management,122,197417.98051940853,94193.89024798588,64,80.46812550446649,116,None,Normal
2023-01-31,Southwest,Distribution Center Management,139,265121.96861831157,156839.99224136348,70,58.20345187568571,127,None,Low
2024-10-12,Northwest,Distribution Center Management,76,166696.6257183329,8001.978356104013,55,27.94802229829585,177,None,Low
2023-04-05,Southwest,Distribution Center Management,273,424059.1145191875,108038.00335190466,35,29.97887620840631,193,None,High
2024-11-22,West,Transportation Management,141,326869.84094930656,76981.80073573283,48,61.307492945651596,62,None,Normal
2023-02-10,Southwest,Supply Chain Solutions,263,616301.5541926945,83161.34699777955,32,28.75894697321425,159,None,Normal
2023-12-14,Northwest,Supply Chain Solutions,268,471512.184760308,78477.46869632446,22,83.64208130505578,111,None,Low
2023-10-22,West,Distribution Center Management,40,86196.38329099645,16941.288739912947,85,46.51443280290128,167,Severe,Normal
2023-12-05,Southwest,Dedicated Contract Carriage,216,489242.7918997883,140151.76237764314,21,67.7173216285589,153,Moderate,Normal
2024-06-30,Northwest,Freight Management,76,153118.42265539605,11747.23927677123,96,59.79967870440872,75,None,Normal
2023-07-08,Midwest,Transportation Management,123,291341.4908837613,70187.04193736528,20,84.39527806406667,174,None,Normal
2024-12-06,Northeast,Distribution Center Management,169,157816.40982858196,93063.009243217,78,78.80633477067511,88,None,High
2023-03-24,Midwest,Transportation Management,294,733634.1830149974,191113.7743489358,78,80.94124022598214,64,Minor,High
2024-05-21,Northwest,Fleet Maintenance,278,442479.07812401984,70456.47551691446,91,43.3226145736798,77,None,High
2024-11-14,West,Freight Management,203,607692.1413834133,74421.33763242597,51,64.98760766817291,180,None,Low
2023-08-30,Northwest,Dedicated Contract Carriage,137,310089.82197159156,71133.31726176152,31,81.51711138121426,146,Moderate,High
2023-03-16,Northwest,Transportation Management,239,534634.6638526192,96373.03095203968,42,55.01928389276329,66,None,Normal
2024-02-02,Southwest,Dedicated Contract Carriage,260,482733.707759849,115631.34429260618,81,76.70883328957066,56,None,Low
2023-01-02,Southeast,Fleet Maintenance,210,403952.164020184,70344.53868808055,99,50.185403803655724,123,None,High
2023-06-07,Midwest,Distribution Center Management,187,403925.93866610713,68803.47841847848,25,42.911013578329325,173,None,Normal
2023-08-10,Northeast,Transportation Management,166,311999.9516101135,155496.66593249107,43,67.22098869791627,134,None,Normal
2024-04-24,West,Freight Management,228,385560.3768436369,79828.17910047322,72,93.80581869179014,116,None,Normal
2023-10-23,West,Distribution Center Management,180,354572.9652181534,99636.93027973225,36,89.70939580093197,154,None,High
2024-11-28,West,Dedicated Contract Carriage,104,241712.98959142802,28207.18476285083,97,72.27752376438286,82,None,Normal
2023-06-14,Southwest,Distribution Center Management,163,289305.22934166796,152519.5823708934,53,79.42015216230376,141,Minor,Normal
2023-01-19,Southeast,Supply Chain Solutions,169,311637.1794035432,38189.978791955844,49,82.51061126975321,113,Minor,Normal
2024-03-03,Southeast,Distribution Center Management,97,193533.81537220554,174844.1547435606,98,58.64197498916228,57,None,Normal
2023-12-05,Midwest,Dedicated Contract Carriage,172,410880.763863953,50311.08038073509,79,77.57936978217067,141,None,Normal
2023-06-18,Midwest,Fleet Maintenance,106,237422.03772087969,43102.03860023437,75,26.756028101415225,123,None,Normal
2023-10-18,Southwest,Dedicated Contract Carriage,122,221575.38761615197,21865.478890301467,98,68.23446225712077,162,None,Low
2023-06-03,West,Transportation Management,44,115101.57884195306,10771.606643930982,78,56.37972872331049,87,None,Low
2024-11-04,Northeast,Dedicated Contract Carriage,108,192952.12745226975,27522.404363317808,76,83.21168309780089,95,None,Low
2023-04-24,Southwest,Fleet Maintenance,147,297232.70305804117,50427.064688893,44,70.82381251437636,102,Moderate,Low
2023-05-04,Northwest,Supply Chain Solutions,105,279255.7792892838,57302.467406775984,91,43.88708181602508,129,None,Normal
2024-12-25,Northeast,Fleet Maintenance,206,337866.779569313,78094.61453973697,36,79.23131319972897,178,None,Normal
2023-01-18,Northwest,Dedicated Contract Carriage,126,255282.18657062927,44360.821400402165,77,44.380398908518956,98,None,Normal
2024-05-22,West,Freight Management,154,326802.775555075,129708.91251372361,35,55.44741986694055,199,Moderate,Normal
2023-09-16,West,Distribution Center Management,51,70420.36058369551,23319.948515305397,89,70.14880678113161,89,None,Low
2024-02-07,Northwest,Freight Management,230,413136.75873927335,61345.2189038803,23,50.1151572269402,51,None,Normal
2023-11-26,Southwest,Fleet Maintenance,52,109791.48881259449,10453.966239824298,85,75.00348988951939,81,Moderate,Low
2023-06-03,Southeast,Freight Management,57,72995.58348872118,33402.18782776889,67,60.21086017251432,75,None,Normal
2024-10-05,Southeast,Supply Chain Solutions,67,127113.02644579887,14121.783269102403,28,53.61716611327325,80,Minor,High
2024-03-02,Southwest,Transportation Management,157,277350.0103198467,42103.7647665524,93,39.389918548763156,127,Minor,Normal
2023-01-09,Northeast,Transportation Management,151,349023.6406317452,98667.12072361968,43,58.16115179494762,158,Minor,Normal
2024-01-08,Southeast,Distribution Center Management,182,354271.38648792135,71400.23173403181,63,40.914551423702946,169,None,Normal
2024-07-20,Midwest,Supply Chain Solutions,62,118166.3623652247,13694.580405000028,31,30.66222704996509,100,None,High
2023-09-25,Southeast,Freight Management,110,192904.03999093222,25135.582500370638,29,65.53630699038837,194,Moderate,Normal
2023-01-30,Northeast,Distribution Center Management,176,373094.28749024676,80035.0273666555,33,57.7515238728563,82,Severe,Low
2024-08-04,Northwest,Supply Chain Solutions,83,116032.73710563636,45457.496685910846,99,64.34475476837804,119,None,Normal
2023-01-02,Southeast,Freight Management,230,651697.2559647412,78195.02753444528,49,74.57939953058418,166,None,High
2023-04-30,Southeast,Fleet Maintenance,83,176117.31725950216,28243.549949779317,27,64.3815786631271,83,None,Normal
2024-06-06,Northeast,Freight Management,263,390221.77152980835,132425.34567705312,83,81.67167243706693,68,None,Normal
2023-04-14,Northwest,Distribution Center Management,308,477649.98765992187,99578.06475906698,23,49.918769940595155,154,None,Normal
2024-10-06,Northeast,Dedicated Contract Carriage,75,109987.47708063481,17665.066080672408,43,76.36343894576167,76,None,Normal
2024-02-08,Southwest,Dedicated Contract Carriage,230,441710.8241585162,116386.07888332194,35,58.21535532609738,138,Minor,Normal
2024-06-23,Southwest,Supply Chain Solutions,116,173432.39963360125,32219.502931312873,81,65.04417205811596,51,None,High
2024-05-06,Northeast,Supply Chain Solutions,263,524826.5757675229,104799.70536591433,71,49.64797342590101,190,None,Normal
2024-08-19,Southwest,Distribution Center Management,162,293323.7469962224,85000.03350442761,96,65.91794915055617,84,Severe,High
2024-11-21,Northwest,Fleet Maintenance,138,181305.46863434237,44034.089948099485,95,57.50855899044777,102,None,High
2023-02-20,Southwest,Freight Management,258,449703.9854213329,109176.99542513504,74,56.50538764353232,170,Minor,Normal
2024-04-17,Midwest,Freight Management,232,546530.1734884947,73280.94665916396,53,74.82891526826793,68,None,Normal
2023-06-23,Southeast,Freight Management,116,161291.56391069505,60686.10530916852,78,69.66356936715613,103,None,High
2024-10-18,Northwest,Supply Chain Solutions,118,167525.23671509264,54678.5780887978,20,52.46365424867469,118,Minor,Low
2024-11-27,Northwest,Distribution Center Management,131,267149.57384232694,60170.958928791886,76,90.18924352415989,89,None,Normal
2024-06-20,West,Supply Chain Solutions,245,505713.87154097325,150185.70359892573,75,57.54844938753377,140,None,Normal
2023-12-08,Northwest,Transportation Management,92,250475.20859058294,18726.32398456944,79,47.2444773543856,124,None,Normal
2023-04-03,Southwest,Transportation Management,217,499025.9322656798,57163.729803799855,49,91.22940675931775,182,None,Low
2023-09-16,Northeast,Supply Chain Solutions,54,71559.66224967215,18755.637367248073,44,81.70655131334557,167,None,Low
2024-10-05,West,Distribution Center Management,103,193468.1846330178,30776.7732153406,94,49.04438428839132,137,None,High
2023-09-28,West,Supply Chain Solutions,108,182153.91437313764,17642.303352235253,59,39.03141790251073,156,None,Normal
2024-10-22,Southeast,Freight Management,118,191098.68317374654,34837.497048225465,43,69.67310969787074,142,None,High
2023-08-07,Southeast,Dedicated Contract Carriage,199,484036.59512300824,135907.43682675256,42,79.82043979622875,83,None,High
2023-06-17,Southeast,Transportation Management,22,42413.06396639662,24081.31579935288,82,65.91760122148018,93,None,Normal
2023-04-29,Midwest,Fleet Maintenance,122,216623.12470917913,24798.30405980146,65,70.93796568621417,123,None,High
2023-10-12,Midwest,Dedicated Contract Carriage,94,162014.9902965837,41474.11863918523,47,68.84905213759578,141,Minor,High
2023-03-04,Northeast,Dedicated Contract Carriage,135,347131.0611647351,44009.94156372975,32,49.32095392581529,68,None,High
2024-09-13,Northwest,Transportation Management,116,329009.43473215867,25749.492605244053,21,78.92713904139562,149,None,Normal
2023-07-08,Northeast,Freight Management,98,215388.7832890544,18775.242149024383,74,45.24623403621656,157,None,Low
2024-08-25,Northwest,Freight Management,54,160384.77850967555,40414.85634899373,84,79.10348336576882,93,None,Normal
2023-12-16,Northeast,Freight Management,63,64191.91960269443,32404.755234896318,29,68.69300905747247,109,Severe,Normal
2024-07-01,Northeast,Supply Chain Solutions,210,343552.77228271315,93505.44062585347,92,69.75904886492876,61,Moderate,Normal
2023-09-29,Southwest,Freight Management,163,412238.2704445829,19503.229957427382,87,41.00211598479865,165,Severe,Low
2023-08-18,Southwest,Dedicated Contract Carriage,151,302746.60749302513,147839.7644598856,97,82.11808621687653,97,None,High
2023-08-19,Southwest,Dedicated Contract Carriage,78,183432.49526629117,31435.253921619347,25,37.216916286855,58,None,Normal
2023-06-14,Northeast,Fleet Maintenance,148,197215.22829844165,30376.88941834256,59,78.93648489218702,107,Minor,Normal
2023-11-03,West,Transportation Management,110,184282.07114961665,31583.159475827855,38,82.61333838554685,190,Severe,Low
2023-04-21,Northeast,Fleet Maintenance,230,582544.2162210685,95577.91302145184,88,56.33771509544883,102,Minor,High
2024-03-03,Midwest,Freight Management,165,330131.9265404523,53799.32954437977,41,78.27186650726516,197,Severe,Normal
2024-05-26,Southwest,Dedicated Contract Carriage,78,126676.76282720633,56188.00176388529,54,74.49312530638232,194,None,Normal
2024-01-14,Northeast,Distribution Center Management,66,162076.06498072174,20849.242372272885,52,41.39388724785373,153,None,Normal
2024-09-01,Northwest,Supply Chain Solutions,64,151616.94261279612,9221.898329054462,71,75.75022527536218,105,None,Normal
2024-03-26,Northwest,Fleet Maintenance,240,293299.4758672051,42479.54765903529,64,74.91997355215176,90,None,Low
2023-10-04,Midwest,Supply Chain Solutions,138,380588.15099013457,50976.45568131328,75,76.44747850805466,121,Moderate,Low
2023-02-18,Northwest,Dedicated Contract Carriage,107,192999.10281616639,57036.3538044757,20,78.36400665461296,167,None,High
2024-03-20,Southeast,Freight Management,201,265067.94804358133,311663.6262899641,99,82.61013941949928,88,Moderate,Normal
2023-03-12,Northeast,Fleet Maintenance,134,361991.8414842344,60522.90120646688,34,80.22599671646167,135,Moderate,Normal
2024-07-21,Northeast,Freight Management,65,84712.66651148295,26638.881846152402,45,76.1693284476052,122,None,Normal
2023-12-19,Southwest,Fleet Maintenance,85,199632.98352042076,80060.645245147,98,81.82728057788688,176,None,Normal
2023-12-04,Midwest,Distribution Center Management,171,390086.6510170073,63629.21521896255,42,39.89930811571472,56,Minor,Low
2023-07-23,Northwest,Freight Management,66,133241.35914799085,17336.048787301053,98,88.59648592331469,95,None,Normal
2024-05-06,Northwest,Freight Management,363,631182.725601649,177562.41497627285,46,67.39385170710793,188,None,Normal
2024-02-20,West,Distribution Center Management,253,332836.78320039576,42460.9877278945,92,50.28069873326003,54,Moderate,Normal
2023-11-30,Midwest,Fleet Maintenance,179,420692.2387968586,40647.476525704784,53,71.22783544065292,69,None,Normal
2024-06-12,Midwest,Supply Chain Solutions,227,390354.95907995757,119178.15299502558,64,67.80679483306614,121,None,High
2023-08-21,Northwest,Transportation Management,156,381104.4503215514,99301.9719570676,58,75.8194687499433,78,None,Low
2024-12-02,Midwest,Fleet Maintenance,102,186501.76443385184,185174.84693031866,61,59.19623110876009,85,None,High
2024-08-04,Northeast,Transportation Management,62,108284.24445452135,21398.0129046926,81,73.93256237516236,130,None,Normal
2024-12-24,West,Supply Chain Solutions,110,167609.7830554737,54093.199636794314,60,55.827631784492084,99,Moderate,Normal
2024-02-23,Southeast,Supply Chain Solutions,105,198842.22338261,57481.86240859713,73,65.51861752566732,62,Minor,Normal
2023-12-16,Southeast,Supply Chain Solutions,98,95796.16272964426,34471.642317375925,95,45.3842401055852,73,Minor,Normal
2023-02-28,West,Distribution Center Management,182,441813.87026499276,49759.83445282137,57,76.76600737263102,197,None,Normal
2024-12-22,Northeast,Transportation Management,123,224090.7901901986,55832.57622427306,21,43.50786648380278,128,None,Low
2023-07-25,Southeast,Fleet Maintenance,163,255523.8881998395,28655.22520954909,22,46.26927937084977,198,Minor,Low
2023-10-20,West,Freight Management,202,515703.59600699926,68820.86580366216,80,53.247824869114865,144,None,Low
2024-05-17,Northeast,Fleet Maintenance,222,210621.1959807168,71395.39940162051,31,57.17843694614979,158,None,Normal
2023-03-30,Northeast,Supply Chain Solutions,134,326515.99790949264,56312.063813688284,99,93.16261739006735,105,None,Low
2024-11-24,Southeast,Distribution Center Management,54,117858.1798357383,23687.331896983003,25,48.387990748697476,150,None,High
2023-02-01,Midwest,Supply Chain Solutions,136,368780.27177023276,30364.248472348805,91,54.66994519562316,60,None,High
2024-01-30,Northeast,Dedicated Contract Carriage,262,528582.5846388235,193560.13610892728,33,70.57554548059535,95,None,Normal
2024-10-08,Southeast,Fleet Maintenance,207,392892.28504202684,107930.5877260474,63,76.10060568781266,85,None,Normal
2023-01-19,Northwest,Distribution Center Management,194,259515.79982066367,90773.90928497024,43,61.488103465108026,199,Moderate,High
2024-09-15,West,Supply Chain Solutions,44,101235.17629599891,16242.668002925406,60,62.83302485128552,178,Minor,Normal
2023-05-18,West,Transportation Management,195,445691.57627423265,62996.09789963306,40,62.45282933430511,141,Minor,Normal
2024-11-28,Southeast,Freight Management,179,457012.1126759623,107123.88658236827,29,50.7888970222076,180,None,Normal
2023-02-27,Southwest,Fleet Maintenance,148,350502.96506219334,158724.56671245414,97,65.43085625067914,145,Minor,Normal
2024-09-25,Northeast,Distribution Center Management,171,297256.5778414711,35049.912881384626,50,67.27873491061841,147,None,Low
2024-12-29,Northwest,Freight Management,92,248529.60237119888,47629.10374225938,74,73.20028715107433,84,Minor,Normal
2024-12-09,Northwest,Distribution Center Management,167,339161.50465303997,63909.22424995819,68,66.63268673002915,133,None,Normal
2023-04-05,Northwest,Supply Chain Solutions,233,458361.87552430667,164055.2895419037,37,53.547593090119136,79,None,Low
2024-08-04,Southwest,Supply Chain Solutions,78,149450.1903646604,55441.94207537178,69,79.74012053801955,61,None,Normal
2024-03-22,Northwest,Distribution Center Management,221,436017.75660027063,56497.76071959482,95,61.76140836593827,106,None,Normal
2024-03-28,Southeast,Transportation Management,231,454458.93552497326,68426.98240905283,57,67.9920990788003,170,None,Normal
2024-06-03,Northeast,Freight Management,196,191031.18477972053,58628.5875626809,63,63.247356255451415,59,Minor,Normal
2024-03-13,Midwest,Distribution Center Management,218,452841.4664912712,240243.2341337192,99,30.994425533697555,150,None,Normal
2024-07-25,Southeast,Fleet Maintenance,224,466957.420164368,139428.3285170392,36,54.07547094962185,198,Moderate,Low
2024-10-14,Northwest,Fleet Maintenance,153,432566.68896116316,72724.99553716627,54,81.11365490748696,107,Severe,High
2023-04-14,Northwest,Distribution Center Management,250,601695.7941359817,83293.10307991551,78,67.49652237600623,140,Moderate,High
2024-11-23,Southwest,Freight Management,71,110394.07444137664,38358.91412680675,66,86.47739544828426,146,None,Low
2024-10-16,Southwest,Dedicated Contract Carriage,75,216789.0494434831,29832.921300827555,70,80.23841549388383,65,Minor,Normal
2024-05-04,Northeast,Transportation Management,118,278539.271675621,50068.600496060586,87,53.0316857498374,56,None,High
2024-01-05,Midwest,Dedicated Contract Carriage,181,371956.1207201391,55983.75124026466,36,59.14511586948061,153,None,Normal
2024-09-03,Southwest,Transportation Management,141,314743.5169344072,39396.38102931165,95,71.49016373934516,55,None,Normal
2024-01-24,Southeast,Fleet Maintenance,105,219951.15587166004,32669.221169062883,49,54.54775121023273,192,None,Normal
2023-12-13,Midwest,Supply Chain Solutions,163,398622.78034973063,177923.44400463847,68,45.198923093002534,154,Moderate,High
2024-01-23,Northwest,Fleet Maintenance,316,364012.5916186941,153739.13716805493,41,58.08712307101796,125,Severe,Normal
2023-05-13,West,Transportation Management,69,147481.42529570876,23625.731253562084,54,65.37717174823088,134,None,High
2023-05-09,West,Dedicated Contract Carriage,158,430515.87210093014,100268.45659870583,46,60.43482966250259,66,None,Normal
2024-10-29,Northeast,Distribution Center Management,125,221810.62229003673,23083.273917267583,39,78.15918843346205,85,None,Normal
2023-06-14,Southwest,Supply Chain Solutions,177,290855.1697967552,129405.89119577217,89,28.63035417974157,172,Moderate,Normal
2023-07-24,Northeast,Dedicated Contract Carriage,134,316953.3844946425,88414.53394200359,59,46.59308639257728,173,None,Normal
2023-02-14,Southwest,Fleet Maintenance,196,432458.64408664306,61435.71708232646,92,57.1370641487765,84,None,Normal
2024-11-08,Northeast,Supply Chain Solutions,149,288880.4209626219,52587.7442682893,65,80.72266574148934,111,None,Normal
2024-05-10,Midwest,Freight Management,375,874286.1687864076,300828.2982702317,67,66.75223159430071,150,Moderate,Normal
2024-09-03,Southwest,Fleet Maintenance,96,273577.68381034036,75787.06407640238,73,60.9118150052419,118,None,Normal
2024-10-01,Northwest,Dedicated Contract Carriage,195,319586.04349134426,158546.5372794989,56,50.9115880689357,86,None,High
2024-09-07,Midwest,Distribution Center Management,52,92963.53147710202,16841.96074340132,71,39.642800410595775,136,None,Low
2024-06-10,Midwest,Distribution Center Management,191,308075.9319914365,97501.26917024773,63,32.11465067201068,190,Moderate,Low
2023-01-06,Northeast,Supply Chain Solutions,183,253790.8111888802,36769.771526062854,87,63.99743756265666,193,None,Normal
2023-05-13,Northeast,Freight Management,55,90907.17291367707,18837.053604798144,74,57.458587853705325,136,None,Low
2024-06-10,Northwest,Transportation Management,134,246849.7198301461,62284.892035514116,60,60.5934133622711,66,None,Normal
2024-01-05,Midwest,Fleet Maintenance,191,393772.32872237294,44253.45612131011,34,74.86356266872313,195,None,High
2024-02-08,Midwest,Distribution Center Management,169,195219.95021799885,92646.62195099407,63,57.84733229441527,151,None,Normal
2023-12-31,Southeast,Freight Management,60,119041.86602301613,23650.714471497973,95,74.17019238982071,126,None,Normal
2024-12-02,Southeast,Transportation Management,133,178133.99888655735,36086.96709442822,54,30.614307228130965,81,None,Normal
2024-10-13,Southwest,Dedicated Contract Carriage,40,93088.20034008428,14402.277694751449,66,64.74803359420777,175,None,High
2023-04-12,Southeast,Transportation Management,194,384665.2821650083,122647.878393122,27,49.62706925914318,102,None,Normal
2023-10-14,West,Freight Management,64,45310.898686794026,16973.958053159247,76,87.0715251544124,173,None,Normal
2023-07-13,West,Transportation Management,180,263654.7695063824,61176.18847812655,58,49.99686621292907,131,None,Normal
2024-12-07,Southeast,Dedicated Contract Carriage,92,96634.7173141897,37393.56163020506,77,72.39086552841502,77,None,Normal
2024-05-22,Southeast,Fleet Maintenance,241,225184.74094252934,50326.002844652714,75,72.08373694338806,199,None,Normal
2024-06-28,Northeast,Dedicated Contract Carriage,222,558000.0475463786,81188.34675455597,54,74.7790107188959,181,None,Low
2024-12-23,Midwest,Freight Management,166,371555.90698886546,94747.46738481667,89,75.79156817890347,61,None,High
2024-11-02,Southwest,Transportation Management,54,89821.52095994187,21319.75069053485,92,93.02274251885564,139,None,Normal
2023-10-05,Southwest,Freight Management,161,379920.31195988314,30546.468334522633,79,66.18529326334199,104,Severe,Normal
2023-11-05,Northeast,Freight Management,80,69785.8554333879,21618.116664617133,69,58.6300694991027,80,Severe,Normal
2023-03-01,Southeast,Freight Management,215,280757.2493143244,78345.83448355786,60,41.22908812544984,77,Minor,Normal
2023-02-13,Northeast,Dedicated Contract Carriage,310,409250.6546062491,94608.43673917794,31,68.53094391139865,55,None,High
2024-09-19,Northeast,Supply Chain Solutions,134,300130.60477375484,48588.91266455891,35,46.7955827036368,64,Moderate,Normal
2024-10-08,Northeast,Fleet Maintenance,132,318178.60242492356,68254.85683915191,27,85.84923567292924,197,None,Normal
2023-11-15,Southwest,Transportation Management,197,404965.34622579644,55605.820955898904,44,91.73211588180637,167,Moderate,Normal
2024-05-18,Southeast,Distribution Center Management,107,198689.28104974818,32809.77567532901,80,63.068795747595175,191,None,Normal
2024-09-14,Northeast,Supply Chain Solutions,95,260973.23126744854,38280.52319438381,77,62.36842469517588,163,None,Low
2023-11-30,Southeast,Freight Management,81,204090.3784140485,58870.93212505605,84,76.47992563013776,156,None,High
2024-11-17,Southeast,Distribution Center Management,87,84931.21188432472,62662.52238318627,90,59.81969597097222,164,None,High
2024-12-18,Southeast,Transportation Management,204,186936.41902602557,132201.09491346806,22,59.328173433067086,120,None,Normal
2023-01-25,Southwest,Dedicated Contract Carriage,222,289784.82719430205,103090.92924757492,85,62.90640654594311,67,None,Normal
2024-11-24,Northwest,Transportation Management,82,122621.1788562417,20545.94611667049,63,82.5581611945812,158,None,Normal
2023-07-11,Midwest,Freight Management,184,416753.8096764658,350993.46747434296,88,52.66288858963901,109,None,Normal
2023-02-04,West,Fleet Maintenance,73,175117.21136337225,26289.40631172597,38,56.48518650367227,60,None,Normal
2024-05-05,West,Transportation Management,97,222612.58457585942,32799.76615684475,71,52.4183956487573,197,None,High
2023-07-13,Northeast,Dedicated Contract Carriage,147,199954.15416186568,40483.55396556601,83,56.0618404286217,147,None,Normal
2024-04-24,Northeast,Freight Management,248,621143.5449623114,166427.53103334192,50,80.18384305958571,153,None,Low
2023-03-31,Midwest,Transportation Management,270,433534.84142939444,54972.36960166575,57,68.70793764353195,149,Moderate,Normal
2023-01-07,Midwest,Fleet Maintenance,115,307826.9712767395,46853.35063476636,64,51.93839599937071,73,None,Normal
2023-11-12,Southeast,Transportation Management,83,224874.189617211,14618.583203228935,40,84.26541520129865,93,Minor,Normal
2024-01-05,West,Fleet Maintenance,147,373242.33264872606,95331.24514334397,60,44.232401999599375,79,Severe,High
2023-02-28,West,Transportation Management,234,504455.84385089466,110559.64078410353,92,47.242075145547005,108,None,Normal
2023-08-20,Northeast,Transportation Management,76,152179.30949365534,25480.253374726246,31,74.18318746028442,132,Minor,Normal
2023-11-09,Southwest,Distribution Center Management,104,230901.45689125196,58075.2238899185,39,74.3252075292658,121,None,High
2024-10-12,Midwest,Transportation Management,94,177816.4395631435,34852.76013195589,53,37.5844348869453,59,None,High
2023-04-10,Southeast,Transportation Management,110,247524.4333910039,46971.208575158074,40,56.335148123329226,89,None,Normal
2024-05-04,Northeast,Freight Management,136,313540.7577562359,32630.71772683403,84,66.94064623962048,142,None,Low
2024-03-18,Southeast,Fleet Maintenance,257,589349.3653058297,51281.60189285505,71,57.497158973774155,135,None,High
2023-04-20,West,Supply Chain Solutions,239,390649.6606830372,55602.30877711144,91,86.6846468485568,164,Severe,Low
2023-08-08,West,Transportation Management,115,279533.09815907216,62012.864865439755,78,84.92326135636057,75,None,Low
2023-07-20,Midwest,Supply Chain Solutions,177,278605.4888020915,97059.26485782591,70,66.79784284910123,122,None,Normal
2024-08-01,Southwest,Freight Management,178,410773.6383291024,112634.362234973,44,71.58401267008236,70,None,Normal
2024-01-12,Southwest,Fleet Maintenance,198,253734.7514863785,91708.19287426396,92,42.637593703233925,83,None,Normal
2023-06-09,Northwest,Transportation Management,124,220082.67716550405,23276.064357923457,35,85.21483410440518,96,Severe,Normal
2024-07-05,West,Freight Management,191,569279.6990671549,72870.38233817523,37,56.74406691170017,176,None,High
2023-12-13,Midwest,Dedicated Contract Carriage,181,443607.8215838292,53305.25794866601,26,66.50698230757803,58,None,Low
2024-05-02,Southeast,Fleet Maintenance,239,537681.8640700948,264862.8881845959,52,59.909784021597545,140,None,High
2024-03-31,Northeast,Transportation Management,67,128818.6686519711,41532.065227708095,40,60.380396937553,121,None,Normal
2023-09-13,Southeast,Fleet Maintenance,175,414522.20487455896,103340.6256206602,65,73.81845163970422,61,None,Normal
2024-08-24,Northwest,Transportation Management,65,139704.5056373451,13292.777723777934,83,34.72829222950039,145,None,Normal
2023-04-02,Midwest,Fleet Maintenance,133,327992.2499774651,51168.99044525489,20,55.65810095513234,119,Minor,High
2023-08-01,Southwest,Distribution Center Management,175,368720.47460211144,118884.38500079785,50,58.004143641613716,112,None,Normal
2024-07-14,West,Transportation Management,86,122171.08420606368,46541.026174818275,25,63.420365035209834,65,Moderate,Low
2023-09-22,West,Distribution Center Management,167,277018.2459771752,52488.433588491105,74,68.81955674804094,93,None,Normal
2023-04-08,Southeast,Fleet Maintenance,129,223918.99581450774,101918.26727263835,30,77.48173506882058,52,Minor,Normal
2023-11-29,West,Dedicated Contract Carriage,184,253971.94655515807,66270.11257937817,92,81.15726107907321,161,None,Normal
2023-04-03,Southwest,Supply Chain Solutions,373,621878.1629820993,100330.59389457422,68,51.135991316625216,100,Severe,Normal
2023-10-30,Midwest,Freight Management,160,380473.45703758585,54721.6150438987,70,71.51682275368174,76,Moderate,High
2024-07-25,Southeast,Transportation Management,198,272460.06056756014,48385.7407032672,91,60.369586385469674,99,Severe,Low
2023-01-10,Northwest,Fleet Maintenance,204,272343.54099057906,46317.35389397741,97,44.01380210119478,93,None,Normal
2024-07-01,Southwest,Distribution Center Management,196,514943.1591700749,169339.0696940917,40,52.61605520239001,157,None,High
2023-09-04,Northwest,Dedicated Contract Carriage,95,143919.20713118318,29666.551805261082,77,83.99200492060837,110,None,Normal
2023-08-20,West,Distribution Center Management,65,86174.51271291963,52042.51776880595,27,35.47758314636987,161,None,Low
2023-07-06,West,Fleet Maintenance,109,217227.40119293914,40203.626614128276,25,71.28626613786221,79,None,Normal
2023-10-02,Southeast,Freight Management,171,361328.8967442612,55085.93129288399,34,67.13848954228861,82,Moderate,Low
2024-03-24,Midwest,Fleet Maintenance,92,221645.70494703195,38884.91771176695,36,46.60448813328637,69,None,Normal
2023-11-29,Midwest,Dedicated Contract Carriage,129,181825.55588529748,62585.257902298355,56,83.22495379379087,76,None,Normal
2023-10-24,Southwest,Distribution Center Management,152,406022.6994268635,95554.07805608642,86,55.55672718155016,61,None,High
2023-02-11,Southwest,Distribution Center Management,178,345505.1518807422,63964.89258525076,53,49.61847097209138,139,None,High
2024-10-02,Northwest,Supply Chain Solutions,30,61563.62700425282,10427.477743619433,51,63.32493714615628,82,None,Normal
2024-07-04,Midwest,Transportation Management,147,329533.2413907315,31719.462539132808,45,70.98997850390943,125,None,Normal
2023-12-17,Southwest,Dedicated Contract Carriage,84,194334.71866891917,68356.98115545834,93,54.380855143009654,161,None,Low
2024-02-24,Northeast,Dedicated Contract Carriage,156,321699.6223872805,64684.48894065148,45,49.20662363168514,79,None,High
2024-05-13,West,Transportation Management,139,401609.29153015884,96999.24037560848,38,62.32538521277979,181,Minor,Normal
2023-03-18,Northeast,Dedicated Contract Carriage,124,334415.5304881256,61885.4390663242,83,46.21136678972271,181,None,Normal
2023-08-24,Northwest,Distribution Center Management,151,284573.07327252557,50732.8570008187,39,39.51981202229002,136,Severe,Normal
2024-09-28,West,Fleet Maintenance,47,79036.03444617569,20208.066001253945,99,45.1507638201815,98,None,High
2024-11-18,Northeast,Dedicated Contract Carriage,99,224938.42589458253,41704.92978766793,47,35.155919472644754,137,None,Low
2024-06-19,Northwest,Supply Chain Solutions,240,437773.8172103665,167368.09612587435,40,64.43077067355544,93,None,High
2023-09-14,Southeast,Dedicated Contract Carriage,125,188444.5617430722,25662.796908641732,43,86.27493891150249,171,None,Normal
2024-07-13,Midwest,Dedicated Contract Carriage,111,175482.09316909977,53540.75431944562,83,72.52931467968533,90,None,High
2023-09-01,Midwest,Freight Management,182,358126.25254536123,75572.29168129264,95,18.15831291829882,127,Severe,High
2023-10-16,Southeast,Fleet Maintenance,110,107491.80538026504,37499.562844486565,20,74.15047288823786,181,Moderate,Low
2023-09-06,Midwest,Fleet Maintenance,175,442315.7199242307,36321.133214279405,98,64.05617409796116,58,None,High
2024-10-30,West,Transportation Management,138,386688.8355426396,55631.30063243409,26,36.58618204016679,178,None,Normal
2024-10-30,Northwest,Distribution Center Management,131,202082.74337360502,67639.4080573956,49,75.49416353544937,104,None,Low
2024-02-01,Southeast,Supply Chain Solutions,256,565715.2483695938,44979.24121871695,53,74.87143110885694,150,Severe,Normal
2024-10-10,Southwest,Fleet Maintenance,193,374181.6985246284,78556.67816445268,87,27.286812445651243,79,None,Normal
2024-08-31,Northwest,Transportation Management,79,175962.40430185632,65195.091006770286,85,34.784346357547214,127,None,Normal
2023-02-18,Southwest,Supply Chain Solutions,160,281646.10826590087,79955.95834546787,22,58.031415688238,50,Moderate,Normal
2023-02-27,Southeast,Distribution Center Management,216,479707.10969839647,86940.1982913542,88,43.8895310171778,167,None,Normal
2024-12-05,Southeast,Transportation Management,230,692495.0835437304,54030.67527961831,72,42.88315899568062,58,None,Normal
2024-11-25,Northeast,Freight Management,161,493002.54888955475,51751.07188782568,76,75.837257168098,191,Moderate,Normal
2023-08-23,Northeast,Fleet Maintenance,165,350747.77151168557,142994.06745050795,61,54.71019147571903,147,Moderate,Normal
2023-10-29,Midwest,Transportation Management,91,177424.48756363036,53939.6887314249,69,91.88244470894396,137,None,Normal
2023-06-24,West,Dedicated Contract Carriage,105,187796.6723390827,10342.980992588222,57,71.42230296183291,53,None,Normal
2024-12-11,Southwest,Distribution Center Management,165,390594.25604144245,89440.83873375639,78,59.29829971960534,138,None,Normal
2023-01-24,Northwest,Dedicated Contract Carriage,139,395580.5257301876,97289.19304046166,91,51.13626327025096,164,None,Normal
2023-12-11,Southwest,Fleet Maintenance,141,353534.6134619115,57515.37958240384,46,34.13633611491965,114,None,Normal
2024-06-29,Northwest,Distribution Center Management,93,151398.8640689007,28468.399105396962,58,82.12568658024566,180,None,Normal
2023-04-14,West,Transportation Management,285,909369.1250910802,61538.80954797964,42,83.23982608067229,83,None,Normal
2024-05-28,Southeast,Dedicated Contract Carriage,72,159994.2825944226,46024.3532311377,61,56.19376680368209,115,Minor,High
2023-04-04,Southwest,Fleet Maintenance,258,741129.7104611454,103112.0809405698,34,63.049238172887556,148,Minor,High
2024-12-28,Northwest,Freight Management,70,142297.35437058043,45443.793186211755,58,38.30608941564978,114,Severe,Normal
2024-05-03,Southwest,Transportation Management,137,241380.62657377997,45362.051657497,33,19.642355116102593,173,None,Normal
2024-06-06,Northeast,Transportation Management,224,381601.9513048289,52288.05579840616,90,56.02586609596148,67,None,Low
2023-07-11,Southeast,Transportation Management,206,340049.7140015173,95244.57951723557,80,62.73888855513626,91,None,Normal
2023-11-17,Midwest,Freight Management,208,547416.4926703312,86844.64593549489,34,73.1827223264291,133,None,Normal
2024-07-26,Southeast,Dedicated Contract Carriage,160,295546.8668065717,106568.42583041814,55,35.71007470517746,179,None,Low
2024-07-03,Southwest,Transportation Management,228,535370.2544607534,87202.75098540584,69,66.91786905812431,127,None,Normal
2024-09-20,West,Freight Management,149,340541.27459535183,53288.34805612763,46,48.681561491990436,125,None,Normal
2023-05-11,Southeast,Distribution Center Management,174,295365.03300215607,62135.7724236027,85,61.18475067409216,146,None,Normal
2024-09-01,Northwest,Supply Chain Solutions,55,147478.8927366516,83194.97630580446,97,83.95952694744018,58,Minor,High
2024-07-19,Midwest,Fleet Maintenance,191,407109.97420386784,120221.10358791875,49,43.85817273041119,74,Minor,Low
2024-08-25,West,Distribution Center Management,63,106402.06500893252,37739.23466266198,99,78.70687075596041,147,None,Normal
2023-11-17,West,Distribution Center Management,162,273781.3546914694,34745.59012582408,50,48.67893949965561,65,None,Normal
2024-07-06,Northeast,Distribution Center Management,69,90574.50627480894,56093.36917289769,95,75.2143738608086,114,None,High
2024-12-11,Southwest,Dedicated Contract Carriage,182,328601.7425429498,135064.5135044408,38,31.059749463119203,118,Severe,Low
2023-03-31,West,Freight Management,218,504714.57268085424,87329.51855591571,64,90.04977647581963,153,None,High
2024-03-15,Northwest,Supply Chain Solutions,271,640680.2978522375,141486.34169018257,37,34.05490835823292,117,None,Normal
2024-08-20,Southeast,Freight Management,180,305594.1454490902,54450.125764011544,97,30.72283122879722,149,None,Normal
2024-07-30,Northwest,Transportation Management,149,209412.77115577064,46246.81821029631,34,50.810025491093214,151,None,High
2024-01-29,West,Transportation Management,106,179839.60999722328,51815.52559127193,56,56.635370075844925,60,None,Normal
2024-11-26,Southwest,Freight Management,212,411766.7882713585,83900.774117168,44,74.23663921988945,184,None,Normal
2023-01-13,Southwest,Dedicated Contract Carriage,141,240534.72014978874,63727.45033351257,45,30.6186067957993,125,None,Normal
2024-04-29,Northeast,Distribution Center Management,215,116862.65536401847,44062.41680409287,31,72.0395287929727,110,None,High
2023-09-19,Northeast,Dedicated Contract Carriage,157,342231.3395015594,86756.49706878197,54,54.73177936348519,94,None,Normal
2023-04-03,Northeast,Fleet Maintenance,198,326379.21179580427,92746.97397906875,74,49.44469854337793,164,Minor,Normal
2023-11-12,Southwest,Distribution Center Management,104,219854.15509071952,51857.52854738531,26,60.47057149141567,70,Minor,High
2023-11-09,Northwest,Transportation Management,177,214214.98702224952,147055.75039946756,33,88.59894834496723,65,None,Normal
2024-10-25,Southwest,Dedicated Contract Carriage,107,239884.5262734118,69499.62426769096,96,49.02587824579044,83,None,Normal
2024-05-26,West,Transportation Management,139,305655.60727310576,54707.333506668045,57,69.47352423760755,108,Minor,Normal
2024-07-07,Southwest,Supply Chain Solutions,80,207152.41514753,13200.515462221658,98,61.7232466706247,168,None,Normal
2024-11-28,Southwest,Freight Management,130,348170.874858982,44131.75930548189,72,51.91940146619337,63,None,High
2024-12-24,Northeast,Freight Management,252,597074.2328123713,284492.0389202729,29,57.97353810263105,127,Severe,Normal
2023-02-03,Northwest,Fleet Maintenance,229,288310.52072046563,28117.410509393663,84,81.4065691612811,175,None,Low
2024-10-22,West,Supply Chain Solutions,142,160030.11920643458,48352.513100924436,87,66.24288994633486,53,None,Normal
2023-06-03,West,Supply Chain Solutions,99,239434.50104119512,32767.824410938727,52,54.47888383496255,78,Minor,Normal
2023-03-30,Southeast,Distribution Center Management,209,481500.57698239345,53578.714629121336,81,79.48948771651831,88,None,Normal
2023-10-01,Southeast,Dedicated Contract Carriage,47,121316.29879059,22653.68890894832,94,90.19581897525636,50,None,Normal
2024-09-10,Northeast,Supply Chain Solutions,36,73660.60118384189,16876.26956110382,48,64.08652604198217,168,None,Normal
2024-05-31,Northeast,Fleet Maintenance,89,195533.19615105633,39175.75947951547,33,83.82181006475152,121,Moderate,High
2024-03-10,Southeast,Dedicated Contract Carriage,48,66185.56328162077,11905.506687739526,25,35.26813740317904,173,None,Normal
2024-08-04,Southwest,Fleet Maintenance,100,170412.1900382763,126771.4361628298,75,35.235963569741564,124,Minor,Low
2024-06-06,West,Dedicated Contract Carriage,165,357518.8894096153,43738.733873410216,43,41.30999303551926,107,None,Normal
2024-09-22,Midwest,Distribution Center Management,51,94200.48159662224,52965.3486853351,49,52.21425785371721,146,None,Low
2023-08-11,Northeast,Distribution Center Management,257,603905.2523873948,166865.3098529568,64,63.31505071645288,125,None,High
2024-03-29,Southwest,Transportation Management,210,297686.9990184179,64568.19393730721,48,49.49518122471224,160,None,Normal
2023-12-26,Southeast,Supply Chain Solutions,163,209893.6661733342,45458.26753765196,28,70.81334877465609,185,Minor,Normal
2023-06-21,Midwest,Freight Management,159,161304.8570706274,105078.02334566918,23,78.97905110591645,125,Severe,High
2024-08-17,Northeast,Supply Chain Solutions,89,285505.55976344855,20269.395358127807,87,63.67142076738488,66,Minor,High
2024-10-02,Southeast,Supply Chain Solutions,120,218854.6835455097,61099.359115845415,35,70.20040210573171,116,None,Normal
2023-07-15,West,Distribution Center Management,103,218718.17772501972,54694.22061893394,43,67.34328481121962,90,None,Normal
2024-12-28,Southwest,Fleet Maintenance,69,116615.38880665065,29455.35230573866,95,63.34590682215482,116,None,Low
2023-01-16,Northeast,Freight Management,129,191897.98199598698,44815.510696429956,36,68.96861690743607,84,Minor,Normal
2023-10-25,Northwest,Freight Management,119,172095.6812556474,53720.129799274604,79,79.17741266105024,188,Minor,Normal
2024-05-16,Northeast,Dedicated Contract Carriage,147,135981.09975469697,67727.81730169042,72,51.195474213912576,108,None,High
2023-04-01,Southeast,Dedicated Contract Carriage,120,189495.58907922247,34284.251299706244,83,32.3676427488647,156,None,Normal
2023-06-21,Southwest,Distribution Center Management,134,335127.1992875835,64279.40407187924,21,35.270549113367785,72,None,Low
2024-08-15,Southeast,Freight Management,118,260651.4372297933,33697.916394457156,52,64.510298764207,123,None,Low
2023-07-07,Southwest,Distribution Center Management,190,372152.38597848447,36213.34755724145,24,37.836870314738185,156,None,Normal
2023-08-01,Southwest,Distribution Center Management,215,387561.4119213481,88891.61707760138,54,74.33527748305283,159,None,Normal
2023-06-26,Southeast,Transportation Management,116,306255.1271145016,59884.775294747575,31,59.07202377606573,179,Minor,Normal
2023-10-29,Southwest,Dedicated Contract Carriage,45,98381.36029980479,8325.021599697882,45,39.11979134117291,103,None,Normal
2024-01-18,Southwest,Transportation Management,283,507769.47326531814,147895.27711749333,57,72.16103574680756,102,Minor,Normal
2023-11-25,Midwest,Dedicated Contract Carriage,81,153213.28899287435,41878.42078137372,36,58.19508802281381,197,None,Normal
2024-10-04,West,Dedicated Contract Carriage,190,408429.5597167892,74092.81725329353,24,81.95157374212712,144,None,Normal
2024-08-06,Northwest,Freight Management,208,590546.1185837679,171814.0278837258,62,49.39379148895727,150,None,Low
2024-09-01,West,Transportation Management,54,89575.29932558438,17704.83768697121,74,72.53154814907437,111,Minor,Normal
2024-02-18,West,Transportation Management,110,221896.30833019633,25631.235150361856,72,70.76259981744886,129,Minor,Normal
2023-02-03,West,Transportation Management,134,290539.0192195368,59446.95511723874,96,74.28460042048357,71,None,Normal
2024-11-11,Southeast,Transportation Management,142,234526.15880187356,43967.06839009034,26,87.14798021793827,144,None,Normal
2023-09-15,Northwest,Fleet Maintenance,148,274526.54925729556,24229.581576926812,75,66.1380608863755,90,None,Normal
2023-08-08,West,Transportation Management,106,247337.78830175794,11266.242997241316,40,60.93173288503967,142,None,Normal
2023-08-19,Southwest,Supply Chain Solutions,45,91767.16688873991,17842.573412038575,74,66.59854362728143,113,None,Normal
2024-09-02,Midwest,Distribution Center Management,135,297768.23249272024,52227.01288350169,40,62.342088525568606,63,None,Low
2023-12-29,Northwest,Distribution Center Management,192,180863.96874883346,27072.728047901837,65,57.12099064604988,176,None,High
2023-07-30,Southwest,Distribution Center Management,87,152250.6756511553,44619.87512249377,64,46.934383997929395,178,None,Normal
2024-04-14,West,Transportation Management,162,107028.56656653584,118543.80058940509,31,38.32073700553193,112,None,Normal
2023-10-24,West,Distribution Center Management,123,180052.61814333365,44071.562895435476,43,74.39089880985897,124,None,Normal
2024-04-26,Northeast,Dedicated Contract Carriage,211,409577.6806023409,102566.05282431624,90,44.071654034474875,199,Minor,Low
2023-09-18,Northeast,Distribution Center Management,147,328074.8935578394,39973.0758417046,67,70.40969208959811,174,None,Low
2024-07-24,Southwest,Distribution Center Management,264,649145.2542507472,69919.69749506324,73,62.713170462768616,141,None,Normal
2023-12-24,Midwest,Distribution Center Management,93,190203.4777584546,27130.59519858341,43,66.30915017823472,151,Moderate,Normal
2023-02-22,Southeast,Dedicated Contract Carriage,141,267522.08252304385,33556.87631981147,96,49.772678636433824,178,None,Normal
2024-08-06,Northeast,Supply Chain Solutions,202,377433.4777981927,179723.6991748235,51,80.22862007995572,146,None,Normal
2023-12-29,Midwest,Distribution Center Management,205,585857.6143110153,115639.80071101917,79,60.275849528737645,153,None,Normal
2024-01-29,Southwest,Freight Management,132,228414.29355764005,24709.31291141497,94,76.55217097890193,175,None,High
2023-08-16,Southwest,Fleet Maintenance,228,335999.63056836213,179683.96269451515,54,55.29250000193709,174,None,Normal
2024-10-23,Northwest,Transportation Management,101,187052.81773615614,15238.517874192721,90,19.300363946956775,187,Minor,Normal
2023-09-30,Northeast,Fleet Maintenance,61,162005.30754719628,24093.1546431124,46,43.07704040747575,122,None,Normal
2023-01-11,West,Freight Management,254,597928.357575334,120229.6696287778,84,71.34465060638043,70,None,Normal
2024-05-16,Northeast,Transportation Management,256,564392.8861853224,78312.64982607981,47,66.10156707275515,86,None,Low
2023-07-17,Northeast,Fleet Maintenance,199,330012.39578392217,83347.88479244469,69,77.59906239988912,77,None,Normal
2023-11-19,Midwest,Dedicated Contract Carriage,95,123348.65733839688,39500.89229705999,83,53.9604943659046,169,None,High
2023-11-04,Southwest,Supply Chain Solutions,52,92190.4262633557,13609.50676896372,40,70.28227313319513,162,Minor,Normal
2023-06-26,West,Fleet Maintenance,200,441938.41217080964,141920.42520016714,93,60.34113040564023,155,None,Normal
2023-10-24,Southeast,Freight Management,122,205405.3998232769,47567.3003931255,68,47.1019216313689,94,Severe,High
2023-08-01,Southwest,Distribution Center Management,187,347543.8094272514,73774.20045769197,71,38.29275582691402,191,None,Normal
2023-04-21,Northeast,Distribution Center Management,384,773082.2900000686,164720.9087392988,63,89.42065076142515,119,None,Normal
2024-11-20,Southwest,Fleet Maintenance,94,231687.38129856676,28842.53324622072,64,52.540075159180546,107,None,High
2024-03-14,Midwest,Distribution Center Management,294,562257.1063779478,77339.83710674614,69,69.07388140931226,101,None,Normal
2024-03-23,Northeast,Distribution Center Management,81,114492.03313272928,72330.0760589872,72,41.27596896111535,110,None,Normal
2024-11-25,Southeast,Freight Management,140,346120.6518442063,37869.099071006625,69,58.152279216170434,111,None,Normal
2023-03-19,Southwest,Dedicated Contract Carriage,59,124233.54638480222,36595.13116823187,72,44.15479301058639,77,None,High
2023-10-09,Southeast,Supply Chain Solutions,206,353651.1527645629,32324.622240101136,28,36.09352867869831,189,Moderate,High
2023-12-22,Northeast,Transportation Management,206,263294.5473922615,81957.42106275728,61,63.90902157970496,168,None,High
2023-05-25,Southeast,Distribution Center Management,121,229525.03249595247,40523.758864108735,92,82.0373306290118,148,Moderate,Normal
2024-01-13,Midwest,Supply Chain Solutions,111,275229.12239676033,20621.617188142638,77,59.85527037743121,179,None,Normal
2023-08-12,Southwest,Supply Chain Solutions,48,91328.17591784181,24739.66204229039,31,71.07301508736423,182,None,High
2023-12-12,Southeast,Freight Management,161,261004.50771736287,49136.240636227005,30,18.551220130980703,79,None,High
2023-02-22,Midwest,Fleet Maintenance,289,555368.7082736797,126897.62442066251,36,50.22414343823854,104,None,Normal
2024-09-22,West,Supply Chain Solutions,76,163944.3186127542,18732.34277243732,34,78.87755083187213,50,Minor,Normal
2023-06-12,Midwest,Freight Management,239,226343.39818033867,55940.40185778472,81,62.94480740443896,114,Minor,Normal
2023-12-10,Southwest,Supply Chain Solutions,104,189527.70293540703,28475.80979998628,61,70.65725965738687,174,None,Normal
2024-02-14,Northwest,Freight Management,251,278373.57562326215,184298.30753750284,81,78.72492620970684,184,None,Normal
2023-04-13,Northwest,Supply Chain Solutions,235,448049.1512130317,55535.68716593832,58,57.87309680652463,198,None,Normal
2023-04-06,Northwest,Transportation Management,295,803834.2173659977,173984.1294261777,76,57.47339379350248,199,None,Low
2024-07-03,Northeast,Distribution Center Management,203,458935.39516639354,55897.128230385424,49,51.89887073933398,187,None,High
2023-06-24,Southwest,Fleet Maintenance,52,99227.71453175435,7441.448218880179,45,53.980008733132834,133,None,Normal
2023-02-26,West,Freight Management,102,181874.5312415177,41517.51831521454,76,58.8037532191146,165,None,High
2023-12-14,West,Transportation Management,204,425229.79584190133,58175.45967054127,53,74.34393935065827,65,Minor,Low
2024-12-20,Northeast,Supply Chain Solutions,232,536198.9113008648,72200.16859628502,49,87.13077907081417,151,None,Normal
2024-12-07,Northeast,Distribution Center Management,59,98675.00786071038,30568.038128424938,65,45.23925627317461,52,None,Normal
2023-01-11,West,Distribution Center Management,166,265615.2026772265,37616.6925009339,99,52.21927660311027,173,Severe,Normal
2024-08-06,Southeast,Dedicated Contract Carriage,131,338155.8286027069,144946.81383826872,24,48.35019505027959,121,None,Normal
2023-06-01,Midwest,Supply Chain Solutions,257,347215.7516042526,95709.95603016492,99,46.798011528145075,166,None,Normal
2023-05-24,Southeast,Distribution Center Management,251,340457.86324233486,48362.47789898169,90,65.07804885179227,123,Minor,Low
2024-10-03,Southeast,Fleet Maintenance,213,398561.51033019664,225965.72415670703,24,47.21857660337878,157,None,Low
2024-12-25,West,Freight Management,123,161667.24693969716,48514.14507898092,80,85.1866033700178,146,Moderate,High
2023-03-30,Northeast,Distribution Center Management,237,628646.8774713872,267334.4722303992,65,92.77185583211379,122,Severe,Normal
2023-12-16,Northwest,Freight Management,32,79539.42892211363,12302.61442241534,56,66.82096995929057,168,None,Normal
2024-03-06,Southwest,Transportation Management,84,233294.1476950307,101558.57255160465,51,66.33764024582193,70,None,Low
2024-03-27,Southeast,Dedicated Contract Carriage,221,350911.2117394311,64769.040226145655,54,65.91714323158297,177,None,Normal
2024-07-25,West,Freight Management,177,288890.9381918043,127973.818398371,89,36.736389179560305,108,None,Normal
2024-05-27,Southwest,Distribution Center Management,218,560197.7218209909,40923.65525974427,73,25.860597329180457,140,Severe,Normal
2024-03-02,Northwest,Distribution Center Management,135,269046.3058633707,74156.54339956504,51,69.4743404352284,140,None,High
2023-02-10,Midwest,Distribution Center Management,252,671113.6112756884,103180.0368070562,26,38.51116744263345,147,Minor,Low
2024-06-23,West,Transportation Management,59,121819.88842964087,18260.12141330361,63,72.9568032248206,143,Moderate,Low
2024-09-14,Southwest,Dedicated Contract Carriage,79,169215.59202434626,54854.94835570509,67,59.7890193599358,99,None,Normal
2023-09-08,Southwest,Dedicated Contract Carriage,148,290222.77852471423,37208.262986922804,60,45.16926110125872,112,None,Normal
2023-06-29,Southeast,Freight Management,259,797425.0082363787,123434.15018688963,55,45.64933763114985,98,None,Normal
2023-09-02,West,Supply Chain Solutions,81,131157.2424086013,35405.3242124608,86,88.89647167503793,193,Minor,Normal
2024-07-05,West,Fleet Maintenance,90,159510.83461470835,77594.29037054339,33,90.85990891694213,114,None,High
2024-02-20,Southwest,Freight Management,247,366397.1627974564,120976.98000233497,99,46.28226004872138,149,None,Normal
2023-12-01,Midwest,Distribution Center Management,115,272968.7157160939,101731.57601568133,40,58.89141894001707,53,None,Normal
2023-07-26,West,Fleet Maintenance,187,376246.3390663326,46476.685955039866,92,71.3318218511031,170,None,Normal
2023-08-26,Southeast,Fleet Maintenance,66,127587.37090916352,10392.508496869297,37,75.54984732205291,51,None,Normal
2023-05-01,Northwest,Dedicated Contract Carriage,215,505711.75303952507,78304.60483346514,97,54.37307558415381,75,Minor,Normal
2023-11-09,West,Supply Chain Solutions,82,166965.2503099265,25827.89794958404,95,73.4388073707255,77,None,Normal
2024-01-29,Southeast,Fleet Maintenance,252,417174.2963972331,90887.91906798541,34,82.91518573238777,58,None,Normal
2024-03-19,Midwest,Fleet Maintenance,300,724001.5763909273,100323.03947036804,32,80.42573046656462,184,None,Normal
2024-10-20,Southeast,Transportation Management,81,145193.30621827528,26240.60759549363,62,56.627758501832346,181,None,Low
2024-12-23,West,Dedicated Contract Carriage,182,74211.6130768318,86917.07669356225,32,79.63562186497121,145,None,Normal
2023-02-13,West,Transportation Management,145,380870.7472724276,71276.55272725459,20,75.28987206565463,126,Severe,Normal
2024-04-26,Northeast,Transportation Management,251,560086.8233724608,83488.7073282373,47,29.2313494056242,123,Minor,Normal
2023-05-25,Southeast,Fleet Maintenance,159,296821.63524951163,117079.17062288024,51,54.40313303053943,84,Minor,Normal
2024-02-10,Southwest,Fleet Maintenance,90,177499.9356300849,106645.2889321792,24,64.75640758399813,164,Moderate,High
2023-07-12,Southwest,Dedicated Contract Carriage,159,463429.5988256384,28318.27321925343,36,40.38999564512666,59,None,Normal
2023-04-05,Northeast,Distribution Center Management,155,341169.720064771,42826.43238981845,43,65.2152525169077,92,None,Normal
2024-11-15,Midwest,Supply Chain Solutions,158,454682.20647074905,40995.19215453718,37,71.65318296019638,140,Minor,Normal
2024-06-18,Southeast,Dedicated Contract Carriage,218,528364.557169558,177936.04605664982,35,70.11895125786097,90,None,Low
2023-04-02,West,Freight Management,140,341747.0603563833,73327.37551386995,82,53.09859982085528,134,None,Normal
2023-10-03,Southwest,Freight Management,98,196621.9532181109,66023.8835106763,41,54.198879989698256,91,None,Low
2024-01-20,Southwest,Distribution Center Management,35,68071.9134459658,19706.07119225142,83,71.0523849666028,181,None,Normal
2024-05-14,Southeast,Freight Management,225,508791.68432873447,73359.43110642352,28,89.27644933780677,110,Minor,Normal
2024-05-28,Northwest,Fleet Maintenance,218,671148.219356537,46262.968391112794,41,67.40732695486103,62,None,Low
2024-02-20,West,Transportation Management,243,380121.3939349019,182776.14616343178,82,57.685721635009735,141,None,Normal
2024-06-09,West,Transportation Management,81,187678.8179552177,49473.02541365715,73,62.91498897719915,123,None,Normal
2024-04-30,Midwest,Freight Management,235,326721.2150500302,111685.5417586598,32,64.29654328363566,175,None,Normal
2023-12-06,Midwest,Transportation Management,179,182896.0009421332,76635.60893129787,65,58.5021704080677,174,Minor,Normal
2024-11-09,Midwest,Transportation Management,71,84190.06563927302,53355.10103384506,37,78.61036004550476,173,Moderate,Normal
2023-03-12,Southeast,Fleet Maintenance,91,287893.5377544354,47119.81790455845,22,61.910083726851994,143,Minor,Normal
2024-05-18,West,Dedicated Contract Carriage,142,294019.2555770597,65638.77224734364,85,48.877166515858924,98,None,Normal
2024-02-01,West,Transportation Management,241,588983.3319803947,93169.74000625915,33,92.04816572167202,178,None,High
2024-08-18,West,Supply Chain Solutions,63,162786.38217470213,26450.62980145563,79,75.34589022475473,162,None,Normal
2024-05-31,West,Supply Chain Solutions,271,616293.8042504261,179816.3597136503,94,38.47277764687616,123,Severe,Low
2023-08-01,West,Dedicated Contract Carriage,94,263171.37049806735,41569.422145433455,75,65.2185003361612,149,Moderate,Normal
2023-04-06,Southwest,Freight Management,160,339982.76669306617,39618.378146652714,40,86.05754454913408,133,None,Low
2023-01-07,Southeast,Distribution Center Management,67,148025.6876663465,33992.31423607711,50,49.662512196945,141,Minor,Normal
2023-01-26,Northwest,Fleet Maintenance,242,553650.7821426129,207516.39829422,92,84.9719380526749,84,None,Low
2024-04-26,Northwest,Transportation Management,169,350317.5426279204,86714.91444659597,82,48.20279208338456,73,None,Normal
2024-02-08,Midwest,Transportation Management,184,644998.971376345,44421.84079818266,52,55.90571414485153,137,None,Low
2023-05-14,West,Transportation Management,97,208408.1591275906,54348.91789920581,76,61.72451212877643,94,None,Low
2023-11-22,West,Fleet Maintenance,162,304911.84429679223,38460.72185971689,91,91.62193767627686,93,Moderate,Normal
2023-05-31,Northeast,Supply Chain Solutions,232,498676.0469235436,134756.45918385402,45,60.81565834620789,149,None,Low
2024-03-25,Northwest,Dedicated Contract Carriage,298,564369.8615104308,139320.62099740063,63,33.89971969315284,113,None,Normal
2023-09-25,Northwest,Distribution Center Management,156,319888.9385980655,48746.24633161748,62,49.17274880472706,127,None,Low
2023-07-16,Northwest,Freight Management,45,109615.17805401678,14516.85865908453,73,56.19364529731331,84,Minor,High
2024-03-13,Northwest,Transportation Management,262,658567.8942122523,189108.51674326655,81,62.562324880772415,108,Severe,High
2024-03-28,Midwest,Fleet Maintenance,187,370552.87460762076,155343.25739542546,68,65.71217774960309,175,None,Normal
2024-01-25,Northeast,Supply Chain Solutions,159,298820.4204095669,54053.438365385264,77,64.89717151543898,124,Minor,High
2024-09-15,Southeast,Transportation Management,73,101182.14242828295,39114.9068444048,20,61.34364953830558,70,None,Normal
2023-01-11,West,Supply Chain Solutions,156,211642.33539910635,23657.23970356567,73,80.48602023022589,102,Minor,Low
2024-04-08,Northwest,Transportation Management,318,545570.4024342824,131520.59243915,45,82.70505351949441,171,None,High
2024-02-10,Southwest,Freight Management,123,228282.6850761301,85450.47631823801,90,33.871686950841735,72,None,Normal
2024-03-26,Southeast,Distribution Center Management,212,349323.5859980545,59792.742259130246,28,68.05510915414291,137,None,Normal
2023-05-12,West,Supply Chain Solutions,227,656379.6180127498,100062.66170176995,88,86.24442910068807,196,None,Normal
2024-01-02,West,Transportation Management,184,384334.7499842136,107335.84341707845,83,92.60251206782583,164,None,Normal
2023-09-25,Northeast,Fleet Maintenance,77,175899.19263685105,34512.47095535534,76,25.740758649888782,181,Minor,Normal
2024-10-07,Southeast,Supply Chain Solutions,92,154975.9974673369,29939.754357909183,41,70.58116871224914,82,None,Normal
2023-07-03,Northeast,Fleet Maintenance,205,480043.7211817028,85214.22956257591,34,74.19401355488542,194,None,Normal
2023-03-22,Midwest,Fleet Maintenance,142,282216.7135747154,36807.80679302837,26,64.2277789134779,190,None,High
2023-01-11,Northeast,Transportation Management,169,345876.2610741686,60543.29288660276,71,30.820483496965096,152,Minor,High
2024-05-10,Southeast,Dedicated Contract Carriage,336,389831.9474484735,196963.05408865656,98,65.73334711334877,190,Minor,Normal
2023-02-13,Southwest,Dedicated Contract Carriage,290,667359.5483580311,264225.0500342649,37,41.458947419544415,57,None,Normal
2024-04-08,Northwest,Dedicated Contract Carriage,163,323048.08102848486,45688.57251286994,26,90.51209146159646,152,None,Low
2023-03-28,Northwest,Supply Chain Solutions,178,303863.4318578241,97335.27865264272,45,32.936519206504244,133,None,Normal
2023-01-20,Southeast,Distribution Center Management,273,617888.9942039195,91283.19978523979,80,68.52527570361146,93,None,High
2023-08-09,Northwest,Transportation Management,182,280014.79728304315,45449.98982126173,30,45.45300991576535,67,Minor,High
2023-07-22,West,Transportation Management,67,141200.59550974882,53273.41034396693,62,81.17942057050647,88,Moderate,Normal
2024-03-06,Southwest,Fleet Maintenance,245,576612.0387997169,63033.39708040245,99,61.69504356499991,162,None,Normal
2023-12-25,Southwest,Supply Chain Solutions,119,206619.15488464152,70817.63830385976,90,72.9262320661871,97,None,Normal
2023-11-13,Southwest,Transportation Management,125,240708.96203046248,101979.95959865603,95,79.26934649130723,120,None,Normal
2023-10-03,Northwest,Distribution Center Management,173,381467.75366576,58575.927835198505,91,41.72381797322755,122,Moderate,Normal
2024-03-31,Northwest,Fleet Maintenance,76,216560.46277087013,22819.10920505364,34,62.51816190734812,128,None,Normal
2024-12-22,West,Transportation Management,61,95468.91949422531,44021.28478437397,36,72.21482534285774,84,Minor,Normal
2023-02-06,Southeast,Distribution Center Management,259,477136.5483346949,83390.22449039762,42,80.88660190975384,179,None,Normal
2023-07-10,Southeast,Transportation Management,156,331387.953336255,73510.37053377005,65,74.44360162952607,137,Moderate,Normal
2024-03-20,Southwest,Distribution Center Management,115,222064.83481801307,49584.924439324575,24,86.04583184314379,159,None,Normal
2024-04-30,Northeast,Transportation Management,215,364666.4102963687,103283.5865732665,52,78.5018420389229,154,None,Low
2024-11-26,Midwest,Dedicated Contract Carriage,187,464699.4217284569,48936.14389196661,45,91.83254650484692,118,None,Low
2023-05-20,Southwest,Fleet Maintenance,116,112031.56839337174,7916.713809032513,94,63.73506564656278,105,None,High
2024-06-01,West,Distribution Center Management,53,98087.26116607073,18457.01472954039,79,56.62308829346827,100,None,Normal
2024-06-28,Midwest,Distribution Center Management,139,412566.0661397043,62555.67019563545,37,54.56658618533052,82,Moderate,Low
2024-02-08,Southwest,Supply Chain Solutions,187,565548.4081868429,78059.61816483662,99,18.273154705695855,58,Minor,Normal
2024-07-13,West,Supply Chain Solutions,110,251359.14333050416,38498.43957242105,31,72.40875826297412,87,None,Normal
2023-12-01,Southeast,Dedicated Contract Carriage,174,375010.4256479015,164883.4922623229,60,63.59774928343379,171,None,Normal
2023-02-02,Southeast,Fleet Maintenance,201,431399.6487423075,43644.23313106194,33,67.99921355603229,194,None,Normal
2023-01-12,Southeast,Distribution Center Management,242,504173.97764371254,110251.76571611996,67,51.58945158164728,82,Minor,Normal
2024-07-29,West,Transportation Management,154,368126.72660657496,48396.38702516583,72,62.367812001632174,148,None,Low
2024-08-12,Southwest,Dedicated Contract Carriage,121,219858.76299051853,58937.519223324714,56,38.95824457625507,106,None,Normal
2024-02-12,Southeast,Distribution Center Management,207,474598.0654449948,124246.91633207977,55,64.17420000192979,124,None,Normal
2023-11-10,Northeast,Dedicated Contract Carriage,148,332602.1490360782,105773.17074648516,21,56.34193245079566,60,None,Normal
2024-05-29,Southwest,Distribution Center Management,130,168401.9111170423,80111.42217065819,36,86.03879131494183,191,None,Normal
2024-08-23,Southeast,Fleet Maintenance,127,273393.70126854256,77205.30256215643,89,61.090435548175535,71,Minor,Low
2024-10-28,Southeast,Fleet Maintenance,108,179538.9966776479,39747.86714659144,60,69.39558818356704,91,None,Normal
2023-06-11,Northwest,Fleet Maintenance,118,317439.3421717009,41947.60090688738,73,26.218132216464625,131,None,Low
2024-10-26,Midwest,Freight Management,98,260914.95809417486,54196.6634474205,36,48.65531626362063,147,Minor,Normal
2024-12-25,Southwest,Transportation Management,256,534084.922845318,191103.12392064225,49,54.47436334498793,150,Minor,High
2023-08-20,Northeast,Supply Chain Solutions,90,190202.26174192497,78148.22669480178,52,54.787798399814626,69,Moderate,Normal
2024-10-10,Northeast,Distribution Center Management,112,180012.90851685067,85907.70764533499,33,67.23058337543449,113,None,High
2024-07-30,Southeast,Transportation Management,142,237455.4907169453,53502.28042928773,82,59.76020980136856,86,None,High
2024-10-06,Southeast,Transportation Management,84,136991.05617369153,37797.387878099005,83,82.54257178248187,79,None,High
2023-05-19,Southeast,Dedicated Contract Carriage,195,345514.8394629885,73449.98296946482,99,74.47969542243978,159,None,Normal
2023-11-15,West,Supply Chain Solutions,118,296613.0262455981,22822.718305256858,31,71.88946558560887,197,None,Low
2024-03-31,West,Dedicated Contract Carriage,72,133419.54835862532,42198.97318169819,92,51.96450104761988,81,None,Low
2024-04-08,Southeast,Dedicated Contract Carriage,247,601563.9949516415,65870.82400336619,26,81.67229814814641,69,Moderate,Normal
2023-11-19,Northeast,Fleet Maintenance,59,67257.8414471252,21122.056775011664,39,78.17235476749816,163,Severe,Normal
2023-05-07,Midwest,Supply Chain Solutions,98,170736.25956901684,14482.543903813912,67,61.19635419857998,141,None,Low
2023-01-22,Northeast,Distribution Center Management,79,131234.59857257758,28424.679250320663,24,73.34661637332385,113,None,Normal
2023-03-06,West,Supply Chain Solutions,216,403501.0208757957,202333.92980337312,50,62.14629444238451,196,None,Normal
2024-09-26,West,Transportation Management,132,201122.8671758814,43699.7036296263,68,64.13031542662478,121,None,Normal
2023-08-18,Northwest,Distribution Center Management,105,191531.49996570247,43857.60531843975,77,64.64911406328466,103,None,Normal
2024-12-22,West,Dedicated Contract Carriage,70,157409.25033884245,28033.967981906168,39,82.94664908605289,101,None,High
2023-02-09,West,Fleet Maintenance,280,520446.3937137101,150372.78617198864,97,75.03353976068323,189,None,Normal
2023-11-29,Southwest,Freight Management,144,281078.01812540175,27292.165343668756,82,64.25453326272746,64,None,Normal
2024-07-30,Midwest,Transportation Management,153,247983.84806889607,65695.24978873346,39,79.2548216590371,169,None,Normal
2023-09-24,Northeast,Transportation Management,63,94212.61024764547,48996.15484208877,51,61.70997853553853,119,None,Normal
2023-10-26,Midwest,Supply Chain Solutions,162,392324.90504081413,61415.979956556104,88,42.2162122404903,86,None,Low
2023-03-03,Southeast,Freight Management,204,654953.6393717518,68361.55565704117,35,59.330328336493544,82,None,Normal
2024-07-07,Southeast,Dedicated Contract Carriage,73,172725.04257654116,19897.49683398362,37,75.69136484593658,148,None,High
2023-08-05,Southeast,Distribution Center Management,57,149273.17722447022,30502.432482298147,28,54.395672081721514,119,None,Normal
2023-12-31,West,Dedicated Contract Carriage,65,139736.2945199251,35315.81263486915,53,70.99672237770356,70,None,Normal
2024-08-09,Midwest,Transportation Management,208,405937.08291421767,40677.609796093966,65,59.28647458263081,121,Moderate,Normal
2023-11-13,West,Transportation Management,150,235650.89757506156,79034.33828271266,57,68.81889109933572,100,None,High
2024-01-16,Southeast,Dedicated Contract Carriage,272,535837.7993252812,126704.5275886123,72,68.28428024035493,165,Minor,High
2024-06-23,Northwest,Freight Management,106,139223.42045483706,31098.07145162428,52,76.30999050909469,192,None,Normal
2023-09-28,West,Distribution Center Management,138,324621.74665455776,38616.786359865066,73,55.418348281943764,51,None,Normal
2023-11-14,Southwest,Supply Chain Solutions,128,190559.8774448699,29463.878353695625,77,30.451009948422364,131,None,Normal
2023-09-26,West,Supply Chain Solutions,61,123563.72387365469,31879.16093035192,90,74.60506985039376,104,None,Normal
2024-03-01,Northeast,Freight Management,171,382334.45199263876,52457.87372063876,27,79.92023062195177,119,None,Low
2023-07-02,Southwest,Supply Chain Solutions,90,280342.42424920993,44519.48739255465,47,74.30548856850474,115,Moderate,Normal
2024-01-29,Southwest,Supply Chain Solutions,63,178389.4579586867,26443.021551140006,27,59.502004366060014,104,Minor,Normal
2024-11-11,Northwest,Distribution Center Management,165,242688.65864043156,50475.46442259083,87,81.8555776063017,146,None,Low
2024-01-31,Northwest,Supply Chain Solutions,258,591481.7970850988,97516.58201523371,51,47.395023342230786,185,Moderate,Normal
2024-04-09,Northwest,Transportation Management,243,516595.3614836932,56209.25311976093,89,60.342697893772524,174,None,Normal
2023-08-09,Northeast,Transportation Management,88,213089.0850167624,23404.240771210498,53,67.9383864025419,87,None,Normal
2023-08-04,West,Distribution Center Management,154,292819.6533628112,66904.95323619046,48,44.46997167302833,153,Minor,Low
2024-04-18,Midwest,Fleet Maintenance,182,229631.56030294715,74166.45707917158,79,65.04402188022517,98,None,Normal
2024-10-17,Northwest,Freight Management,191,618549.9989428971,151604.62449111725,52,78.15922441213361,105,Moderate,Low
2023-06-12,Midwest,Distribution Center Management,175,324945.72227715916,111013.5358755324,74,71.83933635538551,130,None,Low
2023-06-21,Southeast,Freight Management,125,274160.5607442822,23419.08781206298,33,44.46768852497034,66,None,Low
2023-03-16,Northwest,Fleet Maintenance,262,646546.1134467991,120156.25440170009,97,83.44431364140712,131,Minor,Normal
2024-02-17,Southeast,Dedicated Contract Carriage,112,167622.12278188617,58388.25613679751,24,73.87372411418008,96,None,Normal
2023-02-16,Southwest,Distribution Center Management,200,319373.91618094273,171994.8878711119,55,40.93015651084913,57,None,Normal
2023-05-15,Northwest,Fleet Maintenance,184,227880.75831838697,31698.828321501114,80,84.52290133948662,114,None,Normal
2023-06-01,Northwest,Fleet Maintenance,198,452072.45600293175,48386.03747843468,72,47.64250810123317,187,None,High
2023-10-05,Midwest,Transportation Management,89,204708.13179205067,108232.19900273913,27,60.67071335123075,139,None,Low
2023-09-28,Northwest,Freight Management,160,290318.1567205344,70592.20229146461,78,50.81595860444924,58,None,Normal
2023-05-07,West,Distribution Center Management,82,208285.4868758293,31447.46929934396,50,75.48190101974987,174,None,Normal
2024-11-30,West,Dedicated Contract Carriage,116,185518.6161007057,43206.00945488509,75,31.205579974604937,83,Moderate,Normal
2024-12-14,Northwest,Distribution Center Management,123,234064.0208892098,37940.22356320654,83,92.12874091553161,166,None,Normal
2024-10-06,West,Freight Management,46,113571.87313834665,3840.9093976968225,94,98.16829822144868,184,None,Normal
2024-11-25,Southwest,Dedicated Contract Carriage,78,171259.548569854,14791.809554831738,59,56.81515247171942,100,Minor,Low
2024-05-07,West,Dedicated Contract Carriage,243,433659.17658495886,71157.41439014666,26,44.92927981950518,116,None,High
2024-09-23,Northeast,Dedicated Contract Carriage,84,251884.3574173979,16389.362556486314,52,73.34387020190357,74,None,High
2023-09-29,Northwest,Supply Chain Solutions,164,323080.7666578737,51877.368142010084,76,80.8871300122032,77,None,Normal
2024-07-03,Northwest,Freight Management,161,344505.7994848027,129131.8372715331,73,69.61445993516986,58,None,Normal
2024-05-10,Northeast,Transportation Management,234,584224.6934088501,182642.51343866315,45,66.14664328982859,105,None,Normal
2023-06-06,Northeast,Fleet Maintenance,92,241499.16851082013,54405.37001426393,36,89.6594979718846,191,None,Normal
2023-06-17,Southwest,Fleet Maintenance,98,167791.52242136476,26833.688984984536,79,65.65112266186239,181,None,Normal
2023-12-15,Southeast,Transportation Management,161,82081.34023344777,63190.02222135742,96,68.6933406619161,108,None,Normal
2024-04-29,Midwest,Freight Management,150,284692.9791324417,15454.875106410766,76,62.31309151456953,163,None,Normal
2023-03-09,Midwest,Dedicated Contract Carriage,273,667945.7744179331,188137.27301087868,92,57.41544250419373,98,None,Normal
2024-07-26,West,Dedicated Contract Carriage,139,372203.1861259672,157471.48480404975,80,67.12143911638799,98,Moderate,Low
2024-11-03,Northeast,Transportation Management,90,249651.05558201094,21304.140476046177,99,83.43546103490803,134,None,Normal
2024-06-02,Northwest,Transportation Management,77,141337.74298613274,21120.89874554512,23,71.56043872167143,90,None,High
2024-11-16,Northeast,Transportation Management,113,213006.16617167433,101184.74992964347,44,51.62704552090547,127,None,Normal
2024-07-19,Midwest,Freight Management,166,325206.7780168724,65584.1683297486,30,52.17111360317364,184,None,Normal
2024-05-07,Southeast,Fleet Maintenance,197,438702.27398623736,53799.61535720386,92,91.04928204046264,138,None,Normal
2023-09-11,West,Dedicated Contract Carriage,143,330734.2845845905,89489.03354479607,82,66.93114580238093,184,None,Low
2023-02-20,Northeast,Transportation Management,287,286458.1913588437,103263.09397269707,95,65.45440652288953,116,None,Normal
2024-12-21,Southwest,Freight Management,111,294794.4493535089,64867.31510140195,23,37.69930181750615,170,Minor,High
2024-11-30,Southeast,Distribution Center Management,74,146253.7231975871,38408.32429093168,78,68.05333599652425,119,None,Normal
2024-07-27,Northeast,Dedicated Contract Carriage,88,145747.61556365865,96102.33013502015,90,73.36867728632274,88,None,High
2023-08-07,Southeast,Fleet Maintenance,65,105909.75127931453,25857.79450414035,38,43.59898817654394,63,Moderate,High
2023-05-16,Southeast,Dedicated Contract Carriage,172,361454.9518602486,72935.95554862384,86,56.409336717951355,185,None,Normal
2023-01-03,Northwest,Transportation Management,80,142642.4869843759,48362.85707111656,63,75.48955294403822,59,Severe,Normal
2023-12-09,Southeast,Transportation Management,128,263515.88315664604,30035.93842291213,78,41.97169719543264,126,Minor,Normal
2023-11-06,West,Dedicated Contract Carriage,110,255090.17501246452,73744.05806910204,24,33.33550923508336,78,None,High
2023-07-20,Northeast,Fleet Maintenance,187,255299.24065135166,40253.52967614713,89,61.74049634539717,93,None,Normal
2024-04-28,Midwest,Transportation Management,92,195234.00652438888,87757.14167930173,74,83.39118280790706,150,None,Normal
2023-11-07,West,Transportation Management,110,275353.4074246542,72620.48329095535,67,52.95688359002326,172,None,High
2023-02-23,West,Transportation Management,197,437856.64716261433,57652.9034785032,63,79.24514557773644,91,None,High
2024-05-01,Northeast,Transportation Management,282,384354.17189008486,65309.35534213384,28,76.48916294393796,171,Moderate,Normal
2024-10-19,West,Freight Management,88,137151.12491088486,42739.16191451591,24,41.34671810747378,142,None,Low
2024-08-05,Southwest,Distribution Center Management,134,137233.484903652,103360.89489280175,33,69.98928948729585,78,Severe,Low
2024-12-23,Northwest,Freight Management,158,282030.26154346333,20047.153013071733,30,64.55420861946995,193,None,Normal
2023-02-11,Northwest,Dedicated Contract Carriage,151,260144.45172505928,74496.61706844003,97,73.28646255106493,172,None,Normal
2024-01-10,Northwest,Dedicated Contract Carriage,233,465638.5950550273,90887.84288021717,90,47.41022886104795,106,None,Normal
2023-04-09,Northeast,Supply Chain Solutions,82,102925.76024348823,24146.282470519698,47,17.573864571756104,95,None,Normal
2023-03-20,West,Freight Management,197,319507.9871074562,148023.59907075542,41,57.475598059513054,66,None,Low
2024-01-26,West,Distribution Center Management,201,121999.62624112362,80968.2810154646,98,56.98305790097593,138,Minor,Normal
2024-08-04,Northeast,Freight Management,96,267480.0165939043,20714.86096325319,81,79.90929421935799,140,None,Normal
2024-11-14,Northwest,Fleet Maintenance,225,498762.68618355197,143673.48023350612,51,84.0356266489569,147,None,Low
2023-05-26,Midwest,Transportation Management,188,466082.21147119714,45541.750477154004,63,44.057278184295846,139,None,Normal
2024-11-14,Northeast,Transportation Management,158,294055.87429068284,118984.53683173996,32,57.55951044631493,145,None,Normal
2024-03-22,Southwest,Dedicated Contract Carriage,240,417419.64484764263,127485.73461546435,27,66.66381785939703,153,None,Normal
2023-10-27,Southeast,Fleet Maintenance,126,227287.0739310146,36372.277712467396,38,67.81383164293169,181,Moderate,Low
2024-09-15,Midwest,Dedicated Contract Carriage,59,203089.26700520725,25269.645299360825,59,53.09755408192242,92,Minor,Normal
2023-08-22,Southwest,Fleet Maintenance,112,174671.34249789937,41754.00510870166,39,83.33771907922728,52,None,Normal
2024-08-23,Southwest,Fleet Maintenance,113,195347.15816512247,26502.22901935505,35,34.79201906986508,99,Minor,High
2023-05-16,Southwest,Dedicated Contract Carriage,178,428471.3608047045,95303.9652647135,43,80.95840820726438,129,None,High
2023-11-17,Midwest,Transportation Management,182,518612.08783970727,59699.76891231807,43,53.565374650186115,191,None,High
2024-12-20,Midwest,Distribution Center Management,164,341999.2186307366,71534.09515213451,52,45.225316767951284,50,None,Low
2023-01-15,Southwest,Dedicated Contract Carriage,110,230734.90985478315,85886.67869966562,95,36.31369938541482,194,Moderate,Normal
2024-04-10,West,Supply Chain Solutions,171,220273.7974790624,31367.214581337634,48,54.45400957555506,168,Minor,Low
2023-12-26,Southeast,Transportation Management,170,338044.0867559911,62495.6585524246,77,63.25539667153842,155,None,Low
2023-10-03,Southwest,Fleet Maintenance,172,338444.8641540574,88450.39407260386,58,79.63521152530679,107,None,Low
2023-01-22,West,Transportation Management,83,136402.38443242377,18963.582275470453,69,33.4593100566302,83,None,Normal
2023-06-15,Northwest,Supply Chain Solutions,221,318151.06791706424,176608.27298635087,44,60.44687686734478,85,Moderate,Normal
2023-09-25,West,Transportation Management,164,271195.17042756185,81400.68232101458,93,60.57760124298329,58,Severe,Normal
2023-12-31,West,Dedicated Contract Carriage,39,90616.64183535783,14599.266043380905,95,91.73407261451811,98,Severe,Normal
2023-06-09,Northeast,Fleet Maintenance,166,448726.5414455277,39971.6980712836,28,77.09503469002243,54,Moderate,High
2024-05-12,Midwest,Dedicated Contract Carriage,93,144630.82075138847,40823.18861664282,33,48.61431757856794,166,Minor,Low
2024-08-11,Midwest,Dedicated Contract Carriage,85,125342.80640119051,39160.51063548935,84,56.858856677856004,151,Minor,Low
2023-12-10,West,Dedicated Contract Carriage,74,87720.93663266243,30567.6222212875,93,80.9806114501025,88,Minor,Normal
2024-11-14,Northeast,Transportation Management,97,267628.9223084038,39675.36147774963,22,73.4387253383873,173,Minor,Low
2024-01-29,Northeast,Distribution Center Management,246,668748.9665946392,109102.81631991264,34,68.9318547902728,53,Severe,Normal
2023-03-18,Northwest,Transportation Management,104,250028.03161672136,34627.70954510691,24,30.52627732039982,92,None,High
2024-05-12,Southeast,Freight Management,92,137055.75342277717,31831.555859822765,25,56.75111105291193,120,None,Low
2023-11-17,Southwest,Fleet Maintenance,158,368864.098506432,65926.28377495983,44,36.533918049293945,108,None,High
2024-07-04,Midwest,Dedicated Contract Carriage,197,225080.3070882063,88848.5639045761,51,68.59806072606213,71,None,Low
2024-10-11,Northwest,Distribution Center Management,192,461517.6941662562,130931.58415632989,42,89.12436844601595,157,None,Normal
2024-04-03,Southeast,Supply Chain Solutions,246,624330.7064834369,137566.88056913478,32,76.3137308376012,120,Moderate,Normal
2023-12-31,Northwest,Freight Management,55,117949.11164028606,19075.72924273,30,61.19657546606594,129,Moderate,High
2023-11-22,Midwest,Freight Management,149,303162.31531331147,36485.995126523536,77,83.18820804990199,93,None,Normal
2024-05-15,Northwest,Fleet Maintenance,136,317457.5109276218,35297.727852786906,45,51.91097265364428,157,None,Normal
2024-04-22,Northwest,Freight Management,169,214544.88396835158,22015.841165548376,98,55.105795624890476,165,None,Normal
2024-11-30,Northwest,Distribution Center Management,86,153441.0681258978,10887.359450483456,49,25.059201446136935,108,None,High
2024-12-07,Midwest,Dedicated Contract Carriage,64,122200.32658504297,22553.330690566327,54,65.96514389882806,110,None,Normal
2024-03-27,Midwest,Freight Management,322,728558.371803979,320550.89531745465,67,77.34339406734283,99,None,Low
2023-05-10,Northwest,Fleet Maintenance,225,231995.61598917784,179504.47915249816,43,60.210321101172845,103,None,Low
2024-02-25,Southeast,Distribution Center Management,119,238542.54398282352,24699.902486498522,60,37.60724531993146,141,None,Normal
2024-08-10,Southwest,Freight Management,69,128340.10582062599,14954.422267171105,34,55.870164469146,118,None,Low
2023-10-05,Midwest,Supply Chain Solutions,131,296428.79258757475,72494.92414105556,73,78.0648794678226,166,Severe,Low
2024-08-31,Northwest,Distribution Center Management,57,128977.66890063298,22267.163239502825,21,63.898284878977776,190,None,High
2023-09-22,Northeast,Supply Chain Solutions,42,89629.89123787128,8881.95560247395,72,73.09553890440313,59,Moderate,Low
2024-01-24,Southwest,Fleet Maintenance,219,499685.081965566,180907.72984512427,89,83.94540889537461,182,Minor,Normal
2023-06-06,West,Distribution Center Management,171,376514.76566690375,46863.85305620709,29,71.00262750052467,154,None,High
2023-12-13,West,Transportation Management,158,353416.8027110009,56637.02779139413,36,37.887886127703645,113,Severe,Normal
2023-08-26,Southwest,Distribution Center Management,64,123849.06482817775,21029.274627807925,70,78.32733898452709,51,None,Normal
2024-05-29,West,Transportation Management,264,801265.2670779828,261230.4814629846,90,36.96258411561185,112,None,Low
2024-04-21,Southeast,Supply Chain Solutions,125,183066.52833569775,30436.877400306344,53,66.77034163138742,154,None,High
2024-06-08,Northwest,Transportation Management,103,228084.86965811317,40935.431437253996,98,85.10128616471748,108,None,Normal
2024-08-09,Southeast,Freight Management,149,292294.4101432593,88603.84213083728,81,65.0748139863053,57,None,Low
2023-09-04,Northwest,Fleet Maintenance,155,327694.455524428,43684.00096009726,63,83.76369282495779,82,Moderate,High
2023-10-19,West,Fleet Maintenance,148,401094.85487595334,42168.29664174362,67,76.4755218540293,181,None,Normal
2023-03-19,Southeast,Freight Management,117,267398.30045811564,38813.808018632284,98,79.52911801386978,80,None,Normal
2024-02-19,Southeast,Transportation Management,214,467347.05546938954,87501.28118119731,71,82.6067036872656,54,None,High
2024-02-24,Southwest,Distribution Center Management,67,92249.39506637058,53437.994122370736,51,55.32640275790909,199,None,Normal
2023-09-10,Midwest,Freight Management,86,193088.38998326776,50165.457346900024,52,32.032522225704945,66,None,Normal
2023-05-05,Northwest,Dedicated Contract Carriage,214,355538.4874502055,92108.76940118828,90,56.999257420083204,104,None,Normal
2023-07-10,Northwest,Transportation Management,167,310241.984079697,50739.8298803769,76,67.42925764301481,120,None,Normal
2023-12-13,Southwest,Fleet Maintenance,138,290109.9138234725,32391.70170775653,77,60.03405416335905,80,None,Normal
2024-02-02,Northwest,Dedicated Contract Carriage,197,418952.0030225548,68746.3838562427,27,70.68613137501325,124,None,Normal
2024-06-19,Southwest,Freight Management,164,247236.40512052827,92377.316219786,93,53.57817990521274,150,None,Normal
2024-03-07,Southwest,Transportation Management,192,341981.2706424829,85638.44887999119,26,54.66039041791265,73,Minor,Low
2023-05-14,Northeast,Supply Chain Solutions,99,187477.3620260792,19009.585960323042,30,59.96542432924237,149,None,Normal
2024-10-16,Southeast,Freight Management,84,174043.54780943997,31634.11000582874,23,65.55591405390977,180,None,High
2023-01-23,Southeast,Transportation Management,316,833284.2856297073,254622.49697298935,86,86.23892909154667,108,None,High
2023-10-02,Northeast,Supply Chain Solutions,103,162826.84400194124,33270.4833747674,61,59.548050548884866,64,Minor,High
2023-05-01,Southeast,Distribution Center Management,324,641042.9951135709,261426.62145544647,76,87.6806084510156,94,None,Normal
2024-02-10,Southwest,Transportation Management,141,169802.36987678288,104670.51419670055,59,77.92587107051857,76,Moderate,Low
2024-12-14,West,Freight Management,74,203706.6094730544,46340.430713302,88,61.82527071571705,109,None,Normal
2024-12-19,Northeast,Distribution Center Management,160,313008.61103435355,64536.35963187284,92,58.69596332477853,51,Minor,Normal
2023-12-27,Northwest,Transportation Management,187,188644.4339880425,45738.81864201814,76,48.36953170746416,103,None,Normal
2023-09-01,Northeast,Supply Chain Solutions,89,229978.35307912357,36684.85982256006,88,59.79233523759719,83,Severe,Normal
2024-02-19,Southwest,Supply Chain Solutions,252,505660.67513328313,64677.50946052132,57,62.75558314031818,155,None,Normal
2024-10-03,Northeast,Supply Chain Solutions,95,218868.96060100003,17561.07871097044,51,74.69982917253554,138,None,Low
2024-05-22,Northeast,Fleet Maintenance,134,319458.9535513202,49245.36928413043,97,44.58554600491487,110,None,High
2023-06-22,Southwest,Transportation Management,218,341979.78957603243,84011.20971566766,91,64.61007787120073,95,Severe,Normal
2024-07-16,West,Supply Chain Solutions,108,210984.90000774214,42833.600854235985,62,43.54676752187445,193,None,Normal
2024-03-05,Northwest,Fleet Maintenance,203,219319.48672081117,78707.52796587786,76,68.80323737736404,106,Moderate,Normal
2024-07-14,Northeast,Dedicated Contract Carriage,84,199295.29796817192,16767.955202794794,88,71.24115778784667,180,Minor,High
2024-01-15,Southeast,Distribution Center Management,118,286952.6866985877,46869.970748368774,53,70.98440390301326,171,None,Normal
2023-08-16,Midwest,Freight Management,149,309749.9615665809,50941.920230204196,98,34.590204307735235,91,Minor,Low
2024-06-06,Midwest,Distribution Center Management,186,298109.1769678501,62563.27298507272,65,84.42022003831765,132,None,High
2024-07-23,West,Supply Chain Solutions,131,256504.0403007541,41549.0168013287,33,68.7031808697084,160,None,Normal
2023-03-09,Southeast,Freight Management,197,606070.4408497192,59622.71519969054,83,28.41169458194688,88,None,High
2024-06-11,Southeast,Distribution Center Management,191,387160.08928314113,87208.10002707689,64,77.24060184319023,68,Minor,Normal
2024-08-27,Midwest,Supply Chain Solutions,108,243320.04404816037,52638.12780554093,96,35.15340295138699,179,None,Low
2023-08-13,West,Transportation Management,61,124697.76657064041,16077.820561223207,99,72.79587458873688,106,Minor,Normal
2024-11-04,Northeast,Supply Chain Solutions,93,174607.46596091054,15804.17164140324,34,87.3363481420524,86,None,Normal
2024-01-22,Southeast,Dedicated Contract Carriage,166,306655.3736663888,75051.79510233396,51,58.72708062003096,97,Minor,Normal
2024-03-31,West,Dedicated Contract Carriage,116,306957.5683775673,49493.6153002815,97,67.27087814932469,150,Moderate,Normal
2024-11-22,Southeast,Supply Chain Solutions,128,318362.03619499825,64134.744389221785,22,40.10612596735847,115,None,Normal
2023-03-04,Southwest,Fleet Maintenance,94,164253.7569677686,71389.45439766477,33,77.19286463592667,91,None,Normal
2024-02-22,Northeast,Fleet Maintenance,113,258960.7969445818,49763.46621167815,58,55.17104620983272,179,None,Normal
2024-02-29,Midwest,Dedicated Contract Carriage,292,670819.6701594963,31711.091159901298,82,26.096685343847447,128,None,Normal
2023-05-12,Southwest,Dedicated Contract Carriage,310,658100.9005683983,68430.38535936398,56,53.10506189984478,51,Minor,Normal
2024-03-08,Southwest,Distribution Center Management,292,603200.6486441626,254078.24982445722,83,68.42744848415563,98,None,Normal
2024-09-01,Northwest,Dedicated Contract Carriage,62,135259.62034251355,16391.551082725306,66,67.9948891042264,115,None,Normal
2023-09-07,West,Dedicated Contract Carriage,129,251606.81810823362,35388.94909341916,93,89.39721394779097,124,Moderate,High
2024-08-01,West,Supply Chain Solutions,114,271632.61724436947,42937.370487597145,64,70.22701434827496,83,None,High
2024-05-02,Southeast,Distribution Center Management,337,857191.7333002968,193599.16680352547,23,73.07180086624066,81,None,Normal
2024-05-20,Midwest,Transportation Management,295,584758.5453215144,91242.68458008417,84,52.919949935200364,52,None,Normal
2023-10-24,West,Dedicated Contract Carriage,147,362660.33021759713,39153.53928378454,86,53.43584548351933,181,Minor,Low
2024-02-19,West,Transportation Management,222,717036.6086784293,87910.14347880699,43,63.76908538004199,170,Minor,Normal
2024-10-16,Southwest,Distribution Center Management,180,205117.7489093,134104.65928702112,34,58.43304884433849,124,None,Low
2024-01-22,West,Distribution Center Management,196,479558.8564906145,73931.97774455922,33,86.78339707127834,80,None,Normal
2023-07-08,Midwest,Fleet Maintenance,94,171516.91394176485,31968.290154870025,49,67.81095884434792,168,None,High
2023-01-30,Midwest,Supply Chain Solutions,200,507367.0074306319,41030.58823560488,43,77.10030385710117,170,None,Normal
2024-01-17,Northeast,Distribution Center Management,157,284103.72995914577,134458.17768425707,34,90.98943027118277,120,None,Normal
2024-07-01,Southwest,Dedicated Contract Carriage,231,470287.92414880625,89287.57449638439,80,56.93556251762071,182,None,Normal
2023-07-07,West,Freight Management,103,246396.1655676646,33826.683116611595,34,64.82777468446078,116,Minor,High
2024-02-01,Northwest,Transportation Management,126,231803.7577183307,41476.88550886045,93,75.61331232891625,180,None,High
2023-10-08,Northwest,Fleet Maintenance,48,111132.4177660326,37022.69844385989,20,61.522465427174374,145,None,Normal
2024-06-27,Northwest,Dedicated Contract Carriage,253,704339.2946319996,110316.89575927841,33,68.31646323518821,59,None,High
2024-10-29,Northeast,Transportation Management,122,282036.7071104413,59054.42966412388,87,64.07939315199145,121,Moderate,Normal
2024-01-15,Southwest,Supply Chain Solutions,167,261357.52437771784,71756.80619872901,30,81.76682707711839,69,None,Low
2023-02-12,Northeast,Freight Management,96,225679.30305950588,37152.940394668025,27,74.57345975837121,178,None,Normal
2023-05-04,Southeast,Dedicated Contract Carriage,254,654239.006631648,67581.53071129129,88,45.08607187435599,158,None,Normal
2023-09-16,Midwest,Distribution Center Management,73,100250.07820939983,33506.37169325203,77,37.02602367621229,147,None,Normal
2023-10-01,Northeast,Transportation Management,72,138233.54075772487,44220.793078066796,88,53.13180919241525,90,None,Normal
2024-07-24,Southwest,Transportation Management,103,214217.49353294226,23580.02376641405,70,81.10792221162998,183,None,Normal
2023-03-28,Southeast,Freight Management,131,281133.91366327374,42970.090884986676,78,75.71909966434069,109,None,High
2023-10-06,Northwest,Dedicated Contract Carriage,150,250844.05158733073,45151.635244318175,54,54.22222735259186,67,None,Normal
2024-03-02,Northeast,Supply Chain Solutions,123,243321.5992489976,24103.88675398433,33,73.10285484350231,98,None,Normal
2024-05-10,Northeast,Dedicated Contract Carriage,288,255401.22181570073,112025.23071671391,27,68.16181703419934,166,Severe,Normal
2024-01-23,Southeast,Fleet Maintenance,263,654132.0384699806,83586.69763291124,48,69.13113558434671,134,Severe,Normal
2024-01-15,Northeast,Distribution Center Management,275,514911.23756302963,109422.29306640616,75,56.20366131911284,99,None,Normal
2024-02-10,Southwest,Dedicated Contract Carriage,137,296783.0986917658,48957.76295369778,99,80.39779564762911,185,None,Normal
2023-05-16,West,Dedicated Contract Carriage,275,606978.5361473743,94194.28093886374,62,66.96189169215037,180,None,High
2023-12-15,Northeast,Dedicated Contract Carriage,166,199747.35646463773,83587.59755672883,69,77.12805391184025,176,None,Normal
2023-09-24,Southwest,Dedicated Contract Carriage,84,199947.63232829017,25828.763713464523,57,45.64473420848023,57,None,Normal
2023-01-22,Southeast,Transportation Management,66,139300.15089387904,17342.48981564556,57,23.97170675778844,114,None,High
2024-05-18,Northeast,Freight Management,125,263566.9915685418,116964.77672827578,54,67.75550745631521,81,Minor,Normal
2024-06-21,Southwest,Fleet Maintenance,165,306833.94463941554,70438.50987107022,49,77.65930927600155,133,None,Normal
2024-05-05,Southeast,Dedicated Contract Carriage,95,195398.96777945684,75186.74991372976,85,93.14704365434113,115,Severe,Normal
2023-06-10,Southwest,Supply Chain Solutions,72,93874.97442616949,30908.719053587218,69,49.012101045820664,95,None,Normal
2024-01-19,Northwest,Fleet Maintenance,176,395326.3519324484,79552.50615994749,81,62.71078833342012,57,Minor,Normal
2023-04-06,Northeast,Supply Chain Solutions,213,529129.8955192507,126246.34010937212,30,76.13259833345228,154,None,Normal
2023-03-11,Northeast,Freight Management,140,260236.7810116719,36588.83488314691,63,82.97866102834249,163,None,Normal
2023-05-24,Southeast,Supply Chain Solutions,229,384956.9213856536,74470.33068897256,76,65.06057628796472,69,None,Normal
2023-04-11,Northwest,Distribution Center Management,109,207107.10469513029,52082.76357360273,25,63.80845869547712,87,None,Normal
2023-03-15,Southwest,Supply Chain Solutions,179,295305.1080326806,50160.18148354379,44,54.740378869273854,126,None,Normal
2024-10-23,Midwest,Freight Management,117,202723.2599024191,118748.6804980015,45,46.89861512233321,128,None,High
2024-05-23,Northwest,Dedicated Contract Carriage,204,313392.7699845896,234443.68074280504,57,54.156386625511345,141,Minor,Normal
2024-08-26,Southeast,Transportation Management,131,259677.11962529417,36027.567494381525,58,43.51820659625927,185,None,Low
2024-03-28,Southeast,Transportation Management,144,356320.80306821933,79632.15843465361,87,60.502464068060924,71,None,Normal
2024-10-18,Southeast,Distribution Center Management,71,146812.5418131094,38983.48411427074,46,42.95288202886982,93,None,Normal
2024-12-13,Southeast,Freight Management,174,358226.92141433334,137172.80529731364,98,74.18908949062748,79,Moderate,Normal
2024-10-23,Northwest,Supply Chain Solutions,97,146520.9412881309,54274.41237278428,72,43.07543783529505,145,Moderate,High
2024-06-15,West,Distribution Center Management,108,278585.81688579,64897.218713814684,91,81.32356085873433,60,None,High
2023-05-26,West,Dedicated Contract Carriage,192,300655.10539740295,99649.56715579546,45,86.26530143554359,76,Minor,High
2024-07-11,Northwest,Supply Chain Solutions,203,528273.819269189,78571.63531934694,27,80.84994602930828,174,Moderate,Low
2023-01-06,Midwest,Distribution Center Management,188,471895.6885686784,54395.60918670275,96,27.238137900014337,125,None,Normal
2023-03-30,Midwest,Dedicated Contract Carriage,207,347742.8307659659,59391.14410501214,88,79.11642586398844,103,Minor,Normal
2024-03-27,West,Freight Management,264,510007.05422896903,227063.3319862267,79,44.73246848387568,73,None,High
2023-09-07,Midwest,Freight Management,97,218906.44993497268,53428.91083504968,94,68.41890317202673,84,Minor,High
2024-05-14,Midwest,Supply Chain Solutions,178,337533.28523978475,46597.24035945589,27,40.4047698432748,161,Moderate,Low
2024-11-11,West,Supply Chain Solutions,163,230924.60596523207,67309.90017550126,63,94.72905210038867,169,None,Normal
2024-10-10,Northeast,Fleet Maintenance,150,327464.0618186295,72362.59746364599,34,68.84185245318474,188,None,Normal
2024-02-03,Northwest,Dedicated Contract Carriage,95,211421.84252075932,61056.39479301212,41,50.734103255179306,167,None,Normal
2023-03-22,Southeast,Freight Management,139,146879.22488009508,135071.7585151668,91,42.85279027084684,50,None,Normal
2024-04-03,West,Fleet Maintenance,214,625780.5234542179,105814.03132200125,80,48.66692500311103,182,None,Normal
2023-07-17,Southwest,Fleet Maintenance,147,290492.0468663256,56282.51201789782,22,63.91969558210302,131,None,High
2023-01-24,Southwest,Distribution Center Management,180,334625.78674103005,157674.43044995333,53,62.24086442912802,108,None,Low
2023-05-07,West,Transportation Management,45,104390.0194603662,25582.2759601878,49,77.35950067668463,198,None,High
2024-05-27,Southwest,Supply Chain Solutions,250,611971.6830367292,61063.52431180157,81,45.66737316205401,137,None,High
2023-01-30,Midwest,Distribution Center Management,193,344429.66096233495,237202.36351115484,59,76.98044200374045,153,None,Low
2024-09-26,Northeast,Distribution Center Management,100,218689.24355576045,34531.236856313866,66,75.08736524335716,51,None,Normal
2023-04-11,West,Transportation Management,241,546189.9247529341,87376.22497476621,43,44.273666648957835,54,Moderate,Normal
2024-08-09,Northeast,Dedicated Contract Carriage,131,247421.31852251195,24759.15214270654,45,61.164991974963854,146,Minor,High
2024-03-16,Northwest,Fleet Maintenance,102,226431.0226497028,52427.3091767554,74,55.24487235534995,140,None,Normal
2024-12-25,Southeast,Supply Chain Solutions,215,282735.1041051131,92970.55898772579,83,42.493548133979125,82,None,Low
2024-10-15,Northwest,Freight Management,115,194571.9244895918,39706.93938394476,29,54.11466122456618,173,None,Normal
2023-06-03,Northeast,Freight Management,76,169305.90318362563,20995.540794227665,49,59.1392830826842,76,None,Normal
2024-05-08,Northeast,Distribution Center Management,257,639020.052405417,52990.31537508193,53,80.07359977924689,109,None,Normal
2024-03-14,Midwest,Fleet Maintenance,203,589105.4526698051,76622.65515992553,74,80.88103789205053,180,Moderate,Low
2024-05-07,Southeast,Fleet Maintenance,254,544813.6555145737,102936.40771408418,71,75.80925285970307,65,None,High
2024-09-07,Midwest,Dedicated Contract Carriage,47,105447.46146640964,28082.70216719084,41,59.36229704897629,136,Minor,High
2024-05-01,Southwest,Distribution Center Management,125,232596.54419690993,69481.02548837442,55,57.76704292904553,142,None,Normal
2024-01-12,Northwest,Supply Chain Solutions,194,446757.45235223725,97667.7642372866,57,84.99826581802928,159,None,Normal
2024-10-30,Midwest,Distribution Center Management,151,330622.5492325795,22345.78174461397,62,22.96353506180736,123,Minor,Normal
2023-11-06,Northeast,Fleet Maintenance,80,198046.34493184747,42157.24175167648,66,55.25398351440729,164,None,Normal
2024-02-01,Northeast,Dedicated Contract Carriage,189,254557.31370097454,111521.93858069669,49,88.48198052562608,198,Minor,Normal
2023-03-04,Midwest,Distribution Center Management,112,183938.78372667235,21003.789977509587,68,59.50171389443596,180,Minor,Normal
2023-09-08,Southwest,Transportation Management,145,252644.60293746428,48258.98176260043,53,36.479611384073124,133,None,High
2023-01-25,West,Supply Chain Solutions,152,279014.4201747015,19718.8114586865,99,59.6060069578768,101,None,Low
2023-11-23,Southeast,Distribution Center Management,165,274180.6797440468,101465.93921662853,93,32.180731115144475,183,None,Normal
2023-06-07,Midwest,Distribution Center Management,224,615135.3680325184,68324.98726576814,93,59.09666065270813,95,None,Normal
2024-12-21,Northeast,Fleet Maintenance,99,189497.17334921818,38482.59182293951,29,48.877752327218936,192,None,Normal
2023-09-29,West,Fleet Maintenance,154,297998.15342876257,58493.46055116893,80,42.55546972481563,56,Moderate,High
2024-09-06,West,Distribution Center Management,106,323509.0858380076,19229.81338856659,21,63.83571089982804,149,Moderate,High
2024-07-10,Midwest,Freight Management,160,358451.05815940065,47434.417036463456,56,70.93364023381586,159,None,Low
2023-12-19,Southwest,Dedicated Contract Carriage,131,349565.23032381677,24835.786331422772,49,67.46027530081284,67,Severe,Normal
2024-09-14,Southeast,Fleet Maintenance,63,131187.77543990646,28156.016728404666,21,74.18842624838061,179,None,Low
2024-05-04,Southeast,Transportation Management,132,193040.33602048169,28861.208771912836,90,63.11023105312286,140,None,Low
2023-07-02,West,Fleet Maintenance,83,173526.9110672024,31091.479589862123,90,74.0535226139622,110,Minor,Normal
2024-01-15,Northeast,Freight Management,255,536267.4085850904,243868.4668035699,96,65.01433486641587,95,None,Low
2024-07-12,Midwest,Dedicated Contract Carriage,147,350956.8832954405,146605.11615259186,55,46.293945347147194,96,Minor,High
2024-04-06,Southwest,Supply Chain Solutions,135,213952.50212647766,53732.9480994518,92,44.66516330666099,136,Minor,Normal
2024-01-01,Southeast,Freight Management,175,600055.0503296554,15695.482784713873,94,37.5404500997842,154,Minor,Low
2024-05-08,Northwest,Fleet Maintenance,175,541597.9453157497,152700.01696997922,61,85.08637537208502,191,None,High
2024-01-11,Northwest,Freight Management,264,589441.219148013,59737.95924816554,97,50.702718885333766,170,None,Normal
2023-03-13,Northeast,Dedicated Contract Carriage,213,324516.61034433736,61381.796361351815,40,69.47198948709543,89,None,Normal
2024-08-12,Midwest,Dedicated Contract Carriage,104,205000.2278234587,41143.734474103185,56,66.41436429396708,124,None,Low
2024-07-29,Midwest,Transportation Management,91,129349.54379481646,21027.456368252413,59,54.73780537762938,110,None,Normal
2024-01-05,West,Dedicated Contract Carriage,157,388260.66743895155,49669.96181691359,92,50.014463062232764,53,None,Normal
2023-09-30,Northeast,Distribution Center Management,78,183270.63998135526,29625.453400280174,66,63.228347937585596,97,None,Normal
2024-03-10,Midwest,Transportation Management,129,172454.54913848292,164573.27011938533,26,71.73421117773854,50,Minor,High
2024-04-11,Northwest,Dedicated Contract Carriage,226,332885.84205014154,165104.59487691798,34,67.04724820492316,127,None,Normal
2024-12-25,Southeast,Fleet Maintenance,203,339120.9495882943,52522.68701328949,83,81.64993359847618,150,None,Normal
2023-03-04,Southwest,Freight Management,134,219758.64146471303,23677.261263258915,48,60.81340285881166,51,None,Low
2023-06-25,Northeast,Supply Chain Solutions,106,185114.10092113473,39498.82375929569,66,84.83931580740372,161,None,Normal
2024-10-31,West,Supply Chain Solutions,112,219739.15923981988,41800.26965678797,41,69.63709781166148,119,None,Normal
2023-11-23,Northwest,Dedicated Contract Carriage,122,213990.47686958942,51010.177944367824,57,96.71863396085392,129,None,High
2024-03-23,Southeast,Freight Management,93,130705.13833858095,40367.709140655345,94,73.40097679543625,87,None,Normal
2024-10-24,Northeast,Distribution Center Management,132,304169.6036816591,85944.26618552818,52,84.986152337983,89,Minor,Normal
2024-06-23,West,Freight Management,109,363902.3715249133,89112.10794079072,79,68.69524143721503,174,None,Normal
2024-07-08,Midwest,Distribution Center Management,186,408617.0503570179,46488.684684320164,66,75.1439026263123,127,None,Normal
2023-09-23,Southwest,Supply Chain Solutions,33,71332.38883393136,29788.81021494772,20,75.63287730829957,149,None,High
2023-09-08,Northeast,Fleet Maintenance,29,57134.20481462893,7441.8066850090745,97,79.8022243082851,59,Moderate,Normal
2023-05-02,West,Distribution Center Management,271,375253.88174185116,66760.18411341686,66,38.5617344593002,151,Moderate,Normal
2023-05-02,Southeast,Transportation Management,288,586867.0537807946,143590.10042505944,66,71.40793802151515,169,Minor,Normal
2024-02-29,Southeast,Transportation Management,190,302477.8177602049,160118.1281041093,70,79.2208638119154,84,None,Normal
2024-11-29,Midwest,Distribution Center Management,216,329945.856017219,70278.68454170694,20,67.84362306920059,68,None,Normal
2023-12-22,Northwest,Fleet Maintenance,193,361004.1163074835,57360.289058265946,88,47.022763318790325,137,None,High
2024-08-19,Southwest,Supply Chain Solutions,128,288223.190465391,49185.508545007004,21,86.12719549175797,164,Minor,High
2024-03-14,West,Freight Management,253,512305.3489137808,108364.98628523592,25,78.5763696061341,165,None,Normal
2024-09-13,Midwest,Freight Management,125,231042.40189175386,20367.794382012475,26,81.13203073931314,125,Moderate,High
2023-06-02,Northeast,Fleet Maintenance,263,316342.9101524695,139511.29466176085,78,80.6043833325973,73,None,Normal
2023-07-27,Northwest,Transportation Management,133,240529.1513134086,39584.80362525696,77,51.00108097096735,77,Severe,Normal
2024-06-21,West,Dedicated Contract Carriage,196,384432.1144821361,88150.04040713867,61,82.46456206983794,155,None,Normal
2023-11-23,Southeast,Dedicated Contract Carriage,128,220422.93804777844,22598.710838010837,23,45.146946094808044,181,None,Low
2024-03-14,Midwest,Dedicated Contract Carriage,123,229122.2453748639,52371.88416030993,38,68.62146302187305,138,Minor,Low
2023-08-23,Southeast,Freight Management,130,304998.1704515376,26558.282823402482,44,86.70150903901356,103,None,Normal
2023-06-26,West,Supply Chain Solutions,157,253770.76079205822,81093.43847674111,65,41.388936980160004,88,None,Normal
2024-07-19,Northeast,Supply Chain Solutions,120,106526.54923371812,45748.33323676737,55,46.77542249336514,90,Minor,Low
2023-07-13,Midwest,Supply Chain Solutions,142,97571.42923515028,104018.74893141084,86,53.29448012818532,137,None,High
2024-10-11,Northeast,Transportation Management,161,276919.1838411972,36676.60376848005,42,46.41362029018548,124,Minor,Normal
2024-05-06,Southwest,Dedicated Contract Carriage,303,646944.6141792234,57937.59352335871,59,70.50408815221756,172,None,Normal
2023-02-03,West,Freight Management,199,253870.3464606815,72850.37821361524,39,81.53586653055636,189,Moderate,Low
2024-12-02,Southwest,Distribution Center Management,154,273498.17408342223,76715.64520210736,88,48.60279838284955,79,None,High
2023-07-26,Midwest,Fleet Maintenance,145,354156.0208684831,29399.2570566551,69,77.38825877896531,97,Moderate,High
2023-11-17,West,Fleet Maintenance,113,189644.38946858046,72186.2127679599,73,88.40047260117623,126,None,High
2024-11-29,West,Transportation Management,182,406077.845648456,87268.8077071646,55,46.94840111199006,106,Minor,Normal
2023-08-28,Southwest,Freight Management,139,287674.94773503504,47970.6994815085,53,55.75109996095221,168,Severe,High
2023-07-19,West,Freight Management,190,396203.9585815917,76933.39591376089,65,70.68033421730985,140,None,Normal
2024-08-10,Southeast,Transportation Management,93,220384.9684348012,26975.28496875815,84,49.33691657388705,172,None,Normal
2023-03-29,Midwest,Supply Chain Solutions,248,508188.85401893995,66561.82895282713,88,59.34218794492222,85,None,Normal
2023-07-11,Northeast,Distribution Center Management,201,378660.42397971294,90562.07346902015,38,56.33003047114046,162,None,Normal
2024-05-31,Southwest,Dedicated Contract Carriage,219,492515.36549615546,61908.98518485242,76,56.556688971332406,187,None,Normal
2024-07-19,Midwest,Freight Management,174,215087.81470285144,76073.86846137726,61,74.8367140021657,192,Moderate,Normal
2023-10-28,Northwest,Freight Management,89,206071.99062066452,42531.045373742476,87,64.15426803684846,188,None,Normal
2023-11-27,Northwest,Supply Chain Solutions,188,345276.73728842067,85391.35586913985,57,45.44802850646387,95,None,Low
2023-08-25,Northwest,Fleet Maintenance,181,396910.3965296043,31166.554083802625,23,82.48883274184222,94,None,Normal
2024-09-22,Southeast,Transportation Management,51,139208.93907551724,23131.679426263174,45,36.38922584922249,62,Minor,Low
2024-04-21,West,Freight Management,85,154102.10593794286,18211.885535135218,37,92.25095105941237,56,Minor,Normal
2023-04-22,Northeast,Fleet Maintenance,141,239374.11411554404,44920.17644605367,86,50.42352944528723,99,Moderate,High
2023-11-14,Southwest,Fleet Maintenance,118,321862.0444931052,163061.5151851284,38,65.46530641728143,80,None,Low
2024-05-17,Southwest,Transportation Management,170,413987.5118829703,70158.75652560085,47,54.34758259917173,79,None,Normal
2024-04-16,Northwest,Distribution Center Management,254,454772.92874387006,116251.682783275,31,76.42008141095152,155,None,High
2024-12-09,West,Transportation Management,224,335946.36984579277,50450.86104402507,46,70.17504631557681,62,None,Normal
2024-03-09,Southeast,Dedicated Contract Carriage,128,223887.60086410676,87054.52512125761,37,79.52656602216561,106,None,Normal
2024-03-12,Midwest,Dedicated Contract Carriage,197,558553.015041298,43913.14004571202,26,72.11953422435217,175,None,Normal
2023-04-23,Northwest,Distribution Center Management,109,89227.14133227755,73285.19183430911,92,60.52790252987865,128,None,Normal
2023-05-04,West,Dedicated Contract Carriage,124,314387.1310136634,45201.953678880105,31,73.54844349980661,144,None,Low
2024-12-15,Midwest,Dedicated Contract Carriage,99,189408.48416446685,38212.46969541461,51,66.23496560789854,109,None,High
2024-03-05,Northeast,Dedicated Contract Carriage,226,462427.93906605325,190727.12612856235,48,65.74411741463335,69,Moderate,Normal
2024-03-15,West,Transportation Management,202,367201.2313727533,40486.56280676419,30,62.22569653732888,175,None,Normal
2024-05-10,Northeast,Fleet Maintenance,240,465810.0572291225,82504.20422703915,99,64.39594946064773,164,None,Normal
2023-01-01,Northeast,Fleet Maintenance,60,142289.4196790171,25076.99501943321,59,87.81119069229855,50,None,Normal
2024-07-20,Southeast,Transportation Management,88,177297.63747564267,37878.030288591544,64,64.83501348403921,153,None,Normal
2023-08-19,West,Distribution Center Management,57,155644.007986423,41851.11918560249,58,34.417220348374876,76,None,High
2023-09-06,Northwest,Transportation Management,189,273641.9519908062,63906.29902081774,41,83.9367700764818,101,Minor,High
2024-05-30,Midwest,Distribution Center Management,201,350908.54244831944,110922.7720196052,43,73.20849870658503,76,None,Normal
2023-10-04,Southeast,Fleet Maintenance,93,198195.9986905563,35426.87399189608,76,68.0578149319219,126,None,Normal
2024-09-17,Northwest,Supply Chain Solutions,163,365099.90471157344,63254.28970165936,85,76.27003909007563,177,None,Normal
2024-06-19,West,Freight Management,229,525150.8902119762,79818.56622446964,95,71.16986509552419,183,None,Low
2024-06-11,Northwest,Transportation Management,212,347319.97536191315,76657.79739869887,89,50.04811905239982,136,None,Low
2024-02-22,Southeast,Distribution Center Management,306,567513.7180316736,55686.67907395254,71,40.81593087053166,196,None,Normal
2024-05-22,Northwest,Freight Management,138,188155.15650857767,138299.98799713704,91,59.00887609419628,93,None,Normal
2023-02-26,West,Transportation Management,79,112455.61174698421,21167.322624626446,91,87.76257069241919,124,None,High
2024-03-29,Southwest,Fleet Maintenance,76,197587.01974755793,23504.995358724394,37,78.55583061503204,114,Minor,High
2023-09-05,West,Dedicated Contract Carriage,109,180461.14706774533,62006.927992872384,80,64.92760825951547,125,Moderate,Normal
2024-02-17,Northwest,Transportation Management,92,103049.07945955326,18312.638362808157,40,38.15490709368944,150,Moderate,Normal
2024-01-23,Northwest,Transportation Management,10,16402.779262733726,2023.775332433006,99,69.41131063369586,54,Minor,Normal
2024-11-01,Northwest,Transportation Management,185,430852.472142056,45717.07786660354,29,83.97454285803113,116,Minor,Normal
2023-08-21,West,Distribution Center Management,92,156698.32035307112,26628.69054941139,56,19.52638147259075,163,None,Low
2024-10-21,Northeast,Dedicated Contract Carriage,133,191848.11167207427,65336.04746254903,49,50.9533966721482,81,None,Normal
2024-09-27,Midwest,Distribution Center Management,169,296484.20664040867,24906.83182758724,87,69.85146776492974,197,None,High
2023-12-15,Southeast,Dedicated Contract Carriage,94,132910.94757871854,57488.58121218909,39,36.43720788320876,51,None,High
2023-11-24,Northeast,Transportation Management,145,350761.59572625573,89634.92292095484,44,68.32645638352712,153,None,Normal
2024-08-11,Southwest,Dedicated Contract Carriage,107,151465.82785986416,85273.77962954136,39,55.411768630885085,199,None,Normal
2024-12-21,Northeast,Freight Management,42,116215.37577117325,41609.34356675751,62,88.26752339743521,60,None,Normal
2024-06-06,Southeast,Transportation Management,129,239296.75380111588,30550.742284202508,62,74.36814001835221,188,Severe,Normal
2024-09-24,Southeast,Freight Management,107,253935.11327721522,30189.598888390632,78,59.61691843586876,84,None,High
2024-03-01,Southeast,Distribution Center Management,261,622343.472937814,77130.67596803568,62,47.430039816347815,107,None,Normal
2023-05-25,Northwest,Supply Chain Solutions,117,263210.3857021104,47985.99535409518,54,72.98360680702366,164,None,Normal
2023-04-27,Northeast,Supply Chain Solutions,231,491628.62658465235,162004.3942581893,37,71.16187304655953,105,None,Normal
2024-10-25,Northeast,Distribution Center Management,146,274123.64435489353,182284.25063492815,90,70.60759754846536,146,None,Normal
2024-10-21,Southwest,Freight Management,212,441771.8396312792,45005.99354628973,95,77.69359763883229,179,None,High
2024-09-01,Southeast,Freight Management,72,96274.56427121829,28424.56119457102,85,47.629040410373925,133,None,Low
2024-06-15,West,Freight Management,101,243689.54438274872,36045.76545201619,52,73.59406827709513,192,None,High
2023-12-26,Northeast,Transportation Management,77,186828.60233708206,54942.05949409342,66,50.22621730976067,99,Minor,Normal
2023-11-01,Southeast,Dedicated Contract Carriage,153,305351.81061576895,205977.18086260135,51,59.02116107188707,142,None,Normal
2024-08-07,Northeast,Distribution Center Management,213,414337.40116195875,81022.46210162959,99,85.80940751081,51,None,Normal
2023-01-30,Southeast,Supply Chain Solutions,195,456217.0871103935,68054.58281875837,87,50.418580981905784,113,None,High
2024-05-09,Southwest,Dedicated Contract Carriage,272,428977.3739469413,158002.56129396954,43,54.551793981790894,98,None,Normal
2023-05-05,West,Fleet Maintenance,271,597988.6927779816,69569.62072763506,22,63.410812507138516,182,None,Normal
2024-05-18,Midwest,Distribution Center Management,140,117315.48145241546,53288.968190655585,36,46.6552449826529,147,Severe,Normal
2024-01-21,Southwest,Fleet Maintenance,103,275861.31224474293,31912.17759642119,20,71.39535294839445,173,Severe,Normal
2023-05-17,Southwest,Supply Chain Solutions,144,319132.6036456068,73580.14495400639,98,82.1942383131703,187,None,Normal
2023-08-02,Southwest,Dedicated Contract Carriage,140,266811.2862464725,50075.112487239254,81,40.279747365596414,97,None,Normal
2024-08-13,Southwest,Supply Chain Solutions,93,179931.5608395707,36825.0301095101,28,49.433661320581756,197,None,Normal
2024-09-29,Southeast,Dedicated Contract Carriage,93,215330.4800374425,51036.940407024646,51,55.465207267314355,98,None,Normal
2023-02-11,Northeast,Distribution Center Management,105,167004.04572398384,35499.05235148998,94,78.03157316126067,54,None,Normal
2023-03-14,Southeast,Distribution Center Management,250,507238.27686512854,151283.57185334293,82,74.43144523767778,161,Moderate,Normal
2023-10-23,Southwest,Freight Management,162,330932.6704930223,100192.34327519134,47,87.69359555934626,92,None,Low
2023-02-22,Northwest,Freight Management,182,492065.8382949551,81822.59054032521,83,66.67327239564898,157,None,High
2024-04-08,West,Freight Management,198,219475.29008534842,73337.81151097243,68,65.41576467280008,80,None,High
2023-11-04,Southeast,Transportation Management,80,170342.66233364108,61225.29732816561,69,64.66980578203886,117,None,Low
2023-10-18,Northeast,Freight Management,137,204669.2086510451,26230.639868704304,60,68.33405314951263,70,Severe,Low
2023-12-26,Northeast,Supply Chain Solutions,231,536535.83482042,109584.19925158094,74,60.47643800539535,106,Minor,Normal
2024-04-21,Northeast,Fleet Maintenance,77,100780.84762447592,59463.25911934701,50,56.21163445037367,108,None,Normal
2024-05-25,Northwest,Fleet Maintenance,71,154108.5107490814,16427.83643190666,23,82.10215237755324,55,Severe,Normal
2024-12-16,Southeast,Transportation Management,222,537238.2259507475,136779.64457397984,52,64.1341393782552,71,None,Low
2023-08-09,Midwest,Transportation Management,154,334470.67610008945,58832.752927375564,82,43.324182952690684,147,Minor,Normal
2024-03-08,Southeast,Distribution Center Management,321,806150.1266019058,223400.72168139616,55,68.83422936232168,117,None,Normal
2024-06-28,Northeast,Transportation Management,163,298299.21115424624,118604.79268653711,28,50.161220952998775,126,None,Normal
2023-07-13,Northwest,Transportation Management,232,807679.7780298494,90068.47549403999,81,77.45026134731413,109,None,Low
2024-07-25,Southeast,Supply Chain Solutions,172,246427.84433400817,96490.74200593751,36,56.04015193513901,67,None,Normal
2023-01-21,West,Fleet Maintenance,100,185294.84064463826,24053.577502726883,85,74.94477015014121,78,None,High
2023-01-12,Southwest,Distribution Center Management,158,341461.7083887329,110590.90357380355,93,57.998932522137956,126,None,Normal
2024-02-19,Northeast,Supply Chain Solutions,220,309065.52211549634,99475.0451908757,58,74.70663178593813,80,Moderate,Low
2023-10-26,Northeast,Supply Chain Solutions,144,277053.3105158294,73596.06076667826,94,43.505109766984994,165,None,Normal
2024-06-26,Northwest,Distribution Center Management,166,324711.93843444565,67061.02600524081,39,65.96254627998306,152,None,Normal
2024-12-22,Northeast,Fleet Maintenance,80,107226.24342518006,33488.53198573064,51,55.10499499442304,196,None,Low
2024-01-26,Northeast,Freight Management,151,235914.25520145314,73220.82224738765,29,55.06313452715433,56,None,Normal
2023-01-11,Southeast,Fleet Maintenance,192,417807.81798117614,80925.41260859698,79,69.51262874404374,152,None,Normal
2023-09-02,West,Supply Chain Solutions,45,96208.95451287304,13410.740158198416,57,73.26617848177777,76,None,Normal
2024-10-29,Midwest,Supply Chain Solutions,107,240536.4413065978,89316.01244387626,40,82.43613852895956,107,Minor,Normal
2024-08-24,Midwest,Fleet Maintenance,33,70343.5152406976,10082.991251178239,89,71.37993622640283,172,Minor,Normal
2024-01-20,Midwest,Distribution Center Management,80,193243.2613933948,34596.975339476,83,83.62848861058326,124,None,Normal
2023-02-18,Southwest,Dedicated Contract Carriage,136,209125.72045997003,107326.41082714332,22,62.43488448799127,131,None,Normal
2023-08-17,West,Dedicated Contract Carriage,172,223143.39493538294,68402.45239145962,38,60.075581874728655,136,None,Normal
2023-06-23,Southeast,Distribution Center Management,203,244405.22072590934,206240.78703098078,76,35.52921870430495,66,None,Normal
2023-06-18,Midwest,Fleet Maintenance,71,154524.76632041615,26294.971582514383,61,77.46016638586481,52,Moderate,Normal
2023-01-09,Midwest,Fleet Maintenance,182,438763.831115242,118742.37040294023,79,53.54284685420993,97,None,High
2023-12-26,Southeast,Freight Management,145,330349.9833409896,131713.51039408494,65,56.699334674722266,84,Minor,Normal
2023-09-22,Southwest,Transportation Management,129,262725.8177446514,41840.509362271805,28,72.38095647307722,58,None,Normal
2024-09-24,Northeast,Distribution Center Management,152,173624.08595594869,34680.660899251554,71,47.48623349861514,56,None,Normal
2024-03-26,Northwest,Distribution Center Management,205,346821.63570020406,62023.270866421524,55,63.4784535789192,104,Moderate,Normal
2023-06-10,Midwest,Distribution Center Management,152,378657.78418631124,31059.783532441128,49,47.158195669697626,138,None,Normal
2023-01-25,Southwest,Freight Management,229,503044.25263037655,54469.81973937517,99,52.01162852340288,91,None,High
2023-08-27,West,Transportation Management,66,127080.016520504,61392.75081337601,93,92.66336876948152,66,None,Normal
2024-04-14,Northeast,Freight Management,107,173595.3685542786,30633.217275201758,59,53.91400279103136,181,None,Low
2023-02-17,West,Distribution Center Management,210,448468.7541442739,130757.4557565595,54,72.42892708332165,75,None,Normal
2023-09-22,Northeast,Supply Chain Solutions,147,329669.3762002994,57451.23349972842,50,53.193413896012764,150,None,Normal
2024-09-03,West,Distribution Center Management,199,389941.5875903018,104908.75651729353,20,41.4673922111053,180,Minor,Normal
2023-05-28,West,Dedicated Contract Carriage,141,199022.82302190032,37492.14337038947,22,58.76982863010968,178,None,High
2024-10-30,Northwest,Dedicated Contract Carriage,111,126098.46192044254,18365.622609258564,54,81.59632290280422,147,None,Normal
2024-12-07,Northeast,Distribution Center Management,84,126538.588161651,13716.330988934891,42,52.43927144385543,50,None,High
2024-08-04,Southeast,Freight Management,58,70640.07713927858,28362.513356553638,26,44.96813281600659,141,Severe,Normal
2024-08-24,Northwest,Fleet Maintenance,63,136748.19312585748,7831.673407120746,80,44.048907737687216,52,None,Normal
2023-08-04,Northeast,Fleet Maintenance,125,177369.23200221002,59342.40578831926,47,67.13004005353723,147,None,Normal
2024-05-04,Midwest,Dedicated Contract Carriage,75,128648.52140605758,36067.27105302641,45,52.57260288843638,83,Severe,High
2023-10-30,Southeast,Distribution Center Management,160,259138.14304995484,62447.45157812988,48,80.6770283392045,174,Minor,Normal
2023-12-17,Southeast,Supply Chain Solutions,89,221384.41523703613,18751.73015983388,20,57.04789039628586,53,Severe,Normal
2023-10-02,West,Fleet Maintenance,110,234652.2818595734,97167.75297845664,68,57.56625310175496,67,Moderate,Low
2023-05-31,Southwest,Distribution Center Management,248,373571.76976266014,70098.07711310187,48,72.16853476161337,72,Severe,Normal
2023-01-27,Northwest,Freight Management,183,338315.3590409581,49054.768779257094,86,59.191227109263664,62,None,Low
2024-08-08,Southwest,Supply Chain Solutions,167,322059.03005547944,28584.22644022614,24,71.45083369137137,144,None,Normal
2024-09-05,Northeast,Dedicated Contract Carriage,136,380598.52553367225,35105.682812642255,80,41.39662872514589,183,Minor,Normal
2024-12-02,Midwest,Fleet Maintenance,210,401718.82321534556,31973.390941032325,28,15.45968055184115,186,None,Normal
2024-11-02,Northeast,Dedicated Contract Carriage,39,96978.16288776849,10407.967295797818,45,74.47127957213296,140,None,Normal
2023-05-06,Midwest,Dedicated Contract Carriage,111,283648.95239043154,64405.349675427795,88,57.59141047263427,162,None,High
2023-11-16,Northwest,Fleet Maintenance,114,275575.10380428773,71535.51547372172,67,85.33806868002294,131,None,Normal
2024-08-19,Southwest,Distribution Center Management,103,247478.65606643198,89697.44678207295,91,39.06843410434133,65,Minor,Low
2023-06-18,Southeast,Freight Management,95,173739.86037982907,41514.45625477596,82,53.795311012676606,153,None,High
2024-01-09,West,Transportation Management,146,338180.60861162905,76208.33566071377,80,61.323090411234546,139,None,Normal
2023-08-26,Southeast,Dedicated Contract Carriage,39,71000.3984395198,6198.6587842809195,72,75.92821865721805,162,Minor,Low
2023-04-21,West,Freight Management,250,368688.7278777536,95655.62622880073,31,68.14782135353964,57,None,Normal
2024-05-26,West,Dedicated Contract Carriage,137,350945.1859465032,38444.41621660521,88,88.37915278850627,111,Moderate,Normal
2023-11-28,West,Dedicated Contract Carriage,219,310305.34358952794,67338.60428548057,70,72.17262086449165,126,None,Normal
2023-11-30,Midwest,Dedicated Contract Carriage,144,146962.63604042988,32056.98550981468,47,74.39536864019135,145,None,Normal
2023-11-13,West,Supply Chain Solutions,129,228616.29192303508,16444.880590831362,83,67.33743827914549,147,None,Normal
2023-08-15,West,Freight Management,136,328593.63151973434,39502.887106370625,27,76.82509949003558,52,None,Normal
2023-10-29,Midwest,Distribution Center Management,64,97039.67411215765,31283.715005743037,64,51.90148349139818,181,None,Normal
2023-12-19,Southwest,Fleet Maintenance,205,461093.45493821654,104021.91073225068,37,68.03612730996271,62,None,High
2024-10-02,Southeast,Freight Management,108,168999.44193401685,24290.39386986504,36,40.09263973268144,55,None,Normal
2024-05-27,Midwest,Fleet Maintenance,231,230309.4296232497,320769.9033446351,96,59.22514818903289,130,None,Low
2024-06-15,Northeast,Dedicated Contract Carriage,144,215081.23261941908,91119.41279807249,65,63.996168863524694,177,None,Low
2023-08-02,Southeast,Freight Management,178,336685.5011408442,153824.16005774293,85,76.8123949458475,149,None,High
2024-03-01,Southwest,Transportation Management,251,536794.4991531954,61722.066604801454,81,72.95592045283644,88,Moderate,High
2023-10-05,West,Fleet Maintenance,186,299849.9879550209,70183.18601281886,45,87.41221427719532,73,None,Normal
2024-08-16,Northwest,Freight Management,139,329456.2270392081,55781.589505380216,84,70.41513090401915,106,Severe,High
2023-11-18,Southwest,Freight Management,69,109056.11337824448,54956.14748684416,98,68.3050333356089,55,None,Normal
2024-09-12,Midwest,Supply Chain Solutions,151,350885.4535790568,112241.0046003253,59,89.55926713897816,182,Minor,High
2024-03-18,Southeast,Supply Chain Solutions,267,560878.4227855173,148008.0300440923,96,63.334015467539494,178,Severe,Normal
2024-10-11,Northeast,Transportation Management,127,324787.5471721294,68533.6626588379,98,42.84086486297937,95,None,Normal
2023-03-12,Northwest,Fleet Maintenance,128,160313.98484603537,102877.02950842651,38,59.89143620587597,113,None,Low
2024-03-29,Midwest,Fleet Maintenance,297,567315.6071286603,68253.69186552624,75,57.07001335773485,133,Minor,High
2023-08-11,Northwest,Fleet Maintenance,139,275148.17985830083,48273.12659604206,73,78.36976479554065,52,None,Normal
2024-02-03,Southeast,Freight Management,120,327594.4734271655,35278.0370029435,52,72.83485852438562,127,None,Normal
2024-01-05,Southeast,Fleet Maintenance,127,160640.97391424177,47445.4524493402,61,49.77235904713025,123,Moderate,Normal
2023-03-12,Northeast,Supply Chain Solutions,97,307191.9593766182,72307.440714022,96,71.91782818664669,152,None,Normal
2024-03-13,Northeast,Transportation Management,159,411923.0279273068,80737.36289147908,55,34.03963979095765,90,None,Normal
2023-11-10,Southeast,Supply Chain Solutions,190,342025.2476414075,34012.23568128145,64,62.933285552563,124,None,Normal
2023-06-02,West,Freight Management,175,266912.8218831113,29853.230558979696,68,48.77168012993142,55,None,Low
2023-07-10,Southeast,Transportation Management,228,483721.54010956426,268316.2077142259,34,86.63636559590503,172,None,High
2023-08-25,Southwest,Transportation Management,188,484751.7016060109,86873.96318902975,30,68.42226209545854,111,None,Normal
2024-11-02,Southwest,Transportation Management,38,70382.62433972648,23271.484320345113,33,74.6481216102517,63,None,Normal
2024-11-14,Southeast,Fleet Maintenance,148,437388.7852179818,27238.928674867348,27,50.297634559817276,74,Severe,Low
2023-06-19,Southwest,Supply Chain Solutions,180,288967.77734054043,140128.1868549836,65,73.55793882384194,68,None,Normal
2024-09-14,Northeast,Transportation Management,58,158419.94495838316,13521.523816694145,77,55.2069458970363,118,Minor,Normal
2024-11-13,Midwest,Dedicated Contract Carriage,187,336982.90916073223,56413.89582511923,52,76.62046473361393,105,None,Low
2024-05-30,West,Distribution Center Management,184,270643.6081692827,88398.6624268621,99,90.04327173468633,185,None,Normal
2023-10-13,West,Distribution Center Management,197,463042.9537875117,33737.280132179534,96,69.40883397044652,76,None,High
2023-06-24,Southwest,Freight Management,94,211891.16270387918,32173.198968351477,42,75.53327992812953,128,None,Normal
2023-08-13,Midwest,Fleet Maintenance,58,93961.0389175617,31916.475666612805,36,42.2059806668369,177,None,Normal
2023-09-15,Southeast,Distribution Center Management,187,342324.4413236242,102717.40733088716,83,50.22721662883875,102,None,Low
2023-03-15,Southeast,Dedicated Contract Carriage,237,581348.2114758022,174370.67830611696,68,45.152591262192054,160,None,Normal
2024-01-11,Northeast,Transportation Management,161,192772.09471393065,52529.52211223468,27,73.05403047227037,58,Minor,High
2023-09-05,Southwest,Distribution Center Management,159,290446.43650847604,40308.503789645896,71,59.76490920731289,81,None,Normal
2024-10-14,West,Fleet Maintenance,140,328572.02524732903,38995.44811615959,92,84.23654636467997,190,None,Normal
2024-12-20,Southwest,Distribution Center Management,227,554467.2489480248,43412.696930693426,21,50.665400920513235,184,Moderate,Normal
2023-01-01,West,Distribution Center Management,111,241946.11855528242,101305.06960268634,40,71.33128299328067,65,None,Normal
2024-09-24,Northeast,Supply Chain Solutions,116,133527.16739883137,54352.428632131,56,50.416909501820726,98,None,Normal
2023-12-11,West,Freight Management,183,555066.53929001,78313.43791109332,53,52.06051390598597,177,None,Normal
2024-09-04,Northeast,Freight Management,225,273816.3172916016,64535.65695594098,92,81.27442819074095,130,None,Normal
2024-12-28,Northwest,Dedicated Contract Carriage,28,93365.58351894937,10088.805040000585,82,52.20073701958709,93,None,High
2023-08-08,Southwest,Transportation Management,67,169597.4977391179,22183.597264351076,66,65.3703100123227,109,None,Low
2023-08-07,Northeast,Distribution Center Management,122,173281.8475793184,49347.944478167956,94,72.47876299428742,181,None,High
2024-07-25,Midwest,Dedicated Contract Carriage,206,344131.7218284657,137497.10151588471,48,48.80717660035143,125,None,Normal
2023-06-01,Southwest,Dedicated Contract Carriage,205,376223.4435924018,75518.1718656747,21,56.74224717432863,138,Severe,High
2024-06-12,Northeast,Supply Chain Solutions,246,558207.9160217461,114741.8762649617,88,68.80564779999712,59,None,Normal
2024-01-25,West,Supply Chain Solutions,167,284811.32352962747,78424.28686339344,89,64.25365019167165,127,None,High
2023-09-23,Northwest,Distribution Center Management,70,122980.3617488808,16388.018384061554,92,48.96490207786528,89,Minor,Normal
2023-02-27,Northeast,Freight Management,239,353520.7678554371,139993.178346079,93,75.33283219009587,115,None,Low
2023-08-07,Southwest,Transportation Management,159,246585.7143205218,46197.971719089495,41,74.99371287084652,58,None,Normal
2024-05-22,West,Distribution Center Management,216,579701.491049351,65481.37960770307,58,63.83937170571695,54,Severe,Low
2024-11-26,Northwest,Distribution Center Management,199,467574.4363635477,157913.00590195667,45,34.06658019896029,178,None,Normal
2023-04-02,Northeast,Fleet Maintenance,106,196053.85692276375,25644.963293431487,97,75.54461740855174,151,Moderate,Normal
2023-10-24,Northeast,Dedicated Contract Carriage,170,529442.0157445435,45376.17137634735,73,78.10977711457471,184,Minor,Normal
2023-05-19,Northwest,Fleet Maintenance,139,257525.9529443174,51115.55622553049,77,55.826242603545225,159,None,Low
2024-09-12,Southeast,Distribution Center Management,115,248550.9704767907,60895.15286490179,48,86.61085326377832,69,Minor,Normal
2023-08-21,West,Transportation Management,175,282703.15450142615,92591.07983144175,91,83.73663872779366,155,None,High
2024-07-27,Northeast,Supply Chain Solutions,42,104140.72357251363,11421.132204577318,99,57.160532691613156,179,None,Low
2023-11-25,Northwest,Fleet Maintenance,68,128669.17744750087,23957.688458883593,81,76.24756652270123,140,None,High
2023-05-20,Northwest,Fleet Maintenance,73,244429.65423036105,26658.415402141596,75,15.66351982517427,76,Minor,High
2024-04-12,West,Transportation Management,174,297127.4948561435,78253.05992992771,89,84.42864850228538,105,Minor,High
2024-09-22,Northeast,Fleet Maintenance,74,168548.27726259938,8660.32153305072,56,93.91804060473096,56,Minor,Low
2023-08-21,Northwest,Supply Chain Solutions,218,714847.4568609522,172227.9476545549,21,35.34127754476204,171,None,Normal
2024-05-18,Northwest,Distribution Center Management,125,260381.64285379412,35778.33061458892,78,76.52980736051917,119,Moderate,Normal
2023-09-10,Midwest,Dedicated Contract Carriage,55,105282.41025020789,16449.47110998601,64,71.32226872299333,169,None,Normal
2024-10-19,Southwest,Distribution Center Management,59,170005.79990869068,35343.35005439758,69,17.18608061111262,157,Minor,Normal
2024-11-10,Northwest,Dedicated Contract Carriage,83,160839.25185435405,25756.406411576983,45,69.80224074715984,148,None,High
2024-07-25,Southwest,Fleet Maintenance,200,495345.21920836996,40916.155058546996,40,21.525322560636834,116,None,Normal
2023-06-16,Northwest,Supply Chain Solutions,176,413698.29719681136,88252.47749970228,62,32.21961946852302,93,Minor,Low
2023-11-09,Southwest,Transportation Management,158,419210.9504794205,27241.31202999632,81,51.103996493863846,137,None,Low
2024-03-13,Northeast,Freight Management,249,544786.1261833567,94866.52619368346,72,70.69478744651396,119,None,Low
2024-01-19,Midwest,Supply Chain Solutions,309,559594.8639181806,105361.1532675308,68,37.69975628804679,122,None,Normal
2024-07-28,Northeast,Dedicated Contract Carriage,51,131270.92727513853,16064.622443753782,48,55.723881032024245,71,None,Low
2024-05-03,West,Freight Management,168,432398.0105357082,94646.7237879837,40,34.049990505314746,136,None,Normal
2024-08-10,Southeast,Dedicated Contract Carriage,85,123131.01760576552,44761.808485859074,60,75.9220624640132,189,Moderate,High
2023-11-28,Northwest,Supply Chain Solutions,120,195246.513871033,32730.079653916262,98,37.517844494236066,71,Minor,High
2023-11-18,West,Dedicated Contract Carriage,46,136134.90842596805,14376.974849895227,74,66.98082733279136,111,None,Low
2024-12-03,West,Distribution Center Management,210,384073.97555378085,166691.8237594551,44,57.334707732963295,105,None,Normal
2023-11-15,West,Transportation Management,160,454565.50195432996,252163.4960364712,69,73.07410475562996,166,None,Normal
2023-11-20,Southeast,Transportation Management,155,235358.8971681402,100638.05951390322,94,41.84841760211725,172,None,High
2024-11-09,Midwest,Freight Management,59,115586.08397804282,18085.049673443114,74,66.42961748754205,122,Moderate,Normal
2024-09-30,West,Dedicated Contract Carriage,98,232128.0285083894,49101.17464894693,59,46.35787987102887,90,None,Normal
2024-07-28,Midwest,Dedicated Contract Carriage,64,150156.16000020184,24653.523433103855,39,62.22021995742251,144,None,Normal
2023-08-25,Midwest,Transportation Management,131,248464.47063957265,33242.73606689696,92,81.3706808426001,82,Minor,Low
2023-12-30,Midwest,Freight Management,121,255437.44833447973,37787.12255120063,32,55.22137933279031,186,None,Normal
2024-05-24,West,Freight Management,172,286781.38416359155,99932.30341889146,71,49.07347712945759,123,Minor,Normal
2023-07-13,Midwest,Distribution Center Management,155,239173.02061592834,59735.01064742562,71,24.165518865830684,109,None,Normal
2023-07-10,Midwest,Freight Management,211,422384.1136262446,150117.7431659018,77,42.65070132486258,103,None,Low
2023-01-08,West,Distribution Center Management,27,42262.13998035631,7421.258319938082,24,20.591845228372343,103,None,Normal
2024-05-08,Midwest,Transportation Management,259,687793.329829893,145737.46121579362,43,85.04051950808663,71,None,High
2024-02-10,Northwest,Fleet Maintenance,111,168546.8717344893,69939.02997603551,77,41.04357134578749,175,None,Low
2024-05-25,Southeast,Transportation Management,132,357164.34075868054,42093.47945867636,27,42.997645575767926,64,Minor,Normal
2023-01-13,Northeast,Dedicated Contract Carriage,151,312984.88294713927,51921.73678047264,95,51.23843990699698,105,None,Low
2024-10-30,West,Supply Chain Solutions,250,392419.3738291476,258902.56527099354,44,52.87044972915267,110,None,Normal
2024-03-18,Southeast,Freight Management,229,558994.2764661968,561553.0972349677,44,41.15494215654657,144,None,Normal
2024-12-30,Midwest,Dedicated Contract Carriage,175,634569.2894279452,54973.889701563356,58,57.13246395304111,57,None,Low
2023-12-01,Northeast,Fleet Maintenance,154,299161.28794994485,39972.45211874409,39,65.28604125938003,69,None,Normal
2023-12-29,West,Fleet Maintenance,163,326755.7852617678,159925.42993039943,88,69.03425647800219,124,None,Normal
2024-07-05,Northeast,Transportation Management,165,282406.18982986757,51747.16455905063,35,45.60466475625435,157,None,High
2024-02-29,Southeast,Transportation Management,297,682407.5379490886,195606.65404099054,47,79.4588494071472,108,None,Normal
2023-07-31,Northeast,Dedicated Contract Carriage,171,541877.1194545613,149767.66397844988,42,73.09207008813041,90,Moderate,Low
2024-02-17,West,Dedicated Contract Carriage,137,334924.5793972893,32219.317612750794,67,70.58380651652479,113,None,High
2023-06-19,Midwest,Fleet Maintenance,203,355768.02468114975,60511.188442776394,80,76.80654594893961,159,None,Normal
2024-06-29,West,Transportation Management,115,179311.44504225568,49938.18823301248,59,50.96260998890014,67,None,Normal
2023-05-01,Northwest,Transportation Management,217,622431.9673298497,91088.63152818006,98,84.288561733526,94,Minor,Normal
2023-05-31,Southeast,Freight Management,203,463336.98623745,87995.31881945637,22,33.32631007159989,92,None,Normal
2024-07-21,Southeast,Supply Chain Solutions,79,173372.6145635574,17066.84531138788,73,34.024300257698016,139,None,High
2024-11-13,Northeast,Dedicated Contract Carriage,180,186291.349385992,92235.25267502737,69,71.67076217583062,75,None,Normal
2024-11-17,Southeast,Supply Chain Solutions,39,60224.914962638155,8883.058229667324,32,50.83976601020351,83,Minor,Normal
2023-01-22,Southeast,Fleet Maintenance,85,96441.21858572184,38065.73165996621,92,83.83212075180234,120,None,Normal
2023-01-01,Midwest,Supply Chain Solutions,79,143841.11057623095,23808.372050869446,49,72.14856916045068,62,None,High
2024-12-30,Midwest,Fleet Maintenance,102,146669.96217510983,62416.88966184945,55,32.850863136733786,166,None,Normal
2023-09-18,West,Transportation Management,214,421486.6136308564,74296.78430083941,46,60.80445606717526,92,None,High
2023-07-20,Northeast,Supply Chain Solutions,161,281722.5416998573,112321.27559372662,78,46.460628746026906,110,Minor,Normal
2023-06-19,Northwest,Transportation Management,142,173372.1657281389,47545.89948287663,26,51.37441279678774,81,Minor,Normal
2023-10-06,Midwest,Supply Chain Solutions,152,260573.5046614408,89386.43058974625,31,91.37351952506381,68,None,High
2024-09-07,Northeast,Dedicated Contract Carriage,68,134766.6134086718,34605.18876295442,76,79.70085574462064,125,None,Normal
2024-07-04,Midwest,Dedicated Contract Carriage,222,598017.6636898551,81317.12101287383,89,57.1560002698443,174,None,High
2024-01-13,Southeast,Freight Management,100,161055.87935320335,32449.39032466389,94,71.24501593760263,141,Minor,High
2023-04-26,Southwest,Transportation Management,254,718310.7752547372,62504.95446622504,90,71.54436260258954,187,Minor,Normal
2023-08-27,Southwest,Distribution Center Management,67,112841.98689057847,18855.201287596985,38,43.67926661506101,119,Severe,High
2024-06-14,Midwest,Dedicated Contract Carriage,212,419188.5429328227,123828.24231886373,84,55.83296217894331,118,None,Normal
2023-02-18,Northeast,Distribution Center Management,88,186450.42651709053,53216.93883457284,45,34.65746117650658,109,None,Normal
2024-01-10,Midwest,Dedicated Contract Carriage,221,268406.4823922716,59589.18974459426,35,67.76290138695504,98,None,Normal
2024-06-16,Northeast,Freight Management,155,283273.98551387584,79390.32242864292,66,76.77773745745937,84,None,High
2024-08-16,Northwest,Freight Management,131,223625.69016544733,85230.69168570283,50,88.68804780422359,104,None,High
2023-09-18,Northwest,Freight Management,92,170987.3353688682,41682.202781649874,54,68.10224300431581,83,Minor,Low
2023-11-08,Northwest,Distribution Center Management,153,428328.72288285336,20608.939950274853,79,61.70339798272037,180,Severe,Normal
2024-10-03,Southwest,Supply Chain Solutions,62,178806.65329457333,11815.781558632965,80,74.91422313600086,180,None,High
2023-05-15,Southeast,Fleet Maintenance,160,170072.20880119625,38774.04108088443,36,70.90559133113975,72,None,Normal
2023-01-21,Northeast,Freight Management,102,284043.0944665435,84441.56989832861,84,77.54896411329992,70,Severe,Normal
2023-10-18,Southwest,Transportation Management,85,198621.43859404232,19391.74019977299,95,36.627738275016384,178,None,Normal
2024-10-18,Midwest,Dedicated Contract Carriage,131,380217.6040270871,38405.164041835735,71,71.39222879694462,199,None,Low
2024-10-31,Northeast,Fleet Maintenance,116,268038.69330929755,28430.469846919605,89,69.53277871630857,171,None,Normal
2024-10-30,Southeast,Supply Chain Solutions,129,248862.5541178251,75929.68104554845,91,74.70877164004077,189,Minor,Low
2023-06-11,West,Transportation Management,101,217419.9363716503,32114.309978952406,27,65.31945051287808,65,None,Low
2024-12-09,Southeast,Transportation Management,104,195707.06042271882,38258.676821680485,98,67.1694451354067,102,None,Low
2024-02-09,Southeast,Transportation Management,260,341677.8719535705,116447.6347032225,49,57.33866861274047,106,None,High
2023-11-15,Southwest,Dedicated Contract Carriage,109,221581.44327144546,14715.78922448489,60,66.63816879877913,53,Moderate,Normal
2024-07-21,Southwest,Transportation Management,76,169744.4083228399,32917.54479424852,73,44.166167669896595,130,Minor,Normal
2023-06-21,Northwest,Distribution Center Management,168,220716.47976805107,56841.06489795821,33,74.3615685527352,127,Minor,Normal
2023-02-06,Southwest,Supply Chain Solutions,197,362208.98579261714,119928.43547407689,97,56.005781756228245,103,Moderate,High
2023-02-02,Southeast,Fleet Maintenance,173,379717.4299622105,205504.0570531929,83,65.54088729715994,188,None,Normal
2023-11-30,West,Distribution Center Management,175,347222.8801474032,165086.03714378,72,67.80637010122913,76,Minor,Normal
2023-09-09,Midwest,Distribution Center Management,46,94332.30316555167,34837.322096275115,90,44.92830043947396,127,None,Normal
2023-08-23,Northeast,Distribution Center Management,123,437843.7273814861,24098.695661527603,37,34.421020557701006,70,Severe,Normal
2023-12-12,Northwest,Fleet Maintenance,196,524737.5354592655,71636.0637997174,34,93.63503567583861,182,None,Normal
2023-12-31,Southeast,Distribution Center Management,64,148164.250092001,36260.327728536264,90,63.40170140003665,133,None,High
2024-06-01,West,Dedicated Contract Carriage,105,199437.32762840306,22167.656325614287,61,49.71827835365305,186,None,Normal
2023-11-13,Northeast,Distribution Center Management,177,405363.6155106011,44273.05121267853,69,83.42452183535141,88,Severe,High
2023-03-01,Northeast,Dedicated Contract Carriage,216,299972.3757226169,267312.64530304435,77,73.22877145508726,190,None,Normal
2024-07-03,Northeast,Distribution Center Management,228,475255.31782442,80445.22976428385,61,78.3711136069107,162,None,Normal
2023-08-13,Midwest,Supply Chain Solutions,104,236114.3466125076,88561.03549011293,97,81.70212730759073,51,None,Normal
2023-05-08,Southwest,Fleet Maintenance,207,365632.0122277316,74152.35724550197,32,54.808932432490444,156,None,Low
2024-08-01,Northeast,Fleet Maintenance,170,282700.0429789428,71025.363333374,76,53.02411781214572,97,None,High
2024-01-17,Southwest,Distribution Center Management,210,306513.62332783133,40800.01652829781,23,53.47603546712472,108,Severe,High
2024-03-09,Midwest,Distribution Center Management,95,228137.84506868437,22049.1296445251,47,62.289660802300006,158,Moderate,Low
2023-05-12,Northwest,Fleet Maintenance,232,478459.9085056811,84882.15740920542,53,60.499770466736,118,None,Low
2024-06-05,Northwest,Freight Management,129,179519.96229360008,31385.526317988406,30,67.06899510018593,123,Minor,Low
2023-07-08,Northwest,Distribution Center Management,126,268503.8406280774,148410.45859800448,40,81.79390972300516,94,Moderate,Normal
2024-12-25,Northeast,Distribution Center Management,165,250051.91361346556,57910.997956494946,66,70.2986989907997,119,None,Low
2023-03-09,Southwest,Transportation Management,217,560067.336595844,39938.99240447767,32,71.3221419984268,139,None,Low
2023-05-27,Southeast,Freight Management,116,287375.345375015,59797.05677365463,75,78.24979954681247,178,Moderate,Low
2023-10-11,Northwest,Fleet Maintenance,98,209456.72237438156,39181.5572517094,66,82.29842786686629,77,None,Low
2024-07-02,West,Fleet Maintenance,209,435140.5032264636,66314.5132690941,47,83.1789351054975,179,None,Low
2023-10-31,West,Distribution Center Management,120,233170.0698537354,99370.85381511187,55,75.57851399982081,147,None,Normal
2023-10-30,West,Fleet Maintenance,76,109603.16881423551,24248.091493333864,72,77.77870741590645,172,None,Normal
2023-05-16,Southeast,Distribution Center Management,211,381789.5743575974,87181.95120107297,36,38.09280672482852,176,Minor,Normal
2023-02-16,Midwest,Transportation Management,195,463567.23361605057,100899.30455435,59,83.42144301092104,167,None,Normal
2024-12-07,Southeast,Distribution Center Management,120,224218.6221880103,57821.527244551005,62,61.78761830168732,124,None,High
2024-11-12,Midwest,Dedicated Contract Carriage,124,327600.68912790396,34642.48608850686,83,67.09889106538064,148,None,High
2024-01-24,Southeast,Fleet Maintenance,347,692879.8263389182,266213.8262280251,50,55.43213766969407,75,None,High
2023-05-12,Northeast,Freight Management,252,474630.62687407725,55389.06350752658,67,74.78104560221409,66,None,Normal
2024-11-11,Southeast,Supply Chain Solutions,78,130402.90139414028,28904.81181800029,59,68.06258495012727,185,Moderate,High
2024-11-22,Southwest,Supply Chain Solutions,147,394486.14686569606,89230.1653113181,96,76.58344607772912,176,None,High
2023-05-28,West,Fleet Maintenance,110,260439.16057150054,45592.82596985287,33,72.86294715429345,136,None,Low
2024-07-22,West,Distribution Center Management,134,239905.9582655288,42440.33940318729,49,40.57427416043822,62,Severe,Normal
2024-10-09,Southwest,Dedicated Contract Carriage,160,303879.75280991837,127179.29635927961,71,52.8546155773467,194,None,Normal
2023-05-30,Southeast,Transportation Management,203,491346.0608488011,78964.6410729076,72,78.72501215995011,117,None,Normal
2024-05-11,Southwest,Distribution Center Management,166,296929.545499777,160975.98549252978,92,90.40633805894826,156,None,Low
2023-02-21,West,Freight Management,172,386269.88060867524,134220.95096925396,82,31.910884528148397,68,None,Normal
2024-07-17,Midwest,Fleet Maintenance,230,308149.7038877546,102564.28211516002,99,51.693384793216964,169,None,Low
2023-06-11,Southwest,Freight Management,107,146765.51812485384,24450.456917136875,60,63.56967319801843,194,Minor,Low
2023-09-18,Northwest,Distribution Center Management,131,258713.6458275319,44993.74151458835,70,59.58107466421865,61,None,Normal
2024-01-18,Southwest,Supply Chain Solutions,227,681403.8242860646,137104.3004888505,81,64.6855283873975,99,None,High
2024-09-06,Midwest,Supply Chain Solutions,84,274977.9821888463,37732.39786726616,31,64.83610433166625,94,None,Low
2023-09-14,Southeast,Dedicated Contract Carriage,135,280926.16963615146,78018.15026832468,55,37.86518776944806,82,None,Normal
2023-10-31,Southwest,Fleet Maintenance,117,278096.69709081197,52833.724698676546,32,42.44164943017628,64,None,Normal
2024-02-12,Midwest,Freight Management,281,354578.91827533924,36265.806801904844,59,57.87752552459751,160,None,Normal
2024-10-26,Southwest,Supply Chain Solutions,73,117236.89461902781,21253.73644586289,51,69.9974663523155,109,None,Normal
2024-08-28,West,Freight Management,105,107941.5693008749,27677.68262590624,55,39.41389464565798,161,None,High
2023-10-26,Northeast,Distribution Center Management,94,213489.20682369315,54291.14095917929,21,71.24545004541102,178,Minor,Low
2023-04-01,Northeast,Distribution Center Management,154,197634.3566498413,52558.98065063991,82,47.3294932148853,133,Minor,Normal
2023-12-16,Northwest,Distribution Center Management,69,97000.95666327898,26082.121465595923,37,91.97256144761617,167,None,Low
2024-12-17,Northwest,Fleet Maintenance,215,545426.5131266301,297781.25217571075,57,78.92394423937084,191,Minor,Low
2023-10-19,Midwest,Freight Management,168,414603.4205775614,58283.596591153386,81,80.78778917698664,165,None,Low
2024-11-30,Southwest,Distribution Center Management,73,65935.79253955396,42210.49442039495,91,30.4928831942335,179,Minor,Normal
2024-01-23,Midwest,Freight Management,141,255560.9572324899,42828.514590756335,81,60.07717837983779,117,None,Normal
2023-07-01,West,Fleet Maintenance,81,127090.51921663145,57797.24652777671,74,56.079846686875044,108,None,Normal
2024-04-25,Midwest,Dedicated Contract Carriage,186,425793.68349025253,58246.995530142296,66,64.96650276860869,134,None,Normal
2024-07-08,Northeast,Supply Chain Solutions,94,124064.39108544367,63361.10792365043,31,62.33034611077429,138,None,Normal
2023-01-31,West,Transportation Management,313,561705.5442495265,65615.25418507797,55,75.4294804424212,150,None,Normal
2024-04-07,Northeast,Distribution Center Management,130,217172.9606768412,90220.9670825319,63,53.22711671384711,51,Minor,Low
2023-11-22,Northeast,Dedicated Contract Carriage,125,302218.32276995544,49799.510948170755,66,31.779662691939482,108,None,Normal
2024-04-08,Midwest,Transportation Management,265,575426.9898624844,72356.55940761072,41,47.36725457269201,80,None,Normal
2024-11-23,Midwest,Supply Chain Solutions,123,276600.3587083556,61051.955908837095,74,49.33705430734881,122,None,Low
2023-06-30,Midwest,Dedicated Contract Carriage,141,378266.65391180955,31489.526879375135,39,25.882556677092435,184,Severe,Normal
2023-03-17,Southwest,Fleet Maintenance,111,185961.59619981775,50159.33268451952,37,78.17963283194295,140,None,Low
2023-12-11,Northwest,Supply Chain Solutions,141,291962.47850147635,65332.054621281146,24,79.11684490404,160,None,Normal
2023-06-13,Northeast,Freight Management,167,312591.4500048922,98524.8295611106,98,53.13510242685705,80,None,Low
2024-02-18,Southwest,Freight Management,95,129684.27039487197,30329.824425181294,25,90.83370135929854,61,None,Normal
2023-11-21,Northeast,Distribution Center Management,129,274199.1536275897,37278.80311260914,60,75.58590641956222,81,None,Normal
2023-01-15,West,Freight Management,79,181966.96292415156,29330.586021006366,26,31.75682196528281,93,None,Normal
2024-06-29,Southeast,Supply Chain Solutions,50,102381.80521155748,23813.84338415541,99,78.52898946039676,143,None,Low
2023-03-19,Northwest,Fleet Maintenance,115,313899.769931969,35119.24544951616,60,94.38414354985191,165,Moderate,Normal
2023-03-14,West,Fleet Maintenance,244,403292.6901539102,56438.291769361414,41,74.02933331233884,152,None,Normal
2023-05-08,Midwest,Fleet Maintenance,178,322798.3544791983,77746.91880855207,32,67.32131898063908,160,None,Normal
2023-10-22,Southeast,Dedicated Contract Carriage,32,52582.112283453374,16790.724502514557,57,69.01073861823247,82,None,Normal
2023-01-04,Southeast,Fleet Maintenance,288,489926.091123,207735.96066308708,73,64.14321622585442,67,None,Low
2023-05-28,Midwest,Fleet Maintenance,100,278309.37973155844,27149.17356457782,92,89.17519851971475,131,None,High
2023-06-16,Midwest,Dedicated Contract Carriage,193,291510.2704473634,58827.104365398714,57,31.101545343464682,62,None,High
2024-07-13,Midwest,Freight Management,90,193139.0631222807,60880.71208036311,49,69.22182892903076,159,Minor,Normal
2023-02-05,West,Transportation Management,105,211198.55886751003,100821.00016971273,32,73.5743374269275,103,Minor,Normal
2023-11-28,Northwest,Freight Management,148,229540.6991905735,54390.084150346374,31,54.25544464062364,197,None,Normal
2024-01-15,Southwest,Dedicated Contract Carriage,289,564489.8300018972,58335.3987247311,75,68.37075754092191,115,None,Normal
2023-06-12,Southwest,Supply Chain Solutions,145,443276.4495586828,14188.31953202219,91,67.6995497535951,178,None,Low
2024-12-20,West,Freight Management,103,208261.46247684327,66568.5537137167,93,76.26359107868358,54,None,High
2023-02-04,Southeast,Distribution Center Management,129,168156.92587060237,40800.54243002724,31,52.55541415607817,108,Minor,Low
2023-09-09,Southeast,Distribution Center Management,78,143996.45030700287,25952.48237181175,28,59.954220942294825,187,None,Normal
2023-04-20,Northeast,Transportation Management,196,322804.11837931396,69124.04979053592,70,52.86737736190387,70,None,Low
2023-04-20,West,Distribution Center Management,236,525202.3130308002,94994.07413288434,58,57.642303700331,130,Minor,High
2023-06-14,Northeast,Supply Chain Solutions,101,198149.21561305237,47246.29809809251,60,72.81957510685916,52,Severe,Normal
2023-12-13,Northeast,Distribution Center Management,216,537944.9261402468,37199.96211689271,83,48.50974282253795,55,None,Normal
2024-09-17,Southeast,Freight Management,201,504406.1220588709,120816.72539218805,38,14.341845093167105,137,None,Normal
2024-03-17,Midwest,Fleet Maintenance,107,198946.56336738667,147788.1822811454,25,21.660631394166746,172,None,Normal
2023-05-14,Southwest,Dedicated Contract Carriage,85,127168.80631326117,41661.01845065174,22,80.4025463500804,104,Moderate,Low
2023-06-07,Midwest,Fleet Maintenance,209,293657.2917466286,74165.37691938161,59,63.14732407336836,142,Minor,Normal
2023-09-21,West,Fleet Maintenance,166,333445.95657097,52435.840454888064,20,87.45570446665525,66,Minor,Normal
2023-10-30,Northeast,Dedicated Contract Carriage,153,376964.58997470955,43095.0565794556,77,69.08149121466305,64,None,Normal
2024-09-28,Midwest,Dedicated Contract Carriage,94,207824.8120546576,47091.332236223105,54,31.982897000464288,89,None,High
2024-10-08,Southwest,Freight Management,163,380048.7611895827,104385.28921295104,91,51.1028099535383,96,None,Normal
2024-03-11,Southeast,Freight Management,289,632147.4845634354,130106.03042133318,82,60.50998887945575,140,None,Normal
2023-10-19,Midwest,Fleet Maintenance,209,533697.1266313124,110433.6110762496,43,76.87361370575566,161,None,Normal
2023-07-27,Northwest,Transportation Management,218,484849.5606728147,88939.22055663784,82,71.42692327173175,92,None,Low
2023-02-03,Northeast,Distribution Center Management,257,351258.36285455694,263983.5867460679,62,66.42362015195327,80,None,High
2023-04-26,Southeast,Distribution Center Management,221,661252.6668575959,89807.570592219,24,87.1609529869628,98,None,Low
2023-07-27,Midwest,Distribution Center Management,166,393608.210527894,122379.51376272696,60,68.41615540306337,57,None,Normal
2023-11-14,West,Freight Management,125,204074.48195025488,48822.20500845072,82,57.79974094447107,184,None,Normal
2024-06-22,Northwest,Transportation Management,110,248752.26022373393,79029.08235240914,35,53.45876235649145,156,None,High
2024-07-16,Southwest,Freight Management,186,471339.3688724888,55040.40574647233,93,47.50890560126232,177,None,High
2024-10-02,Northeast,Fleet Maintenance,131,281781.6165488837,88251.50935844978,27,49.25194994746815,59,None,Normal
2023-02-23,Southeast,Dedicated Contract Carriage,262,558161.9777988875,139715.5797421842,21,57.37484169674252,136,None,Normal
2023-02-14,Southwest,Distribution Center Management,247,166102.01110337637,98843.75151986719,32,77.13408187260902,189,None,Low
2024-11-07,Northwest,Freight Management,163,422453.25371656724,58608.950072388245,98,75.74070592812548,113,None,High
2024-06-15,Southwest,Distribution Center Management,111,134625.35667697893,58351.28350668713,23,59.568861169626686,68,None,High
2024-03-31,West,Supply Chain Solutions,115,173111.46689374236,52404.478523247046,34,71.41205524215452,114,None,High
2023-01-11,West,Distribution Center Management,179,496080.1101849104,112650.95294672594,69,26.762023628820224,130,None,Normal
2024-05-10,Southwest,Dedicated Contract Carriage,99,189101.16168315854,57030.0967904003,66,57.410192128408376,175,None,Normal
2024-09-25,West,Transportation Management,116,317411.68978634005,56499.31110970272,50,60.186814202493046,144,Minor,Normal
2023-10-11,Northeast,Transportation Management,127,322135.11144250404,198524.24064566533,66,72.29827827298884,138,Moderate,Normal
2024-12-15,Southeast,Distribution Center Management,142,282209.55097927694,137256.72400683878,96,74.63906543744284,83,Minor,Normal
2024-09-09,West,Distribution Center Management,142,324829.75627928495,49183.085362965576,83,65.75879842803862,78,None,High
2024-06-01,Midwest,Transportation Management,85,179524.78469066508,19682.017093863073,88,65.14639282658898,110,None,Normal
2023-11-15,Midwest,Supply Chain Solutions,135,303125.063544356,43065.799718015995,61,78.56482453563267,199,None,Normal
2024-09-09,Northwest,Transportation Management,117,256409.00383761735,42452.661472661915,26,75.02607724442389,55,Moderate,Normal
2023-02-20,West,Supply Chain Solutions,164,365670.0664339589,140172.08233183142,57,32.97594231761891,122,None,Normal
2023-08-25,Northwest,Transportation Management,160,402412.8062326489,45475.76923129811,58,70.73208033463251,62,None,Normal
2023-08-02,Northeast,Dedicated Contract Carriage,115,342193.0122667985,29835.299558854516,39,43.73220422803207,136,None,High
2023-06-02,Northeast,Dedicated Contract Carriage,231,440841.2669155107,64048.06439108882,41,41.29555479183719,77,None,High
2023-06-17,West,Supply Chain Solutions,87,160899.68588964405,43888.458777894266,70,61.45461709364428,81,Moderate,Low
2024-11-26,Southwest,Distribution Center Management,145,287561.17837399675,147083.40203040952,26,58.464153829725,68,None,High
2023-04-13,Northwest,Transportation Management,106,239432.32908400198,64302.87983023633,99,66.32203273100102,60,None,Low
2024-06-05,Southwest,Freight Management,112,243456.08224847983,90377.77786481578,23,77.68688797825119,75,Moderate,Normal
2024-01-25,Southeast,Supply Chain Solutions,125,306620.5287975596,38344.56367864459,96,51.95462482585879,196,None,High
2024-06-25,Southwest,Distribution Center Management,143,288644.73565656657,48874.696835973125,60,44.667695811255435,141,None,Low
2024-07-15,Northeast,Fleet Maintenance,115,162992.5329225665,23257.54502121323,91,37.096513602350825,70,None,Normal
2023-06-30,West,Freight Management,197,385006.4504678891,133517.719819231,97,75.74624582764122,133,None,Normal
2023-02-07,Northeast,Dedicated Contract Carriage,227,465206.4671886188,78008.24456540759,55,78.01466758587229,177,None,Low
2024-11-25,Northwest,Supply Chain Solutions,121,152247.54725412538,70674.94788054505,85,62.99207175788622,190,None,Low
2023-05-06,Northeast,Transportation Management,143,188064.88952643573,28840.65201682506,51,70.7040855777131,74,Minor,Normal
2023-03-31,Southwest,Supply Chain Solutions,271,374320.6590531999,153516.14224654075,26,70.24461193191077,132,None,High
2023-01-27,Southeast,Dedicated Contract Carriage,189,401815.0279677175,54550.27364620493,98,76.96865913147292,176,None,Normal
2023-07-31,Southwest,Dedicated Contract Carriage,97,140314.60440376596,73622.84202340136,29,62.60299890230897,195,None,Low
2023-02-05,Southwest,Transportation Management,80,116352.7306069714,34262.90763357038,94,66.44975206544291,121,Minor,Normal
2024-06-24,Northwest,Transportation Management,174,330879.991158388,69551.99653528261,92,59.47328499109228,148,None,High
2024-03-06,Southwest,Dedicated Contract Carriage,228,476486.26934895664,60482.23135923512,66,61.78434549518005,79,None,Normal
2023-02-20,Southwest,Distribution Center Management,281,724917.7157146685,47079.591065791195,67,76.29452051588427,67,None,Normal
2023-06-10,West,Transportation Management,101,149108.68214001745,53522.68597242863,89,61.46304804113186,102,None,Normal
2023-08-19,Northeast,Distribution Center Management,67,135949.94392556648,20074.82359402645,20,55.700237747064755,184,None,Normal
2024-02-08,West,Dedicated Contract Carriage,217,426297.5299253426,322299.99976166594,96,71.42348878527648,172,Moderate,Normal
2023-04-19,Southwest,Freight Management,180,274629.52082731907,53125.426062774706,88,84.43289403430822,77,None,Normal
2023-10-31,Southwest,Transportation Management,153,282471.1714572362,46813.42711505405,30,39.559097594741345,127,Moderate,Normal
2023-09-07,Southwest,Fleet Maintenance,111,205583.02990648313,31892.922110733507,31,88.22850994900936,120,None,Low
2023-02-05,Southwest,Freight Management,131,106309.57072640627,67107.8481633389,64,73.22627268242734,127,None,Normal
2024-05-27,Southeast,Supply Chain Solutions,147,301125.8662041321,78496.88851140383,53,81.30933370334932,179,None,High
2023-04-08,Southeast,Distribution Center Management,126,318531.9623366775,30465.389917098204,40,67.13598924174269,128,Severe,Normal
2024-07-29,Southeast,Transportation Management,75,85110.87798674344,31613.438514133413,81,52.483315137206056,170,None,Low
2024-06-26,Southeast,Dedicated Contract Carriage,283,614106.1912958046,124797.133324705,62,64.58424105114261,154,None,Normal
2023-02-18,West,Distribution Center Management,103,284336.4104345658,53094.22866437919,64,51.80820325078742,170,None,Normal
2023-11-25,Northwest,Transportation Management,73,142843.40859870124,73747.9158882473,59,77.18621301050133,162,None,Normal
2023-05-09,Southeast,Transportation Management,262,709615.4915147013,79634.66195547493,61,66.95875306253235,190,None,Low
2023-12-14,Midwest,Supply Chain Solutions,199,343037.5667017763,81834.4999746261,20,90.93939542828505,181,Severe,Low
2024-07-24,Midwest,Dedicated Contract Carriage,141,303971.68614328513,81313.72388987665,38,74.30178070844934,174,None,Normal
2024-06-08,Southwest,Freight Management,85,161636.75493356347,53133.337380019984,91,52.581271251684704,179,None,High
2024-05-07,Northwest,Fleet Maintenance,182,429545.6973564628,41887.587938857825,39,39.65067683749983,59,None,Normal
2024-01-28,Northwest,Dedicated Contract Carriage,99,172005.36011491416,54124.376329761944,60,49.9845483223792,180,None,Normal
2023-04-28,Midwest,Distribution Center Management,321,667940.9293083419,344962.09559902875,27,68.60349163825568,118,Minor,Normal
2023-04-21,Midwest,Dedicated Contract Carriage,106,93463.54783904123,56367.984751128395,71,58.984200691402435,161,None,Normal
2023-03-31,Northeast,Fleet Maintenance,218,474781.3655692096,54333.48811888797,53,46.98481377142827,192,None,Normal
2024-03-17,Northeast,Distribution Center Management,132,212399.54494099604,43433.23062666413,96,61.25667412041531,103,None,High
2023-10-22,Midwest,Transportation Management,70,168974.7933516548,36322.59054688856,61,47.18808685381358,67,None,Normal
2024-05-02,Midwest,Distribution Center Management,215,355553.6058140546,113272.93724161347,49,75.91068584168215,100,Minor,Low
2024-12-15,West,Distribution Center Management,99,255933.21195595132,63679.38795756241,82,84.21914359588986,64,None,Low
2023-11-02,Northwest,Fleet Maintenance,115,254738.58781604303,48748.55780320072,62,42.67446703873757,69,None,Low
2024-11-10,Northeast,Supply Chain Solutions,52,75125.75284294887,13949.840947571009,24,53.33997874647422,162,None,Normal
2023-12-09,Midwest,Supply Chain Solutions,87,184307.96348009913,33004.23999704603,42,50.611165352508856,120,None,High
2024-12-08,Southwest,Freight Management,89,172660.2411053139,54159.15497858143,88,64.87075981462517,98,None,Normal
2024-12-24,West,Fleet Maintenance,139,233661.0509014271,27425.2973100453,73,76.56653840843703,74,None,Low
2023-09-15,Northwest,Fleet Maintenance,103,240489.53932122912,37131.553355617645,87,40.758506624768174,148,None,Normal
2024-12-27,Southwest,Transportation Management,157,264243.24863466044,51579.48552403002,24,60.648301115206095,172,None,Normal
2023-10-29,Northwest,Dedicated Contract Carriage,73,178345.47753785946,30904.547896993477,56,58.58097426009968,136,None,Normal
2024-09-30,Northeast,Supply Chain Solutions,141,279170.7747307342,48380.0329428717,20,58.8883890660273,83,None,High
2023-07-14,Midwest,Freight Management,181,491726.2849938486,57704.06569721174,21,70.83612770551338,106,None,Normal
2024-08-31,West,Transportation Management,44,113197.2133189353,5344.591028353768,51,73.82614286918118,182,Minor,High
2024-06-27,West,Transportation Management,137,193852.08425632457,35359.72501976386,52,55.494921792324426,159,Minor,High
2024-01-09,Northwest,Fleet Maintenance,192,440654.68364866683,21261.711901028742,22,50.72007886619495,76,None,Low
2023-09-09,Southeast,Supply Chain Solutions,51,88304.49042344927,13654.499676683052,78,40.52541569845329,132,None,Normal
2023-08-12,Midwest,Supply Chain Solutions,83,144497.80446073532,15094.302657559261,40,39.17352216137129,106,None,Low
2024-05-03,Northeast,Dedicated Contract Carriage,217,510960.9995932748,238961.5547286071,54,24.25516916753455,105,Minor,High
2023-01-26,Midwest,Supply Chain Solutions,218,276796.2129421803,137382.23363513034,43,75.71831676371522,122,None,High
2024-09-09,West,Supply Chain Solutions,161,263059.741526859,29268.960866952864,56,58.651645050045076,151,None,Normal
2024-04-19,Northwest,Transportation Management,309,647457.0389472225,162213.2255633443,74,60.12391767225211,135,None,Normal
2023-09-22,Northeast,Supply Chain Solutions,191,429692.1462752598,151932.13581855642,23,55.09726188068406,67,Moderate,Normal
2023-07-29,Midwest,Freight Management,80,119648.25615776281,52571.87189392641,32,62.083900650114934,170,None,Low
2023-03-28,Northwest,Distribution Center Management,156,367223.0662504654,77604.5428524336,86,59.72557620179838,120,Minor,High
2023-11-19,Midwest,Fleet Maintenance,54,87224.01296033809,10669.468833373978,75,49.34997847550473,74,Moderate,Normal
2024-01-24,Northwest,Freight Management,177,298977.33962093515,155575.23271483305,52,78.35019705213384,164,Severe,Normal
2024-03-09,Southeast,Distribution Center Management,91,186183.81751632036,49862.09261763618,85,45.089458278269326,86,Minor,Normal
2024-10-12,West,Supply Chain Solutions,83,182893.83255394743,40915.33522935953,74,67.72747577460596,91,None,Normal
2023-06-30,West,Supply Chain Solutions,141,351626.5977435104,53396.17432011433,27,56.74306887963335,124,None,High
2023-08-08,Southeast,Distribution Center Management,119,273544.73630762973,53610.21777864501,43,29.791738921930428,54,Severe,Normal
2024-05-27,Southwest,Transportation Management,257,604645.9766007627,110750.08166258213,53,46.85733555624616,164,None,Normal
2023-11-25,Southwest,Supply Chain Solutions,37,78038.75657279238,7851.260962255014,89,47.196460829856996,63,None,Normal
2024-11-11,West,Freight Management,133,385707.48666521884,18912.781996986854,29,73.86865526057515,129,Minor,Low
2024-02-04,Midwest,Dedicated Contract Carriage,105,227868.75204637536,50821.04006025501,43,46.76981927898614,179,None,Normal
2024-06-17,Midwest,Fleet Maintenance,205,368323.73059530096,78312.48406182995,76,33.34974692582064,55,Severe,Normal
2024-09-16,Southwest,Freight Management,168,339125.47460612754,63771.977037279365,30,45.69082731993891,77,Minor,Normal
2024-07-15,Southwest,Freight Management,195,477711.01439650625,64729.931251467606,74,52.5920198237547,119,Severe,Normal
2023-01-09,Southwest,Fleet Maintenance,132,179135.83316559595,22376.3703410469,83,86.04329589195264,157,Severe,Normal
2024-02-14,Northwest,Supply Chain Solutions,187,366096.0321827058,67391.58786939133,96,34.480978913064156,119,Severe,Normal
2023-03-27,Northwest,Distribution Center Management,383,690728.1885688518,233323.68704343538,23,68.03720246673058,104,None,Normal
2023-02-17,Northwest,Freight Management,154,245290.2941742727,83136.05481215444,29,76.35534845700971,178,None,Normal
2024-09-24,Midwest,Freight Management,86,136375.86642980707,19949.47058200242,49,39.54817526877002,169,Moderate,Normal
2023-11-16,Northwest,Supply Chain Solutions,140,339764.3185718629,40735.89701353081,49,68.99192632043267,75,None,Low
2023-08-08,Southwest,Transportation Management,158,366553.62501122605,105216.06062106391,31,60.29771322221824,63,Severe,Normal
2024-09-02,Southeast,Distribution Center Management,149,282422.82412212825,19332.99273332918,66,66.54701398790849,89,None,Normal
2024-01-21,Southeast,Supply Chain Solutions,87,112718.1224951474,39930.76447171718,40,73.70807613865804,129,None,Normal
2024-12-10,Midwest,Fleet Maintenance,125,201112.34570768464,20147.641565249898,22,89.09350774344392,106,None,Normal
2023-11-29,Southwest,Distribution Center Management,236,214655.2568545753,251585.0904858343,60,42.7623887317084,120,Minor,Normal
2023-08-08,Southwest,Dedicated Contract Carriage,162,427947.72024008323,34034.279546897764,98,66.56005843368375,161,None,Normal
2023-02-08,Southeast,Supply Chain Solutions,241,409620.8212597241,94092.61118097811,82,74.158416030692,149,None,Normal
2024-09-13,Northwest,Transportation Management,127,314689.2000603132,44777.77865884781,47,63.542401045151855,67,None,High
2024-10-31,Midwest,Distribution Center Management,113,180506.204252097,38715.226071708836,72,73.6538451643681,148,None,Normal
2023-09-13,Southwest,Dedicated Contract Carriage,136,258175.36916749322,32731.192687735827,23,69.80594616807504,54,None,Normal
2024-01-02,Midwest,Distribution Center Management,171,259810.03270431297,48101.219117746296,93,61.05242949826359,152,None,Low
2023-07-22,Northeast,Fleet Maintenance,61,104688.24702665895,23519.983703959435,42,89.97312850342138,145,None,Normal
2023-11-25,Northwest,Distribution Center Management,110,207299.4586424826,17988.373985955,73,55.51558727494342,199,None,Normal
2023-03-01,Midwest,Supply Chain Solutions,230,417643.9369235325,109174.03002337817,97,72.87659453618474,65,Severe,Normal
2024-02-12,West,Dedicated Contract Carriage,207,555569.5583981677,128322.48139560645,37,63.71643929259236,163,Moderate,Normal
2024-01-15,West,Supply Chain Solutions,190,431073.4001330881,63289.55027620318,45,78.3639955912732,51,None,High
2024-04-06,Northeast,Transportation Management,143,324032.2215426647,112809.4310865313,73,36.44901957860983,52,None,Normal
2023-06-23,Southwest,Supply Chain Solutions,150,373998.9219430959,52415.77945179529,27,20.84926042574205,195,None,Normal
2023-05-11,Southeast,Fleet Maintenance,209,342765.4668010295,53608.23419680625,29,80.81782372751569,154,Moderate,High
2024-01-26,Southeast,Freight Management,260,397918.25514581706,69211.83621650362,69,66.58218435692166,150,None,High
2023-06-02,Northwest,Fleet Maintenance,301,601955.9856713229,152545.3489293122,93,80.72540269419471,112,None,High
2023-02-13,Southeast,Fleet Maintenance,206,644577.2868132585,63001.73031887162,48,76.79322711844473,176,None,Low
2024-11-19,Southeast,Supply Chain Solutions,185,311924.2714163358,43206.15892501796,45,76.05695688727543,59,Moderate,High
2024-07-28,Southeast,Distribution Center Management,76,58905.503991609905,58814.69611743433,79,71.0805445489811,124,None,Normal
2023-02-15,Southeast,Fleet Maintenance,250,607299.47779333,74371.21856781992,97,79.10927141263147,130,None,High
2024-04-04,Northwest,Transportation Management,288,642984.773926925,225606.76031212424,35,48.20143822430386,104,None,Low
2023-04-19,Southeast,Freight Management,155,377907.75441493856,51321.698210771036,76,33.411182457023195,188,None,Normal
2024-03-08,Northwest,Transportation Management,169,383909.9507799059,45697.29253153902,55,76.98773539658768,117,None,High
2024-11-25,Northeast,Dedicated Contract Carriage,210,389876.1376540337,86545.75622216487,60,71.44207553063674,128,None,Low
2024-08-30,Southwest,Dedicated Contract Carriage,158,356778.55059077346,32331.27007864761,51,62.52983102132744,118,None,Normal
2023-04-11,Southeast,Transportation Management,244,295875.60432663327,97115.62965844838,50,59.36910324264236,80,Moderate,Normal
2024-01-02,Northeast,Transportation Management,136,284610.2803002176,102704.67619631013,26,81.11574743465823,181,None,High
2023-12-29,Southeast,Transportation Management,195,383941.7018241796,56429.94804475348,96,88.98324446147487,75,Minor,High
2024-10-16,Northwest,Freight Management,116,147074.4769702386,15499.749722756316,96,35.75241805368163,113,None,Normal
2023-04-28,Midwest,Distribution Center Management,144,286724.651978474,129897.70831127184,74,67.94316329053322,163,None,Normal
2024-05-08,Southeast,Supply Chain Solutions,93,284551.51293496817,33151.911632057185,21,66.01759403098752,153,Minor,Low
2023-09-05,West,Dedicated Contract Carriage,193,416164.41795283917,49933.12938935925,80,71.29002984324578,64,None,Normal
2024-05-29,Northeast,Freight Management,168,264083.7062317512,35438.25211124293,68,61.73900010701083,135,None,Normal
2024-07-21,Midwest,Transportation Management,39,37192.233863613335,18160.00735236815,99,51.649832606286,179,None,Low
2023-10-14,Midwest,Supply Chain Solutions,43,81506.15829676263,10634.587189204243,47,45.797381431937474,119,None,Normal
2023-07-02,Midwest,Fleet Maintenance,60,125181.08239640015,9517.149130354415,64,86.1122471911548,110,None,Normal
2024-12-20,Southwest,Dedicated Contract Carriage,129,182433.37336846907,33446.621451940235,87,57.59130947593909,92,None,High
2024-06-22,Midwest,Freight Management,58,96443.55546382359,13320.572575413396,71,42.77101823482204,188,Minor,Normal
2024-06-04,Midwest,Fleet Maintenance,137,250012.20083923198,59152.286771925945,40,64.56219033623957,166,None,High
2023-11-30,Midwest,Transportation Management,182,311550.74927935953,271250.7788403025,87,79.53845151306234,135,None,Normal
2024-08-09,Southeast,Fleet Maintenance,161,149618.05786098156,73317.47284159338,47,77.55450353860026,191,None,Normal
2024-12-29,West,Distribution Center Management,69,210389.25518501105,25001.747383896804,49,73.14325319603503,142,Moderate,Normal
2023-02-05,Northwest,Supply Chain Solutions,85,146874.12037651884,59230.151692849795,49,60.57448695333206,125,None,Normal
2023-02-05,Midwest,Supply Chain Solutions,73,124989.57219953171,53514.295625358485,45,61.38986297679237,94,None,Low
2023-07-13,Midwest,Dedicated Contract Carriage,265,463917.5008520402,107775.74256968874,68,55.703443739653224,144,None,Normal
2023-07-24,Northwest,Supply Chain Solutions,200,405721.7079400614,71768.39025221247,64,70.4429192423478,178,None,High
2023-03-31,Midwest,Fleet Maintenance,247,436926.60776569974,272395.015503449,66,56.24208382261148,162,Minor,High
2024-05-21,West,Freight Management,105,160127.77235276235,33584.26940439642,85,77.294860863954,163,Minor,Low
2024-01-03,Northeast,Transportation Management,204,191435.1362100595,74499.67214823407,56,67.01766269918267,172,Moderate,Low
2024-08-22,Southeast,Distribution Center Management,148,347173.24871920206,106538.75971072717,94,54.846156352424714,146,None,Normal
2023-01-20,Northeast,Fleet Maintenance,68,170121.49703636632,13360.395498301237,59,24.468480741525866,76,None,Normal
2023-03-19,Northeast,Fleet Maintenance,113,159886.85947071694,49299.78145881783,93,46.68884244776335,153,Minor,Normal
2024-10-10,Midwest,Fleet Maintenance,84,76095.6734864657,20152.557326408158,74,74.88918575090689,119,Moderate,Normal
2023-03-02,West,Fleet Maintenance,240,740218.0769230534,109260.02189533238,96,46.612103271081956,197,None,Normal
2024-08-26,Southeast,Distribution Center Management,116,269214.75952214457,110560.12638276993,63,45.811070128193634,129,Minor,Normal
2023-07-16,Northeast,Fleet Maintenance,115,287279.6012188226,26584.60400408235,24,59.853438120198554,126,None,High
2023-01-18,Northwest,Freight Management,202,656074.2577180202,121143.8516383674,96,48.4594863849244,155,None,Low
2024-04-30,Southeast,Dedicated Contract Carriage,221,568568.5552077068,118595.91235781412,36,68.39477746526069,155,None,Low
2024-12-22,Southeast,Transportation Management,101,117397.61424338602,63678.568693723944,22,79.48882885952257,183,Moderate,Normal
2023-01-10,Northwest,Dedicated Contract Carriage,223,605176.0686850183,121114.98056150353,97,57.294193818981235,137,None,High
2024-08-02,Northwest,Transportation Management,150,298762.4598542617,60645.94962810712,25,67.31296833363987,128,None,High
2023-05-23,Northeast,Supply Chain Solutions,261,746479.2091661307,73981.16517757052,57,54.987621806713584,166,Minor,High
2024-10-03,Southwest,Dedicated Contract Carriage,136,306346.8681941482,36031.26997030333,54,79.88807729744329,117,None,Normal
2023-08-05,West,Distribution Center Management,40,47101.551328465,38651.81986651006,37,81.68871827053408,128,None,Normal
2024-01-20,Northwest,Freight Management,35,59783.57209066982,8767.705353436038,86,79.97395284269632,160,None,Normal
2023-04-15,Northeast,Dedicated Contract Carriage,91,175751.2300507372,32423.94534082226,37,35.72334118326633,56,None,Normal
2023-08-02,Midwest,Transportation Management,161,319860.0616889233,98580.4439644473,79,68.61457284940252,68,None,Normal
2023-04-03,Northwest,Transportation Management,263,535501.8995522475,71966.2150898471,60,87.0481948924336,160,None,Normal
2024-02-08,Northeast,Transportation Management,276,462683.9437332446,72525.53181780953,33,69.37851743660589,100,None,Low
2024-07-12,Northeast,Transportation Management,232,500416.6572995753,72375.9435777275,95,66.36141783081044,131,None,Normal
2023-09-26,Northeast,Distribution Center Management,154,136792.37311786506,40307.15581324051,62,74.84685654178506,143,Severe,Normal
2023-04-12,Midwest,Distribution Center Management,227,405870.3653603571,193847.96520600864,45,88.87754402240033,116,None,Low
2023-10-16,Northwest,Fleet Maintenance,138,444421.1536306757,75516.34763103125,91,68.15162887793048,169,Minor,High
2023-09-22,Midwest,Fleet Maintenance,192,339387.07563435496,77665.28071098715,99,68.44906843882633,95,Moderate,Normal
2024-08-01,West,Supply Chain Solutions,136,307347.50608171837,70928.85564765256,58,66.34376071730182,138,Moderate,Normal
2024-09-06,West,Distribution Center Management,98,156969.89740142756,29813.946951059952,36,64.75479757155482,164,None,High
2024-01-03,Northwest,Distribution Center Management,162,387706.9628945484,87309.37136472433,85,46.756552217463586,105,None,Normal
2023-07-13,Southwest,Transportation Management,168,407288.95469867415,86216.57960358712,51,61.27451099025244,191,None,Normal
2024-09-08,West,Transportation Management,83,241047.89681433994,59515.919050692944,71,64.41784566729699,114,Moderate,Low
2023-12-26,Northwest,Distribution Center Management,181,366023.42676330503,55953.45318989445,91,77.65825158674657,105,None,Normal
2023-03-09,West,Dedicated Contract Carriage,196,458407.42024218844,47360.11652589955,23,39.83788205347054,109,None,High
2023-07-14,Southeast,Supply Chain Solutions,173,281925.73876800603,70911.63987012893,50,73.79692876203612,115,None,High
2023-06-11,Northwest,Transportation Management,87,179188.1010029132,31431.95741072478,94,41.16905667888554,101,Minor,Normal
2023-03-01,Northwest,Supply Chain Solutions,154,431207.3823254095,78341.06604452914,68,62.25322015418796,71,None,Low
2024-02-25,West,Transportation Management,111,224338.52312726434,26986.170976914134,31,70.44865703371079,126,None,Low
2024-08-17,Midwest,Freight Management,95,155694.77277968673,99255.79939853825,51,70.5809838578848,190,None,High
2024-05-13,Southeast,Transportation Management,201,414734.0462142055,118022.19118292804,87,73.02097362460329,50,None,Normal
2023-05-30,Northwest,Supply Chain Solutions,122,268908.427736475,50442.27880787651,96,42.46571348278654,180,None,High
2024-02-11,West,Distribution Center Management,131,349268.8897813762,62261.8155334989,39,77.49690477932481,138,None,Normal
2023-03-17,West,Supply Chain Solutions,276,547876.0951780096,141061.6756990213,74,83.54170936339007,136,None,High
2024-01-19,Midwest,Fleet Maintenance,186,240340.10612256546,82121.6497923983,24,53.387792046935445,75,None,Normal
2024-08-23,Northwest,Freight Management,146,341513.16583056154,165517.71038385952,82,70.68525059587536,94,None,Low
2024-03-09,Northwest,Fleet Maintenance,64,116542.37039211641,41659.49158494043,40,48.632398002162425,159,None,Normal
2024-11-17,West,Distribution Center Management,65,156301.01805688447,14875.475625687515,38,36.98072335524653,181,Severe,Low
2023-08-14,Northwest,Dedicated Contract Carriage,177,389254.41981344775,53698.43394192705,21,57.172383560513,146,None,Normal
2023-10-24,Southwest,Freight Management,153,339475.6130786846,53256.70601606077,76,72.92634361038711,61,None,Normal
2023-02-21,Midwest,Supply Chain Solutions,248,577797.2600642327,104090.86058246942,61,84.65256751772242,94,None,Low
2024-10-24,Southwest,Distribution Center Management,183,316865.0501346291,89597.90153831101,51,55.3300786258112,147,None,Low
2024-03-06,Northeast,Freight Management,336,1080376.1568715314,231687.7346381567,33,58.90748908149616,147,None,Normal
2023-04-19,Midwest,Supply Chain Solutions,159,541553.8715998838,56319.22151974505,82,48.15288314879416,182,None,Normal
2024-05-21,Northeast,Supply Chain Solutions,189,449296.0979145199,85082.52915147251,57,29.2125974436462,176,None,Low
2023-11-15,Northeast,Freight Management,138,164582.1109111486,26615.43436764956,94,58.10693852749497,129,None,Normal
2024-08-03,Northwest,Supply Chain Solutions,98,216241.467224374,53434.55766876536,23,82.83729287702019,64,None,Normal
2023-02-12,West,Dedicated Contract Carriage,103,185608.66712497282,51223.825476745835,66,82.72587101333185,69,Moderate,High
2024-07-01,West,Supply Chain Solutions,96,212114.02440254166,38694.7023622852,49,91.77355227004568,121,None,Low
2024-09-21,Northwest,Transportation Management,74,172013.630237568,17839.14480917161,52,81.37821163382077,168,None,Normal
2023-03-23,Midwest,Dedicated Contract Carriage,120,274291.55775345815,26350.536908223763,53,70.50150359867973,105,None,Normal
2023-03-13,Northwest,Transportation Management,204,437912.39252520155,32870.433105503376,50,49.46547979168315,186,Moderate,Normal
2024-12-29,Southwest,Transportation Management,44,114089.73149632117,26119.769369551737,98,47.36072894576978,168,None,Normal
2024-09-11,Southeast,Supply Chain Solutions,111,235015.49386975844,72537.87759074877,78,73.58481914391004,178,None,Normal
2023-01-20,Southeast,Fleet Maintenance,147,249479.90444631258,39265.27506587132,65,66.65301377585727,192,None,Low
2023-06-14,Northeast,Freight Management,116,210354.10822072663,59059.02556907234,29,85.08968704565672,88,None,High
2023-05-30,Northwest,Distribution Center Management,151,184309.7900178104,72558.61438640785,76,81.04975982719674,131,None,High
2024-03-23,Southwest,Supply Chain Solutions,109,291485.76106054906,45031.93830642845,48,38.1147475377989,91,None,Normal
2023-07-09,Midwest,Transportation Management,143,266563.9712007678,63356.23027731423,65,64.93166842151354,124,Moderate,High
2023-11-27,Southeast,Fleet Maintenance,81,122567.71706410244,59313.234310888074,71,73.67316361092178,157,Minor,Normal
2024-07-08,West,Transportation Management,220,648685.6884758783,65791.22606837153,49,52.48460631161218,174,None,Normal
2023-06-16,Midwest,Dedicated Contract Carriage,257,397093.54645993904,82729.06906661266,32,73.10634074435778,98,None,Normal
2024-12-17,West,Freight Management,186,292456.42161182256,83542.8946092327,91,59.3740185394482,136,Severe,Normal
2024-05-01,West,Dedicated Contract Carriage,250,435470.1380687915,112748.1561882018,78,88.90251771863912,59,None,Normal
2023-06-18,Midwest,Supply Chain Solutions,144,320749.8916569654,69006.69588505459,98,46.512514235993976,106,None,High
2024-03-16,Northeast,Transportation Management,116,189796.51030443053,31226.5335487932,60,47.40566388355889,193,None,Normal
2024-01-23,Midwest,Transportation Management,133,267841.8728938412,78453.55281511488,91,87.64137879651179,85,None,Low
2023-02-03,Northwest,Freight Management,274,194548.12947152072,83834.9662863743,46,83.38034329743903,108,None,Normal
2023-05-26,Southwest,Dedicated Contract Carriage,260,500381.5484932355,114307.79137367764,65,47.22464505808194,170,Severe,Normal
2023-06-14,Northeast,Supply Chain Solutions,200,446067.2518235897,46291.77463717681,33,93.28769106346856,115,None,Normal
2023-06-12,Northwest,Freight Management,187,332541.1121649789,91813.81752163582,73,74.48573191236456,117,Minor,High
2023-08-29,Midwest,Freight Management,130,243904.26779127333,40478.62866171977,87,30.109791879711935,178,None,High
2024-11-23,West,Transportation Management,99,198297.27038987074,32595.39011275913,32,60.34927853722275,109,None,Low
2024-06-29,Northwest,Dedicated Contract Carriage,81,137771.86366649068,31748.308693030907,26,27.44381323126609,90,None,Low
2024-10-11,Northwest,Distribution Center Management,115,293082.88897762087,32880.26763780429,25,36.26451613227707,153,None,High
2023-10-10,Northeast,Fleet Maintenance,136,284353.2062834415,27375.876947239656,69,72.25552846029447,95,None,Normal
2024-01-26,Northwest,Dedicated Contract Carriage,119,169051.08492889348,48498.212932172464,49,91.46799204813749,122,None,Normal
2024-07-20,Northeast,Fleet Maintenance,59,133320.3052612918,21940.145052456886,85,72.01140984616548,152,None,Normal
2024-04-02,Southwest,Transportation Management,230,510123.62432044325,152515.46418716377,53,54.772863987764566,128,None,Normal
2023-09-17,Southeast,Dedicated Contract Carriage,74,161862.98928670984,30768.855861531134,66,66.07945780266526,55,None,Normal
2023-02-15,Northwest,Freight Management,218,354706.2453390599,60881.89032044884,23,61.18931381525529,164,None,Low
2024-06-14,Southeast,Fleet Maintenance,141,171765.19343371532,54127.48639148033,81,30.406855302196,147,None,High
2024-04-06,Southwest,Supply Chain Solutions,81,97986.23777274179,29724.968695844495,61,77.54435597353769,147,None,Normal
2024-02-03,Northeast,Fleet Maintenance,106,159508.89094980087,28897.926355638454,31,77.68789708861667,117,Severe,Normal
2023-08-15,Northwest,Dedicated Contract Carriage,119,228450.81915175173,60289.39683076739,93,59.02875878231699,148,None,Normal
2024-12-01,Southeast,Fleet Maintenance,77,128345.63983681859,18319.446335238983,49,62.65009968896715,175,None,Normal
2023-07-26,West,Freight Management,177,362628.6975999261,494571.8856820785,50,84.91096050995228,105,None,Normal
2023-11-01,Northwest,Supply Chain Solutions,170,391232.45562898234,27597.729029837046,55,58.931661286030746,169,None,Low
2023-03-19,Midwest,Transportation Management,72,111662.3292639307,28837.191095065074,34,75.8907347126519,112,None,Normal
2023-04-09,Southeast,Fleet Maintenance,125,255722.98099911795,57124.83868391113,93,73.01864198696374,134,Minor,High
2024-04-21,West,Supply Chain Solutions,97,299670.8990472378,21567.942784632865,35,38.12592959057302,144,Minor,Normal
2023-04-01,Southeast,Transportation Management,109,135546.06277043727,39661.64000258153,80,50.3687939039285,145,None,Normal
2023-12-23,Southeast,Supply Chain Solutions,21,47551.658516982534,10975.22952373975,39,60.79677428149295,149,None,High
2023-09-06,Southeast,Transportation Management,164,207836.3184148285,121820.89803238236,76,71.8604475386676,52,None,Normal
2023-12-04,Southwest,Transportation Management,161,466947.76738168235,160345.79314424,22,50.60486858071913,63,None,Normal
2024-10-26,Southwest,Supply Chain Solutions,64,149309.76141335638,18413.295035145606,99,60.91523585447348,112,None,Low
2024-06-14,Northwest,Supply Chain Solutions,258,537350.5363833844,202475.54351491114,34,44.23896987636775,199,None,Normal
2023-06-01,Northwest,Transportation Management,119,206848.37709773626,49569.33628045528,63,54.84613481909244,53,None,Low
2023-11-25,Northeast,Supply Chain Solutions,61,115051.74191122045,37915.75658037726,44,58.26732568418068,131,Moderate,Low
2023-09-07,Northwest,Dedicated Contract Carriage,128,230677.4479362308,52716.041605505045,90,45.88625766100598,197,None,Normal
2023-07-05,Southeast,Distribution Center Management,179,149134.25140426544,72104.34981509155,31,72.46986597431228,197,None,Normal
2023-04-02,Southwest,Freight Management,71,207424.54583669963,27821.333597616616,51,54.39385483649451,192,None,Normal
2024-03-16,Midwest,Freight Management,118,287400.82425801526,38148.66551605912,59,63.84362322017291,111,Moderate,Normal
2023-03-19,Northeast,Distribution Center Management,85,147079.72004237495,49007.55214426396,94,59.37349508117784,94,None,Normal
2023-06-29,Northwest,Distribution Center Management,275,689898.884408721,46287.14035449102,54,79.19831683922011,85,Moderate,Normal
2023-03-05,Northeast,Freight Management,116,139386.5017840728,155551.11441125633,51,39.908415205577086,94,None,Normal
2024-09-17,Northwest,Dedicated Contract Carriage,199,264534.9966776427,60821.00720015101,29,58.739145475063445,197,None,Low
2024-05-24,Midwest,Transportation Management,170,369586.33384416124,139279.29658214512,94,67.33897099801219,187,None,Normal
2024-03-19,Northeast,Freight Management,275,679794.0642708475,101706.36728245103,45,78.44655432448278,154,Minor,Normal
2024-07-11,Southeast,Dedicated Contract Carriage,112,140615.5520808731,61291.40044976406,63,49.74347306454706,183,Minor,Normal
2024-12-08,Southwest,Transportation Management,81,185859.53473553024,39358.4268409169,58,70.51686885993136,108,None,Normal
2024-10-20,Northeast,Distribution Center Management,62,170912.92611298975,22208.245579306345,63,73.70158054886556,131,None,Normal
2024-06-11,West,Fleet Maintenance,194,355132.35049854685,185279.57704615133,94,36.00876098893378,150,None,Low
2023-06-30,Southeast,Freight Management,119,250416.892847567,40686.497981293,62,44.82944814528688,155,Severe,High
2023-07-11,Southeast,Dedicated Contract Carriage,175,468329.71996849374,42275.79908907155,31,77.92384247214537,53,Minor,Low
2024-08-07,Northwest,Transportation Management,217,368026.84293986217,78795.70352618335,45,64.97764240474329,128,Minor,High
2024-07-06,West,Dedicated Contract Carriage,41,110112.91186293028,10510.792381018204,51,40.87642246944106,81,None,High
2024-11-28,Northeast,Supply Chain Solutions,160,304607.47640448686,28990.36093131141,61,69.94498859231201,196,None,Normal
2024-02-14,Southeast,Dedicated Contract Carriage,179,320648.9250325797,72898.16305217559,59,34.399141443177385,156,None,Normal
2023-12-17,Northeast,Supply Chain Solutions,81,153758.1777232767,35312.87903242132,26,40.68420213501874,86,None,Normal
2024-03-11,Midwest,Dedicated Contract Carriage,109,220558.27539837157,20963.79374623981,50,79.69740369987392,137,None,Normal
2023-04-22,Southeast,Transportation Management,69,195255.067146402,18488.393862600562,92,48.07596639718637,175,Severe,Normal
2024-12-22,Southeast,Dedicated Contract Carriage,89,152153.25655964212,34045.058417667875,71,64.75972299044894,56,None,Low
2023-05-28,Southeast,Distribution Center Management,129,283045.05582918186,85483.40494327276,62,43.617973236431396,130,None,Normal
2024-01-09,Midwest,Dedicated Contract Carriage,174,478368.3918502552,132095.49461638028,34,56.28126980831807,170,None,Normal
2023-12-30,Midwest,Distribution Center Management,86,219395.9545987795,18178.25936026217,50,47.71288231644597,93,None,Low
2024-05-21,West,Freight Management,139,413272.3315572094,38235.65198339129,37,69.48044569375247,67,None,Low
2024-12-27,West,Supply Chain Solutions,121,225246.41093634992,39034.420998363996,31,55.23832120046137,79,None,Normal
2023-10-21,Midwest,Transportation Management,76,116253.95307011351,21583.04998671469,79,68.45869236436812,157,None,Low
2023-06-13,Northwest,Fleet Maintenance,162,361526.4996625246,102888.89849235988,56,61.444957479864414,93,Minor,Low
2024-09-15,Northeast,Transportation Management,73,174018.99363065333,56758.85190042396,30,68.30138263655488,177,Minor,Normal
2024-07-08,Northwest,Dedicated Contract Carriage,178,216818.54126273288,112617.3419022202,57,50.39317362672687,131,None,Low
2024-05-29,West,Transportation Management,170,338137.0633557846,144219.6213056509,31,52.39422532459369,136,None,Normal
2023-10-13,Midwest,Fleet Maintenance,138,269160.29855143995,69123.14071785964,53,62.04784873892413,114,None,High
2023-12-07,Northeast,Supply Chain Solutions,40,91256.85565160325,9701.528422626872,82,76.55471403955278,117,Minor,Normal
2023-12-25,Midwest,Transportation Management,133,323530.45367031504,51602.91364595571,62,68.80331027206371,90,None,Normal
2023-03-21,Northwest,Fleet Maintenance,264,410946.2851077104,173041.59920790623,65,60.74723002015141,131,None,High
2023-10-20,Southwest,Supply Chain Solutions,150,232503.38069078044,36023.37136980686,77,84.55119717455125,170,Minor,Normal
2024-09-17,Northwest,Dedicated Contract Carriage,94,108953.5873364113,114216.67552602153,40,71.5691131654211,87,Minor,Normal
2024-10-06,West,Distribution Center Management,81,73201.89507174733,26168.084871738098,57,59.12291081482284,133,None,Low
2024-05-17,Southwest,Supply Chain Solutions,188,358779.8667868918,179638.49282914883,62,70.44854753647809,164,None,High
2024-09-26,Northeast,Dedicated Contract Carriage,129,305333.3341527443,62711.05690848045,94,61.81243868940511,156,None,Normal
2024-04-13,Southwest,Transportation Management,149,318355.9698602551,36425.573426407995,98,79.99403805414468,91,None,Normal
2023-01-25,Southwest,Dedicated Contract Carriage,208,383124.1327480768,159350.80709256048,88,66.51819272625737,84,None,Normal
2023-08-24,West,Fleet Maintenance,134,248165.30518451694,62374.311964057626,61,79.9353398030816,183,None,Low
2023-04-26,Northwest,Dedicated Contract Carriage,208,321358.5395584736,26421.73483690944,42,64.9226162530181,75,None,Low
2024-02-01,Southwest,Freight Management,264,705799.3614847197,199845.6822139221,25,76.43616508243676,189,None,Normal
2024-04-14,Southeast,Supply Chain Solutions,124,146099.4150315434,26499.063830301795,40,63.756432035207524,89,None,High
2023-07-28,Southeast,Dedicated Contract Carriage,187,487158.3016733902,133265.34830212346,34,66.58093782310678,75,Moderate,Low
2024-09-05,Northeast,Transportation Management,165,532034.3101678948,69818.74838612812,93,66.06153578655939,124,None,Normal
2024-05-12,Northeast,Transportation Management,137,300527.13158504135,43093.15929777237,79,36.66915152394861,104,None,Normal
2023-02-13,Northeast,Supply Chain Solutions,141,256509.97743211893,56721.86983552352,88,69.80100107487964,70,None,Normal
2024-04-07,West,Freight Management,88,192580.8271905448,33507.71955712827,97,73.7659347649645,72,Moderate,Normal
2024-02-27,Southwest,Distribution Center Management,215,400004.62033551605,62569.006763586505,94,57.626126190923785,73,Minor,Normal
2024-08-10,Southwest,Distribution Center Management,82,200451.3440385961,25659.519877904368,27,42.036331364996684,53,None,Normal
2023-03-21,Northeast,Supply Chain Solutions,144,364709.81200140703,29054.035722260833,77,91.97345636490213,104,None,Normal
2023-01-18,Northeast,Distribution Center Management,143,311725.2964465939,97417.03302913097,79,47.46905178712837,62,None,Low
2023-11-27,Northeast,Freight Management,116,179651.46374252817,43683.078160321464,55,85.027441269322,71,Minor,Normal
2023-04-11,West,Freight Management,253,491803.1817752516,94626.48211940535,57,76.01389415159608,100,Minor,High
2023-01-14,Northwest,Distribution Center Management,76,188333.9257288117,21874.48545021263,45,72.61506262960732,130,None,Normal
2023-02-08,Midwest,Dedicated Contract Carriage,171,428862.963790063,121911.35955298689,21,53.99703405015435,87,Moderate,Normal
2023-10-01,West,Transportation Management,69,182150.78244027644,19044.1190126053,63,54.40604025437993,100,None,Normal
2023-09-28,West,Distribution Center Management,148,267848.03229102417,25023.787451554617,95,80.39262470771644,160,None,Normal
2024-09-26,Northwest,Dedicated Contract Carriage,147,274296.75000548235,115783.03333864425,97,70.29490343262366,92,None,Normal
2023-01-10,Northeast,Dedicated Contract Carriage,242,600970.7691398514,147281.82207668797,75,54.39406287870645,186,Minor,Normal
2024-11-22,West,Supply Chain Solutions,211,445079.9915092237,37693.4316860079,47,85.84962246729052,62,None,Low
2023-03-17,Midwest,Freight Management,286,425338.9693352966,58254.656471052265,24,74.40754856620138,183,Minor,Normal
2024-12-30,Southwest,Transportation Management,288,715994.0577444853,75570.73329786531,65,58.797816793807414,134,Severe,Normal
2024-03-11,Northwest,Distribution Center Management,208,551854.4928652887,84252.80243038725,20,75.26391453149247,185,None,Normal
2023-12-22,Southeast,Distribution Center Management,181,508286.09752214106,70596.2387360093,25,44.77349446002838,61,None,Normal
2023-05-23,Southeast,Freight Management,191,204470.1535404702,89423.95889142156,92,70.12681172154018,135,Moderate,Low
2023-01-02,Midwest,Transportation Management,157,159674.5755991629,50844.415116386626,44,71.38491668131915,96,Moderate,Normal
2024-12-30,Southwest,Fleet Maintenance,91,227105.04012356733,25751.74620359643,48,72.77200422146453,118,Moderate,Low
2023-05-16,Northeast,Dedicated Contract Carriage,240,353183.7100642333,102597.46819748843,88,58.28735794470609,153,Moderate,High
2023-01-24,Northeast,Transportation Management,107,258163.06965162183,50862.148718822275,20,50.31224954006292,68,Minor,Normal
2023-03-06,Northwest,Transportation Management,165,311688.2998944886,99272.4209832138,70,61.11555500432716,175,None,Normal
2024-02-18,West,Transportation Management,93,177090.78739843713,67304.40253103453,93,48.59522443169497,117,Minor,Low
2023-05-19,Southeast,Freight Management,285,701740.0403773575,88770.82450557488,30,77.49597955106681,159,Moderate,Normal
2023-02-11,West,Supply Chain Solutions,64,145273.3763153969,58413.37360659099,55,61.587327270664815,144,None,Normal
2023-05-06,Southeast,Distribution Center Management,76,149639.8222282415,42958.41837456228,41,78.80588326757231,126,None,Normal
2023-12-19,Southeast,Fleet Maintenance,219,644685.6365996479,108334.85441270322,53,96.6211875741186,170,None,Normal
2024-05-25,West,Distribution Center Management,124,161774.53748131386,52165.305521089926,29,83.25052216864289,122,None,Low
2024-12-27,Midwest,Distribution Center Management,169,464320.6531094103,100553.97993244193,67,89.83453933786227,173,None,Normal
2024-02-08,Northeast,Transportation Management,284,296084.0532184673,81728.54563694198,66,82.32953125462103,82,Minor,Normal
2024-01-03,West,Freight Management,117,177276.2774041094,18888.13800332685,77,73.12073148154329,82,None,Normal
2023-12-09,Northeast,Supply Chain Solutions,50,88378.9120396389,13293.535270769138,38,39.68681721235527,112,None,Low
2023-12-14,Midwest,Supply Chain Solutions,166,379710.90825882537,103535.69854878471,72,24.180415369222672,132,Moderate,Low
2023-10-17,Southwest,Transportation Management,100,243375.7190252134,56131.51539386793,94,55.412244767161425,101,None,Normal
2023-03-04,Northeast,Freight Management,68,170781.8608000322,67072.54167733825,21,44.68732287192736,116,Severe,Normal
2023-03-14,West,Transportation Management,339,731054.9550517268,80067.92481447072,35,84.48907672051024,198,None,Low
2023-05-01,Southeast,Distribution Center Management,293,461481.33578801237,142385.6787424647,90,88.06968006613634,81,Minor,Low
2024-04-16,Midwest,Transportation Management,253,541814.3728438669,67092.08782559868,80,44.90665013702377,164,None,Low
2024-03-26,West,Distribution Center Management,284,673874.5202051223,130535.35694355059,94,80.2110195998236,199,Minor,Normal
2024-06-11,Southeast,Transportation Management,168,280533.0449896542,37136.52555795433,59,32.892595173094186,152,Severe,Normal
2024-09-18,Northeast,Distribution Center Management,170,407266.8090537619,53371.47049428947,98,74.66453891444138,108,None,Low
2024-04-13,Northwest,Fleet Maintenance,115,260719.76561366837,38878.18103093479,57,72.7067613079732,90,None,Normal
2024-09-27,Southeast,Freight Management,100,173145.91806280136,56447.06337734731,57,80.1818503396366,54,None,High
2023-12-12,Midwest,Supply Chain Solutions,106,243353.05011259863,41165.573180388565,51,80.61957439515787,98,None,Normal
2023-02-25,Midwest,Freight Management,91,179533.47888933672,75656.47023260179,72,49.424574968243604,110,None,High
2023-01-12,West,Supply Chain Solutions,164,309105.0819236822,48603.43562059732,22,88.60215797181715,136,None,High
2024-04-14,Northwest,Transportation Management,106,238789.80705677037,58929.64354867578,73,57.78124430141119,70,None,Low
2023-09-17,Midwest,Supply Chain Solutions,80,188840.48634206367,78864.03626368295,44,68.91839445107397,184,Severe,Low
2023-06-03,Northeast,Transportation Management,147,262451.6240584039,40008.59232243389,25,64.63472039668817,104,Moderate,High
2024-05-11,Northeast,Freight Management,153,175316.2477095174,95411.42234069486,38,59.60218099823423,122,Minor,Normal
2024-07-13,Midwest,Supply Chain Solutions,93,246051.70545072318,85312.98437447182,90,90.01208390587905,92,None,Normal
2024-12-15,Northeast,Freight Management,95,179357.08971543197,24743.850461182614,47,38.552471625024374,169,None,Low
2024-08-06,Northeast,Transportation Management,178,409476.62990343594,73527.12740203968,88,51.60208449086879,75,None,Normal
2023-11-08,Midwest,Supply Chain Solutions,104,211766.657590332,86812.36498571128,83,58.567293295427234,68,None,Normal
2023-05-05,Northwest,Distribution Center Management,314,765062.0907556523,219746.10323612046,47,63.88268439313304,145,None,High
2024-11-08,West,Supply Chain Solutions,141,210802.47567643304,50858.048283724085,75,96.31239933300452,142,None,Normal
2023-10-11,Southeast,Supply Chain Solutions,120,144297.29996402838,52445.14261176196,37,44.45425305218645,104,None,Normal
2023-09-01,West,Fleet Maintenance,99,184487.84898778202,52289.00053209093,58,63.488951674226946,72,Moderate,Normal
2023-09-22,West,Distribution Center Management,84,152927.39212561864,69053.17122563203,89,59.552185233966036,99,Minor,Normal
2023-10-08,Northwest,Distribution Center Management,74,144426.38658186977,33930.16649790979,24,76.42235986907966,80,None,Low
2023-11-15,Northeast,Freight Management,125,310842.85983232444,91756.44350550225,67,54.273688203198866,60,None,Low
2023-10-21,Southwest,Transportation Management,66,89607.36658724259,27252.508938310362,62,50.71864151620725,181,Moderate,Normal
2024-08-18,Southwest,Supply Chain Solutions,73,148564.95067369076,25730.796005851138,94,56.601823828887646,197,Moderate,High
2024-09-19,Northwest,Fleet Maintenance,151,327648.6110036969,53328.532190233374,61,80.54377706549984,161,Minor,Normal
2024-01-07,Northwest,Freight Management,63,168095.31858240615,21522.190703629403,43,76.93987622272527,78,None,Normal
2024-06-17,Southwest,Supply Chain Solutions,141,264259.4798344456,103426.69108772151,62,82.33629108519757,63,None,Low
2023-06-05,Midwest,Fleet Maintenance,203,394245.6917270078,150534.1313918654,39,53.74687931000817,102,None,Normal
2023-08-22,Southwest,Distribution Center Management,141,351626.582256723,37749.28594673096,54,59.085573628142996,77,None,Low
2023-08-11,Northeast,Transportation Management,174,209904.18575798982,94119.2492799801,90,86.1681183423417,51,Moderate,Normal
2024-04-18,Southeast,Transportation Management,243,506285.15902960196,91189.82488536801,72,68.70744305805593,173,None,High
2024-11-26,Northwest,Distribution Center Management,158,235720.4838369669,105081.00705319394,88,45.65023528102393,129,Moderate,High
2023-02-10,West,Supply Chain Solutions,84,134109.28754318098,39375.01720789506,83,65.7514652286342,158,None,High
2024-12-18,Midwest,Supply Chain Solutions,168,325745.9089058677,59458.32545125324,84,47.67225874607314,114,None,Normal
2024-12-01,Midwest,Supply Chain Solutions,59,78908.79703828559,23821.74555696138,51,52.40985372191349,186,Minor,Normal
2023-06-09,Southwest,Dedicated Contract Carriage,190,421132.71677046164,54599.81001014684,74,70.29553087914478,100,None,Low
2023-11-14,Southeast,Supply Chain Solutions,59,106718.05476130861,11633.200705398933,79,50.159837959492805,130,Moderate,Normal
2023-10-17,West,Freight Management,134,270293.3627140875,60182.72134657313,85,61.001149382225876,62,None,Low
2023-07-28,Northwest,Supply Chain Solutions,236,536134.2271122772,104694.12917863968,94,65.05833032248282,106,None,Low
2024-12-09,Northeast,Dedicated Contract Carriage,167,270831.47616768716,96066.91751453934,48,44.538356904094975,94,None,Normal
2024-10-30,Northwest,Fleet Maintenance,139,213044.6905316631,91046.78667015393,60,87.14326585787924,78,None,High
2024-08-23,Northwest,Transportation Management,152,272614.0918907347,65857.16805511563,23,52.077604006145236,131,Minor,Low
2023-05-06,Midwest,Dedicated Contract Carriage,117,186450.31143863683,75826.9186912965,35,88.39523406790975,122,None,Normal
2024-09-10,West,Transportation Management,166,380061.3821577418,43358.20085707847,24,40.47854021623315,54,None,Normal
2023-01-12,Northwest,Transportation Management,235,225419.41951720678,214093.80340229534,85,42.64696158722356,166,None,Low
2023-02-06,Southeast,Dedicated Contract Carriage,118,99293.51712651282,34493.483352964264,62,85.10321961162387,148,Moderate,High
2023-10-06,Southeast,Fleet Maintenance,59,140914.34004892662,21833.08527658966,79,54.068145379353524,132,None,Normal
2024-08-05,Northwest,Transportation Management,123,315294.4163911375,51060.197393857154,53,20.019368239288823,157,None,Normal
2024-07-02,Southwest,Fleet Maintenance,167,454807.43484670506,40874.16050805891,24,20.450886503355612,128,None,High
2024-04-27,Northwest,Fleet Maintenance,148,204584.04292592272,35326.209424693574,78,69.34400850601578,197,None,High
2023-05-11,Southeast,Transportation Management,276,756975.8793681811,152513.99759162916,43,77.4987309966136,79,None,Normal
2024-10-02,Midwest,Dedicated Contract Carriage,132,357073.48971285345,27275.610302553137,38,74.04186613860182,198,None,Normal
2024-02-09,Northwest,Dedicated Contract Carriage,217,633853.4804056147,48781.587681634104,25,56.90434281958613,168,Moderate,Normal
2024-02-09,Northwest,Supply Chain Solutions,189,281204.95270744344,119397.649066445,83,63.77704160060367,129,None,High
2024-06-08,Northwest,Freight Management,123,255567.69131377985,33150.251927528436,90,57.938875041285044,67,None,Normal
2024-01-30,Midwest,Dedicated Contract Carriage,196,333117.4803680736,98091.59826960078,73,52.37262340908586,153,None,Normal
2023-04-09,Northwest,Distribution Center Management,57,106923.23292148541,31416.52740494718,84,39.62021250659637,80,Minor,Normal
2023-10-10,West,Fleet Maintenance,187,425454.3780181892,62654.25904167632,62,67.76199466505463,101,None,High
2024-09-16,Northwest,Fleet Maintenance,127,180696.99289261198,37118.61688536356,77,67.01321899364963,119,Moderate,Normal
2023-10-08,Northwest,Transportation Management,73,109389.57690402855,59336.69937756679,23,59.86395231384124,169,None,Normal
2024-10-07,Northwest,Transportation Management,119,278809.07184703794,48852.03335066739,60,63.65052681217038,96,Moderate,Normal
2023-05-05,Northeast,Supply Chain Solutions,199,513455.9402138957,38166.915384004744,86,74.32938818299681,147,None,High
2023-07-17,Southwest,Freight Management,135,270799.0457047376,83689.37582752685,48,34.97070968449152,64,None,Normal
2023-08-11,Southeast,Distribution Center Management,167,317627.4056118972,150074.51894259496,83,80.31751046389807,151,None,Normal
2024-03-22,Midwest,Transportation Management,188,363430.23941848346,137703.8879905857,34,71.46967089981953,174,None,High
2023-06-01,Northwest,Transportation Management,158,241722.47096682235,85677.50545412507,75,47.71831734066453,91,None,Normal
2024-06-07,Southeast,Dedicated Contract Carriage,201,387023.676691313,75039.55773908323,30,73.03003112367385,73,Moderate,High
2024-05-09,West,Freight Management,213,560878.3468501923,214445.22075128707,59,57.50391524689101,70,None,Low
2023-12-26,Southeast,Supply Chain Solutions,140,310346.50462521135,90114.46617949646,24,47.79224985870982,111,None,Low
2023-11-19,West,Freight Management,110,187755.0366465167,42515.31325539382,47,45.910097037483226,73,None,Low
2023-09-24,Southwest,Supply Chain Solutions,66,207898.3978725007,37650.920467874384,32,53.965088850355315,151,None,Normal
2024-11-21,Southwest,Dedicated Contract Carriage,137,237974.67404999904,22621.081716915112,50,54.57522800935276,189,Minor,Normal
2023-01-23,Northeast,Distribution Center Management,126,132171.590203681,29579.805561626665,27,48.06259365295447,117,Moderate,High
2024-02-20,Northeast,Fleet Maintenance,152,337824.21964876604,49197.676276633894,62,71.71472319507349,128,None,Low
2023-06-16,Northeast,Supply Chain Solutions,143,322966.1343503475,56367.16238557848,83,52.89907151892644,130,None,High
2023-10-15,Northeast,Distribution Center Management,62,138270.58910890797,39153.90519635363,55,80.04971820390935,182,None,High
2023-03-12,Southwest,Dedicated Contract Carriage,38,58582.20741053605,28284.67445221327,81,80.57255658462967,104,None,Normal
2024-04-30,West,Freight Management,135,181096.75367571495,38577.33670979247,77,79.82724272105193,158,None,Low
2023-07-17,Northwest,Dedicated Contract Carriage,107,200300.86308533183,20312.01331866546,75,73.0321379842904,120,None,Normal
2024-06-09,Northwest,Transportation Management,100,138942.31733953123,57704.95001468112,86,75.9900739171637,75,None,Normal
2024-11-30,Northeast,Supply Chain Solutions,110,113399.51286702152,84114.3808843875,41,64.28671398424103,93,None,High
2023-06-05,West,Freight Management,278,727654.2920511728,244986.69360345005,26,72.16835845501828,83,None,Low
2023-08-09,Midwest,Fleet Maintenance,180,380499.9737509638,110310.27612869267,21,59.59346488129983,111,None,Low
2024-03-24,Southeast,Fleet Maintenance,100,212632.29406207087,32599.515509323304,31,54.02686292186022,161,None,Normal
2023-05-05,West,Dedicated Contract Carriage,295,396278.9816743752,437385.52130901546,72,55.613308931542285,142,None,Low
2024-08-28,Southwest,Supply Chain Solutions,69,151351.98517689912,11401.49284542154,92,64.27624042957258,70,None,Low
2023-09-10,Northwest,Dedicated Contract Carriage,78,202574.37973906234,20449.70391555523,79,67.42340754650704,186,None,Normal
2023-07-29,Northeast,Supply Chain Solutions,78,144514.81141730092,60223.38435612539,44,60.75829291902991,150,None,Low
2024-01-20,West,Freight Management,87,127998.79309439863,65790.85117139647,33,40.82534654803891,56,None,Normal
2023-10-11,Southwest,Dedicated Contract Carriage,140,331753.0232495418,91547.76299261351,32,53.27528210824072,69,None,Normal
2023-02-07,Southeast,Supply Chain Solutions,232,428889.3577231798,52465.94300094253,80,79.05108654567371,110,None,Low
2024-07-10,Northwest,Freight Management,163,269468.64706659375,68659.0485879874,62,50.152010681326345,142,Minor,Low
2024-06-12,Southwest,Dedicated Contract Carriage,210,366657.0061074924,102824.98992647804,60,82.20304898285224,53,Minor,High
2024-04-21,Northwest,Fleet Maintenance,102,254344.62258827567,86977.58457984956,78,90.90346261830409,147,None,Normal
2023-05-03,Southeast,Supply Chain Solutions,216,535497.8079774516,79580.47119347545,51,70.5228064152432,67,Severe,Normal
2023-09-28,Southwest,Freight Management,100,256569.26644983434,34322.16599571684,95,86.29002979540965,70,None,Normal
2024-05-21,Northwest,Fleet Maintenance,209,456938.18496512173,136308.05431883462,50,73.95562663763424,133,None,Normal
2023-07-12,Midwest,Distribution Center Management,152,192090.43942396756,45627.94295707663,90,84.28674624062737,51,Minor,Normal
2024-11-22,West,Distribution Center Management,125,373693.982394065,36308.85204374767,43,60.6863545818589,89,None,Low
2023-01-06,Northeast,Fleet Maintenance,251,664373.3796400718,129120.63175060984,76,85.04762129591093,68,Moderate,Normal
2024-08-09,West,Distribution Center Management,126,303025.0979536575,50152.748305315996,76,69.46198758867548,89,None,Normal
2023-02-06,Northwest,Dedicated Contract Carriage,183,312408.51420009957,50360.94085749453,71,49.37844349329368,156,Severe,Normal
2024-05-06,Northwest,Distribution Center Management,254,669219.9544466124,93966.51234664921,46,40.27832535913526,131,None,High
2024-01-10,West,Dedicated Contract Carriage,182,272793.2173675632,63555.42826682112,20,59.364316978189976,56,None,High
2023-08-24,Midwest,Supply Chain Solutions,173,184395.09316482846,56573.30579172203,57,60.68849477862693,85,Severe,Normal
2024-04-27,Southwest,Freight Management,148,287105.6267614142,75645.29924206354,81,74.1397043773848,153,None,Normal
2023-10-28,Southeast,Distribution Center Management,56,129046.61696109788,24212.095151338046,42,42.04682254193826,159,Minor,Normal
2023-08-04,Southwest,Supply Chain Solutions,193,359181.6243925672,46198.25290420409,28,81.16620340837696,53,None,Low
2023-05-12,West,Dedicated Contract Carriage,276,619781.841921225,35254.89546689786,25,47.870907639226004,172,None,Normal
2023-10-01,Southwest,Supply Chain Solutions,66,75873.88137415747,17491.249141799668,23,41.07974928099014,67,None,Normal
2023-05-31,Southeast,Freight Management,237,433641.3047435882,243712.11753150835,55,64.03324510194611,163,None,Low
2023-02-09,Northeast,Dedicated Contract Carriage,268,637108.2259557163,184285.62247509684,69,82.91891865111614,96,None,High
2023-12-22,Midwest,Freight Management,138,235496.48835550304,37860.8612523244,40,73.25710052919692,72,None,Normal
2023-02-15,West,Dedicated Contract Carriage,298,616361.2792278099,237967.11757025644,33,78.95242145790874,150,Severe,High
2024-07-12,Northeast,Distribution Center Management,161,465046.9482537408,82237.92635575478,96,52.115569304047014,112,None,Normal
2023-12-01,Southwest,Distribution Center Management,180,383644.9589111364,85793.55623615418,91,74.62074916359867,52,Moderate,Normal
2023-04-02,West,Transportation Management,122,346981.89520493173,37175.19094828609,47,73.34959752019068,60,Minor,Normal
2023-11-15,Southwest,Dedicated Contract Carriage,119,208464.69660941968,53225.64011845957,82,54.378964920794935,73,None,Normal
2023-06-09,Southeast,Fleet Maintenance,212,335192.13669781416,33352.97641104548,47,74.63061634115702,190,None,High
2023-05-13,Northeast,Dedicated Contract Carriage,125,301391.4148691581,95241.15685820278,47,81.56739615086593,144,Moderate,High
2023-11-04,Northwest,Transportation Management,70,171897.4944764982,8792.77884061525,48,42.118851728555036,179,Minor,High
2024-09-20,Northwest,Distribution Center Management,107,352921.1126737788,50841.30427097569,34,61.188475776371675,184,None,High
2024-03-13,Northeast,Transportation Management,286,639031.8443279205,137553.06638599807,61,79.06556217428687,146,None,Normal
2023-02-10,Southwest,Distribution Center Management,187,341076.27274920326,132384.09459063737,91,46.88987819551132,194,Minor,High
2023-04-01,Midwest,Dedicated Contract Carriage,120,240430.49192985005,83325.26610660968,69,58.7452313169106,69,None,High
2023-08-21,West,Dedicated Contract Carriage,156,341534.64332563424,68821.48036276067,44,42.180403860310356,64,None,High
2023-04-09,Southeast,Fleet Maintenance,128,122999.736631471,97467.71142598157,65,72.90522540964652,146,None,Low
2024-08-08,Southwest,Supply Chain Solutions,168,459281.05093603575,60430.32110959945,45,63.40902118085964,133,None,Normal
2023-05-03,Northwest,Dedicated Contract Carriage,171,299302.3802904704,89493.48805869168,41,74.42456477782005,172,None,Low
2024-07-21,Southeast,Dedicated Contract Carriage,69,135242.70429031385,52111.16384716248,27,73.32206382551183,62,None,High
2024-11-21,Northwest,Freight Management,206,549827.6093896804,96791.75951854452,52,68.33265260691365,156,None,Normal
2024-07-25,Midwest,Dedicated Contract Carriage,174,330255.43577985856,48402.57015483063,75,75.77486035061763,177,Minor,Low
2023-06-20,Southeast,Transportation Management,188,551353.0558692486,94979.60451881636,22,61.463179595456616,56,Minor,High
2024-03-01,Northeast,Fleet Maintenance,246,542219.8730818682,111024.60394909944,56,79.56240459937462,104,None,Normal
2024-05-17,Northeast,Transportation Management,229,613253.4130806519,75556.33687572452,95,50.187474323847034,129,None,High
2024-07-25,Northwest,Dedicated Contract Carriage,192,540062.022604488,145646.62521187167,59,69.46515331768893,134,Minor,Normal
2023-01-11,West,Freight Management,166,285184.02949935023,44954.148963030086,85,49.30550325823915,137,Moderate,Low
2024-12-13,West,Freight Management,229,666448.8075004068,125226.56098886864,83,77.52090933029005,80,None,Normal
2023-11-12,West,Distribution Center Management,122,373498.25123052247,31089.35182626724,56,72.56737821492251,108,None,Normal
2023-08-15,Southeast,Fleet Maintenance,231,480332.8494837432,43850.23734344294,55,89.33280181146615,104,Minor,Normal
2023-06-22,Southwest,Fleet Maintenance,145,291243.33300195815,70683.77506097604,21,77.35103434626363,130,Moderate,Normal
2024-01-04,Midwest,Transportation Management,252,172543.02589051015,196933.50092486665,23,32.459245653881446,54,None,Low
2024-10-19,Northwest,Distribution Center Management,82,168258.37423688034,12361.369762107886,28,90.48107171173118,110,None,Low
2024-10-13,West,Transportation Management,67,153586.86824458517,20121.27995390235,56,55.315962728940384,98,None,Normal
2023-02-23,Southeast,Freight Management,315,293114.5814658179,169894.97972961742,20,88.9446902797248,182,None,Normal
2023-08-18,Midwest,Freight Management,122,287956.1064538792,50121.25271493012,22,63.907263733244456,68,Severe,Normal
2023-10-18,Northwest,Supply Chain Solutions,114,119789.4843391246,56292.84829132849,28,76.17908795590786,167,None,Normal
2023-12-22,Southwest,Supply Chain Solutions,194,473235.8400060698,30290.966687365588,86,74.50831235103601,146,Minor,Normal
2024-07-15,Northeast,Supply Chain Solutions,226,688892.3139192192,183120.77766182242,35,64.17409532433646,186,None,Normal
2024-05-18,Midwest,Distribution Center Management,57,126846.55798487077,40213.85562726786,23,51.492881273684674,121,None,Low
2023-05-25,Northwest,Freight Management,198,446358.47526734736,33133.16396036158,28,53.42300293033597,159,None,Low
2023-02-22,Northeast,Supply Chain Solutions,178,218486.34688718262,47178.84840927512,21,27.503397515988098,155,None,Normal
2023-01-02,Northeast,Dedicated Contract Carriage,185,367185.52759518876,109763.29567256485,25,27.830327212256066,75,None,Normal
2024-12-21,West,Supply Chain Solutions,78,168511.1971310539,144631.27678846667,61,75.25625086572263,193,Moderate,Normal
2023-02-04,Southeast,Supply Chain Solutions,105,129742.9387649086,71867.43448470983,76,72.45292679291134,67,Minor,Normal
2024-10-05,Midwest,Freight Management,50,65595.18050834126,12322.42809454934,23,70.0531972503851,194,None,Normal
2024-07-10,Southeast,Fleet Maintenance,152,355462.988352241,130419.08164847137,77,69.07116050518391,139,None,High
2023-04-18,Southeast,Supply Chain Solutions,248,555460.9777739932,118612.94629003547,57,48.80125023696019,140,Severe,Normal
2023-10-11,Southwest,Distribution Center Management,88,164312.48817835696,25376.800432210337,49,59.27136185231652,160,Moderate,Low
2024-04-01,Northeast,Dedicated Contract Carriage,181,318298.9367804162,38152.67272880325,43,66.13041073717739,142,None,High
2024-03-20,Midwest,Supply Chain Solutions,196,471790.97216882417,25685.482943017218,99,70.43884146819376,195,Minor,Low
2024-03-27,Southwest,Distribution Center Management,145,333255.06845588895,118375.63474404495,93,81.15911308289718,116,None,Low
2023-02-09,Southeast,Dedicated Contract Carriage,151,237036.90085138724,94583.82791053952,39,81.59226962829203,94,None,Normal
2023-10-01,Southeast,Fleet Maintenance,87,227142.79240643667,67766.40795468664,97,49.25513483234064,62,None,High
2023-06-13,Southwest,Fleet Maintenance,189,427565.1528863203,154817.49436323228,64,63.87407157195412,135,None,Normal
2024-09-19,Northeast,Freight Management,114,149303.87741736404,36742.546690251416,53,64.28878532545691,178,None,High
2024-12-18,West,Dedicated Contract Carriage,175,347693.9234356647,80038.29552890718,86,81.47336707968432,138,None,Normal
2024-03-06,Northeast,Transportation Management,199,359961.2036512734,158479.30305078387,49,63.02403870128769,198,None,Normal
2024-03-11,Midwest,Supply Chain Solutions,252,462289.08537049015,90954.84323005973,99,58.60982078591337,199,None,Normal
2023-01-08,Midwest,Fleet Maintenance,102,202169.47840923755,30844.69716779109,54,58.48162727888834,152,Moderate,Low
2023-02-22,Northwest,Freight Management,207,536265.5468928176,72759.01070324835,72,48.56856153092222,167,Severe,Normal
2023-05-21,Southwest,Distribution Center Management,76,168071.8837243171,30011.538152632947,78,35.897956326444934,53,None,Normal
2024-05-12,Northeast,Supply Chain Solutions,115,201176.42199057262,45642.89381452572,92,68.00026414974063,62,None,Normal
2024-03-16,Southeast,Supply Chain Solutions,161,347954.4344205275,63938.086873313994,24,87.9872802700685,173,None,High
2024-05-12,Southwest,Transportation Management,92,202925.9943281715,18265.028069413314,32,66.70115016181828,138,None,High
2023-08-28,West,Freight Management,201,436591.0077136948,70272.98098651668,66,74.02128021767554,62,None,Low
2024-07-10,Midwest,Transportation Management,150,135767.08071368453,86664.5957257152,28,59.15104954049979,126,None,Normal
2024-11-23,Northwest,Distribution Center Management,44,75101.97221425433,17979.1699026957,39,30.071016184208087,77,None,High
2024-08-07,Southeast,Fleet Maintenance,192,389640.15568461304,44939.90199710644,39,53.36334164688753,125,None,Normal
2023-12-06,Southwest,Distribution Center Management,110,115536.36992542104,46212.365619504744,40,29.640572443261448,139,None,Normal
2024-12-29,Southeast,Fleet Maintenance,72,190388.3953239282,53661.084260607124,96,45.95993731969788,87,None,High
2023-08-02,Southwest,Fleet Maintenance,154,380147.9976548322,61818.102042220526,79,51.21521709457302,55,Severe,Normal
2024-12-13,Southeast,Dedicated Contract Carriage,184,212019.11783595142,127899.2679122782,74,52.47463544896892,174,Minor,Normal
2023-11-17,Southwest,Dedicated Contract Carriage,146,290755.71110277844,30753.472913584646,86,61.51724831795998,177,None,Normal
2023-04-17,Southeast,Transportation Management,202,463057.8552044992,65997.82313975498,67,74.5402652853411,59,Moderate,Normal
2024-03-16,West,Transportation Management,114,213855.45728677616,15008.762107075592,57,42.76473349018816,173,Minor,Low
2023-03-23,Southeast,Fleet Maintenance,179,405033.86262459756,33045.28719775297,97,64.53829975303806,195,None,High
2024-11-25,Northeast,Freight Management,160,421385.9562516024,42904.58266864323,26,75.67148245587836,99,None,Normal
2023-11-28,Midwest,Dedicated Contract Carriage,127,176393.68994449842,64974.633612947946,91,65.28589876101914,56,Severe,Normal
2023-12-29,Southwest,Dedicated Contract Carriage,106,219710.65574803794,31694.135831254134,72,82.2110307525165,149,None,Normal
2024-07-01,Southeast,Freight Management,174,366972.1151886995,54654.86061983833,47,41.1344135770926,140,None,Low
2024-06-14,Northwest,Supply Chain Solutions,218,418713.89536923304,127047.8626585838,86,69.28803883951291,139,None,High
2024-02-10,Northwest,Fleet Maintenance,108,250142.14656245662,67900.02897754898,39,48.5140623630954,101,Severe,High
2024-04-03,Southwest,Freight Management,106,197074.5411844835,73770.11268383639,23,46.18865312652105,168,Moderate,Low
2024-09-06,Southwest,Freight Management,153,397496.38689533056,83841.06997449171,29,75.32259672914964,188,None,Normal
2024-04-26,Midwest,Dedicated Contract Carriage,134,240917.29863660867,70293.16436388777,30,64.50094393064158,92,None,Normal
2024-04-25,West,Freight Management,132,257243.15048251732,62143.82031642445,95,36.488305261505495,95,None,Normal
2023-03-15,Midwest,Freight Management,93,249388.97460326157,41629.22664421038,83,61.534176413310796,65,None,Normal
2023-04-24,Midwest,Distribution Center Management,244,657373.83412303,116256.98609395778,98,63.52460455037976,167,Minor,Normal
2023-12-06,Midwest,Supply Chain Solutions,196,252537.97613312546,181684.98817243456,66,83.6786089898958,106,None,Normal
2023-06-20,West,Freight Management,201,535089.886935318,122591.00157179726,49,59.61804953685198,86,None,High
2024-04-14,Northwest,Fleet Maintenance,130,220761.9442510829,62911.87560654621,46,68.866646660395,162,None,Normal
2024-10-12,Southeast,Fleet Maintenance,74,146990.13007669404,62344.392382404076,42,64.10175036683329,162,None,Low
2024-08-13,West,Fleet Maintenance,137,307783.5225989114,50032.40428088815,53,70.9344311961686,90,None,Normal
2023-04-29,Midwest,Supply Chain Solutions,115,194736.4937118367,41388.916525671506,31,72.11941460824119,140,None,Normal
2024-10-26,Northwest,Freight Management,57,127957.31011398358,15953.199125086205,32,71.02202851109402,166,None,Normal
2023-05-10,Northwest,Freight Management,250,599599.3870827756,102538.76965313907,25,21.243616099738198,81,Minor,Low
2023-07-03,Southeast,Distribution Center Management,221,403811.6520511101,106560.38951025349,68,60.55128814978353,74,None,Normal
2023-01-17,Midwest,Supply Chain Solutions,142,247186.37670130207,94239.84177382893,89,51.71738370495632,57,None,Low
2024-06-04,Northwest,Fleet Maintenance,179,381240.69528376893,37035.40399862574,42,74.20785496459727,52,Minor,Low
2023-11-29,West,Distribution Center Management,159,240564.67042207197,105178.40755548055,27,43.3688674384546,131,None,High
2024-08-26,Southwest,Distribution Center Management,82,180788.12819834132,80546.63709518386,61,67.96676230338045,144,None,Normal
2023-02-04,Midwest,Fleet Maintenance,105,243521.19579189553,38407.15950309735,50,80.30909140753477,182,None,Low
2023-06-20,Northwest,Dedicated Contract Carriage,277,537241.7091048055,123638.56011428332,80,53.135578466384246,194,None,Normal
2024-12-01,Northwest,Dedicated Contract Carriage,69,152075.82795929286,28654.910188690585,65,55.98828429329797,82,None,Low
2024-08-12,West,Dedicated Contract Carriage,107,222183.020857886,46777.27184566671,57,73.19843225678663,165,None,Normal
2024-12-27,Southwest,Freight Management,186,375612.6599280219,116030.6969844978,52,62.001347813206785,78,Minor,High
2023-01-05,Midwest,Distribution Center Management,119,234063.167292203,25688.09974996286,90,71.46442691313902,104,Moderate,Normal
2024-04-20,Southeast,Transportation Management,122,253243.33817330012,54807.560462928246,71,54.901971456772,193,None,Normal
2024-04-29,Northeast,Transportation Management,174,305601.8430102766,39681.67362007576,95,75.59386060062879,76,None,Normal
2023-12-01,West,Supply Chain Solutions,171,448787.773516243,51752.33481995705,67,48.063263170654565,134,None,Low
2023-02-26,Southeast,Transportation Management,99,255959.07320625355,30536.52527132211,70,30.14446703563306,132,Severe,High
2023-04-23,Southwest,Fleet Maintenance,88,203927.08177903137,17038.482498514077,44,71.4939815828186,79,Minor,High
2024-05-31,Northeast,Supply Chain Solutions,183,436522.2940578808,185751.0106064959,52,58.30232397719522,68,Moderate,Low
2023-11-30,Northwest,Dedicated Contract Carriage,164,440530.9989325715,52750.08000894915,67,64.46534428897624,51,Moderate,Low
2024-02-16,Northeast,Freight Management,183,312131.66171311494,87138.81256311582,26,46.40459601298607,143,None,High
2023-05-01,West,Freight Management,161,351536.62186572154,74336.149154103,46,42.37679272457211,118,Minor,Normal
2024-02-26,Midwest,Supply Chain Solutions,208,429428.8842647338,106759.3913684157,41,84.87135687247978,197,None,Normal
2024-11-18,West,Distribution Center Management,224,583444.6838753005,61956.87230074828,85,79.32735687568018,88,None,Normal
2024-03-26,Northwest,Supply Chain Solutions,190,552525.1914564192,82543.86548619544,20,77.71658004355758,123,None,Low
2023-09-18,Midwest,Supply Chain Solutions,191,346844.53756556753,46757.10369183213,81,55.50955386751385,122,None,Normal
2024-04-22,Midwest,Transportation Management,251,430176.69454984483,51213.80735467649,81,82.45006827388679,199,None,High
2023-09-22,Northeast,Freight Management,113,223506.72206865394,30471.5968269278,68,87.92595051903398,63,Minor,Normal
2024-11-08,Midwest,Dedicated Contract Carriage,113,238064.5728440156,113201.05060677779,20,75.70844820012566,115,None,Low
2023-04-13,Northeast,Dedicated Contract Carriage,210,549963.4135071095,111881.8300702553,66,62.08538684467847,51,None,Normal
2023-04-12,Northwest,Freight Management,262,576637.3383532297,152599.49718621353,50,61.855612765381494,187,None,Normal
2023-06-26,Southwest,Transportation Management,143,383448.8040867834,38390.85315111205,39,79.6764894740398,94,None,Low
2023-03-31,Southwest,Freight Management,291,772364.3955674578,94540.97449336531,99,82.88109847561329,174,Moderate,Low
2023-09-07,Midwest,Distribution Center Management,81,158785.77824983848,27167.44279713116,24,78.16373183288073,190,None,Normal
2024-12-05,Northwest,Dedicated Contract Carriage,135,249042.60206875444,36293.148676048426,44,85.80420663119605,141,None,Low
2024-07-22,Southwest,Transportation Management,78,210981.80981116698,16679.83769127943,80,69.09151371390122,141,None,High
2023-02-01,Southwest,Supply Chain Solutions,121,189440.36391453326,22517.98374392982,37,36.51803999702035,174,None,Normal
2023-03-19,Northeast,Dedicated Contract Carriage,181,206643.51899501428,58622.610660042774,87,38.983805383507274,61,Severe,Low
2023-07-04,Northeast,Fleet Maintenance,241,633154.52124064,211706.77430794536,21,88.29238374890645,174,None,Low
2024-01-29,Midwest,Transportation Management,216,622285.3553898017,87325.68143389061,25,46.976131742065185,83,Severe,Low
2023-05-03,Northeast,Distribution Center Management,283,539277.1662433542,161012.7890221126,82,63.40077034142868,61,Minor,Normal
2024-06-22,Northeast,Dedicated Contract Carriage,82,155815.166204762,77285.17955144319,30,78.38784709220347,68,None,High
2023-06-07,Southwest,Dedicated Contract Carriage,248,467828.5584352692,94545.25465818164,72,45.47396415152332,131,None,Normal
2023-01-10,Northeast,Distribution Center Management,151,328786.89033975423,84314.91251008854,88,39.437947259561334,143,None,Normal
2024-05-14,West,Dedicated Contract Carriage,217,434245.4911799204,109923.43348360123,56,62.94896872826449,83,None,Low
2024-10-19,Southeast,Distribution Center Management,46,63129.858420926066,32837.70607468017,50,77.32505448322543,164,Minor,Low
2024-06-16,Midwest,Dedicated Contract Carriage,77,160187.78710679806,21397.25995470843,89,58.05694572093751,187,Minor,High
2023-05-27,Northeast,Transportation Management,72,70278.24137623933,40914.514920323774,79,32.32000299217626,150,None,Normal
2024-05-07,Northwest,Supply Chain Solutions,303,876791.4755469662,77851.71745244338,54,39.05811469599855,113,None,Normal
2024-08-19,Southeast,Supply Chain Solutions,148,321234.88574226387,62058.503591282024,94,45.57953765651869,65,None,Normal
2024-06-07,West,Fleet Maintenance,153,265637.3692194859,97863.08497491716,98,55.89890926346012,149,None,High
2023-09-02,Northwest,Supply Chain Solutions,99,130392.03752826281,20251.997754502983,97,61.633072741913864,185,None,Normal
2024-10-01,Northwest,Distribution Center Management,70,198130.8096603508,9398.080912102097,76,51.57542313049325,115,None,Normal
2023-01-03,Southeast,Dedicated Contract Carriage,143,98054.743933266,61626.99352429329,32,54.62334843217742,126,None,High
2024-02-24,West,Fleet Maintenance,164,292683.4466659201,128734.45432589443,64,84.34900942207798,116,None,Normal
2024-11-13,West,Freight Management,165,426084.7216137587,74614.72281741748,22,71.04782950759488,168,Minor,High
2024-10-06,Southeast,Supply Chain Solutions,55,65218.722539619,28949.968021840632,32,78.94529158800282,192,Moderate,Low
2023-12-22,Southeast,Distribution Center Management,117,206077.59157941255,88024.44097775257,60,89.04716727285252,52,Moderate,Normal
2023-10-13,Northeast,Freight Management,92,159384.93336295738,31545.634266406927,51,56.13655683415985,199,None,Normal
2024-06-23,Northeast,Freight Management,92,268239.9680793189,57026.223364429985,55,61.32130479318302,147,None,Normal
2023-12-06,Southeast,Transportation Management,186,401512.891892211,64947.031890987404,38,76.67871594772062,58,None,High
2024-05-18,West,Fleet Maintenance,109,96518.68602040393,26666.024610012875,71,33.26746676401788,151,None,Low
2023-05-05,Midwest,Supply Chain Solutions,196,500316.9341716179,116631.74105738814,54,66.15691152506018,139,Minor,High
2023-10-07,Southwest,Distribution Center Management,68,160270.71894413623,16035.113230615378,35,86.87285370328152,143,None,Normal
2023-05-17,Northeast,Dedicated Contract Carriage,256,507530.90129655314,101879.22244464891,30,71.26149901307171,123,Moderate,Normal
2024-07-12,Northeast,Dedicated Contract Carriage,165,479941.2542664973,55141.324271151396,94,74.41666598027889,129,None,High
2023-04-21,West,Transportation Management,111,277861.9095323825,22894.072464367644,70,77.2114976425934,110,None,Normal
2023-03-14,Northwest,Supply Chain Solutions,329,553362.008105857,182807.05963382623,94,25.652024355339215,147,Minor,Normal
2024-10-27,West,Freight Management,44,57694.43627527145,9310.028583912997,64,79.6322913342857,85,None,Normal
2024-01-06,West,Dedicated Contract Carriage,72,177713.22134628042,31975.982141755125,75,78.3084734276502,142,Minor,High
2023-10-06,Northwest,Supply Chain Solutions,194,361667.1107403953,95856.75573679052,49,61.20535549936237,146,None,Low
2023-03-15,Northeast,Distribution Center Management,139,114400.47477877367,39469.68406411642,84,47.41280384820298,141,None,High
2024-12-07,West,Dedicated Contract Carriage,80,146129.07704932737,21070.450244437125,47,71.14971674837756,50,None,Normal
2023-11-23,West,Distribution Center Management,89,202572.88743696877,29150.670628149473,90,52.586696543579926,61,None,Low
2023-07-17,Southeast,Fleet Maintenance,202,313641.345674467,76645.18330924051,31,43.90030528328842,140,None,Normal
2023-08-16,West,Dedicated Contract Carriage,181,475637.0500404255,65691.06217507478,52,75.45197096527595,184,None,Normal
2023-06-18,Northeast,Dedicated Contract Carriage,89,216270.58428752166,25807.507166626878,64,37.12417128256698,130,Moderate,Normal
2023-09-02,Midwest,Supply Chain Solutions,79,237664.5186388202,43861.54676553865,22,62.605693466473596,188,None,High
2024-09-29,West,Dedicated Contract Carriage,49,94879.36075052134,17922.927376977143,41,74.44907175201814,102,None,High
2024-07-10,Southeast,Distribution Center Management,158,537517.2842371808,68967.59641332409,94,63.502414478584114,149,None,Normal
2023-12-08,West,Freight Management,94,228466.99459963656,29808.050959834887,95,63.80990986406899,77,Minor,Normal
2024-08-19,Midwest,Dedicated Contract Carriage,169,310966.3854354426,61678.78790965502,68,25.56340805329245,127,None,Normal
2023-09-22,Southeast,Freight Management,90,170852.16350969955,31717.16694588573,50,47.46475345467956,80,Severe,Low
2024-12-19,Northeast,Freight Management,156,311138.52923716465,85146.47014174215,62,46.45752040854207,139,None,Normal
2024-11-21,Northwest,Freight Management,115,183369.56082974313,35937.4361732487,73,58.14867063132071,104,None,Normal
2024-01-30,Northwest,Distribution Center Management,273,558404.5560272525,93610.16464846756,83,74.92417447882698,54,None,Normal
2023-10-07,Northwest,Freight Management,84,154346.9676632128,31942.858760714058,65,62.08633022401474,51,None,High
2024-06-22,Midwest,Dedicated Contract Carriage,114,211004.58499724037,65443.43820492877,64,62.61592393977686,199,None,Normal
2024-09-26,Northeast,Supply Chain Solutions,170,357269.43202321534,100705.8129357428,79,82.23711249451952,65,None,Normal
2023-09-30,West,Distribution Center Management,70,144891.4729959529,44926.035327057645,83,81.84622861531238,198,None,Normal
2023-09-13,Midwest,Transportation Management,164,355211.2813672872,170106.92272175627,42,69.07415502403909,189,None,Normal
2023-01-27,Northeast,Distribution Center Management,201,277433.65891905816,82769.15904000623,99,48.41231490012187,199,None,Normal
2024-07-09,Southwest,Transportation Management,182,413942.3735791637,29793.792942047297,71,59.31425718723381,76,None,Low
2023-05-15,West,Dedicated Contract Carriage,162,304331.7273311187,148126.2807937126,55,72.57627777047627,145,None,Low
2023-03-16,Northeast,Transportation Management,207,653187.7371599276,96781.92439043068,26,56.875764248669256,198,None,Normal
2024-05-31,Northwest,Dedicated Contract Carriage,251,530875.193932967,126728.91223451709,55,70.34635228283146,125,None,Normal
2023-07-31,Southeast,Freight Management,157,378923.59909108747,47737.23018759087,27,75.62636963077584,83,None,Normal
2024-06-14,Southwest,Transportation Management,158,302899.9362448217,62670.079212052886,76,38.44870993007216,94,None,High
2024-04-17,Midwest,Fleet Maintenance,241,382076.6406796205,88749.00124411254,92,73.6818259239096,142,Moderate,Normal
2024-06-18,Midwest,Fleet Maintenance,178,507693.103287223,41908.82535747473,27,55.374901745612156,146,None,Normal
2023-03-18,Northeast,Fleet Maintenance,88,102379.67795317459,27982.75030226963,50,49.49093768650658,155,None,Normal
2024-10-03,Northwest,Fleet Maintenance,200,466462.0783800882,98724.75298111449,51,74.58653952763079,186,None,Normal
2024-08-12,Southeast,Fleet Maintenance,169,322521.3664036555,49857.995569026396,98,72.29629670323149,167,None,Low
2024-10-13,Midwest,Distribution Center Management,86,185975.5511755906,18165.354376898715,98,60.15172051572677,137,None,Normal
2023-05-22,Southeast,Dedicated Contract Carriage,211,471706.304941064,96338.57033326081,40,63.80848738696848,150,None,Normal
2024-09-16,Northwest,Distribution Center Management,200,347941.2588548675,103731.46899826979,69,49.946336442845535,159,None,High
2024-10-28,Northwest,Dedicated Contract Carriage,131,172378.1045921785,40826.113676545436,83,84.84761711460662,55,None,Normal
2023-02-13,Southeast,Distribution Center Management,221,520042.60346518824,89494.00057527477,46,53.32488932190247,149,None,High
2023-03-21,Southwest,Transportation Management,240,528157.9319995708,127892.12000879488,58,37.23002472741014,98,Moderate,Normal
2024-03-29,Southwest,Fleet Maintenance,264,765622.8840087317,149680.61575942428,94,53.565535016668555,117,Minor,Normal
2024-03-19,Northeast,Supply Chain Solutions,241,716087.6068612487,131705.51392030466,33,80.6242110257796,150,None,Normal
2023-12-09,Northwest,Supply Chain Solutions,119,209729.9457676716,81814.60636817194,27,67.13669796605517,76,None,Normal
2024-02-18,West,Dedicated Contract Carriage,127,157649.74229197658,51595.62394846122,87,39.42496697431396,81,None,Normal
2024-10-11,Midwest,Supply Chain Solutions,105,181509.40043801258,55998.17118201753,61,65.8217141019446,160,None,Low
2024-05-15,Northwest,Transportation Management,286,497989.5406568892,79793.77285833498,47,58.570185212091985,72,Severe,Normal
2024-03-16,Northwest,Supply Chain Solutions,89,179655.04648070253,16538.756429662622,74,71.79959719471651,184,Moderate,High
2023-01-05,Northwest,Fleet Maintenance,252,669060.6194682448,28139.82501398538,39,49.63581456711549,176,Severe,Normal
2023-04-20,Southeast,Freight Management,225,528714.9874746581,76607.00696541702,22,82.46132535337816,121,None,Low
2023-11-27,Southeast,Fleet Maintenance,139,250008.89210277062,28966.893177843594,33,83.48766228922464,75,None,Normal
2024-01-29,Midwest,Supply Chain Solutions,85,154190.88218789935,67306.1156794504,83,72.19644607389672,98,None,Normal
2023-02-14,Northwest,Dedicated Contract Carriage,229,367962.5619081101,63156.89317345719,38,46.238623157038234,174,Minor,Normal
2023-01-14,Southwest,Supply Chain Solutions,38,97958.80458886977,19202.695351246362,86,53.86265592981854,89,None,High
2023-08-19,Southeast,Distribution Center Management,78,148965.7990622718,19789.08743597612,61,61.42467963688154,115,None,Normal
2023-02-21,Midwest,Distribution Center Management,175,428209.47178909316,86291.77444941169,43,72.27738227476695,151,Moderate,Normal
2024-08-10,Midwest,Dedicated Contract Carriage,96,232644.9708431129,22080.93924255547,50,77.76276464928215,99,None,Normal
2024-04-28,Northeast,Freight Management,119,292815.7235454766,44040.04083855976,78,33.55711337314026,180,None,Low
2023-06-16,Southeast,Supply Chain Solutions,153,395877.37354577176,39392.33039195599,87,67.43331973115046,96,Moderate,High
2024-12-16,Southeast,Dedicated Contract Carriage,169,278720.36043748644,55205.5320168765,82,67.49471306729903,191,None,Normal
2024-11-09,Northwest,Dedicated Contract Carriage,72,158881.35470253453,33772.725455580396,20,54.65734927967388,178,None,Normal
2023-01-02,Northwest,Fleet Maintenance,164,358338.3937091826,52215.9252372978,66,75.02305767690657,60,None,Low
2023-08-01,Southwest,Supply Chain Solutions,117,206676.69410361926,75856.4665187329,63,81.98406753017771,116,None,Normal
2024-08-25,Midwest,Distribution Center Management,65,112623.00106539878,44189.172798010775,40,71.82309494998368,110,Minor,Normal
2023-03-09,Northeast,Supply Chain Solutions,201,316130.3958970872,39819.51976897431,48,57.28381175398769,51,None,High
2024-01-24,Southwest,Distribution Center Management,41,75934.66911135547,8702.990250124227,46,77.7794970444726,177,None,Normal
2024-03-04,Northeast,Distribution Center Management,133,171471.2069629357,73501.64313421163,42,83.90009708875444,61,None,High
2023-10-26,Midwest,Transportation Management,97,202052.59189722038,94380.69401337298,62,87.96272156844489,58,None,Normal
2024-06-12,Southeast,Freight Management,146,267296.5637949869,45532.36976361637,33,80.05125399916805,73,None,Normal
2024-07-14,Midwest,Freight Management,100,188593.58192692613,20084.651188485954,32,76.94367734949373,92,Severe,Normal
2023-07-11,Midwest,Distribution Center Management,126,196733.27769882054,29024.335272698823,84,80.46387394112257,116,Minor,Normal
2023-12-12,Northwest,Supply Chain Solutions,206,535570.8487876031,125740.45627663589,46,52.73743724781438,111,Minor,Low
2024-05-05,Midwest,Freight Management,102,121168.52511820004,47427.61390276827,71,41.636580734802,57,None,High
2023-04-30,West,Supply Chain Solutions,40,108623.12180546991,16365.76568347148,38,77.13876075985736,145,None,High
2024-03-22,West,Transportation Management,150,214058.31155143643,55386.332597305955,49,85.27647180979761,146,None,Normal
2023-02-10,Southeast,Dedicated Contract Carriage,157,332239.26383849926,75308.04085592787,76,63.38742467343989,138,None,Normal
2023-10-02,Southeast,Fleet Maintenance,127,247498.34223070432,56823.684258714624,82,81.52255902687588,91,None,Normal
2023-03-19,Midwest,Freight Management,91,196493.79515390727,79009.39656610822,31,78.88823452438187,198,None,Normal
2023-12-20,Southeast,Transportation Management,68,72963.83138948574,54241.55144656574,82,80.86420602294882,79,None,High
2024-12-16,Northwest,Distribution Center Management,125,251955.84690119614,80332.85187402977,20,85.44920899348566,74,None,Low
2023-05-30,Midwest,Transportation Management,162,401661.4090321827,53363.01194249924,71,34.40111188895953,131,Minor,Normal
2024-08-20,Southeast,Freight Management,194,426560.9841751621,166871.14877818886,37,31.729264090628224,129,None,Low
2024-01-13,Midwest,Freight Management,107,224277.785749613,36438.013609929505,75,78.935738473981,128,None,High
2024-02-23,Northeast,Transportation Management,179,235759.1921575978,42559.32542324068,55,38.91270862075775,92,None,Low
2023-04-03,West,Freight Management,219,284506.5623111251,47839.76195949922,83,60.46657174784056,138,None,High
2024-06-23,Midwest,Fleet Maintenance,137,166846.38883840787,75199.38955970199,48,29.451791448092244,54,None,Normal
2024-12-18,Southwest,Supply Chain Solutions,47,77707.10365956,7343.607090498965,75,41.357763075141676,123,Moderate,Normal
2024-07-04,West,Fleet Maintenance,142,225124.45271449257,66435.26485099457,88,78.30159639296124,131,Moderate,Normal
2024-08-20,Midwest,Distribution Center Management,198,530120.0934204034,56966.75347676616,62,60.453635401830766,136,Minor,High
2023-12-27,West,Fleet Maintenance,184,288541.4030191688,61336.585846849375,65,55.780440861706595,178,None,High
2023-04-04,West,Supply Chain Solutions,266,457200.8048951278,69880.11007558751,78,51.27672426111126,108,None,Normal
2024-04-11,Southwest,Dedicated Contract Carriage,142,304048.19195313554,38774.52169079069,23,94.65076607091923,189,Minor,Low
2024-02-06,Northeast,Supply Chain Solutions,266,396469.7929483316,89246.3732006652,20,66.43738763044946,72,Minor,Normal
2024-07-02,Southwest,Transportation Management,175,403657.4706423309,65183.67061649614,89,64.01720453907626,181,None,Normal
2023-06-20,West,Dedicated Contract Carriage,97,167279.78296902528,52225.90019175711,70,77.13901693943876,194,None,Normal
2023-12-09,Southeast,Dedicated Contract Carriage,87,188102.04325788567,16324.283819777502,36,46.697250756329645,132,Minor,Normal
2023-06-28,Northwest,Fleet Maintenance,219,440410.87243008177,104215.83624744491,60,39.77947756369925,145,None,Normal
2023-12-29,Southwest,Transportation Management,160,388255.9321134364,94596.17526979478,24,76.55548801258593,71,None,Low
2023-08-08,Northeast,Dedicated Contract Carriage,140,266712.4159074651,103231.22141266773,54,61.03199877001503,199,None,High
2023-12-31,Southeast,Transportation Management,61,144080.66975050757,17264.330457189273,98,60.078121646200955,145,Moderate,Normal
2023-06-06,West,Freight Management,193,511417.4618592298,49258.01081317551,38,58.096644426062774,78,Minor,Low
2024-05-28,West,Freight Management,117,341104.7879017614,47104.80444223587,98,76.63034873338421,117,Minor,Normal
2024-12-17,Southeast,Supply Chain Solutions,185,372081.38456697104,77086.89521738053,74,41.11606403695143,170,None,Low
2023-12-19,Southeast,Freight Management,181,346966.71802120755,81659.70665664111,61,56.265834397340974,167,None,Low
2024-09-12,Southeast,Freight Management,137,389678.7275891803,57345.405656563824,40,65.65195333437659,59,Minor,Normal
2024-05-16,Southwest,Distribution Center Management,145,288279.5646767768,77616.37567654483,22,67.37589138192303,158,Moderate,Normal
2024-01-30,Southeast,Dedicated Contract Carriage,192,408880.03541355557,99918.37358051777,98,82.2896016409423,121,Moderate,Normal
2023-03-01,West,Distribution Center Management,217,626715.1586264006,45002.20717760624,92,81.53841853148742,85,Minor,Normal
2024-09-25,West,Freight Management,164,306365.72028788074,116554.61573875455,20,59.67838263594947,150,Minor,Normal
2023-09-03,Northwest,Supply Chain Solutions,57,127553.80453052699,13809.500901910658,24,53.31406197328522,80,None,Normal
2024-01-27,Southwest,Distribution Center Management,115,202361.53209114977,65354.94454647414,66,37.25911952646172,99,Severe,Low
2023-02-27,Midwest,Supply Chain Solutions,161,382096.2730633352,100272.31712925641,43,20.60907511242906,55,Moderate,High
2023-07-30,Southwest,Distribution Center Management,85,155598.76872508525,53632.56782664731,96,25.58713587575315,125,Moderate,Normal
2023-08-07,Southeast,Fleet Maintenance,93,135843.6586373991,27649.964294732417,33,52.244113935178916,99,Minor,Normal
2024-01-22,Southeast,Transportation Management,264,404499.2933014444,80783.24228621033,99,34.852904029664025,79,None,Normal
2023-01-11,West,Dedicated Contract Carriage,225,290115.12030243635,81807.01362726922,33,63.59543072157236,99,None,Normal
2023-05-31,Midwest,Supply Chain Solutions,231,270456.0190706855,76681.44578354756,77,33.02671325488547,167,Minor,Normal
2023-04-06,Southwest,Dedicated Contract Carriage,132,385527.6423179924,45272.75104940479,31,83.52576320105828,54,None,Normal
2023-03-09,West,Distribution Center Management,205,216018.2018503218,149652.5638755935,75,74.1704608780016,189,Moderate,Low
2024-09-13,Southeast,Distribution Center Management,80,126911.9355618587,42471.42747878472,92,71.40745044745725,69,None,High
2024-05-01,Northeast,Fleet Maintenance,320,665292.9502717478,146620.0239891862,39,51.22246841244413,197,Severe,High
2023-04-28,Northeast,Transportation Management,277,667061.8791199533,151761.9587632207,98,74.14867248813015,73,None,Normal
2023-11-18,West,Dedicated Contract Carriage,48,114127.26469382434,8294.49389884435,90,78.31407660154035,69,None,Normal
2023-04-03,Northwest,Transportation Management,227,497851.6830286006,137123.99983216095,48,67.07904613157979,111,None,Normal
2024-12-20,Southeast,Fleet Maintenance,136,320805.6337135494,93626.50262535954,32,76.0471047486426,123,None,Low
2023-03-06,Northwest,Distribution Center Management,217,605965.2649696362,187130.2124908704,30,68.48227746808472,188,None,Normal
2023-05-25,Northwest,Supply Chain Solutions,236,192964.50170803434,92214.10055956995,63,65.7679511475864,100,None,Low
2023-04-05,Southwest,Distribution Center Management,276,645719.7285230546,94947.72233426454,32,75.57527266283674,117,None,Normal
2024-09-10,Southwest,Dedicated Contract Carriage,153,322344.94503876014,47149.408698844105,62,74.45558412850573,64,None,Normal
2024-03-09,Midwest,Supply Chain Solutions,170,274307.09658005746,50190.42020928576,65,76.96677124766715,92,None,Normal
2023-10-15,Northwest,Supply Chain Solutions,77,169794.37114378062,31402.68790938089,55,69.70375800620577,198,Minor,Normal
2024-08-26,Northeast,Freight Management,139,154539.95458334815,80944.31796900701,61,42.710740029843755,185,Minor,High
2023-01-24,Midwest,Dedicated Contract Carriage,166,299085.23682299006,57576.07072952611,83,56.027960304095394,115,Minor,Low
2023-06-18,West,Distribution Center Management,93,221291.32047503188,48672.51202192294,43,80.06739572898621,103,Minor,Normal
2023-06-02,West,Dedicated Contract Carriage,130,220922.56970618357,41306.65493917556,92,77.44574845494199,190,None,Normal
2023-05-05,Northwest,Distribution Center Management,232,565495.0232140176,34496.342967813674,70,60.84421553189367,96,None,Normal
2023-07-22,West,Freight Management,105,271414.500491866,41329.4600761612,74,90.10494725321848,80,None,High
2024-06-06,Midwest,Fleet Maintenance,283,566947.7778970432,40477.60304257836,21,56.4314399196465,163,None,Normal
2024-06-29,Northwest,Supply Chain Solutions,104,247309.41289388976,69503.34817026796,21,56.937529901769466,132,None,Normal
2024-03-29,Southeast,Freight Management,194,304626.81702057604,50369.0388781349,48,71.18368823908963,124,Minor,Normal
2024-06-28,Southeast,Supply Chain Solutions,229,325657.3794886602,72460.52784162668,23,52.700906940044035,132,None,High
2023-08-16,West,Dedicated Contract Carriage,138,249792.70195681145,57361.25084559523,56,74.1947703354985,115,None,High
2024-03-02,Northeast,Transportation Management,115,267635.72785246256,134167.28499134877,68,59.066009120880956,69,None,Normal
2023-08-29,Northeast,Transportation Management,150,448598.03691289865,41678.108042712665,80,57.184587146519405,51,None,Low
2023-04-09,Northeast,Transportation Management,149,235563.36337457775,33458.74237294305,41,51.54500561310588,103,None,Normal
2024-03-23,West,Distribution Center Management,121,242746.07185596076,62569.461235278846,62,73.0769507376385,95,None,Low
2024-12-21,Southeast,Supply Chain Solutions,132,213170.99140395102,84623.82903423812,73,65.39263390925397,155,None,High
2023-12-08,Northwest,Fleet Maintenance,195,344320.5386351373,82859.21214083419,67,89.118932634949,155,None,High
2023-08-05,Southwest,Distribution Center Management,123,120838.39562396512,20627.3175610906,49,46.35932322233326,56,None,High
2023-02-23,Southwest,Dedicated Contract Carriage,271,608979.0085402833,147208.7700270718,22,71.66308167981049,96,None,High
2023-03-28,West,Distribution Center Management,202,479179.5518023149,303126.25542274135,87,63.73494078823274,166,None,High
2024-10-07,Northeast,Fleet Maintenance,78,111509.38352947393,64029.82178390602,43,44.81605618488276,137,None,Normal
2024-12-04,Southeast,Freight Management,147,336875.06945637724,85555.35772173945,46,66.52631408501105,75,None,High
2024-03-20,Southwest,Transportation Management,279,551230.0819146474,239121.59783595757,52,65.29612516347937,58,None,Normal
2024-01-23,Midwest,Transportation Management,165,317656.773452248,49479.022955281755,60,73.24690119123821,124,None,Normal
2023-10-27,Northwest,Fleet Maintenance,79,121404.16100162374,19985.14071217075,33,72.81702919786753,132,Minor,Low
2023-05-23,Northwest,Fleet Maintenance,197,486107.32978391706,76935.7125249585,37,57.77778448684725,101,None,Normal
2024-04-01,Northeast,Dedicated Contract Carriage,218,354591.3928086303,131434.67814940374,34,59.57890944884268,86,None,Normal
2023-09-03,Northeast,Fleet Maintenance,66,153455.18036799648,49618.25660609026,20,52.71457784713923,84,None,Low
2023-09-03,Southeast,Distribution Center Management,50,147460.7880220934,24931.813890377354,21,50.943798410551736,92,None,Normal
2023-02-02,Midwest,Transportation Management,219,509458.4814499309,45330.44408578457,39,52.29557375953421,146,Severe,Normal
2023-03-12,Southwest,Dedicated Contract Carriage,113,180004.9785841429,37349.88839365936,55,33.619148568941284,166,None,High
2023-07-04,Northwest,Supply Chain Solutions,155,103016.81117538663,51208.84244747243,30,36.586787151560046,175,None,Normal
2023-12-18,Southeast,Transportation Management,226,545947.1252228561,125655.72988100388,84,75.19247031981632,143,Minor,Normal
2024-09-29,Southwest,Dedicated Contract Carriage,63,143219.12404629964,19798.34084647972,72,45.161431957742614,77,None,Normal
2023-11-30,West,Dedicated Contract Carriage,145,196307.20355297875,72443.69379365268,20,45.29676178811757,112,Minor,Low
2023-02-12,Northwest,Supply Chain Solutions,109,88644.56650610385,37901.697754240755,95,58.699369588103444,73,None,Low
2023-06-01,West,Transportation Management,185,497885.7818632437,103417.93642099384,56,37.39006991358177,60,None,Normal
2023-12-26,West,Fleet Maintenance,197,414614.2702368114,61493.88424529832,55,80.30040849281251,184,Moderate,Low
2024-11-07,Midwest,Dedicated Contract Carriage,186,284943.1955042153,59503.324012514284,45,71.25602724793325,159,Minor,Normal
2024-08-18,Southwest,Distribution Center Management,94,110357.55817968669,27841.743814464848,40,64.05172518557963,55,Moderate,High
2023-02-24,Midwest,Distribution Center Management,181,366535.7869409041,70635.34520454185,79,76.93059044696774,114,Minor,Low
2023-07-03,Midwest,Distribution Center Management,163,405283.94178387074,87481.08658426997,95,50.66340061052216,108,Minor,Normal
2023-09-04,Northwest,Dedicated Contract Carriage,102,274221.77401424065,18801.60791791113,20,49.98284149096628,162,Severe,Low
2024-11-27,West,Supply Chain Solutions,106,136068.42415652814,20277.431832965078,69,55.06432121598211,132,None,High
2024-09-22,Northeast,Dedicated Contract Carriage,46,97662.12328188762,45195.57900800808,81,66.14262418594537,163,Severe,High
2024-05-08,Midwest,Freight Management,220,459428.5152291179,102897.34329311953,68,60.89020140901889,162,Moderate,Normal
2024-03-27,West,Freight Management,196,498404.252007881,142813.6124612541,92,71.00151800108107,155,None,High
2023-11-16,Northeast,Distribution Center Management,104,210090.2054306061,32016.189452984792,63,70.64378580704192,76,None,Normal
2023-06-26,Midwest,Supply Chain Solutions,225,611941.1309499439,98595.91196781634,51,52.77282693056087,87,Minor,Normal
2023-02-21,Northeast,Freight Management,271,551367.8932816932,79499.1418241398,70,54.39876017529023,64,Severe,Normal
2024-01-21,Southeast,Dedicated Contract Carriage,56,102107.71678404372,11974.997618497026,26,37.779172839439084,67,None,Normal
2023-10-31,Midwest,Supply Chain Solutions,110,153086.2162338471,34595.6292014599,58,49.46427158789821,52,None,Normal
2024-04-03,Northeast,Supply Chain Solutions,202,578799.9271840664,27314.122631812654,89,52.834395075165,120,None,High
2024-12-05,Southeast,Fleet Maintenance,281,357044.0333970107,150344.1976837307,73,56.366371135736884,188,Minor,High
2023-06-22,Southwest,Distribution Center Management,159,339193.3017376899,87731.5070720976,81,59.37787327612908,114,None,Normal
2024-05-29,West,Distribution Center Management,221,466667.6041356026,75920.43447217494,60,27.351430462035726,158,None,Normal
2023-04-03,Northwest,Transportation Management,143,253924.92755880262,47602.245452636205,20,25.939623814159223,53,None,Low
2024-03-14,Southwest,Supply Chain Solutions,86,137062.85252616284,33089.82379018387,87,53.154822086459006,108,Minor,Normal
2023-08-22,Northeast,Supply Chain Solutions,106,247774.66452581258,20528.11778177086,61,83.88094979603949,59,Minor,High
2023-01-24,Northeast,Distribution Center Management,210,432619.91095318383,92737.21841979978,89,57.30971819722064,164,None,Normal
2023-09-17,Northeast,Transportation Management,77,205061.5893968876,18038.70209555935,31,91.83143478941605,131,None,Normal
2023-08-07,Northeast,Distribution Center Management,132,284292.0895360502,88798.7881408482,26,67.03028562363545,70,Moderate,Normal
2024-04-30,Southeast,Supply Chain Solutions,283,675582.0955273195,97063.35128000552,87,60.217160952490275,123,None,Low
2024-05-24,Southeast,Fleet Maintenance,149,370274.505241687,26953.65348183831,79,49.027099413086574,163,None,Normal
2024-10-10,West,Dedicated Contract Carriage,124,251646.49987366283,29076.297576764675,92,36.049034352618506,50,Moderate,Low
2024-05-06,West,Distribution Center Management,148,252654.22735522472,52012.07062961876,35,39.71257790747235,84,None,Normal
2023-10-08,Northwest,Distribution Center Management,64,118334.60057728589,16620.3545507233,86,64.05967781123374,53,Minor,Normal
2023-04-04,Midwest,Supply Chain Solutions,284,647218.7994885723,82647.85626050067,30,87.57800214149201,58,None,Normal
2024-10-12,Northwest,Freight Management,36,61781.93718897358,23513.457022666866,41,32.36831756471937,96,None,Normal
2023-01-20,Midwest,Transportation Management,233,470288.6206800134,129737.95875397018,78,41.00819476408383,56,None,Low
2024-02-20,Southwest,Supply Chain Solutions,237,501183.2474394189,76365.02373347482,21,80.0739422943905,186,Moderate,Normal
2024-02-07,Northwest,Supply Chain Solutions,175,332389.48776221,68333.88581116026,26,69.96103181674623,76,None,Low
2023-12-07,Midwest,Fleet Maintenance,113,158943.4979442406,71416.7093904706,69,67.34391523236715,113,Minor,Normal
2024-10-09,Midwest,Transportation Management,150,279800.9336889802,37857.5288399365,87,45.595956146915974,50,None,High
2023-08-30,Southwest,Fleet Maintenance,148,277480.793362383,131938.78365481982,93,45.182919588829684,174,None,Normal
2023-04-09,Midwest,Distribution Center Management,172,389677.41006407246,119868.71314700572,84,52.904499653299254,148,None,Normal
2023-03-05,Northeast,Freight Management,116,287791.414702305,11421.515625865955,64,66.11128634538842,119,None,Normal
2023-05-10,West,Freight Management,168,419800.52480926504,80887.48724620088,29,65.57817098992086,93,None,Normal
2024-07-29,Northwest,Transportation Management,117,293129.8619663894,75077.94818834224,89,55.24063209729654,169,None,Normal
2023-07-14,Northeast,Fleet Maintenance,178,317368.4121003558,26941.026904024668,60,78.86830611910007,62,Minor,Low
2024-10-01,Northeast,Freight Management,64,77540.53313790642,26271.048509571898,52,79.69741183293206,100,None,Normal
2024-08-06,Southeast,Supply Chain Solutions,102,203558.95526897724,20409.264273367324,33,56.09340623029561,73,None,Low
2024-01-02,Southwest,Fleet Maintenance,59,85149.35254329702,13692.1870671244,48,66.90591670201886,116,None,Low
2023-06-13,Midwest,Distribution Center Management,271,662620.1864102733,275437.7663360481,84,38.48707509198145,50,Moderate,Low
2023-11-15,Northeast,Dedicated Contract Carriage,151,450872.0227571473,60434.51657788202,78,53.885106425237296,81,None,Normal
2024-05-03,Southeast,Fleet Maintenance,218,512451.6833992687,150787.60066605423,86,63.97587610418508,85,None,Low
2023-08-28,West,Freight Management,137,226778.11243926547,25636.051384350907,44,73.6901265465317,84,None,Normal
2024-05-17,Midwest,Dedicated Contract Carriage,213,340952.9885550266,47406.87297080681,34,83.58886819129913,117,None,High
2023-03-07,Northwest,Distribution Center Management,248,457985.0465605365,148563.46204686986,71,75.47440389332968,103,None,Normal
2023-09-24,Southeast,Distribution Center Management,78,220175.8782240393,94880.27929627923,51,63.50427579530611,83,Minor,Low
2023-11-17,Southwest,Dedicated Contract Carriage,159,433539.7659421363,101214.90718725792,70,40.982078939788714,119,None,Normal
2024-06-22,West,Dedicated Contract Carriage,98,162130.16460231363,9161.03869735833,68,70.13576117913254,74,Moderate,Normal
2023-11-06,Southwest,Distribution Center Management,202,313417.6019422493,111798.21311967916,44,68.86810835642729,148,None,Normal
2023-01-04,Midwest,Supply Chain Solutions,243,325745.18424892565,81837.54153478044,55,44.359368049624756,188,None,Normal
2024-01-16,Southeast,Transportation Management,210,441471.42364330887,54228.23811470988,68,58.23319518011323,179,Moderate,High
2024-05-16,West,Supply Chain Solutions,245,567037.6243836381,134209.80446341512,96,83.11576114353349,179,None,High
2023-03-02,Northwest,Fleet Maintenance,309,921906.7582839704,56828.185142312104,27,42.28616632614775,196,Severe,Normal
2024-01-06,Northwest,Distribution Center Management,73,119836.29107175554,32221.998850886313,28,40.58707801555499,137,None,High
2024-08-05,West,Dedicated Contract Carriage,114,256381.9902987545,21222.372476662455,39,85.20267401127664,59,None,Normal
2023-01-08,Southeast,Dedicated Contract Carriage,69,202543.55968556134,38098.33456868221,41,87.93477675724814,195,Moderate,Normal
2024-09-18,Southwest,Fleet Maintenance,94,214397.6289466027,78738.93283119657,71,56.602673436893426,104,Minor,Low
2024-01-22,West,Supply Chain Solutions,196,455356.2866107891,59823.622758102174,46,42.679522437305664,142,None,Normal
2024-12-01,Southeast,Fleet Maintenance,71,128150.8264336737,61736.39203277036,32,60.88113733463639,141,None,Normal
2024-02-24,Southwest,Transportation Management,139,315088.80340740806,31859.096669935094,52,58.34069337584403,169,None,Normal
2024-01-08,Midwest,Transportation Management,222,461992.73765346635,102329.80608026037,87,60.27063921177918,185,Minor,Low
2024-04-26,Southeast,Distribution Center Management,234,687160.5238901617,77928.56318225896,23,75.82666604331928,165,Moderate,Normal
2023-12-12,Southeast,Freight Management,186,326548.2732835287,83063.36066960063,99,77.27323263267525,194,None,Normal
2024-09-24,Midwest,Transportation Management,64,134440.77408436974,15798.510627089503,64,73.205183768297,63,None,High
2023-07-26,Southeast,Freight Management,208,386495.2979270709,82788.01125840264,78,68.24245752428327,119,None,Low
2024-08-09,Southwest,Distribution Center Management,100,146959.47834161134,40773.15083564889,53,64.33215174801823,56,None,High
2024-04-22,West,Transportation Management,187,472888.5268621922,49270.67637906547,35,81.2437207581536,162,None,Low
2023-02-06,Southwest,Freight Management,232,445523.7489794966,68484.92249651378,80,76.3167874706195,109,None,Normal
2024-08-01,Northwest,Supply Chain Solutions,115,204347.22221999094,55161.97426225522,41,57.24365163106443,169,None,Normal
2023-02-03,West,Supply Chain Solutions,259,335146.6488721595,181770.4771474437,31,76.09817257159196,171,None,Low
2024-03-21,Northeast,Supply Chain Solutions,173,507717.8460742131,59641.41923024523,78,88.99994343895774,135,None,Low
2023-06-21,West,Freight Management,150,272892.37159622274,203384.19122717512,66,62.01644869136278,171,None,Normal
2023-04-16,Southwest,Fleet Maintenance,135,131646.43382629615,33072.11513072491,58,47.06257583350889,126,Severe,High
2024-12-16,Northwest,Dedicated Contract Carriage,142,231559.937223409,47020.002086565226,89,77.91714116046339,120,Moderate,Low
2024-11-20,West,Supply Chain Solutions,132,254133.78111039757,69164.2172857115,90,52.19782456557134,151,Moderate,High
2024-10-27,Southeast,Distribution Center Management,57,102852.05404489356,8024.633810079068,44,45.20266449259576,130,None,Normal
2023-03-26,Southwest,Fleet Maintenance,120,285722.1747037743,23698.507240169507,48,61.27795188788252,128,None,Normal
2023-03-28,Midwest,Supply Chain Solutions,126,179503.7571944913,63222.462783517694,67,41.53137674695946,80,None,Normal
2024-04-06,Southwest,Supply Chain Solutions,132,315022.9957432659,104207.29492254913,94,88.16473870441914,184,None,Normal
2024-06-30,Northeast,Freight Management,111,250277.43234997438,125402.71610517066,24,44.73152824249365,178,Minor,Normal
2024-06-06,Southwest,Fleet Maintenance,226,364319.1642457669,142743.41618428394,92,59.39329713197542,150,None,Normal
2024-06-12,Northeast,Supply Chain Solutions,230,378511.0270732836,103182.62252159175,66,64.55413559472404,65,Severe,Normal
2023-06-11,Northeast,Fleet Maintenance,133,361086.65266211564,52761.64244661727,30,55.70511005402895,85,Minor,High
2024-01-05,Northwest,Freight Management,238,447227.5201873342,173984.5697510683,50,61.42304127897459,186,None,Normal
2024-08-11,Southeast,Distribution Center Management,70,113457.31362063903,15975.969635271642,51,78.59917753410159,198,None,Normal
2024-10-11,Southwest,Dedicated Contract Carriage,139,239882.26236112867,58998.03117376376,43,75.2398840552867,105,None,High
2023-02-23,Southwest,Fleet Maintenance,226,548962.8961344468,114530.57077225544,41,97.59510356100589,190,Severe,Normal
2024-02-14,West,Fleet Maintenance,138,228668.0818915922,41130.13843408144,82,56.451394782241415,108,Moderate,High
2024-04-29,Northeast,Freight Management,191,497020.4276277768,85730.17017610554,64,88.72792251719048,159,None,Low
2024-12-23,West,Fleet Maintenance,101,203066.61656006577,88659.68697705543,87,58.86574878004479,121,None,High
2024-05-04,Midwest,Dedicated Contract Carriage,123,190055.92829253856,116866.40582040776,88,74.31779674981104,153,Moderate,High
2023-11-11,Midwest,Freight Management,105,136076.0062890737,43094.07284562001,52,80.68629685011804,52,None,Normal
2024-04-10,Northeast,Transportation Management,262,624530.167611864,78857.39237442926,81,43.18764017814372,85,None,Normal
2024-07-15,Northwest,Fleet Maintenance,98,151468.78704401368,43807.05166201394,86,19.01065794486404,187,None,Low
2024-01-08,Southwest,Fleet Maintenance,138,311742.2335612435,18331.889249958014,50,38.33967118493178,110,None,Normal
2023-01-06,Northeast,Transportation Management,150,404671.8064980383,35711.73625116586,65,45.794882604504046,78,None,Normal
2023-11-13,Northeast,Transportation Management,158,396448.3016620967,38902.97668241192,97,60.980817452498215,135,None,Low
2024-09-15,Southeast,Fleet Maintenance,68,99330.52529260691,32807.83091721532,97,60.67446185433772,91,Minor,Normal
2024-12-09,Southeast,Dedicated Contract Carriage,243,429240.60122408136,171711.47646096328,22,66.79724131629014,137,None,Normal
2023-02-22,Midwest,Transportation Management,209,303016.6212624857,227381.84300732607,82,48.817328558393385,145,None,Normal
2024-04-05,Northwest,Freight Management,267,599181.7494562874,129408.08019825749,97,37.48014676087779,162,None,High
2024-05-20,Midwest,Transportation Management,235,388424.5362234715,86825.58773429287,53,65.76813002187713,52,None,Normal
2023-09-18,Northwest,Supply Chain Solutions,158,249764.39859871968,69687.68590401148,78,52.36222092216447,91,Minor,Normal
2023-10-21,Northwest,Distribution Center Management,74,162011.60438742244,23189.89897980883,67,69.61580796236348,157,Severe,High
2023-02-22,Southeast,Supply Chain Solutions,123,183867.56826072666,21061.59974885697,70,64.05354679442958,173,None,Low
2024-08-13,Southwest,Distribution Center Management,167,381882.68931782263,40976.628313286994,63,60.364317762416256,57,None,Low
2023-05-20,West,Transportation Management,99,192562.5540025147,19055.096581034897,76,16.011017204115007,109,None,Normal
2023-01-06,Northwest,Supply Chain Solutions,235,688098.1796155036,122070.99964032885,24,83.62268235477141,90,None,Normal
2023-08-07,West,Dedicated Contract Carriage,169,418188.3533875159,109943.98430523778,26,59.90695090489373,135,None,High
2023-10-25,Midwest,Distribution Center Management,150,268969.8221901663,59702.38969502239,78,64.9433120731594,56,Minor,Normal
2023-07-08,Midwest,Transportation Management,115,185705.79006836636,29584.137473813247,59,77.47411523905487,147,None,Normal
2023-02-26,Southwest,Freight Management,141,332635.0803734092,50242.44086904991,84,59.38506462389225,99,Moderate,Normal
2024-04-19,Northwest,Distribution Center Management,249,565555.3958544425,160542.66340004906,89,67.8323048967432,111,None,High
2023-12-22,Northeast,Dedicated Contract Carriage,104,279673.28229606245,26220.415103429325,89,70.8959985887292,165,Moderate,Normal
2024-10-06,Northwest,Fleet Maintenance,76,122061.18824079515,25483.53102535139,40,76.04766602179636,128,Minor,Normal
2023-10-13,Southeast,Distribution Center Management,132,394167.1510649685,29969.47315896114,71,44.112130654178095,85,None,Normal
2023-05-05,Southwest,Freight Management,193,426678.23112575954,87542.02342670385,86,85.48961462336354,117,None,Normal
2023-12-16,Southeast,Distribution Center Management,66,124674.02491304665,8199.638183544921,65,50.937043925797354,158,None,Normal
2023-10-03,Northeast,Supply Chain Solutions,108,128431.03692991199,39109.16006674064,27,55.87909179444554,166,None,Normal
2024-10-13,Midwest,Supply Chain Solutions,100,272175.9690750161,63082.01949084677,74,68.86433655780161,170,None,High
2023-07-28,Midwest,Supply Chain Solutions,153,281722.0852992688,80785.47642298431,55,70.66695945694195,173,None,Normal
2024-10-02,Southwest,Dedicated Contract Carriage,151,312410.41840566625,107058.62387929748,81,73.5290785132469,114,Moderate,High
2023-08-31,Southeast,Supply Chain Solutions,206,357739.20882243523,95626.00671390665,81,38.884128591751214,157,Severe,Low
2024-04-04,West,Freight Management,293,717134.483803231,66752.49492457412,37,50.85630176869233,190,None,Normal
2023-12-24,Southwest,Transportation Management,88,223799.14459971563,57183.60911159261,59,60.10204871248832,91,Moderate,Low
2024-11-09,Northeast,Distribution Center Management,65,136372.86398945653,25431.61817078246,46,59.094319202980905,82,Severe,Normal
2024-11-15,Northwest,Transportation Management,113,244066.233762616,63131.48750232695,42,76.00055295977609,105,None,High
2023-03-18,Midwest,Dedicated Contract Carriage,131,312906.93225409405,37335.60876364921,95,49.65004411157324,136,None,Normal
2023-12-01,Midwest,Supply Chain Solutions,118,212311.93168234723,92121.24367406471,35,19.216344456877486,94,None,High
2024-11-02,Midwest,Fleet Maintenance,91,187927.36496007856,22050.342057110323,44,64.15496654395555,111,None,Normal
2023-01-29,Northwest,Dedicated Contract Carriage,72,187169.55536696693,145160.55571193612,99,37.78246057294781,145,None,Normal
2023-06-24,Northwest,Dedicated Contract Carriage,125,375143.2194167904,51448.435718464694,78,77.30235155375354,94,None,Normal
2024-10-20,Southwest,Transportation Management,58,99959.02349635209,28790.416018231423,48,58.24115868036295,98,None,High
2024-08-25,Northwest,Fleet Maintenance,67,96967.95366699621,73950.35124468339,38,29.45910960828761,192,None,Low
2024-01-04,Northeast,Fleet Maintenance,131,203035.2026675395,39441.52041971528,81,83.9833401541179,147,Moderate,Normal
2024-04-09,Southeast,Supply Chain Solutions,261,388262.0496565176,43522.05537441412,90,67.48690040497873,135,Minor,Normal
2024-05-10,Midwest,Freight Management,189,318479.40339907154,91197.03258782504,34,72.76644442176683,55,None,Normal
2024-07-09,Southeast,Supply Chain Solutions,149,208997.5267109406,48063.98647525787,74,79.554737116313,194,None,Low
2023-08-17,Southeast,Supply Chain Solutions,91,251066.2073300276,39650.36696422837,34,39.44031543946502,130,Minor,High
2023-10-30,Midwest,Dedicated Contract Carriage,103,182463.26760049755,17682.0974661616,48,79.58692799610672,113,None,Normal
2024-05-18,Northeast,Freight Management,97,190417.7446259672,41230.36701532403,77,75.02237700093485,89,Minor,Normal
2024-02-05,Midwest,Distribution Center Management,254,583053.5339013516,188251.892148441,47,75.69589037299319,108,None,Low
2023-02-15,Midwest,Transportation Management,209,438476.27731019136,59370.067545536695,22,60.334388225086,151,None,High
2023-05-19,Southwest,Distribution Center Management,183,470934.7723291207,80755.187032089,59,55.606775342392666,89,Moderate,Normal
2023-10-22,Northwest,Fleet Maintenance,70,146228.0708473021,23334.30603438992,35,64.53500238138126,54,None,High
2024-11-19,Southeast,Freight Management,183,423809.5896212489,118082.96474915282,61,79.15146282951484,107,None,Normal
2023-02-21,Northeast,Transportation Management,187,474215.1784374831,78156.9937072993,28,58.44334507597756,124,None,High
2024-09-09,Northwest,Supply Chain Solutions,145,403073.2243884043,125012.43440302613,49,33.66679173647346,187,None,Normal
2023-05-03,Northeast,Dedicated Contract Carriage,138,222706.47343058663,59708.06047786988,36,81.20839186187244,112,None,Normal
2023-05-04,West,Freight Management,219,322218.68030640314,67350.4826426299,29,35.78105999912818,188,None,Normal
2024-07-09,Southeast,Dedicated Contract Carriage,95,261110.69141806732,80344.82271216156,33,63.21002598430135,175,None,Low
2023-10-04,Southeast,Distribution Center Management,189,352333.69679633563,65870.91444482897,53,60.11506463282637,166,None,Normal
2024-02-04,Southeast,Dedicated Contract Carriage,117,280363.1812364266,37526.71394010606,60,63.15585626454311,100,None,Low
2024-12-21,Southwest,Distribution Center Management,85,166480.93387400263,36267.17128720765,33,60.29441830665908,130,None,Normal
2024-09-14,West,Fleet Maintenance,54,126043.5772131897,50519.11286651644,27,53.88452047795569,184,None,Normal
2024-06-13,Northwest,Supply Chain Solutions,185,545577.9738863498,65167.640725874335,89,35.5937862736611,120,None,Normal
2023-04-09,Midwest,Freight Management,66,149148.14047679616,14771.665274302186,39,32.819114815772025,155,Moderate,Low
2024-08-18,Northeast,Freight Management,74,166990.96518624865,13366.132712348746,82,70.34501357820315,134,Severe,Normal
2024-12-14,Northeast,Fleet Maintenance,83,188609.6304450372,44087.06370838528,26,71.34289391521803,104,None,High
2023-02-12,West,Supply Chain Solutions,103,248533.65125205246,18297.117212696045,40,28.520026162291323,118,None,Normal
2024-12-03,Southeast,Transportation Management,237,383176.832033137,80771.53549286888,64,42.99288477593322,178,Minor,Low
2023-08-24,Northwest,Supply Chain Solutions,83,97856.99659459546,33224.6201643655,81,69.77071305013818,132,Severe,High
2023-08-25,Northwest,Freight Management,129,254492.3579538472,150545.29378484123,91,86.80172834293224,158,None,High
2024-07-03,Northwest,Distribution Center Management,164,268831.42375576415,60972.47626007182,95,35.00443605102991,199,None,High
2023-05-10,West,Distribution Center Management,262,988986.8255069583,80438.60097344055,76,59.88394555392272,144,None,High
2024-11-10,Midwest,Supply Chain Solutions,85,226589.93455697998,17692.71899875627,59,76.53334488553645,136,None,Low
2024-03-26,West,Supply Chain Solutions,268,638076.2860186378,118040.67207758916,48,68.2083698686,178,None,High
2024-04-07,Southeast,Transportation Management,111,279790.8192446769,46765.66522994428,39,87.5350981454185,134,None,Normal
2024-12-25,West,Transportation Management,160,408600.12130502856,53360.861325883336,80,75.03975891202428,68,None,High
2023-07-16,Northwest,Distribution Center Management,61,150617.13976362476,31793.469224297256,40,65.73668088141656,86,None,Normal
2023-03-17,Southeast,Supply Chain Solutions,214,464460.9514817909,130226.77186648322,95,23.843362060204395,90,Minor,Normal
2024-11-23,Northwest,Fleet Maintenance,113,252454.52938231226,57770.661747666614,39,43.11083416707909,92,None,Normal
2024-09-11,Southeast,Distribution Center Management,123,416259.1990176225,37723.25556940385,22,62.07345531215488,72,None,Normal
2023-01-03,Northwest,Dedicated Contract Carriage,288,487662.46003538545,87117.00608254809,53,53.18031243533069,131,None,Low
2023-08-18,Northeast,Supply Chain Solutions,85,75094.86238894249,30499.86141066158,39,87.48269988664475,143,Moderate,Normal
2023-12-30,Southeast,Dedicated Contract Carriage,108,180367.51349040002,43997.71819802039,66,54.956482089024036,120,None,Normal
2023-04-28,Midwest,Supply Chain Solutions,237,302448.13127846475,104346.43220671055,87,51.217181101306906,177,Minor,High
2024-03-01,Southeast,Fleet Maintenance,206,527236.15143858,118223.10474496962,71,44.82948280944738,181,None,Normal
2023-04-21,Midwest,Fleet Maintenance,311,386038.20876939193,208165.73819820152,99,66.58219530792977,51,None,Normal
2024-08-27,Southwest,Supply Chain Solutions,174,310821.1650798555,103207.52669624712,77,46.0556573382945,151,None,Normal
2024-12-23,Southeast,Distribution Center Management,109,191526.30822399838,36272.09122828715,93,57.04520746983466,174,None,Normal
2024-05-15,Midwest,Supply Chain Solutions,205,409311.151701781,92395.38692873825,39,33.23796848822914,63,None,Normal
2024-05-24,Southeast,Freight Management,275,414102.59901376313,130679.50153529597,45,81.19028213417938,77,Minor,Normal
2023-02-02,Southeast,Distribution Center Management,258,431020.05132267537,65931.42462246238,82,30.574034604665528,134,Moderate,Normal
2023-03-04,West,Freight Management,35,65220.284682598765,17326.788883698562,37,73.97517185031629,192,Minor,Low
2023-06-17,Midwest,Freight Management,110,201012.4697947319,18737.780188893663,66,58.93579238189969,176,None,Low
2024-08-23,Midwest,Fleet Maintenance,233,541107.936527637,39613.80126129225,97,37.65728169139258,65,Severe,Low
2024-01-15,Midwest,Dedicated Contract Carriage,165,405531.9162288717,108118.9205834031,41,57.43344122041103,81,Minor,Low
2024-06-15,Southeast,Supply Chain Solutions,132,198378.46736436654,48631.58557561365,49,56.243536969656624,194,None,Low
2024-12-23,West,Transportation Management,136,211425.13853615447,64910.50107001988,40,34.32906580090182,189,None,Normal
2023-02-08,Northwest,Supply Chain Solutions,188,388083.3688326874,94645.4551713191,76,66.47248691367784,183,Severe,Normal
2023-04-20,Northwest,Distribution Center Management,189,474240.50067439355,67504.21027999769,27,71.52659978400726,65,None,Low
2023-03-23,Northwest,Freight Management,177,406382.96717057505,47455.038458034694,65,66.33196093111357,166,None,Normal
2024-11-10,West,Distribution Center Management,75,160845.10255200515,42926.54357741666,67,50.17699598032308,72,None,Low
2024-08-02,Southwest,Transportation Management,114,261834.10952121145,37943.496075251715,64,42.24021607172532,197,Severe,Low
2024-02-07,Northwest,Freight Management,183,289446.3959010955,82424.92422051443,81,51.143728371893424,59,Moderate,Low
2024-10-16,Northeast,Supply Chain Solutions,191,465492.6517129926,195068.3455093902,92,35.50550427417106,190,Minor,High
2024-01-17,Northwest,Supply Chain Solutions,169,380776.9644956181,56987.697522342816,45,67.41636992885734,183,None,Normal
2023-09-30,Northeast,Dedicated Contract Carriage,68,209350.14703293418,59997.69126118314,84,84.24856597055134,171,None,High
2024-02-22,Northwest,Distribution Center Management,209,516481.2925329505,138736.14361941605,80,48.257735813806704,129,None,Normal
2023-10-03,Midwest,Fleet Maintenance,119,166722.27439305038,47092.03548463623,50,52.590372621724335,77,None,High
2023-02-22,West,Supply Chain Solutions,201,462819.7683252317,132405.30671726074,22,80.67593599464031,89,None,Low
2024-10-17,Northeast,Distribution Center Management,127,200329.7190929373,38257.764241918965,59,59.78167289353261,142,None,Normal
2024-07-20,Southwest,Supply Chain Solutions,58,93591.46160150903,32781.8758763253,32,46.73935756626562,65,None,High
2024-02-11,Midwest,Transportation Management,89,180742.15249946754,56875.89282763829,89,48.941948035599765,116,None,Low
2024-09-25,Midwest,Transportation Management,114,197070.37896528456,17157.94495819882,32,62.352887613653394,164,Minor,Normal
2024-06-20,Southwest,Dedicated Contract Carriage,262,526034.3718807416,58152.226575424545,34,52.06882653934826,54,None,Normal
2023-04-17,Southwest,Dedicated Contract Carriage,293,548983.22638133,139739.4846577089,44,92.47461172542062,111,None,Normal
2024-09-11,Midwest,Distribution Center Management,194,239134.87673290895,55097.65184751301,69,69.06953197240271,133,None,Normal
2023-05-02,Northwest,Transportation Management,261,428536.331293203,53673.30625038117,71,60.57423625336832,173,None,Low
2024-01-10,Southwest,Dedicated Contract Carriage,274,270772.23679154617,115731.78096034791,22,34.277701788553635,134,Moderate,Normal
2023-11-28,Northeast,Distribution Center Management,211,343300.43387338216,57337.941245676564,53,46.9859668071522,119,Moderate,Normal
2023-03-06,Midwest,Dedicated Contract Carriage,255,574655.0491843007,174843.73455922463,59,71.70044893833212,181,None,High
2023-05-21,Northwest,Transportation Management,103,134444.9665460306,35053.29773821826,62,68.38806423041028,93,Minor,Normal
2023-06-25,Midwest,Transportation Management,125,203462.34224004782,66601.83220453068,35,54.62917988434022,102,Minor,Low
2024-10-04,Northeast,Fleet Maintenance,146,168312.68072618713,49207.8251794653,94,29.390798977485254,60,None,Normal
2024-06-17,Southeast,Transportation Management,218,471169.73527436075,101003.38717648473,39,54.12809822115526,91,Moderate,Normal
2023-03-03,Southwest,Freight Management,195,295624.55708345457,48181.10781983889,95,50.99362382076299,116,None,Low
2023-10-14,West,Fleet Maintenance,57,145652.8761125527,14350.369466438764,72,93.06186960444933,60,None,Low
2024-01-24,Northwest,Dedicated Contract Carriage,229,478036.9858081961,78583.6912558703,43,66.51013155171084,145,None,Low
2024-05-07,Northeast,Transportation Management,231,283001.4442455758,96274.5442417499,93,51.84427091665484,66,None,Normal
2024-04-15,West,Freight Management,244,267124.2050186914,69577.87953183411,73,69.50867472064444,126,None,High
2023-02-09,Midwest,Dedicated Contract Carriage,121,241697.75793515696,55955.89189142236,61,75.37108303758858,67,None,Normal
2024-08-20,Northwest,Supply Chain Solutions,172,279874.9283654676,27366.066039355555,45,72.7579114296121,112,Severe,Normal
2023-02-18,West,Freight Management,110,178416.49254803362,44442.7190964522,86,66.30061584672447,58,None,High
2023-09-25,Northwest,Distribution Center Management,169,251882.70369194314,39918.009583678235,25,81.73910614480124,187,Moderate,High
2023-05-23,Northeast,Dedicated Contract Carriage,227,298030.1787666055,144438.82781326064,42,50.68432504405804,190,None,Normal
2024-08-28,Midwest,Transportation Management,136,291314.5522500217,33706.42027393243,23,59.46116136681976,148,None,Low
2023-01-30,Southeast,Supply Chain Solutions,199,327216.56980495236,27866.74922605028,30,65.87060410739831,139,None,Normal
2024-06-26,Northwest,Freight Management,134,169501.77670023582,49042.60991933812,85,78.95599624496205,119,None,Normal
2024-11-28,Southeast,Freight Management,103,194358.1809178164,44106.79277632603,23,45.11059836912892,75,Moderate,Low
2024-01-06,Southeast,Distribution Center Management,122,292489.0381561724,30701.326085178312,50,60.93186233158945,81,Minor,Normal
2023-01-29,Northwest,Distribution Center Management,90,220440.91974006852,40614.746237228435,97,67.19853533660043,148,Moderate,Low
2023-07-10,West,Distribution Center Management,157,443160.0861463484,29188.418931801185,93,79.04169039786605,115,Minor,Normal
2024-12-05,West,Supply Chain Solutions,136,324742.36903045315,45645.95183244652,54,48.76622833051163,150,None,Normal
2024-11-12,Northwest,Transportation Management,64,63598.073814879215,37835.704590240544,70,65.79996325239563,106,None,Normal
2024-09-03,Northeast,Transportation Management,148,275206.00266871956,142808.33287846117,59,44.21896908031056,65,None,High
2024-04-22,West,Dedicated Contract Carriage,143,301688.8721530398,166193.47274985776,92,63.50212872688971,119,None,Normal
2023-12-10,Southwest,Fleet Maintenance,99,241589.282577178,51673.074926194466,76,70.03170826786481,171,None,Low
2024-12-18,Northeast,Supply Chain Solutions,146,289565.41948432906,124395.35163424372,48,52.92790714028549,166,None,Normal
2023-11-09,Northeast,Distribution Center Management,182,492239.1810781602,38576.09475543359,94,71.1429860520545,77,None,Low
2024-06-24,Northwest,Distribution Center Management,145,181254.04663580479,48236.70322943976,81,67.00548878389752,85,None,Normal
2024-09-11,West,Supply Chain Solutions,216,375777.18684765947,58655.22001546996,96,31.35889257704006,180,None,Normal
2023-06-05,Southeast,Distribution Center Management,151,242649.82652751898,70414.6278006137,69,60.66571080730817,72,None,High
2023-07-21,Midwest,Dedicated Contract Carriage,147,242493.38408160757,39724.26761693345,65,48.30634837944588,66,None,Normal
2023-06-02,Midwest,Fleet Maintenance,213,346296.8847397881,82866.52814740587,93,86.19658281615064,106,Minor,High
2023-07-29,Southeast,Dedicated Contract Carriage,74,195952.12136919168,40994.95835323938,51,61.978201683353504,191,None,High
2024-11-20,Southwest,Fleet Maintenance,123,306497.0155291967,41854.871075567346,73,53.1486495809227,60,None,Normal
2024-10-21,Southwest,Fleet Maintenance,103,187102.74915394426,28181.921001480598,76,72.77103368550195,115,Severe,Normal
2023-04-29,Southwest,Freight Management,148,209510.40448210013,174552.46200415166,40,51.55238411753138,121,Minor,Low
2023-09-18,Southwest,Distribution Center Management,127,183862.15735340552,52284.4095482898,72,72.34555293553456,64,None,Normal
2024-08-02,West,Dedicated Contract Carriage,127,241457.7497612506,45918.7092948969,30,28.666475924369035,52,None,Normal
2024-11-07,West,Transportation Management,142,293365.60650033155,38534.316202248665,32,57.183343482490315,122,None,Normal
2024-07-29,West,Supply Chain Solutions,106,157606.40509779565,31772.784466942052,47,81.21457580095029,99,Minor,Normal
2024-01-19,Northeast,Fleet Maintenance,246,611899.1759247867,84567.93236061519,54,90.6106030573473,62,None,Normal
2024-04-22,Midwest,Supply Chain Solutions,264,557410.1994309563,123328.23052904042,38,59.558249606004935,64,None,Normal
2024-08-17,West,Distribution Center Management,57,90345.21116078612,34364.71129748084,95,80.45221646895962,178,Minor,Normal
2023-06-09,Northeast,Supply Chain Solutions,240,440670.0637763471,55835.070943646635,66,52.18793762052372,167,Minor,Normal
2024-05-27,Southwest,Fleet Maintenance,184,381916.695795731,70337.47829603283,75,65.30596787947893,133,None,Low
2023-10-31,West,Freight Management,193,539816.4290270158,48386.42769945605,55,70.08412041696002,123,None,Normal
2023-02-15,Northwest,Distribution Center Management,235,430178.3608935133,68814.4582823268,80,83.55125468191677,112,None,High
2024-11-13,Southwest,Distribution Center Management,98,218675.78661130957,26974.931550872363,40,74.55102306267149,77,None,Normal
2024-10-10,Northeast,Supply Chain Solutions,120,183468.35047393243,25415.97479068848,24,93.44618239853571,63,None,Normal
2024-03-05,Midwest,Fleet Maintenance,233,407635.0550244663,130966.53935715354,24,72.84662836008246,95,Moderate,Normal
2024-12-08,Northeast,Fleet Maintenance,103,212845.48060711139,38669.841434301554,51,66.33751581091009,153,Minor,Normal
2024-08-10,Southwest,Dedicated Contract Carriage,31,60024.23299475213,19422.712074823743,81,66.86744392936036,125,None,High
2024-08-18,Midwest,Freight Management,44,49277.78385129788,25548.246741279007,66,61.87883193248762,61,None,Low
2023-12-13,Southwest,Fleet Maintenance,146,188075.99890981457,56863.568023164604,45,39.98445401139295,198,None,Normal
2024-06-27,Midwest,Fleet Maintenance,312,830087.3864606015,77008.78511361209,41,40.68552610904937,116,Moderate,Low
2023-04-19,West,Freight Management,165,235495.45003213017,27763.153356397834,96,63.08133921805161,108,None,Normal
2024-10-28,Midwest,Transportation Management,131,118117.29545857903,23973.13845077426,30,41.489924086555035,125,Minor,Normal
2024-11-13,Northwest,Supply Chain Solutions,116,206902.24063036242,104311.35177800545,50,40.16144577347393,193,None,High
2023-04-17,Southeast,Freight Management,168,374657.75862097496,118158.4050954265,25,39.73473164114489,67,None,Normal
2024-04-28,Northeast,Supply Chain Solutions,74,101339.94766153883,88795.11505772566,37,49.730882564489086,123,None,Normal
2024-03-22,Southwest,Supply Chain Solutions,185,255877.11537973656,134346.75742403162,72,62.62346607077244,158,Minor,Normal
2024-02-03,Southeast,Distribution Center Management,89,217154.35286733083,82707.52638595652,59,73.86203676985129,66,None,High
2024-07-06,West,Fleet Maintenance,76,121062.86410128132,36614.14003220526,22,52.055009325683045,193,None,Normal
2024-01-07,Northeast,Freight Management,74,164530.35266455484,41499.4558977929,85,66.12199217141477,166,None,Low
2023-01-23,West,Freight Management,233,521128.55196603254,75477.77198091426,82,76.74755300953025,195,None,High
2023-11-22,Southwest,Fleet Maintenance,100,85790.04563535182,50548.31610197041,57,71.6339591037506,157,None,Normal
2023-05-24,Northeast,Distribution Center Management,217,466684.544851019,73643.92251697341,82,60.757821497442436,174,None,Normal
2023-02-12,Midwest,Supply Chain Solutions,115,270969.73459782643,76095.04060720159,76,73.87173988662133,166,None,Normal
2024-03-31,Southeast,Freight Management,135,314227.0680082167,32483.626485914814,32,77.32322606462813,110,Minor,High
2024-02-14,West,Fleet Maintenance,169,314974.03431986924,93719.2878172431,98,75.09794455471656,69,Minor,Normal
2023-03-21,Southeast,Distribution Center Management,185,352303.43551734235,74143.53360708327,30,68.56079595433566,97,Moderate,Normal
2024-02-24,Southeast,Supply Chain Solutions,114,378439.1881725269,56296.670228933,51,54.31459220581314,53,None,High
2024-01-21,Northwest,Distribution Center Management,52,134182.16208244866,12106.856708468516,24,47.92622151773499,169,None,Normal
2024-11-28,Midwest,Distribution Center Management,126,207014.55060302632,55547.83732331508,92,48.1995045029837,172,None,High
2023-09-17,Southwest,Freight Management,81,168148.72973700296,73405.05211228825,20,56.582333640849804,114,Minor,Normal
2024-12-25,West,Transportation Management,196,293498.12858690706,106434.60841844474,92,30.32556613402686,172,Minor,Normal
2024-01-27,West,Freight Management,108,107502.76224024608,42316.37712283346,69,69.2986497031431,70,Moderate,Normal
2023-02-02,West,Distribution Center Management,244,608701.782920587,124721.92525951589,50,47.788256306491164,106,None,Normal
2023-05-28,West,Distribution Center Management,118,253484.85644937548,53886.59710544678,84,51.33395530504421,136,Minor,Low
2023-05-11,Southwest,Supply Chain Solutions,232,373813.6693600139,104316.8106345048,46,91.43314075986065,184,None,Low
2024-07-26,West,Supply Chain Solutions,127,208153.5386585327,31568.59137452901,97,76.56448330199095,127,None,Normal
2023-01-29,West,Freight Management,116,217961.00542886686,53855.81458577236,38,50.60091097152757,184,None,Normal
2024-08-03,West,Supply Chain Solutions,108,316791.47346579673,30863.72156161957,94,43.714386556957805,88,None,Low
2023-07-02,Northwest,Freight Management,72,140350.70129373105,26427.314205092018,72,58.46044375063803,194,None,Normal
2023-07-09,Southeast,Fleet Maintenance,103,186504.27570752573,34196.966882376786,80,38.408301965664585,51,None,Low
2024-10-28,Northwest,Distribution Center Management,184,413146.04448682244,85578.15508647857,85,65.04098148255555,149,None,Normal
2023-04-14,Midwest,Distribution Center Management,228,626920.8104971426,146347.35473130058,89,24.664773851138698,197,None,Normal
2023-05-24,West,Transportation Management,203,338732.6752454627,162392.70841562597,76,73.82820594599644,198,None,Normal
2024-10-26,Northeast,Supply Chain Solutions,104,176523.63554202107,16022.0093822364,46,82.94427574248824,122,None,Normal
2023-07-08,Northeast,Transportation Management,80,153434.18070270002,27256.26201224424,57,73.2205009090088,101,None,Normal
2024-09-03,Northwest,Fleet Maintenance,124,262230.2104654495,115314.90691763515,35,52.16860518130314,119,None,Normal
2024-03-14,Northwest,Transportation Management,271,351475.5993158709,76591.89917721457,48,60.04494836047481,103,None,Normal
2023-08-17,Northeast,Transportation Management,174,346746.5578300695,57141.06239666045,41,59.90249337436907,62,Moderate,Normal
2023-07-04,Southeast,Distribution Center Management,204,410733.22158094443,42848.376626612975,94,95.79409022610625,52,None,Low
2024-07-05,Northwest,Distribution Center Management,261,420118.57827882876,89090.64930154535,95,24.790237563723252,160,Minor,Normal
2024-11-01,Southwest,Freight Management,104,158748.8923043003,34129.27386826128,92,80.64180445943676,147,Minor,Low
2023-02-16,Southwest,Transportation Management,212,419377.35369058367,62328.95468618275,33,55.753335262315964,187,Moderate,Normal
2024-03-03,Southwest,Supply Chain Solutions,90,120062.10424809686,28861.71287263547,50,47.14073747547181,168,Moderate,Normal
2024-03-18,Northeast,Transportation Management,273,686920.992688665,73503.21350694355,55,46.575969603199226,161,None,Normal
2023-09-23,Northeast,Distribution Center Management,56,96066.76879028585,21221.53290539405,82,72.16696772089236,118,None,Normal
2024-08-28,Southwest,Dedicated Contract Carriage,172,251969.91624728398,88792.3808492696,82,54.00065412812643,154,Moderate,Low
2023-07-05,Southeast,Dedicated Contract Carriage,116,245573.97316844153,69013.25921280304,73,67.2687018715478,72,Minor,High
2024-02-10,West,Fleet Maintenance,87,156400.31102216657,70972.0593305166,38,52.51900229143545,93,Minor,Normal
2024-10-18,Northwest,Fleet Maintenance,177,274865.54604945,43629.2958467585,41,43.65391504174243,145,Minor,Normal
2023-12-20,Northeast,Distribution Center Management,95,205639.17272389706,37730.70280117002,27,43.25196100119163,57,None,Normal
2023-01-11,Southeast,Dedicated Contract Carriage,204,211192.9209765052,78663.00757160314,57,71.45162697139924,129,None,Low
2023-08-04,West,Supply Chain Solutions,77,193994.11212104285,34849.602838096114,48,40.211561214164746,109,None,Low
2023-08-30,Southwest,Dedicated Contract Carriage,135,319899.40605788305,73966.04962948716,38,61.6386324195428,179,None,High
2024-01-22,Southeast,Transportation Management,244,339989.4741509862,91734.69811767641,61,57.102986720691305,106,None,Normal
2024-06-23,Southwest,Dedicated Contract Carriage,118,154819.99619714447,25802.843561633872,20,57.27182414090094,89,None,Low
2023-06-03,Southwest,Freight Management,122,243002.25656509836,75316.72917679396,71,45.26208231130217,152,None,Normal
2024-01-07,Northwest,Freight Management,83,270825.5376217506,13121.432593456206,21,73.57543639825468,132,None,High
2023-05-18,Northeast,Transportation Management,246,670471.2554347266,67382.98175638226,51,59.27072985586709,155,None,Normal
2023-06-23,Northwest,Distribution Center Management,192,501177.11837700434,64505.329426886805,73,78.18193546309746,149,None,Low
2024-05-09,Northwest,Supply Chain Solutions,285,595564.195302512,66515.40715729502,73,63.684336448763155,126,Moderate,Normal
2024-09-25,Southwest,Freight Management,116,316058.7120364375,62148.92388410084,23,77.05224953334708,108,None,Normal
2023-08-31,Southeast,Freight Management,103,147096.4066922506,42101.946178669525,25,48.02899986006768,133,None,Normal
2023-04-12,Southwest,Supply Chain Solutions,279,451183.68176598503,110446.09955372242,33,46.109858943654366,59,None,High
2024-10-11,West,Fleet Maintenance,169,386420.9595696128,63783.346427487595,33,80.50702132352218,135,None,Low
2023-10-18,Southeast,Transportation Management,98,229580.3191229066,37715.05115732627,31,79.20922130510161,76,None,Normal
2023-06-04,Northwest,Fleet Maintenance,104,296663.9336435702,23395.054594964702,33,49.17766861981069,57,None,Low
2023-02-06,Northeast,Distribution Center Management,239,377508.7356011349,191404.22141655296,69,57.25405592401752,156,None,Normal
2023-06-23,West,Freight Management,155,410131.0502971175,107331.94830932301,40,83.45636283189296,198,None,Low
2023-12-10,West,Dedicated Contract Carriage,77,208699.17412188507,33756.989839350594,45,73.13522740025887,51,Severe,High
2023-08-20,West,Distribution Center Management,85,166364.79874087658,51155.81500111409,95,57.03082228243782,138,None,Normal
2024-05-28,Northeast,Fleet Maintenance,285,460187.1480684185,178094.4604904771,44,44.783362287788314,163,None,High
2023-08-15,Midwest,Supply Chain Solutions,152,351615.92289004097,130114.28534589807,44,52.31743866251104,68,None,Normal
2024-08-21,Midwest,Freight Management,170,299519.786632316,73118.07956654302,35,65.48652377666151,112,Moderate,Normal
2024-05-08,West,Dedicated Contract Carriage,173,476403.145392486,61851.49080576619,58,70.38296105508525,65,Minor,Normal
2023-01-07,West,Transportation Management,74,135717.63763415226,15027.977979744232,58,89.99433955024352,188,Severe,Normal
2024-04-07,Northeast,Transportation Management,106,174042.6853676127,52251.4834103873,90,92.02113323423944,174,None,Normal
2023-05-11,Southwest,Fleet Maintenance,236,442060.80456226604,43623.31883917392,25,39.59266523659497,192,None,Low
2024-02-06,Northeast,Freight Management,272,725412.4667804618,120537.73901705703,32,65.99757025364381,111,None,Normal
2024-11-03,Southeast,Distribution Center Management,51,107785.1850723667,13220.392850830767,66,55.87230402726943,182,Minor,High
2024-07-14,Southwest,Fleet Maintenance,125,267982.6623909209,55541.49977654481,22,57.384093437140734,199,None,Low
2024-09-29,Southeast,Dedicated Contract Carriage,46,80320.26044875408,31010.264153661254,67,66.09221601907963,108,None,Normal
2023-08-16,Midwest,Dedicated Contract Carriage,91,202532.66816245,34203.647881566976,36,74.22292080727314,137,None,Normal
2023-08-26,Southwest,Distribution Center Management,95,218339.00413540646,32724.134570989605,53,55.09041250333691,128,None,High
2023-08-29,Southeast,Fleet Maintenance,89,199260.78471282858,113191.37881723334,85,47.23139314748933,171,None,High
2024-02-11,Northeast,Distribution Center Management,159,219554.61645177272,40709.68635485622,26,71.08332118505291,194,None,Low
2024-04-20,Southeast,Distribution Center Management,58,78824.56610284906,23450.137707982318,73,32.195013122943514,131,Minor,Normal
2023-09-29,West,Freight Management,81,140510.1281165099,32411.481503425108,57,53.018025829513526,105,None,Normal
2024-04-27,Southeast,Transportation Management,128,269143.7011477818,28527.71246246669,30,52.33686252285496,102,Minor,Normal
2023-06-30,West,Transportation Management,190,394013.25139381416,172459.44198262942,70,67.02891624068967,62,None,High
2023-10-10,Southeast,Supply Chain Solutions,129,212270.8746526824,46849.25560552045,31,54.37127833508183,90,None,Low
2024-07-23,West,Dedicated Contract Carriage,103,298939.90699333744,55595.26502671566,29,42.13390846356923,87,None,Low
2024-08-09,Southeast,Dedicated Contract Carriage,27,33913.84065068088,18482.318731108193,22,42.18107832693519,131,None,Normal
2023-10-28,Southeast,Supply Chain Solutions,54,97648.59089251213,34157.02823068479,84,55.41028095551973,193,Severe,Normal
2023-01-24,Southwest,Dedicated Contract Carriage,154,387814.5411590362,56634.90436801899,68,72.26138885971484,135,Severe,Low
2024-04-22,West,Transportation Management,238,524245.37568514457,403080.2306410213,92,77.03741937924306,61,None,Normal
2024-05-22,Northwest,Freight Management,273,203577.31606833663,91500.82486071793,98,64.25358131760802,134,Minor,Normal
2024-03-19,Southeast,Fleet Maintenance,213,466475.96751866984,24152.670218727624,30,69.05955315780042,57,None,Low
2023-09-15,Southwest,Dedicated Contract Carriage,150,231651.48108771702,36716.03319840696,57,72.15881610608167,139,None,Normal
2024-10-26,West,Supply Chain Solutions,45,100661.97557610583,19699.684491515334,87,38.19408703277083,70,None,Low
2023-04-15,Northwest,Transportation Management,111,164062.77590840828,77121.81886140417,90,43.05193827884138,175,None,High
2023-01-06,Midwest,Distribution Center Management,270,372428.9829152429,150594.00103353383,93,78.70978473321856,159,None,Normal
2024-09-08,Midwest,Dedicated Contract Carriage,78,120496.62700200442,74778.79501495096,75,52.90194221267647,97,Moderate,Low
2023-09-09,Southeast,Supply Chain Solutions,81,178941.29942208147,23317.2820551331,29,76.48547943741603,76,Minor,Normal
2023-07-31,Southeast,Fleet Maintenance,195,424551.7159674225,40042.19241019988,48,75.73564251275793,77,None,Normal
2024-11-29,Southeast,Transportation Management,66,83978.94784314575,10166.086913746814,69,54.49855082577015,111,None,High
2023-11-25,Southeast,Freight Management,55,160000.84486563122,10224.829005426347,20,33.757113272952125,87,None,Normal
2024-04-05,Southwest,Dedicated Contract Carriage,187,412844.44191058446,125938.80928764724,28,66.41215397656393,74,Minor,Normal
2023-02-13,Southwest,Transportation Management,174,386368.12486873305,85988.74373328692,72,74.17557104537893,100,None,Normal
2023-07-24,Northwest,Transportation Management,159,304670.1663579339,53486.700476085396,63,91.02391475886866,69,Minor,Low
2024-12-19,Southeast,Transportation Management,133,212168.36768504037,132196.4532378345,57,30.54774315620865,183,None,Normal
2023-10-09,Northwest,Dedicated Contract Carriage,125,287230.02754513983,41695.30039483034,36,86.34931303402138,56,Minor,Low
2023-01-06,West,Dedicated Contract Carriage,166,393049.3936433585,100592.53945619121,40,47.843966306555096,66,None,Normal
2023-05-25,Northwest,Dedicated Contract Carriage,126,264031.40493817395,55782.29774340912,89,64.28629177666019,51,Minor,Normal
2024-02-26,Northwest,Freight Management,211,527481.7490272403,53350.93412504178,57,62.61580854946006,80,None,Low
2024-10-08,Southeast,Fleet Maintenance,183,363108.67982485075,149921.46565692176,51,82.30357071245228,175,None,Low
2023-03-30,Midwest,Supply Chain Solutions,228,189460.89638568356,84553.79443312086,26,37.09229453156863,70,None,Low
2023-10-18,Southeast,Fleet Maintenance,156,450075.05824334704,63085.978425593516,71,59.96734756603966,86,Minor,Normal
2023-10-30,Northwest,Fleet Maintenance,110,190715.6520391909,56957.86638895046,74,79.46885658365841,177,None,Normal
2024-06-23,Northwest,Dedicated Contract Carriage,108,248787.5998610155,80615.6737631408,46,60.82003795460638,104,None,Normal
2024-05-17,West,Dedicated Contract Carriage,133,289901.138259115,66377.02958398573,74,56.70080487263941,176,None,High
2023-03-30,Northeast,Distribution Center Management,259,544466.2794706331,133266.95464843817,87,72.23196606702906,180,Moderate,High
2023-06-27,Southwest,Distribution Center Management,208,450164.4265645425,52686.55714357839,42,70.44214320155983,130,None,High
2023-05-23,Northwest,Dedicated Contract Carriage,94,155280.47303066286,32764.687764593433,90,55.25242981650731,95,Moderate,Normal
2023-02-04,Northeast,Dedicated Contract Carriage,172,360883.0329789862,48172.951662392254,60,64.06375722809744,101,Moderate,Normal
2023-06-29,Southeast,Distribution Center Management,171,265455.81102795416,54481.77134731079,95,73.88414644677532,173,None,Low
2023-10-02,West,Transportation Management,163,373141.19562166266,69630.54742559715,66,79.0739847428845,150,Minor,Normal
2023-05-30,West,Transportation Management,285,799503.4265147282,172536.18833887283,26,46.635291876543,64,None,Normal
2024-05-04,Midwest,Supply Chain Solutions,118,284541.2824079381,78963.85870929618,37,47.29746264791574,150,None,Normal
2023-10-28,Southwest,Freight Management,67,159686.25822455448,20385.941766633416,60,51.01082756592253,138,None,Normal
2024-04-03,Northwest,Dedicated Contract Carriage,268,505547.1835323711,132570.90793219974,26,63.95517077739507,102,None,Normal
2024-06-14,Northwest,Freight Management,204,302299.9275847287,125961.99374075053,20,79.26228469573599,162,None,Low
2023-04-19,Southwest,Distribution Center Management,187,513538.67429816554,122164.54557624282,94,66.97371443154793,91,None,Normal
2023-12-19,Midwest,Transportation Management,168,388526.519583297,79117.58845736718,56,62.402703293631056,83,None,Normal
2024-10-31,Northeast,Distribution Center Management,185,257853.54812170303,66040.40170560467,91,75.89331306735198,150,None,Normal
2024-12-30,Southeast,Fleet Maintenance,228,578523.6980332647,40538.5342584505,86,60.95471368332171,143,None,Low
2023-06-24,Midwest,Distribution Center Management,96,138693.4333275917,95627.55759389029,48,45.45819229339989,55,Moderate,Normal
2023-10-23,Northwest,Fleet Maintenance,31,100376.87801336402,8924.189911269836,81,72.40013740704809,104,None,Normal
2023-07-02,Northeast,Dedicated Contract Carriage,103,184819.12069899315,48630.59758877406,89,81.03030162608835,65,None,High
2023-01-06,West,Freight Management,223,397113.6286712911,66987.59395959199,22,47.34176861236159,90,None,Normal
2023-07-07,Southeast,Distribution Center Management,203,359520.9860766698,70312.84312074617,45,66.13073622520153,118,None,Normal
2024-05-22,Southwest,Supply Chain Solutions,111,243566.0944740791,36546.70379037005,71,67.190981800299,157,None,High
2023-10-02,West,Dedicated Contract Carriage,192,418684.8763743012,64208.74097882042,61,71.11738890429555,95,None,High
2023-07-18,West,Dedicated Contract Carriage,226,607801.6721909414,29272.090006938608,53,37.54167566634842,52,Moderate,Normal
2024-04-18,Northeast,Distribution Center Management,216,459467.2361408424,151946.18745214847,22,61.47674757273393,185,None,Low
2024-07-27,West,Freight Management,56,97235.26744081962,22893.575197570855,38,69.50770164972708,82,None,Low
2023-12-30,West,Supply Chain Solutions,103,214801.1817963486,19621.79214390193,20,63.066029516953336,72,None,Normal
2024-08-30,West,Supply Chain Solutions,116,212601.17874048036,17918.278091254815,74,45.75958148403741,111,None,High
2024-07-05,West,Fleet Maintenance,194,456108.59369919955,143347.5662188529,62,73.35338574444245,165,Moderate,Normal
2024-12-16,Southeast,Supply Chain Solutions,191,304672.28377955896,65613.86667456075,42,45.26846687192834,71,Minor,Normal
2023-07-10,Southeast,Transportation Management,148,202211.11597916172,67566.16698968118,94,52.715161424220355,70,Severe,Normal
2023-01-17,Northeast,Supply Chain Solutions,146,248138.79722968614,24213.76522615273,57,55.60181807272403,59,None,Low
2023-02-24,West,Transportation Management,183,461053.7572065469,39014.66081031308,35,62.38805258935955,80,None,Normal
2024-01-29,Midwest,Supply Chain Solutions,255,591127.9022028846,129122.88611528472,50,46.74433815851235,76,Minor,Normal
2024-02-21,Southwest,Distribution Center Management,180,372490.06145799503,73032.32117692096,65,97.11988366050188,126,None,High
2023-01-12,Southwest,Dedicated Contract Carriage,237,360379.86356566846,53631.3531096203,43,51.52982710794202,146,Moderate,High
2024-08-19,Southeast,Distribution Center Management,176,325057.47808355745,61579.676823257905,21,68.06513720377767,192,None,Normal
2023-02-22,West,Distribution Center Management,247,377472.59845041204,164652.73589465374,40,40.20570130962996,138,Moderate,Normal
2023-09-27,Northwest,Transportation Management,192,277196.88374218764,50414.735477661634,53,87.56014319287766,195,Minor,Normal
2023-08-17,Midwest,Dedicated Contract Carriage,192,392500.05882076744,18335.772349758096,81,88.94354423400917,150,None,Low
2023-07-15,Northwest,Distribution Center Management,94,206487.81953752108,26176.277928765947,21,47.87062767934472,193,None,Normal
2023-08-31,West,Transportation Management,97,257542.64922983188,67868.14142617158,49,56.1322377804238,197,Minor,Low
2023-03-26,Southwest,Distribution Center Management,89,151048.8453221668,23504.356616654204,74,59.666736512799524,116,None,High
2024-07-29,Northeast,Transportation Management,148,365109.3259059151,120617.41189326814,72,66.01821180839771,137,None,High
2024-09-02,Southeast,Distribution Center Management,171,353543.4882437569,92955.32229831317,73,67.41910832732934,143,Minor,Normal
2024-06-23,Northeast,Supply Chain Solutions,69,125859.47977231404,52376.602851591015,58,83.10500385283297,62,Severe,Normal
2023-12-16,Southwest,Fleet Maintenance,128,163737.67422838503,55849.619057689626,73,74.0740435319087,88,None,Low
2024-01-21,Midwest,Transportation Management,78,137941.3019372835,44718.8293447207,62,83.98145393946727,162,None,Low
2023-08-11,Southeast,Dedicated Contract Carriage,58,127283.65279434861,35709.269904111214,24,52.58560653582081,81,None,High
2024-03-12,Midwest,Fleet Maintenance,176,316685.8186418787,25277.53647752989,23,51.85253551889563,186,None,Normal
2023-02-15,Southeast,Dedicated Contract Carriage,137,358529.1562085947,144679.09564689227,59,61.75370123692758,97,None,Normal
2023-04-30,Northwest,Freight Management,63,96872.0955137992,13453.634327973889,38,54.050102091120024,107,None,Normal
2024-06-20,West,Distribution Center Management,162,242262.21774438932,85943.30282173124,65,59.80098242339152,182,Moderate,Normal
2024-04-16,West,Freight Management,159,198448.12806715514,59502.3764982884,57,75.13860345035351,140,None,Normal
2024-04-01,Southwest,Supply Chain Solutions,211,445450.97328562965,86129.0390914118,73,51.712718828601886,196,None,High
2023-12-06,Midwest,Dedicated Contract Carriage,93,154216.2776191867,24102.082913430964,47,56.08392311469723,191,None,Normal
2023-09-09,Southeast,Transportation Management,50,96080.89262372538,21055.132851449354,33,64.47226854486688,92,None,Normal
2023-03-13,Southeast,Distribution Center Management,216,246718.1639566431,95670.51239427924,84,61.71191587278516,101,Minor,Normal
2023-03-13,West,Fleet Maintenance,218,361419.78764198214,69325.16922835032,70,71.49529625201312,142,None,Normal
2024-10-05,Northwest,Freight Management,66,83355.39738407184,31339.484971832393,70,85.4068047514128,107,None,Normal
2023-04-04,Northeast,Transportation Management,256,468036.28330426523,69033.64743459134,74,60.94291795476937,134,Minor,Normal
2024-03-01,Northwest,Fleet Maintenance,265,522415.597320979,125520.792387533,67,89.92697127306026,93,None,Low
2024-09-05,Southeast,Transportation Management,144,245277.8586247135,109179.25114336914,32,69.13961564435928,122,Minor,Normal
2023-02-05,Northeast,Supply Chain Solutions,124,276618.1811997896,64623.2818635651,47,76.84570586133988,127,None,Low
2023-03-17,Midwest,Fleet Maintenance,215,482544.2373708806,176447.71269619904,27,46.76154012153372,141,None,Normal
2023-10-13,Northwest,Fleet Maintenance,48,93351.84872032973,24518.272167321968,43,58.34389475027919,102,Minor,Normal
2024-07-16,Northeast,Distribution Center Management,114,245738.85431467296,74485.77632866091,91,71.96846947490411,136,Minor,High
2024-04-20,Northeast,Fleet Maintenance,104,215912.2777221627,52906.87343802574,58,48.66057175614367,181,Minor,High
2024-05-30,Northeast,Transportation Management,274,563536.4719021227,127339.30293343493,78,54.63139095164874,163,None,Normal
2024-05-05,Southeast,Supply Chain Solutions,111,209351.9850934377,40884.12426208979,50,74.66673734659358,160,Minor,Low
2024-06-14,Southeast,Fleet Maintenance,171,246394.91294557875,42013.81163739642,49,73.38176532807532,122,None,Low
2024-12-14,Northeast,Freight Management,113,220698.27740172623,39248.14961300868,90,54.031375787984246,165,Minor,Normal
2024-12-06,West,Supply Chain Solutions,150,331815.4486846096,107489.39327475641,30,85.22141688604347,99,None,Low
2023-07-06,Midwest,Fleet Maintenance,160,339220.4810778627,141530.1830871141,53,62.514061143197075,150,None,Normal
2023-11-19,West,Freight Management,65,170586.21756973205,36416.93315786083,90,83.74719212059722,50,None,Normal
2024-10-10,Northeast,Freight Management,111,306630.69004923385,49386.39325023946,72,70.8373534611838,53,Minor,Normal
2024-07-04,West,Fleet Maintenance,156,425729.0758761522,75801.2429530069,87,44.99294837299262,181,Minor,Low
2024-10-22,Southeast,Transportation Management,103,193473.2333372456,50519.894887153765,58,55.792366346070935,191,None,Normal
2023-03-06,Northwest,Freight Management,204,436292.25995395833,100440.87757240102,78,54.804196872379094,84,None,High
2024-01-09,Southwest,Distribution Center Management,146,300838.788096371,52489.6911172441,61,35.2251849193816,111,None,Low
2024-04-11,West,Dedicated Contract Carriage,250,532832.5789622333,113729.42846512426,26,62.92172285424752,99,None,Low
2023-07-13,Southwest,Transportation Management,286,657344.0189466128,105704.00337879181,76,60.56452403988567,190,Minor,High
2023-12-01,Northeast,Transportation Management,194,366845.6960118948,74172.58108780459,97,63.03130461364426,170,None,Normal
2024-10-28,Midwest,Transportation Management,158,398124.6698745303,69316.8174896567,81,49.47755191762554,162,None,Normal
2023-09-30,Southeast,Freight Management,81,66808.1609266059,53301.57162324176,22,77.50817143686695,70,None,Normal
2023-04-02,Southwest,Transportation Management,106,299909.5734981993,58089.30876909942,65,73.56713375499316,105,None,Normal
2023-08-30,West,Freight Management,144,208980.10748729866,45089.14106121825,31,70.79355673960136,161,None,Normal
2024-09-09,Northeast,Transportation Management,194,317550.25654572167,97681.30194565207,53,62.44475191056744,185,None,Normal
2024-10-19,Northeast,Supply Chain Solutions,56,126532.65219347394,38986.51418662391,97,63.22695879521648,70,None,Normal
2023-12-29,Southwest,Distribution Center Management,190,288165.4203522528,85221.31772081208,52,86.68763280325743,175,None,Low
2024-03-01,Southeast,Supply Chain Solutions,114,286423.22666607227,70811.93017157126,54,44.91187624785653,127,None,High
2024-12-19,Northwest,Supply Chain Solutions,180,390438.5519254879,33561.14291514002,99,65.83190782302034,115,None,Normal
2024-07-31,Southwest,Distribution Center Management,192,386656.4673504557,68865.70408051054,35,56.02277543883607,188,None,High
2023-05-23,Northeast,Transportation Management,116,315993.53983797244,43978.22489205712,76,79.60207963287075,198,Moderate,Normal
2024-03-04,Midwest,Fleet Maintenance,262,723793.886670523,141821.89966413833,39,58.397006053464736,187,None,High
2023-07-05,Northeast,Freight Management,186,127363.09414827215,82137.2389965167,81,71.56739631765845,72,Moderate,Normal
2024-01-16,West,Dedicated Contract Carriage,149,161213.61279410083,29477.62164410964,24,49.68722871001627,153,None,High
2024-05-15,Northeast,Dedicated Contract Carriage,183,342758.4557963344,110906.80264798817,65,39.39762822298425,70,None,Low
2023-05-07,West,Fleet Maintenance,124,244620.9149782523,33828.57755536289,33,39.69371751083769,121,Minor,High
2024-12-11,Midwest,Dedicated Contract Carriage,142,256511.42698734047,21207.59819453614,24,69.28131444329031,77,None,Normal
2024-05-15,Southwest,Dedicated Contract Carriage,283,478542.16663630866,106254.31890226573,29,34.88027425580054,185,None,Low
2024-06-09,Southeast,Freight Management,124,110754.41913964285,68662.88837631943,74,62.77329347890125,160,Minor,Normal
2023-07-23,Southeast,Fleet Maintenance,24,44647.24000288387,9273.386663526917,23,50.60027724966434,67,Moderate,High
2024-03-17,Midwest,Dedicated Contract Carriage,118,184822.50789093509,64337.737871779595,76,54.6752320058677,128,None,Normal
2023-12-14,Northeast,Distribution Center Management,184,529111.4505728201,94378.11285952672,22,57.83934921246263,98,None,Normal
2023-09-07,Northeast,Fleet Maintenance,176,375616.25461829343,60420.16899044695,63,75.82194226660518,176,Minor,High
2024-06-05,West,Freight Management,190,209567.74189984586,44980.14680974373,52,60.50609150058372,56,None,Low
2023-03-07,Northeast,Distribution Center Management,217,409869.0642212143,255939.41128811933,86,64.0530383863237,75,None,Normal
2024-10-27,Midwest,Freight Management,66,128810.39095568428,40086.09258119177,22,82.16772562792862,129,None,Normal
2024-10-20,West,Transportation Management,68,69555.66985264771,132078.84449661878,74,77.22351565497206,196,Severe,High
2024-02-02,Southwest,Supply Chain Solutions,293,710488.0090867408,133975.83719831792,23,90.64246076327328,155,None,Normal
2024-07-13,Southwest,Fleet Maintenance,66,186322.284237478,28929.640862571534,33,87.36065731454855,180,None,Low
2023-07-15,West,Freight Management,90,104292.6610440836,20049.435120943097,20,66.02677923608094,166,None,High
2024-04-23,Northwest,Fleet Maintenance,151,509002.8645481108,56396.393875782676,61,79.01033670895205,171,None,Low
2023-03-24,Southeast,Distribution Center Management,148,206442.36686087822,70863.28541047631,30,81.87040397185311,186,None,High
2023-06-29,Southwest,Fleet Maintenance,242,442977.2714881676,155501.41674290897,36,52.1691625539176,144,None,Normal
2023-10-01,Southwest,Dedicated Contract Carriage,70,170120.08036004117,25217.16335145033,64,81.56651401258694,104,Moderate,Normal
2024-10-10,Northeast,Fleet Maintenance,142,297633.94082979107,50318.7843289428,34,77.74054359241556,67,Minor,Normal
2023-03-16,Southwest,Fleet Maintenance,211,357938.20052838576,164342.2735807652,94,46.60839627465176,186,None,Normal
2024-12-17,Southwest,Distribution Center Management,139,215208.1195690733,32481.138323506948,68,33.26360236974508,138,None,Low
2024-04-20,Northwest,Supply Chain Solutions,146,248955.9314991709,32532.159417723185,55,73.4243272052463,182,Minor,Low
2023-10-12,Midwest,Dedicated Contract Carriage,190,353643.2030101157,112427.625566214,58,46.68920567843441,149,None,High
2023-04-25,Northeast,Freight Management,124,216689.5268531999,76904.61956628524,22,58.28893515954524,185,None,High
2023-07-27,Northwest,Distribution Center Management,128,360804.21684150724,48992.43329904254,22,79.73120386143539,112,None,Normal
2023-06-27,Northeast,Freight Management,163,229693.5720122125,108642.20125086636,43,78.9242773801296,153,None,High
2023-07-03,West,Fleet Maintenance,116,146157.4204623702,40278.60448248537,28,50.94321221132687,78,Minor,Normal
2024-06-10,Southwest,Distribution Center Management,163,361762.72569288407,82339.72573478996,61,80.40705686572576,184,None,Normal
2023-01-07,Northeast,Freight Management,58,129858.27262103512,7711.288255261627,45,48.03959381031152,76,Minor,Normal
2024-12-27,Northeast,Distribution Center Management,88,161401.411556743,37047.51929966566,48,26.86280180723759,199,Minor,High
2023-04-10,Southwest,Dedicated Contract Carriage,211,289881.5316312576,115183.35723987123,52,61.98950030491234,133,Moderate,Normal
2023-06-13,Southeast,Freight Management,115,197425.70379478534,34857.484434398895,24,62.26845700742001,108,None,Normal
2024-01-02,West,Supply Chain Solutions,123,297400.7012394341,34062.197569322125,25,53.22439373587211,104,None,High
2024-09-07,West,Transportation Management,94,172687.02287881132,58777.97440541795,94,42.4103296173578,87,None,Normal
2023-04-04,Northeast,Transportation Management,296,261634.68492090658,344787.45132027677,78,68.65038284956722,149,None,Normal
2023-04-18,Midwest,Transportation Management,262,694810.1998598354,38855.85697971276,45,62.210438853235864,91,None,Normal
2023-10-29,Southeast,Dedicated Contract Carriage,60,122749.40120077672,17326.75146533061,41,57.62056493835792,147,None,Normal
2023-08-18,Southwest,Distribution Center Management,158,318400.0578603593,19422.363270607577,61,69.57314088695061,166,None,Normal
2023-12-12,Southeast,Freight Management,117,126184.33254515074,67274.90154844098,86,87.66071652882168,153,None,Normal
2023-04-03,Midwest,Fleet Maintenance,126,299009.1563795215,73165.55263193615,32,72.97878085807308,180,None,Normal
2023-03-16,Northeast,Dedicated Contract Carriage,236,522397.65804945386,154325.67779975504,52,79.150034185258,188,None,High
2024-06-21,West,Freight Management,120,312898.15219807497,58826.44633838913,60,36.49032287059568,72,Moderate,Normal
2023-05-28,West,Freight Management,73,191193.40786294462,101221.24920408479,81,41.56951191787557,141,None,Normal
2024-10-31,Northeast,Freight Management,159,108743.01311794901,98979.75887383886,49,73.83638098087035,141,None,Normal
2023-12-27,West,Dedicated Contract Carriage,136,291961.89630556403,23481.727646651518,42,35.583053626245444,189,None,Normal
2024-09-29,Northwest,Transportation Management,91,253661.50999800477,23557.556215913057,55,70.72816507722592,69,Severe,High
2024-12-01,Midwest,Fleet Maintenance,73,131645.33248151423,56914.1124017501,23,74.71970134455557,62,None,Low
2024-12-23,Northwest,Dedicated Contract Carriage,178,430943.8726888514,75990.21453391894,92,79.29288998036351,137,None,Normal
2023-01-20,West,Supply Chain Solutions,172,322219.77433335996,44438.39429399547,28,80.5469896587258,71,None,Normal
2023-04-16,Southwest,Freight Management,139,348552.5153187823,38125.00315143863,40,61.26378203207945,57,None,Low
2024-08-01,Southeast,Transportation Management,211,445763.22063598374,22124.180700907244,26,37.64993896468633,55,None,High
2024-07-28,Northeast,Dedicated Contract Carriage,78,166133.72075912647,23682.573625847173,40,70.53369664029209,55,None,Normal
2024-08-15,Southeast,Dedicated Contract Carriage,226,394006.54439272487,136493.47707836237,70,85.46535991038792,198,None,Low
2023-05-31,Southwest,Supply Chain Solutions,269,424925.67114867666,80778.78808723447,26,40.414986385207,118,Moderate,High
2024-03-26,Southwest,Transportation Management,212,391609.93644370866,105805.71955865975,46,60.13370015677221,66,None,Normal
2024-06-04,Northeast,Distribution Center Management,186,376682.96934186894,85535.38228565519,88,80.25015850536549,192,None,Normal
2024-06-13,Northeast,Dedicated Contract Carriage,287,637130.3113040806,55611.79077902279,42,26.806915629285765,147,Minor,High
2023-08-15,Southeast,Fleet Maintenance,114,233045.25493415285,57406.17247576188,98,69.81914037001593,109,None,Low
2023-02-26,Northeast,Distribution Center Management,114,295271.53013777564,43282.48592416306,92,73.93756649715402,162,None,Normal
2023-12-26,Midwest,Freight Management,257,575224.0205891914,187293.42001144498,79,66.21176371707072,117,Minor,Normal
2024-05-05,Midwest,Distribution Center Management,157,337743.3475093495,54361.46757868088,74,85.3074397865868,183,None,Normal
2023-05-29,Midwest,Fleet Maintenance,222,535796.9785363603,89577.28578273652,59,71.64427307954249,64,None,High
2023-02-24,Midwest,Fleet Maintenance,206,490293.1712097203,49816.41714455226,92,62.73155991854937,176,None,Low
2023-03-31,Northeast,Dedicated Contract Carriage,212,381763.61114822,120931.05204475137,67,61.72615099363862,159,None,Normal
2023-04-07,Midwest,Supply Chain Solutions,293,846194.7417582098,110504.38663084093,32,82.29522276722255,194,None,Normal
2024-01-27,Midwest,Transportation Management,93,180781.17339564877,79214.71880000527,34,52.88822198345054,128,None,Normal
2023-07-31,West,Distribution Center Management,179,329509.1558629288,37494.525182591584,97,64.02964590406354,175,Minor,Normal
2024-07-13,Northwest,Dedicated Contract Carriage,97,223965.85335584288,15845.75207184819,53,43.42177840899386,145,None,High
2024-01-09,West,Supply Chain Solutions,227,515798.1613999101,91548.53957334514,49,33.7344235470776,138,Minor,Normal
2023-01-22,Northwest,Supply Chain Solutions,133,210343.61382040018,120105.01511289911,72,53.364013163097134,125,None,Low
2024-04-22,Midwest,Transportation Management,296,611420.46584461,60287.46370646861,94,72.92181698991466,162,Minor,Normal
2024-01-03,Southeast,Freight Management,94,173602.18085215657,63750.888827400726,27,83.03343256044202,182,None,Normal
2024-12-29,Northeast,Dedicated Contract Carriage,79,193712.94963558542,12881.653109006918,90,56.307568645019025,71,None,Normal
2024-06-03,Northeast,Fleet Maintenance,227,370318.2237220379,205567.17132637382,63,64.26799935911035,77,None,Low
2023-11-20,Northeast,Transportation Management,103,177678.30403018597,18968.993757031254,79,83.67422780102423,105,None,Low
2023-05-14,Northeast,Supply Chain Solutions,64,139029.9245211887,25632.43839693983,57,76.70463063651674,78,None,Low
2023-12-23,Southeast,Freight Management,56,108387.88234532131,21192.011217132247,55,68.15665344104816,197,Minor,Normal
2023-12-30,Southeast,Dedicated Contract Carriage,85,137565.7130933629,45973.62159777631,77,90.34914538018405,90,None,Normal
2024-02-07,Midwest,Transportation Management,165,267808.9192847884,26951.381347704235,23,73.07966034889277,109,Moderate,Normal
2024-07-29,West,Transportation Management,200,518308.8781784664,145794.90970254075,44,53.49046968042885,153,None,Low
2023-11-04,Northeast,Transportation Management,72,205660.10883806818,35531.21179300736,88,50.746708852866284,164,None,High
2024-07-13,Southeast,Freight Management,78,179690.37218545677,12296.929726136566,41,51.11003442404014,125,Minor,Low
2023-12-13,West,Distribution Center Management,167,157565.40100889595,40037.819558387244,64,78.0692841206357,97,None,High
2023-11-09,Southwest,Dedicated Contract Carriage,160,343808.32242239686,48608.51361544002,72,60.699793290770984,155,Moderate,Low
2024-05-16,Midwest,Distribution Center Management,178,373931.6914203511,36390.545927702624,73,41.124949766469975,114,None,High
2023-02-16,Southeast,Fleet Maintenance,149,375124.3142792238,28553.614468318377,28,65.85481381172212,118,Severe,Normal
2023-02-05,Midwest,Distribution Center Management,106,189123.6350183861,53777.48424032694,66,42.58236779616721,60,None,Normal
2023-02-26,Southeast,Dedicated Contract Carriage,105,58784.47147271471,23357.29161502643,42,93.58940948313806,183,None,Normal
2023-03-27,Midwest,Fleet Maintenance,322,505126.3187556462,51359.43747338393,32,37.63125285619989,75,None,High
2024-07-06,Midwest,Fleet Maintenance,45,88359.32138787252,14549.127444082731,48,64.80623291367077,66,None,Low
2023-01-22,Midwest,Supply Chain Solutions,142,372021.4789922531,88506.54260001816,60,89.95151696989632,101,None,Low
2023-05-07,Northeast,Freight Management,108,146402.0860284172,67825.25089792137,31,74.92653726715346,104,None,Normal
2023-06-10,West,Dedicated Contract Carriage,87,150023.72453766596,48647.10225050866,68,55.478209082311324,98,None,Normal
2024-01-31,Northwest,Distribution Center Management,263,614901.7956409197,46791.4317682526,36,37.94262203180303,171,None,Normal
2023-12-21,Northeast,Fleet Maintenance,202,339250.77697692026,158322.2902993265,69,38.33872342789847,70,None,Normal
2023-08-31,Northeast,Transportation Management,122,311579.34150135267,53065.61242653963,43,75.33149835420035,158,None,Low
2023-09-01,Southwest,Dedicated Contract Carriage,206,573423.9312942317,47733.762542612516,48,66.21317607887313,183,None,Low
2024-05-18,Northwest,Supply Chain Solutions,109,145909.76514898302,56212.970291424084,86,62.39208328262006,52,Minor,Normal
2024-11-28,Southeast,Transportation Management,124,390788.7022068583,56791.500093054034,97,76.24946138854676,132,None,Normal
2023-10-16,Southwest,Fleet Maintenance,138,313436.07518473384,116797.62045539154,60,51.92932383349811,197,None,Normal
2024-06-22,Northwest,Supply Chain Solutions,76,138129.1805381046,19502.655863287415,62,42.15089563394679,67,None,Low
2024-05-09,Midwest,Transportation Management,260,536157.87024238,218360.31494577345,97,93.1191179861375,165,None,Low
2024-02-15,Northwest,Fleet Maintenance,325,871597.7003906465,100160.64071261034,97,66.20993760347525,160,None,Normal
2024-08-24,West,Freight Management,89,230812.58524059085,80188.78419575779,58,55.759390005148724,108,None,Normal
2023-01-23,Northeast,Dedicated Contract Carriage,123,99078.77607384245,131046.20525304141,90,75.50712150934227,85,Moderate,Normal
2023-11-08,Southeast,Dedicated Contract Carriage,106,167082.0645939716,54209.93436720855,21,62.592034846977064,99,None,Normal
2024-02-16,Northwest,Fleet Maintenance,208,359526.2021537614,119136.12454273498,38,59.232098917732266,69,None,Normal
2024-12-15,Southwest,Transportation Management,108,251628.54107069326,65444.15879164622,79,58.070811451228025,55,Severe,Normal
2024-02-22,West,Supply Chain Solutions,276,636036.3663997495,30517.263044083436,96,39.5553276776625,67,Minor,Normal
2024-08-13,Northeast,Dedicated Contract Carriage,112,319571.38822221843,37890.86648431207,88,43.83772696965076,127,None,Low
2024-02-18,Southeast,Supply Chain Solutions,127,324062.93993297056,27870.873861545944,24,83.50679321029934,188,None,Low
2024-11-15,Midwest,Transportation Management,124,115431.76182500417,54096.27447771311,34,42.77371537978959,145,Minor,Normal
2023-01-30,Southeast,Supply Chain Solutions,251,488226.4227069655,90589.54022197417,86,81.44874307231943,80,Minor,Normal
2024-08-28,Southeast,Dedicated Contract Carriage,113,221573.8874803653,21537.205995663877,32,85.24651822092943,197,None,Normal
2024-06-03,Southeast,Dedicated Contract Carriage,226,497744.54777761654,81198.39073504704,64,65.43439155444192,145,None,Normal
2023-06-23,Southwest,Supply Chain Solutions,228,319904.2109544955,210444.31031473132,25,60.14569309487747,133,None,Low
2023-02-12,Southeast,Fleet Maintenance,61,133224.27087948244,22758.83813826193,78,75.29965292530288,181,None,Normal
2023-04-08,Midwest,Supply Chain Solutions,120,224231.986848373,59865.28771552394,68,83.01019509385729,57,None,High
2023-08-16,Northeast,Freight Management,147,291131.104486265,54263.71946675445,65,80.35782655825344,152,None,Normal
2023-05-18,Northeast,Supply Chain Solutions,158,540390.7121603672,100770.49234142085,88,54.855855843281645,96,Moderate,Normal
2024-06-04,Southwest,Dedicated Contract Carriage,173,331306.5983635541,39377.49239216122,71,54.37346248141615,186,Minor,Normal
2024-12-06,Northeast,Fleet Maintenance,131,213456.3781007488,89182.15312868224,64,53.26760310445427,88,None,Normal
2024-03-08,Southeast,Supply Chain Solutions,230,364776.6496430743,102091.75796335241,35,82.43725638848059,112,Minor,Normal
2024-05-11,West,Transportation Management,85,201375.09802766025,52130.92415495473,62,77.68014331557308,188,Moderate,Low
2023-06-24,Midwest,Dedicated Contract Carriage,123,162175.33467072365,53043.76055008162,54,62.54929461386468,108,Minor,High
2024-08-23,Northwest,Dedicated Contract Carriage,195,347754.73177405825,200328.33635375721,93,65.70710962153558,71,None,Normal
2024-11-18,West,Dedicated Contract Carriage,186,405472.6302408579,101002.24099681442,87,59.51534331430033,81,Moderate,Normal
2024-07-01,West,Distribution Center Management,166,169694.30542878326,64472.83994621928,56,58.45158024008116,128,Moderate,Low
2024-09-01,Midwest,Distribution Center Management,78,231204.46239053193,25138.762845852685,34,51.69118833386448,80,None,Low
2024-08-17,West,Dedicated Contract Carriage,118,226081.13610561765,47797.46692503832,37,67.25523493644727,61,Moderate,Normal
2024-01-03,Northwest,Distribution Center Management,201,480912.5423346004,39894.73809598598,78,68.87583472827744,138,Minor,Normal
2023-02-14,Midwest,Fleet Maintenance,179,269182.96727512806,114803.36392017419,78,82.20749450177182,79,None,High
2023-11-27,Southwest,Fleet Maintenance,170,339193.4233161256,94149.45053575306,88,69.46976949599387,167,None,Normal
2024-07-29,Southwest,Dedicated Contract Carriage,66,125188.95166719588,35629.98217477372,31,64.56702459745487,90,None,Normal
2024-05-29,Midwest,Freight Management,253,532573.6404667175,89146.31662823606,58,67.65351027148665,143,None,Normal
2024-07-02,Midwest,Supply Chain Solutions,236,520244.30978033034,167458.30532643502,84,53.35652471937588,56,None,Normal
2024-10-01,Southwest,Transportation Management,169,328671.789380158,89942.67433304287,31,82.92305563149989,75,Severe,Normal
2024-07-03,Southwest,Distribution Center Management,183,320184.3589342297,53183.75737118296,63,83.86881997219112,176,None,High
2023-04-10,Midwest,Distribution Center Management,291,793954.739429009,134343.00295970697,81,89.24569095154506,174,None,Normal
2023-09-09,Northwest,Fleet Maintenance,61,88469.06076429017,21145.800979925978,83,59.996601836847354,100,Minor,Normal
2024-09-15,West,Dedicated Contract Carriage,71,76766.48767537317,26687.266279361396,74,48.87623355738187,188,None,Low
2024-07-30,Southeast,Freight Management,166,247251.17580037485,69048.29684094843,88,53.92271305984345,123,None,Normal
2023-12-29,Midwest,Distribution Center Management,165,338257.1115478124,136080.1490032617,46,59.34362545005928,88,Minor,Normal
2024-01-30,Northwest,Freight Management,294,428404.412501002,233480.86580297915,69,65.2392929081643,189,None,Low
2023-10-09,Northwest,Supply Chain Solutions,64,93079.69284011362,40328.76203342765,69,46.1680017410454,191,None,Normal
2024-09-11,Southwest,Fleet Maintenance,126,283310.101391154,82464.01657380778,24,72.62663391220589,151,Moderate,High
2024-01-09,Northwest,Distribution Center Management,191,377633.7623252572,54486.64405659687,89,41.829891485749656,170,Moderate,Normal
2024-02-06,Southeast,Freight Management,232,360754.33337199135,98769.89941064747,28,61.716842108725615,90,Minor,High
2023-01-20,Northeast,Distribution Center Management,248,453089.63028925424,165548.57648292862,92,73.6301102735607,125,None,Normal
2024-05-21,Northeast,Freight Management,216,539845.2974619343,40322.205007659846,55,34.97399975867789,85,None,High
2024-12-15,Northwest,Dedicated Contract Carriage,71,123590.3728343489,11979.190635832922,59,74.96479124341946,184,Minor,Low
2024-11-15,Southeast,Dedicated Contract Carriage,164,283046.6130173903,55420.46864944045,90,61.99883490126156,163,None,Low
2024-05-14,Southeast,Dedicated Contract Carriage,125,251956.39006549667,53679.42249826682,95,76.78133917041508,192,None,Normal
2024-01-29,Northeast,Freight Management,254,615173.3618621852,83251.51490263647,33,79.31905124702736,131,None,Normal
2024-04-05,Southeast,Transportation Management,234,473141.8064028727,56136.65391845147,23,34.394947727647704,81,None,High
2024-05-18,Southeast,Distribution Center Management,139,192627.43641367645,91910.0424219976,22,70.29420428184388,85,None,Normal
2023-02-09,Northeast,Distribution Center Management,118,239758.4824937765,40657.92817041718,76,69.24359927471929,154,None,Normal
2023-03-20,Northeast,Distribution Center Management,188,310631.7228107687,54728.733927495654,40,82.10903857603013,180,None,Normal
2024-05-05,Northeast,Distribution Center Management,81,92837.96394781621,23374.80289137027,59,62.50473378928272,95,None,Normal
2023-09-28,Southeast,Fleet Maintenance,110,236478.44483612778,49630.15805117458,57,90.67542125234836,164,Severe,High
2024-05-13,Southwest,Transportation Management,262,556478.5711904708,129140.53454045227,88,87.70821608397405,166,None,Normal
2024-05-04,Southeast,Distribution Center Management,111,312754.33483335434,132402.5757720219,45,79.81923864339967,165,None,Normal
2024-01-24,West,Transportation Management,170,318545.4564173195,106274.59394671478,47,51.40065138883497,94,None,Normal
2023-04-07,Midwest,Supply Chain Solutions,140,378480.48540074343,70192.00910141224,59,28.07810342712459,186,None,Normal
2023-02-12,Northeast,Freight Management,61,129258.83182472004,19915.497452630447,24,83.1071793530726,196,Moderate,Normal
2024-10-15,Northwest,Distribution Center Management,124,183179.59313027374,32024.79503983821,58,43.96863997800845,146,None,Normal
2024-10-15,Northeast,Fleet Maintenance,111,286977.23747931194,22404.184875104722,97,49.39827458322988,187,None,Low
2024-03-16,Midwest,Supply Chain Solutions,111,228517.6163486772,55405.026423067706,60,89.34628339533437,147,None,High
2023-05-12,Northwest,Freight Management,259,516062.74146051344,151801.10802308994,47,57.12777508904426,129,None,Normal
2023-07-29,Southwest,Supply Chain Solutions,83,133909.41391421584,48096.95651997928,58,76.64118316585474,175,None,Low
2024-07-08,Midwest,Fleet Maintenance,175,520045.42402292724,119602.34896370787,91,56.21070361249383,149,Moderate,Normal
2024-03-27,Northwest,Fleet Maintenance,237,330712.76796832174,132002.86114444994,61,76.86639500946416,108,None,Normal
2023-07-28,West,Supply Chain Solutions,178,396750.33267063915,90444.78935541643,53,51.80710950217233,57,None,Normal
2024-06-01,Northwest,Distribution Center Management,96,190637.2565320616,29417.819937141467,20,48.21493258528229,138,Moderate,Low
2024-10-24,Midwest,Dedicated Contract Carriage,159,362091.0207988266,56943.825768188064,49,51.51689612981074,96,None,Normal
2024-11-17,Southwest,Distribution Center Management,101,210978.9865916775,26466.52802846145,23,67.61208132246992,182,None,Normal
2023-12-30,Southwest,Fleet Maintenance,103,164593.66827756198,54729.390495070584,88,60.6604985525561,71,Severe,Normal
2023-06-30,Northeast,Dedicated Contract Carriage,231,271292.62096370885,154442.1485603118,62,37.78435291808965,148,None,Normal
2023-05-30,Northwest,Fleet Maintenance,332,716336.4056783679,212641.49240792397,87,73.95946831262884,88,None,Normal
2023-07-29,Northeast,Freight Management,77,175991.9285241402,34353.24790122457,48,88.01154843984365,145,None,Normal
2024-02-23,Northwest,Dedicated Contract Carriage,291,630408.0390302355,167397.78129028107,88,28.75979944304082,107,None,Normal
2024-11-23,Southwest,Distribution Center Management,77,124013.54800742015,29561.630611181685,63,39.88412416040782,141,Minor,Normal
2024-07-27,Southwest,Fleet Maintenance,55,141851.83261930448,25314.235996202835,60,90.37169019985491,90,None,Normal
2023-05-13,Northwest,Supply Chain Solutions,104,261836.04665765422,57108.618205387604,69,43.346705262633826,53,None,Normal
2023-03-19,Southwest,Supply Chain Solutions,105,288020.59586284007,73078.17794814099,32,63.18294780962701,61,None,Low
2023-12-07,West,Dedicated Contract Carriage,159,274485.8128352551,31272.614239777904,71,49.80919369227875,119,Minor,High
2024-12-17,Northwest,Dedicated Contract Carriage,135,150240.90423130032,44337.91542702993,50,16.676155051902306,104,None,Normal
2023-08-08,Southwest,Supply Chain Solutions,151,325007.35049446934,40174.25495867355,84,81.17241888381305,174,None,High
2023-04-15,West,Transportation Management,97,125627.06369503899,41137.65925906601,94,61.146358196012194,130,None,Normal
2024-05-15,Midwest,Fleet Maintenance,218,587667.980552317,115997.09888227502,81,89.83858403864508,95,Minor,Low
2024-12-05,Northwest,Freight Management,221,500309.7708887215,330381.7120419885,40,57.049761448269585,61,None,Normal
2023-10-05,Northeast,Dedicated Contract Carriage,177,450569.1376245921,38413.70831260026,99,40.931182844308104,77,Moderate,Low
2023-08-25,Northeast,Freight Management,144,251786.65757017798,65396.06346975067,29,78.72299053190532,110,None,Normal
2024-10-27,Northeast,Dedicated Contract Carriage,41,69713.1523221015,28118.48099682571,32,72.73457442778101,194,None,High
2024-10-09,Midwest,Fleet Maintenance,161,329718.48745142214,51583.549030480586,24,73.15428380194254,130,None,High
2023-03-11,Southwest,Supply Chain Solutions,126,139679.08725917403,76001.7439576362,89,69.12891049338197,97,None,Normal
2023-09-24,West,Dedicated Contract Carriage,86,255281.79494904878,31472.323988101274,26,75.92443488108407,59,Minor,Low
2024-02-25,West,Dedicated Contract Carriage,143,399170.0623813471,41384.79038188038,34,69.16976830534807,121,None,Normal
2024-01-11,Northeast,Dedicated Contract Carriage,188,513634.41884737235,44495.08540456384,72,51.75573617629753,159,None,High
2023-12-01,Midwest,Supply Chain Solutions,111,226330.30487434717,35828.96585940455,39,61.545414181788615,110,Moderate,Low
2024-12-11,Northeast,Freight Management,222,554094.6191580675,96708.68809767922,71,61.26209531658596,188,None,Normal
2023-10-12,Midwest,Freight Management,150,337826.32170691784,92751.0105311882,49,67.82909621062903,96,None,Low
2024-06-01,Northwest,Freight Management,112,103931.96515694997,45736.17922090379,68,74.89124429078144,97,Moderate,Low
2024-06-08,Northwest,Freight Management,125,312411.5972329669,93757.60969613741,69,87.41626755708269,178,None,High
2023-04-10,West,Fleet Maintenance,173,420422.21662371047,68944.40470252436,67,60.09929423484199,198,Moderate,High
2024-06-03,Northwest,Transportation Management,103,233915.7345558242,47732.72020856338,73,69.49199352991532,64,None,Normal
2024-07-09,Northwest,Distribution Center Management,202,332659.47214925266,74389.60658446357,45,54.93242379824128,184,Minor,Normal
2024-03-08,Northwest,Distribution Center Management,207,448217.3228106448,61271.54266614106,96,65.27669599503675,139,None,Normal
2024-03-22,Southwest,Dedicated Contract Carriage,186,462732.71997210896,87748.0433833255,96,52.86159217723031,199,None,Normal
2024-09-20,Northwest,Distribution Center Management,111,197605.74821389065,46824.54401379403,38,65.73115563847001,101,None,Normal
2023-03-28,Southeast,Transportation Management,191,399659.68216447043,153828.70956674844,48,34.96937559712919,122,Minor,High
2024-10-14,West,Distribution Center Management,165,289392.7909570589,32227.43736233323,68,59.263562929074574,72,Minor,Normal
2024-04-10,Southeast,Distribution Center Management,159,282035.542072127,74424.20441500568,70,47.31956931898244,189,None,Normal
2023-10-01,Northeast,Fleet Maintenance,80,137848.6151809919,33542.08305337716,38,54.13372564277967,179,None,Low
2023-03-13,Northeast,Transportation Management,224,531410.7154335761,63796.96709769211,84,54.588967436540656,111,None,High
2024-09-05,Northeast,Fleet Maintenance,120,163111.21711447317,38431.68797184808,81,46.42805523421431,62,None,High
2023-05-29,West,Freight Management,253,377696.6943602761,90533.29618790057,24,73.78146602100905,150,Minor,Normal
2024-09-24,Northwest,Supply Chain Solutions,73,146502.14714505285,34803.39867182605,27,55.9070832761368,180,None,High
2024-03-29,Midwest,Transportation Management,265,417215.3786152303,68747.339071898,71,67.56461313716831,81,Moderate,Low
2023-12-23,Northeast,Distribution Center Management,101,180751.1186727935,42792.67185912381,76,48.19089320379246,72,None,Normal
2024-04-10,Midwest,Transportation Management,249,514038.00958978204,65324.84636198192,86,78.41922673135488,129,None,Normal
2023-06-27,Northeast,Fleet Maintenance,240,469568.97836936935,133314.68512909987,41,43.67075789160656,186,Minor,Normal
2024-06-23,Southeast,Freight Management,132,251320.67415269846,46608.51549955942,37,56.24976831341213,72,None,Normal
2023-01-20,Northeast,Supply Chain Solutions,226,224256.65677004436,45125.96008852718,78,41.166600884787265,52,None,High
2024-05-21,Northwest,Distribution Center Management,291,532834.9613984883,179496.91651135267,64,82.83112382128287,87,Moderate,High
2023-08-01,Southeast,Supply Chain Solutions,194,567407.8992544811,40343.50478806224,87,42.59976752060724,131,None,Low
2023-01-30,Southwest,Supply Chain Solutions,183,370114.86249711295,68752.7662241473,88,74.74009191013072,76,Severe,Low
2023-01-08,Northeast,Dedicated Contract Carriage,83,144441.62153643137,47916.72768379654,79,34.369062580769146,61,Minor,High
2023-07-21,Midwest,Transportation Management,225,559579.0259909953,90434.76210297205,73,32.190532899173604,137,Moderate,Normal
2024-12-20,Southwest,Dedicated Contract Carriage,157,310901.5551876782,45628.349455752395,32,74.97439237219287,50,None,Normal
2023-06-15,West,Dedicated Contract Carriage,232,432819.171678769,169831.62328559585,24,57.435024558453826,145,Minor,High
2024-05-16,Midwest,Fleet Maintenance,180,424708.0572073335,63183.657463063006,66,59.24406888586356,81,Minor,Low
2023-06-18,Southwest,Supply Chain Solutions,88,150849.13746797375,27065.46506717307,91,77.9823625026138,175,None,Normal
2023-06-29,Southwest,Fleet Maintenance,237,562028.7569607282,76275.62401305846,65,39.189302368580215,117,None,High
2024-07-25,Northeast,Distribution Center Management,143,368194.7779563818,72293.80817464202,68,89.44706481729209,158,None,High
2023-04-01,Northeast,Fleet Maintenance,76,203546.82602403732,20029.65128454657,55,56.05885897549493,165,None,High
2024-05-07,Southwest,Dedicated Contract Carriage,341,934929.5166847018,120548.18600818762,62,82.20542988640045,69,None,High
2024-07-27,Southwest,Transportation Management,55,123063.72863298017,5764.137805974956,60,43.255655773264685,105,None,Normal
2024-01-30,West,Freight Management,111,167553.03643846884,12322.062472991585,39,20.845672739612958,125,None,Low
2023-02-12,Southwest,Distribution Center Management,73,123536.92240379198,32600.600430713133,30,84.66375114713031,106,Minor,Normal
2024-08-19,West,Dedicated Contract Carriage,197,547380.4957674762,39418.08308973791,85,64.54140512469218,84,None,Normal
2024-08-31,West,Supply Chain Solutions,84,110435.25634893721,20166.118113391665,56,41.48713734776069,189,None,High
2023-12-17,West,Transportation Management,88,156474.5530993087,19336.703229353516,92,43.54858028045055,115,Minor,Low
2023-07-23,Southwest,Freight Management,59,110254.13256983124,26118.163020834934,48,33.07840810872771,50,None,Normal
2023-06-05,West,Transportation Management,188,374674.5075606491,39653.58152897281,98,67.12193095452297,156,None,Normal
2023-03-15,Northeast,Dedicated Contract Carriage,205,281408.035726749,67329.22696021631,52,35.677306374610936,114,None,Normal
2024-10-27,Northwest,Dedicated Contract Carriage,23,33992.054449730116,10009.002231007678,56,46.961144561464025,133,Minor,Normal
2024-06-04,Southeast,Fleet Maintenance,219,278424.31016398297,99814.66917914087,93,83.28791234013106,78,None,Normal
2023-01-08,Midwest,Supply Chain Solutions,113,353801.37000130076,31064.360570003075,98,76.15853213963003,191,None,Normal
2023-05-10,Northwest,Freight Management,165,366525.37284098315,89118.5398524496,56,59.30332988935152,147,None,Normal
2024-08-25,Southeast,Fleet Maintenance,77,150706.9004420804,26603.214958626988,63,76.13951770564817,76,None,Normal
2024-02-01,Northwest,Dedicated Contract Carriage,245,456166.0683250059,141521.10265613275,50,84.77371149706136,160,None,Low
2023-06-03,Southeast,Transportation Management,106,216501.47561448542,41505.21243302606,83,80.55303023535268,158,Minor,High
2023-06-20,Northwest,Supply Chain Solutions,202,315263.94717800454,29085.232584584468,54,34.05792104567213,194,None,Normal
2023-10-04,Northwest,Supply Chain Solutions,69,154030.56336486424,95083.09348252643,45,40.4160557568029,91,None,High
2023-07-11,Southeast,Supply Chain Solutions,219,344791.2187260781,122796.3760577155,76,60.157448976286,72,None,High
2023-09-22,Southeast,Distribution Center Management,158,237065.72601089583,83815.31326324515,93,79.4886684508238,72,None,Normal
2023-02-17,Southwest,Supply Chain Solutions,241,620498.706857901,123709.52533922307,56,49.8332389291511,141,None,Normal
2023-01-20,West,Supply Chain Solutions,148,180400.0293102985,68212.52417763809,65,55.85032483569252,189,Minor,High
2024-10-28,Northeast,Dedicated Contract Carriage,178,418991.5298891364,78591.18415610866,70,50.45056504440601,65,None,Normal
2023-06-25,Southeast,Distribution Center Management,131,251299.97854596164,54236.30744636254,31,66.44862551427084,192,None,Normal
2023-02-23,Northwest,Fleet Maintenance,134,273801.3325717197,48441.98030710666,53,32.208513171355456,158,None,Low
2023-01-06,Northeast,Freight Management,74,181276.36742340095,23796.935583051523,85,74.03872816302189,135,None,Normal
2024-01-19,West,Freight Management,222,463611.63375223486,85181.84003875508,48,63.69779535025424,67,None,Normal
2023-09-13,Northeast,Transportation Management,158,159960.32513091245,48655.90903646851,99,85.65752965576621,196,Minor,Normal
2023-02-27,Northwest,Transportation Management,207,517903.93541384157,75448.66831816068,94,70.56366118410044,104,Minor,High
2024-11-08,Southwest,Distribution Center Management,187,253872.73024614423,31674.844527533347,28,86.89603331954099,120,Minor,Normal
2023-09-19,Southwest,Fleet Maintenance,134,374238.69004967867,59366.95063589205,24,47.837772434553386,137,None,Low
2023-08-10,Northwest,Fleet Maintenance,146,207232.23069700183,66134.81558798837,86,70.74407158054102,184,None,High
2024-09-20,Northwest,Freight Management,123,157660.47081038865,37392.38940340665,85,72.40242006225583,86,None,Normal
2023-07-15,Midwest,Distribution Center Management,60,106023.51275946382,24145.632980380273,25,40.362130981480185,198,Severe,Low
2023-09-15,Southeast,Freight Management,183,423118.36988483055,25476.478329397785,84,85.39770927475546,62,Moderate,Normal
2024-04-21,Southwest,Transportation Management,98,281752.0888306831,29016.99380877861,32,57.37820132689963,194,None,Normal
2023-01-07,Midwest,Fleet Maintenance,52,53703.8882600394,24879.549685087226,72,58.065257040762056,113,None,Normal
2023-03-19,Southeast,Distribution Center Management,122,255353.0206886908,43985.640597362115,68,33.44164250364787,142,Moderate,High
2023-06-13,Northwest,Freight Management,256,548795.7316688435,95570.99816046555,31,75.08103868838445,118,Minor,High
2024-04-11,Northeast,Supply Chain Solutions,185,296663.3344140216,119005.79550904281,68,61.61430166682757,160,None,Normal
2023-04-15,Northwest,Distribution Center Management,124,381932.8845372656,49195.57387788519,46,55.221200245203676,191,Minor,Normal
2023-04-18,Northwest,Supply Chain Solutions,167,237176.61641354667,121522.60492711308,43,59.05322561383283,81,None,Low
2023-10-22,Midwest,Transportation Management,44,65068.633431663104,11197.816189163384,65,94.82266858137567,116,Minor,Normal
2024-02-13,Midwest,Distribution Center Management,271,577083.7670419081,53866.93811191318,28,79.33341742573765,199,None,Normal
2023-01-28,Southwest,Transportation Management,108,242665.2727671179,69256.77068176663,88,84.63827372574413,54,None,High
2024-06-22,West,Dedicated Contract Carriage,132,316842.3126459269,96359.4458406275,49,63.91579784183743,52,Severe,High
2023-02-12,West,Distribution Center Management,157,301254.4694294488,55185.39860672395,28,62.82358354982996,196,None,Normal
2024-06-04,Midwest,Distribution Center Management,79,143449.03465215347,57430.51714664629,24,85.3711043386737,168,None,Low
2024-03-10,Northeast,Dedicated Contract Carriage,79,160711.38041799102,16226.601144688739,84,70.75312690800018,150,None,Normal
2024-09-15,Northwest,Transportation Management,78,98965.56619364518,19181.445461904426,42,42.965557084293984,156,Moderate,Normal
2023-06-11,Northeast,Fleet Maintenance,111,263895.48440980114,71815.10456492325,68,41.072114495980614,120,None,Normal
2023-10-01,West,Distribution Center Management,76,139209.750463666,18770.222346502444,41,54.039152802306155,154,None,Normal
2024-06-21,West,Fleet Maintenance,81,116223.72168455685,31704.73050936998,43,57.65774949619404,98,None,High
2024-08-14,Northeast,Freight Management,143,242620.2204887603,117270.50617540922,57,43.10211234824589,89,None,Normal
2023-06-19,Southwest,Dedicated Contract Carriage,196,337762.5899291798,65122.60360345044,52,41.82239878200817,93,None,High
2024-09-10,West,Fleet Maintenance,140,324126.740280634,55809.69100823093,77,53.62441786595683,70,None,Low
2023-07-06,Midwest,Fleet Maintenance,175,250472.73117498803,56915.24703268117,23,44.14059996639053,61,None,Normal
2024-01-27,West,Supply Chain Solutions,70,100296.08024430451,11433.174686364222,25,28.33356131902054,107,Minor,Normal
2023-10-07,Southeast,Dedicated Contract Carriage,43,88383.36696968548,14270.770085146889,30,54.32147490865695,120,None,Normal
2024-03-14,Northeast,Supply Chain Solutions,141,309567.8721821693,85024.75089049546,97,62.03303074903742,83,Minor,Normal
2023-05-31,Northeast,Transportation Management,254,581269.4067957363,75530.8759141128,42,25.660933212145338,179,None,Normal
2024-10-12,Midwest,Dedicated Contract Carriage,106,272025.5627913445,34337.83498929898,35,31.46118606862466,173,Severe,Low
2024-03-10,Southeast,Transportation Management,73,195484.25865965502,53526.9904421352,27,21.021060714621022,169,None,Normal
2023-07-10,Southwest,Dedicated Contract Carriage,160,346012.0201579679,47370.95831868994,66,59.567738499563404,58,None,Low
2023-02-28,Northeast,Dedicated Contract Carriage,328,884714.0888881943,125938.26060422024,20,57.110485378314266,170,Minor,Normal
