lead_id,company_name,industry,company_size,region,estimated_annual_revenue,current_logistics_provider,services_interested,lead_source,engagement_score,days_in_pipeline,num_interactions,decision_maker_contact,budget_confirmed,converted,contract_value_if_converted
LEAD-20000,Prospect_0,Healthcare,Medium,Southwest,11487947.611884672,Competitor B,Dedicated Contract Carriage,Referral,58.319409712764966,21.25986225254914,8,False,False,False,0.0
LEAD-20001,Prospect_1,Retail,Small,Midwest,364413.1978307979,Competitor A,"Fleet Maintenance,Supply Chain Solutions,Freight Management",Website,30.697161294163433,14.702826311313016,7,True,True,False,0.0
LEAD-20002,Prospect_2,E-commerce,Small,Northeast,1653930.3655847723,Competitor B,"Supply Chain Solutions,Transportation Management,Fleet Maintenance",Website,34.90724271430093,48.59225286146599,3,False,True,False,0.0
LEAD-20003,Prospect_3,Manufacturing,Medium,Northwest,4992600.817071234,Multiple,"Supply Chain Solutions,Distribution Center Management",Referral,27.027403982127584,209.09567336598326,8,True,False,False,0.0
LEAD-20004,Prospect_4,Automotive,Large,West,155620973.75071403,None,"Supply Chain Solutions,Fleet Maintenance",Trade Show,51.56045799262746,20.316554500077828,5,True,True,False,0.0
LEAD-20005,Prospect_5,E-commerce,Medium,West,9489176.916813444,None,Distribution Center Management,Marketing Campaign,36.82430334913853,59.376273737274275,5,False,True,False,0.0
LEAD-20006,Prospect_6,Technology,Medium,Northwest,4682882.262650544,Competitor A,Fleet Maintenance,Referral,42.6244956606766,9.38155531889401,7,True,False,True,49792.55053750963
LEAD-20007,Prospect_7,Automotive,Medium,Southeast,21375576.657177567,None,"Dedicated Contract Carriage,Freight Management",Cold Call,31.651214122194705,7.213350645857068,7,False,False,False,0.0
LEAD-20008,Prospect_8,Healthcare,Medium,Southwest,11946088.148808962,Competitor B,"Fleet Maintenance,Freight Management,Transportation Management",Referral,56.978376644567575,54.23966006747612,8,False,False,False,0.0
LEAD-20009,Prospect_9,Food & Beverage,Enterprise,Southwest,603381238.0735145,None,"Fleet Maintenance,Freight Management",Marketing Campaign,40.910417591440606,62.28775266442156,1,False,False,False,0.0
LEAD-20010,Prospect_10,Consumer Goods,Enterprise,West,282724020.14877445,Competitor B,Dedicated Contract Carriage,Cold Call,42.2652440799602,44.53824562236429,2,True,True,False,0.0
LEAD-20011,Prospect_11,Retail,Large,Northwest,43489264.64655099,Multiple,"Freight Management,Transportation Management",Cold Call,17.02540149617859,5.663188367506375,7,False,True,False,0.0
LEAD-20012,Prospect_12,Consumer Goods,Enterprise,Midwest,146236449.0095448,None,"Supply Chain Solutions,Fleet Maintenance",Trade Show,40.61686854591023,4.760528243355487,5,False,False,True,1206184.0409644563
LEAD-20013,Prospect_13,E-commerce,Medium,West,16113409.61327366,None,"Supply Chain Solutions,Dedicated Contract Carriage,Transportation Management",Referral,62.15881252222943,32.43329895320248,1,True,False,True,240663.69375832673
LEAD-20014,Prospect_14,Automotive,Small,West,540873.3088857663,None,"Freight Management,Fleet Maintenance",Trade Show,32.78266255784124,2.810797333812993,2,False,True,False,0.0
LEAD-20015,Prospect_15,Automotive,Small,West,2016000.6536804107,Competitor A,"Supply Chain Solutions,Transportation Management,Dedicated Contract Carriage",Marketing Campaign,29.98555262304307,48.88781592778492,9,True,False,True,23787.424659242657
LEAD-20016,Prospect_16,Healthcare,Small,Northeast,9764767.333747562,Multiple,Distribution Center Management,Cold Call,49.701947313784615,19.83987947657446,7,False,False,False,0.0
LEAD-20017,Prospect_17,Retail,Small,Southeast,7638413.204665023,Competitor A,Distribution Center Management,Cold Call,60.06326276787613,54.47930951902338,6,False,True,False,0.0
LEAD-20018,Prospect_18,Technology,Small,Southeast,816009.4769858075,In-house,"Freight Management,Transportation Management,Distribution Center Management",Trade Show,70.09621775894767,61.251827160224884,4,False,False,False,0.0
LEAD-20019,Prospect_19,Consumer Goods,Enterprise,Southwest,847067615.1788576,Competitor A,Supply Chain Solutions,Website,29.512287558044264,47.56522871509246,8,True,False,False,0.0
LEAD-20020,Prospect_20,Automotive,Small,Northeast,1933008.7408692585,Competitor A,Distribution Center Management,Cold Call,37.75669378170908,30.16655481086892,7,False,True,False,0.0
LEAD-20021,Prospect_21,Technology,Medium,Midwest,12109970.206506494,In-house,"Dedicated Contract Carriage,Freight Management,Supply Chain Solutions",Cold Call,21.023577844113305,46.7870949703222,2,False,True,True,157633.22369024612
LEAD-20022,Prospect_22,Food & Beverage,Large,Northwest,203585326.678809,Competitor B,Transportation Management,Referral,11.173330571943303,20.758549561945088,4,True,True,False,0.0
LEAD-20023,Prospect_23,Healthcare,Large,West,43455202.50427794,Competitor A,Distribution Center Management,Referral,47.16944580209014,26.533737474594464,5,False,True,False,0.0
LEAD-20024,Prospect_24,Automotive,Medium,Northwest,14828262.84548682,In-house,"Distribution Center Management,Freight Management",Website,10.383138186902029,19.0213168750976,4,False,False,True,86106.93666067267
LEAD-20025,Prospect_25,Healthcare,Enterprise,Northeast,725341572.9811047,Competitor A,Freight Management,Referral,58.7478801555692,42.42908816134793,9,True,True,False,0.0
LEAD-20026,Prospect_26,Consumer Goods,Medium,Northwest,2967488.079812222,Competitor A,Freight Management,Marketing Campaign,23.093223502792696,18.17426842665367,10,True,True,False,0.0
LEAD-20027,Prospect_27,Automotive,Medium,Northwest,26704640.142138526,None,"Supply Chain Solutions,Transportation Management",Cold Call,37.11153487799167,124.91587395532905,7,False,False,False,0.0
LEAD-20028,Prospect_28,Consumer Goods,Medium,Northeast,722838.6723863501,In-house,"Freight Management,Distribution Center Management",Cold Call,10.691727592555512,100.31260567245019,2,True,False,False,0.0
LEAD-20029,Prospect_29,Automotive,Large,Northwest,45529651.156061456,Competitor B,"Transportation Management,Freight Management,Dedicated Contract Carriage",Cold Call,35.84309337453775,28.461073225291077,4,True,False,False,0.0
LEAD-20030,Prospect_30,Consumer Goods,Medium,Midwest,12167781.55413037,Competitor A,Dedicated Contract Carriage,Referral,27.118486241218214,31.55485243590591,2,True,False,True,139572.01814719944
LEAD-20031,Prospect_31,Technology,Enterprise,Midwest,650704684.1120368,In-house,"Transportation Management,Fleet Maintenance,Dedicated Contract Carriage",Cold Call,51.8528187544518,61.500891021107876,4,True,False,True,3644374.214275613
LEAD-20032,Prospect_32,Healthcare,Small,Southeast,1324754.385855659,Competitor B,Dedicated Contract Carriage,Marketing Campaign,21.334189163333033,74.40013252976316,5,True,False,False,0.0
LEAD-20033,Prospect_33,Healthcare,Medium,Southwest,10452176.303365782,Competitor B,Fleet Maintenance,Cold Call,60.94204215086921,93.53111249801542,6,True,True,False,0.0
LEAD-20034,Prospect_34,Technology,Medium,West,4270802.117437618,None,"Supply Chain Solutions,Distribution Center Management,Transportation Management",Website,34.65523619993079,7.848848208541343,3,True,True,False,0.0
LEAD-20035,Prospect_35,E-commerce,Large,Southeast,33628688.94157485,Multiple,"Freight Management,Distribution Center Management",Referral,29.042782786284864,0.4531069177101695,7,False,True,True,361311.31245826563
LEAD-20036,Prospect_36,Technology,Medium,Southwest,8599572.143127168,In-house,"Freight Management,Supply Chain Solutions",Marketing Campaign,35.46642601931218,2.635008021187659,7,True,False,True,98746.0518615423
LEAD-20037,Prospect_37,Technology,Enterprise,Midwest,1109758511.1001108,Competitor B,"Dedicated Contract Carriage,Transportation Management,Freight Management",Trade Show,12.817851886316541,132.51306983599358,5,False,False,False,0.0
LEAD-20038,Prospect_38,Manufacturing,Medium,Southeast,25344509.52097013,Competitor B,Fleet Maintenance,Website,34.86712346974399,6.689126555856601,6,False,True,False,0.0
LEAD-20039,Prospect_39,Technology,Enterprise,Southeast,794881381.7406585,Multiple,"Supply Chain Solutions,Fleet Maintenance,Distribution Center Management",Trade Show,45.116801634905976,117.59367812108528,6,True,False,False,0.0
LEAD-20040,Prospect_40,Retail,Medium,West,18073898.09361324,In-house,"Distribution Center Management,Freight Management",Website,38.56979376638859,91.08128995944534,3,False,False,False,0.0
LEAD-20041,Prospect_41,Manufacturing,Medium,Midwest,8833530.790246796,Competitor B,"Distribution Center Management,Supply Chain Solutions",Trade Show,56.964536422015144,73.32828266484503,3,True,False,False,0.0
LEAD-20042,Prospect_42,Manufacturing,Enterprise,West,305113210.28995335,None,Transportation Management,Website,27.8597346990205,46.80935767027201,5,True,False,False,0.0
LEAD-20043,Prospect_43,Automotive,Large,Northwest,43397773.825152114,In-house,"Fleet Maintenance,Transportation Management",Website,19.34661972607287,38.96070764280167,5,True,False,False,0.0
LEAD-20044,Prospect_44,E-commerce,Medium,Southwest,4586252.197861247,In-house,"Transportation Management,Distribution Center Management,Fleet Maintenance",Website,58.22039762367142,53.537575257026596,6,False,False,False,0.0
LEAD-20045,Prospect_45,Technology,Medium,Northeast,5365670.21682854,Competitor A,Distribution Center Management,Trade Show,6.758823498629835,13.628215209064615,4,True,True,False,0.0
LEAD-20046,Prospect_46,Manufacturing,Medium,Southwest,17567152.1991394,Competitor B,Distribution Center Management,Cold Call,14.117183683947326,178.32159242946523,4,True,False,False,0.0
LEAD-20047,Prospect_47,Manufacturing,Small,Midwest,2534477.0639541596,Competitor B,"Dedicated Contract Carriage,Distribution Center Management",Website,13.062344404860502,68.9037928129484,3,True,True,False,0.0
LEAD-20048,Prospect_48,Manufacturing,Medium,Southwest,6219100.362003376,Competitor B,"Freight Management,Supply Chain Solutions,Fleet Maintenance",Trade Show,35.03633809514971,1.0167611896311517,5,True,True,True,84567.19516790326
LEAD-20049,Prospect_49,Automotive,Large,Northwest,83845419.16686754,Competitor A,"Fleet Maintenance,Distribution Center Management,Transportation Management",Website,25.828494188433915,83.3739331230567,6,True,False,False,0.0
LEAD-20050,Prospect_50,Healthcare,Large,West,180631749.37968722,Competitor B,"Transportation Management,Fleet Maintenance",Website,51.43448143404636,26.589126350228128,2,True,False,False,0.0
LEAD-20051,Prospect_51,Automotive,Large,Northwest,128757685.34294039,Competitor A,Supply Chain Solutions,Trade Show,31.820600483376282,52.38933266822043,5,True,True,False,0.0
LEAD-20052,Prospect_52,E-commerce,Small,Southeast,1762119.6758232696,Competitor A,"Distribution Center Management,Supply Chain Solutions",Marketing Campaign,55.44593122853296,5.298107847438505,6,True,False,False,0.0
LEAD-20053,Prospect_53,Healthcare,Enterprise,West,128898238.27306668,In-house,"Freight Management,Dedicated Contract Carriage",Trade Show,19.337212740449694,56.65701344912933,5,True,True,False,0.0
LEAD-20054,Prospect_54,E-commerce,Large,Northeast,62624060.65554566,In-house,"Transportation Management,Fleet Maintenance",Website,27.650387671610922,2.7296964324977653,4,False,False,True,408258.7651540325
LEAD-20055,Prospect_55,E-commerce,Medium,West,11141253.368218124,Competitor B,"Distribution Center Management,Dedicated Contract Carriage,Transportation Management",Referral,59.366953778708385,14.83765742056724,6,False,False,False,0.0
LEAD-20056,Prospect_56,Healthcare,Small,Northeast,1628875.9608115065,Competitor B,"Fleet Maintenance,Supply Chain Solutions",Referral,48.68817801221471,59.14140413735408,3,False,False,True,13192.403571987923
LEAD-20057,Prospect_57,Technology,Large,Northwest,4872611.917664322,In-house,"Transportation Management,Supply Chain Solutions,Fleet Maintenance",Cold Call,10.501280227459988,35.65695675636249,3,True,False,False,0.0
LEAD-20058,Prospect_58,Food & Beverage,Medium,Northwest,14306726.488873554,Competitor A,"Supply Chain Solutions,Fleet Maintenance",Website,36.07552499037314,64.56217199494971,7,True,True,False,0.0
LEAD-20059,Prospect_59,Food & Beverage,Medium,Midwest,39301970.42528453,Multiple,"Dedicated Contract Carriage,Supply Chain Solutions",Marketing Campaign,12.10638996391001,10.698180658042967,4,False,True,False,0.0
LEAD-20060,Prospect_60,Technology,Small,Midwest,596338.0289745278,Competitor A,Fleet Maintenance,Trade Show,41.35271408672545,127.06848954457453,9,True,False,False,0.0
LEAD-20061,Prospect_61,Automotive,Large,Northwest,122373127.62814836,Competitor B,Dedicated Contract Carriage,Referral,37.08154768079207,24.855043577391505,5,True,False,True,715610.8618570379
LEAD-20062,Prospect_62,E-commerce,Enterprise,Southeast,943456259.536449,Competitor A,Dedicated Contract Carriage,Website,71.99503246248405,2.3112843994979375,6,False,True,True,13469268.317082627
LEAD-20063,Prospect_63,E-commerce,Medium,Southwest,10498477.998410663,Competitor B,"Supply Chain Solutions,Dedicated Contract Carriage",Marketing Campaign,73.98691704856509,102.5090117845998,5,True,False,False,0.0
LEAD-20064,Prospect_64,Technology,Medium,Northeast,19993660.67463314,Multiple,"Dedicated Contract Carriage,Transportation Management,Distribution Center Management",Referral,44.11500418585432,19.308383671859985,2,True,False,False,0.0
LEAD-20065,Prospect_65,Retail,Medium,Northeast,26369641.164172478,In-house,Supply Chain Solutions,Referral,33.63011236888011,133.81138076473803,5,False,False,False,0.0
LEAD-20066,Prospect_66,Healthcare,Small,Southwest,519593.49683504045,Competitor A,"Transportation Management,Fleet Maintenance",Referral,32.61779998697868,16.097646173386334,2,False,True,False,0.0
LEAD-20067,Prospect_67,Technology,Medium,Southeast,21361800.054326944,Competitor B,"Dedicated Contract Carriage,Freight Management",Cold Call,45.85615675142613,24.359335984907712,7,True,False,False,0.0
LEAD-20068,Prospect_68,Technology,Small,Midwest,485490.9739095688,Multiple,"Supply Chain Solutions,Dedicated Contract Carriage",Website,37.93237392720312,45.30724908798659,7,True,True,False,0.0
LEAD-20069,Prospect_69,Healthcare,Medium,Southwest,78628059.15433134,In-house,"Supply Chain Solutions,Distribution Center Management",Website,41.35477281639738,120.18194188377817,6,True,False,False,0.0
LEAD-20070,Prospect_70,Retail,Large,Southeast,26248197.542209227,Competitor B,Transportation Management,Website,20.228417578067862,40.969408703033444,6,True,False,False,0.0
LEAD-20071,Prospect_71,Retail,Large,Southwest,48921981.975323066,None,Supply Chain Solutions,Trade Show,59.05097046052037,10.765811396152621,5,False,False,False,0.0
LEAD-20072,Prospect_72,Consumer Goods,Enterprise,Midwest,558916092.3129481,Competitor B,"Freight Management,Supply Chain Solutions,Fleet Maintenance",Marketing Campaign,33.048874603205746,14.582385908265843,6,False,True,False,0.0
LEAD-20073,Prospect_73,E-commerce,Large,Northwest,186626995.7014401,Competitor B,"Freight Management,Transportation Management,Fleet Maintenance",Marketing Campaign,22.849122885025547,0.28721249476886473,4,False,True,False,0.0
LEAD-20074,Prospect_74,Retail,Medium,Southeast,5535502.7237121,None,Freight Management,Trade Show,25.458357424866733,0.5880612784937136,8,False,False,False,0.0
LEAD-20075,Prospect_75,Retail,Medium,West,7269060.383195893,Multiple,"Supply Chain Solutions,Fleet Maintenance,Dedicated Contract Carriage",Website,26.142018590297223,12.138369180594282,7,True,False,True,46310.276180348344
LEAD-20076,Prospect_76,E-commerce,Small,West,178665.34191406638,Multiple,"Fleet Maintenance,Supply Chain Solutions",Trade Show,54.20041536946927,36.25825774186367,9,False,True,False,0.0
LEAD-20077,Prospect_77,Automotive,Small,Southeast,15416712.088704385,None,"Dedicated Contract Carriage,Supply Chain Solutions",Cold Call,13.235486338599076,1.2914017955651234,3,True,True,False,0.0
LEAD-20078,Prospect_78,Manufacturing,Small,Northeast,523277.1964853393,Multiple,"Transportation Management,Fleet Maintenance",Marketing Campaign,13.169581743466285,31.023695943688544,12,False,True,False,0.0
LEAD-20079,Prospect_79,Automotive,Large,Southeast,109986962.37364514,None,"Freight Management,Distribution Center Management",Trade Show,27.78596921246221,11.727857346750463,10,True,False,False,0.0
LEAD-20080,Prospect_80,Manufacturing,Medium,West,105833738.16581285,Competitor B,Fleet Maintenance,Website,9.84143358413559,95.99563560476804,6,False,False,False,0.0
LEAD-20081,Prospect_81,Food & Beverage,Small,Northwest,981648.6594142076,Competitor B,"Fleet Maintenance,Transportation Management",Trade Show,10.494065442773284,93.09536893139268,9,True,False,False,0.0
LEAD-20082,Prospect_82,E-commerce,Medium,Southeast,15866531.587360553,Competitor B,"Supply Chain Solutions,Freight Management",Referral,37.172236406939206,130.1329179074088,8,True,True,False,0.0
LEAD-20083,Prospect_83,Food & Beverage,Medium,Midwest,2503837.164146407,In-house,"Freight Management,Distribution Center Management,Transportation Management",Trade Show,27.797879621285897,183.2243258051716,4,True,False,False,0.0
LEAD-20084,Prospect_84,Food & Beverage,Enterprise,Midwest,937973787.0602624,In-house,Fleet Maintenance,Website,50.835541910436966,35.99181210504797,4,False,True,True,11775611.514622455
LEAD-20085,Prospect_85,Automotive,Small,Northeast,1698009.8292453694,Competitor A,"Transportation Management,Distribution Center Management",Cold Call,29.151747142842694,32.36109008233931,6,True,False,False,0.0
LEAD-20086,Prospect_86,Food & Beverage,Medium,Northeast,24259412.795397814,Multiple,"Fleet Maintenance,Supply Chain Solutions",Cold Call,13.790958198923528,4.253616080151218,4,False,False,False,0.0
LEAD-20087,Prospect_87,Automotive,Large,West,44350351.84302536,None,"Distribution Center Management,Transportation Management,Supply Chain Solutions",Website,27.59555206266669,34.00964996120691,4,True,True,False,0.0
LEAD-20088,Prospect_88,Manufacturing,Enterprise,Midwest,1211287521.7296298,Competitor B,"Dedicated Contract Carriage,Transportation Management,Freight Management",Referral,12.446893141956625,65.7161549793002,3,True,True,False,0.0
LEAD-20089,Prospect_89,Technology,Medium,Midwest,6869161.913603183,Multiple,"Dedicated Contract Carriage,Freight Management",Website,5.811406687120215,63.20335633335455,8,False,False,False,0.0
LEAD-20090,Prospect_90,Retail,Enterprise,Northwest,328468095.6313952,Competitor B,"Dedicated Contract Carriage,Fleet Maintenance,Freight Management",Website,29.024625700293655,22.014324338011395,7,False,True,False,0.0
LEAD-20091,Prospect_91,Consumer Goods,Large,Southwest,92444403.1963839,Competitor B,"Freight Management,Transportation Management,Fleet Maintenance",Cold Call,29.546126788245264,36.58050498925159,5,True,False,False,0.0
LEAD-20092,Prospect_92,Healthcare,Large,Southeast,191424783.28824723,Competitor A,"Fleet Maintenance,Freight Management,Dedicated Contract Carriage",Cold Call,10.01915607441091,46.356867530479754,3,True,False,False,0.0
LEAD-20093,Prospect_93,Automotive,Small,West,2518610.2434045672,Competitor A,Dedicated Contract Carriage,Referral,33.97039627273403,5.211215642634325,7,True,False,False,0.0
LEAD-20094,Prospect_94,Manufacturing,Small,West,871785.3403593954,Multiple,"Distribution Center Management,Transportation Management,Dedicated Contract Carriage",Cold Call,34.63576971240514,5.695672973954619,4,True,True,False,0.0
LEAD-20095,Prospect_95,Food & Beverage,Small,Southeast,5733911.329747663,In-house,"Transportation Management,Fleet Maintenance,Dedicated Contract Carriage",Cold Call,19.148695376627952,3.0214323356599397,5,False,True,False,0.0
LEAD-20096,Prospect_96,Food & Beverage,Small,Northwest,606732.2330067189,Competitor B,"Supply Chain Solutions,Transportation Management,Freight Management",Marketing Campaign,42.60253929239672,27.090681421366973,4,False,False,False,0.0
LEAD-20097,Prospect_97,Retail,Small,Southwest,3158043.7095989464,Multiple,"Distribution Center Management,Dedicated Contract Carriage,Fleet Maintenance",Website,22.312774102347056,2.783629026944702,6,True,False,False,0.0
LEAD-20098,Prospect_98,Food & Beverage,Large,Southeast,57038120.145193785,Competitor A,Freight Management,Trade Show,69.1048506792253,40.60731462682767,8,True,False,False,0.0
LEAD-20099,Prospect_99,E-commerce,Medium,Northeast,6176875.316505275,None,"Supply Chain Solutions,Distribution Center Management",Referral,46.424129300685784,62.44937702975165,7,False,False,True,64083.52005517849
LEAD-20100,Prospect_100,Automotive,Large,Northwest,32537301.663268242,In-house,Dedicated Contract Carriage,Trade Show,46.744527589082885,21.423707840718897,5,False,True,True,476496.0689092248
LEAD-20101,Prospect_101,Healthcare,Medium,Midwest,2647197.9436316383,Competitor B,"Fleet Maintenance,Distribution Center Management",Cold Call,46.51125663584286,59.63433457462318,7,True,False,False,0.0
LEAD-20102,Prospect_102,Technology,Medium,Northeast,2778067.498989999,None,Distribution Center Management,Referral,30.513842469520462,41.87938548911193,5,True,True,False,0.0
LEAD-20103,Prospect_103,E-commerce,Small,Southwest,3333439.14767264,In-house,"Transportation Management,Fleet Maintenance",Marketing Campaign,28.227235579796883,3.345696244744677,3,True,True,False,0.0
LEAD-20104,Prospect_104,Technology,Small,Southwest,1007638.2052386961,Multiple,"Freight Management,Transportation Management,Fleet Maintenance",Marketing Campaign,60.55469665192066,35.826745108991666,6,True,False,False,0.0
LEAD-20105,Prospect_105,E-commerce,Small,Northeast,2455472.8349686447,Multiple,"Transportation Management,Fleet Maintenance",Trade Show,78.82659880677934,97.87523327390541,9,False,False,False,0.0
LEAD-20106,Prospect_106,Retail,Large,West,226769464.31375292,Competitor A,"Fleet Maintenance,Supply Chain Solutions",Marketing Campaign,25.464664654275758,22.093814839618506,4,True,False,False,0.0
LEAD-20107,Prospect_107,Technology,Small,Southeast,880248.6279468737,Competitor B,Freight Management,Cold Call,38.13506596637607,14.277823421616386,4,False,False,False,0.0
LEAD-20108,Prospect_108,Manufacturing,Medium,Northwest,5091027.950199029,Competitor A,"Supply Chain Solutions,Distribution Center Management,Freight Management",Website,32.090020628620955,32.358344657212776,7,False,False,False,0.0
LEAD-20109,Prospect_109,Technology,Medium,Southeast,10965621.587812766,Competitor A,Fleet Maintenance,Referral,28.010473167184184,12.344913453800727,3,False,False,False,0.0
LEAD-20110,Prospect_110,Retail,Small,West,5883756.630560182,In-house,"Fleet Maintenance,Transportation Management",Referral,14.215838134792078,8.254469876155937,8,True,False,False,0.0
LEAD-20111,Prospect_111,Manufacturing,Large,Northwest,24877891.61159568,Multiple,"Freight Management,Transportation Management,Dedicated Contract Carriage",Website,28.61024461280084,138.70095395310213,7,True,True,True,164795.72514238334
LEAD-20112,Prospect_112,E-commerce,Medium,Northwest,6736597.048376183,In-house,"Supply Chain Solutions,Dedicated Contract Carriage,Transportation Management",Marketing Campaign,27.521908988636675,13.07805199872649,2,False,False,False,0.0
LEAD-20113,Prospect_113,Automotive,Medium,Northwest,88264231.65271299,Competitor A,"Fleet Maintenance,Supply Chain Solutions",Trade Show,62.97451336167573,32.20703022081457,5,True,True,False,0.0
LEAD-20114,Prospect_114,Healthcare,Small,Southwest,3019368.176091287,None,"Distribution Center Management,Fleet Maintenance",Cold Call,25.26441668097281,21.93103333256883,6,True,True,False,0.0
LEAD-20115,Prospect_115,E-commerce,Medium,Northeast,6898562.232986692,Competitor B,"Dedicated Contract Carriage,Distribution Center Management,Freight Management",Marketing Campaign,57.144275028563605,88.36592213430743,5,True,False,False,0.0
LEAD-20116,Prospect_116,Manufacturing,Large,Midwest,141406695.5906779,In-house,"Fleet Maintenance,Freight Management",Cold Call,25.569950103270877,42.066246683735784,7,True,True,False,0.0
LEAD-20117,Prospect_117,Food & Beverage,Medium,Southeast,122932178.63076772,In-house,"Transportation Management,Distribution Center Management,Dedicated Contract Carriage",Trade Show,81.76340053921624,67.96693755421066,2,True,False,False,0.0
LEAD-20118,Prospect_118,Food & Beverage,Medium,West,4016966.006254272,Competitor B,Freight Management,Trade Show,40.40205723292188,20.100193088101385,5,True,False,True,50979.607410492776
LEAD-20119,Prospect_119,Manufacturing,Large,Southeast,78884975.51203926,Multiple,"Transportation Management,Fleet Maintenance",Marketing Campaign,32.702070845413886,1.2128190925915414,6,True,False,False,0.0
LEAD-20120,Prospect_120,Manufacturing,Medium,West,32108589.835246462,In-house,"Freight Management,Distribution Center Management,Dedicated Contract Carriage",Website,31.901818537407312,3.2109209627426845,9,True,False,False,0.0
LEAD-20121,Prospect_121,Retail,Small,Southeast,1538386.8453721972,Multiple,"Freight Management,Transportation Management,Distribution Center Management",Referral,21.905389151386967,74.34635555218279,1,True,True,False,0.0
LEAD-20122,Prospect_122,E-commerce,Large,Southeast,40804796.25333767,Competitor A,Dedicated Contract Carriage,Trade Show,44.54973985282372,4.644921604304424,6,True,True,False,0.0
LEAD-20123,Prospect_123,Healthcare,Medium,Southeast,5381662.037262269,In-house,"Fleet Maintenance,Dedicated Contract Carriage,Supply Chain Solutions",Cold Call,10.181970627367903,80.75035016323785,6,False,False,False,0.0
LEAD-20124,Prospect_124,E-commerce,Small,Southwest,2462538.9506916464,None,Freight Management,Website,64.66197337127402,9.508375855487538,9,False,True,False,0.0
LEAD-20125,Prospect_125,Healthcare,Small,Southwest,706287.2013342287,None,"Distribution Center Management,Freight Management",Marketing Campaign,26.44625576541863,4.521536082576892,4,True,True,False,0.0
LEAD-20126,Prospect_126,Manufacturing,Enterprise,Midwest,615863887.1358359,Competitor A,"Fleet Maintenance,Freight Management",Website,56.0728430074141,105.26609700814262,7,True,False,False,0.0
LEAD-20127,Prospect_127,E-commerce,Small,Northwest,95572.47682093053,Competitor A,Fleet Maintenance,Trade Show,31.628136317372345,26.6479605021309,4,False,False,True,772.3101439627028
LEAD-20128,Prospect_128,Consumer Goods,Enterprise,Northeast,823582780.082532,None,"Dedicated Contract Carriage,Fleet Maintenance,Transportation Management",Website,27.766605148876693,4.085129286189527,3,True,False,False,0.0
LEAD-20129,Prospect_129,Healthcare,Medium,Southwest,7189826.067506743,Competitor B,"Dedicated Contract Carriage,Freight Management",Website,19.737840840499945,25.289808326549277,5,True,True,False,0.0
LEAD-20130,Prospect_130,E-commerce,Large,Northeast,113124883.35540646,In-house,Freight Management,Website,25.498728379046064,107.56719193323958,2,False,True,False,0.0
LEAD-20131,Prospect_131,Technology,Medium,Southwest,15973067.95518117,Multiple,"Fleet Maintenance,Dedicated Contract Carriage,Freight Management",Marketing Campaign,65.55647945865405,113.82348084226068,7,True,False,False,0.0
LEAD-20132,Prospect_132,Food & Beverage,Small,Southwest,924218.0772668319,Competitor B,"Transportation Management,Freight Management,Dedicated Contract Carriage",Trade Show,55.50316475104101,37.68284797153984,7,False,False,False,0.0
LEAD-20133,Prospect_133,Manufacturing,Large,Northwest,161136165.31475177,In-house,"Dedicated Contract Carriage,Freight Management,Distribution Center Management",Trade Show,37.99487872964057,33.119385222140316,3,True,False,False,0.0
LEAD-20134,Prospect_134,Manufacturing,Large,Northwest,104814425.22372729,Multiple,Distribution Center Management,Cold Call,42.75017932658999,4.09558058375852,4,True,False,False,0.0
LEAD-20135,Prospect_135,Automotive,Small,Midwest,1072781.2594115252,None,"Fleet Maintenance,Transportation Management,Dedicated Contract Carriage",Marketing Campaign,43.588833558777615,24.179737549028484,1,True,True,True,15394.276947681317
LEAD-20136,Prospect_136,Manufacturing,Enterprise,Southeast,514628673.5379004,Competitor A,"Dedicated Contract Carriage,Freight Management,Distribution Center Management",Referral,41.57290705405214,96.95294864944985,4,False,True,False,0.0
LEAD-20137,Prospect_137,Retail,Large,Southeast,71689894.53180286,In-house,"Transportation Management,Distribution Center Management",Referral,32.999128436812974,32.44779763116551,7,True,True,False,0.0
LEAD-20138,Prospect_138,Technology,Small,Northeast,620699.2601576777,Competitor B,"Transportation Management,Fleet Maintenance,Supply Chain Solutions",Referral,61.25344776805749,219.44949160747382,3,True,False,False,0.0
LEAD-20139,Prospect_139,Consumer Goods,Medium,Northwest,8875709.524090286,In-house,"Transportation Management,Supply Chain Solutions,Freight Management",Trade Show,32.948448312431736,154.40003004362515,4,True,False,True,104117.37757301264
LEAD-20140,Prospect_140,Automotive,Small,Northeast,1511043.820288171,Competitor B,"Dedicated Contract Carriage,Freight Management",Marketing Campaign,35.571884933019355,0.3655292732904321,9,True,True,False,0.0
LEAD-20141,Prospect_141,Food & Beverage,Medium,Northwest,12692360.985437889,Competitor B,"Freight Management,Supply Chain Solutions",Cold Call,40.51204707763235,5.64771502445442,5,True,False,False,0.0
LEAD-20142,Prospect_142,Food & Beverage,Medium,Northeast,13273609.119832322,Competitor A,"Fleet Maintenance,Dedicated Contract Carriage",Trade Show,14.582103508880866,69.30277832290885,5,True,False,False,0.0
LEAD-20143,Prospect_143,Consumer Goods,Medium,Northwest,12196797.230827607,In-house,"Supply Chain Solutions,Fleet Maintenance,Distribution Center Management",Marketing Campaign,33.26352939794484,30.99044290797428,6,True,False,False,0.0
LEAD-20144,Prospect_144,Automotive,Medium,West,3793589.9039108735,Multiple,"Transportation Management,Dedicated Contract Carriage,Freight Management",Cold Call,33.8216960606371,97.38611313808626,6,True,False,False,0.0
LEAD-20145,Prospect_145,Technology,Medium,Southwest,4124566.8716112934,Multiple,"Dedicated Contract Carriage,Supply Chain Solutions,Fleet Maintenance",Referral,51.10123383525143,11.139050117227246,7,True,True,False,0.0
LEAD-20146,Prospect_146,Consumer Goods,Large,Northwest,108641953.15518105,In-house,Freight Management,Trade Show,40.67969747339632,16.65515631136435,2,False,False,False,0.0
LEAD-20147,Prospect_147,Healthcare,Enterprise,Northeast,524761057.6430593,Competitor B,Dedicated Contract Carriage,Trade Show,45.53932813912495,4.007015703718927,3,False,False,True,5280677.545600133
LEAD-20148,Prospect_148,Consumer Goods,Small,Northwest,707093.7741584628,In-house,Freight Management,Cold Call,68.54399043394336,112.51212611568036,6,True,False,True,7373.042594557843
LEAD-20149,Prospect_149,Manufacturing,Small,Southwest,217200.2709741545,In-house,"Dedicated Contract Carriage,Freight Management",Cold Call,18.08186372355127,47.187696671753315,5,False,True,False,0.0
LEAD-20150,Prospect_150,E-commerce,Large,West,152137849.01195934,Competitor B,"Dedicated Contract Carriage,Supply Chain Solutions,Fleet Maintenance",Website,25.549435736095067,36.97137498474742,5,False,False,False,0.0
LEAD-20151,Prospect_151,Technology,Small,West,2165879.6053278684,Competitor B,Fleet Maintenance,Website,36.46371071433959,34.54931052415244,6,False,False,False,0.0
LEAD-20152,Prospect_152,Consumer Goods,Medium,West,22452805.096220043,Competitor B,"Supply Chain Solutions,Fleet Maintenance",Trade Show,18.829383515829097,10.97279560305132,3,False,True,False,0.0
LEAD-20153,Prospect_153,Healthcare,Large,Southwest,74190858.73727442,Competitor A,"Fleet Maintenance,Supply Chain Solutions",Cold Call,18.801270825367666,15.447211310185095,6,True,False,False,0.0
LEAD-20154,Prospect_154,Food & Beverage,Large,Midwest,96038514.1306623,Competitor B,"Dedicated Contract Carriage,Freight Management,Supply Chain Solutions",Marketing Campaign,27.25725021424679,42.240686611673574,7,True,False,False,0.0
LEAD-20155,Prospect_155,Food & Beverage,Small,Northwest,2101909.748007418,In-house,Distribution Center Management,Cold Call,56.935096220347184,10.51992584241898,3,True,True,False,0.0
LEAD-20156,Prospect_156,Manufacturing,Small,West,1561355.1922344943,Competitor A,"Fleet Maintenance,Transportation Management",Website,7.32089604071967,14.535698884876744,5,False,True,False,0.0
LEAD-20157,Prospect_157,Consumer Goods,Small,Midwest,1509106.204973457,Competitor B,"Distribution Center Management,Freight Management",Marketing Campaign,11.101799774995989,24.743228125122858,4,False,False,False,0.0
LEAD-20158,Prospect_158,Healthcare,Small,Northwest,1902181.7241746096,In-house,"Freight Management,Dedicated Contract Carriage",Marketing Campaign,35.95244661934557,10.725327322033264,5,True,False,True,18888.03764631622
LEAD-20159,Prospect_159,E-commerce,Small,Midwest,1251960.8204911,Multiple,"Supply Chain Solutions,Freight Management",Referral,36.9270316124824,18.706803262777736,7,False,False,False,0.0
LEAD-20160,Prospect_160,Technology,Enterprise,West,361484828.3636927,Competitor A,"Transportation Management,Freight Management,Fleet Maintenance",Marketing Campaign,25.689310996195985,65.50314128719826,11,True,False,True,3303551.57697738
LEAD-20161,Prospect_161,E-commerce,Small,Southeast,368900.1947114215,Competitor A,"Fleet Maintenance,Freight Management,Dedicated Contract Carriage",Trade Show,62.315990820687475,42.79703783773463,5,True,False,True,5042.011989813447
LEAD-20162,Prospect_162,E-commerce,Small,Southwest,2914823.4460381544,None,"Fleet Maintenance,Freight Management",Marketing Campaign,22.97869308473776,80.39734895627437,1,False,False,False,0.0
LEAD-20163,Prospect_163,Automotive,Large,West,320850024.8465033,In-house,"Supply Chain Solutions,Dedicated Contract Carriage",Website,28.950367696040363,77.38082668239397,6,True,False,False,0.0
LEAD-20164,Prospect_164,Manufacturing,Medium,Midwest,3205305.941097896,None,"Freight Management,Distribution Center Management,Dedicated Contract Carriage",Referral,22.230856703040796,9.029459880388258,5,True,True,False,0.0
LEAD-20165,Prospect_165,Automotive,Medium,Northeast,35241636.61032691,Multiple,Distribution Center Management,Trade Show,30.980072672494614,108.09536543787586,5,False,True,False,0.0
LEAD-20166,Prospect_166,Consumer Goods,Medium,Midwest,14720709.17784974,None,"Freight Management,Dedicated Contract Carriage,Transportation Management",Trade Show,22.33971281572448,59.698033275876874,2,True,True,False,0.0
LEAD-20167,Prospect_167,Retail,Medium,Midwest,3375776.127887208,In-house,"Distribution Center Management,Fleet Maintenance,Freight Management",Marketing Campaign,44.113728786629494,31.631167943184106,7,False,False,False,0.0
LEAD-20168,Prospect_168,Technology,Medium,Northeast,3293050.435036921,Multiple,Freight Management,Trade Show,49.09217005629686,43.52158568420351,4,False,False,False,0.0
LEAD-20169,Prospect_169,Technology,Large,Northwest,33549241.124008622,Multiple,"Supply Chain Solutions,Distribution Center Management,Freight Management",Website,46.1866149485757,8.417605282068015,10,False,False,True,243461.69971295792
LEAD-20170,Prospect_170,Manufacturing,Medium,Southeast,7435394.431023752,Multiple,"Transportation Management,Supply Chain Solutions,Fleet Maintenance",Website,58.15712685356122,4.54384954961364,6,True,False,True,95195.91324189963
LEAD-20171,Prospect_171,Healthcare,Medium,Southwest,6938227.754579428,Competitor A,"Transportation Management,Distribution Center Management",Trade Show,35.49803001274077,33.86084293294758,5,True,True,False,0.0
LEAD-20172,Prospect_172,Retail,Medium,Southeast,19654555.672314454,Competitor A,Supply Chain Solutions,Trade Show,38.62083580940606,0.944159736488759,4,False,True,False,0.0
LEAD-20173,Prospect_173,Automotive,Medium,Southwest,3289730.8930753265,Multiple,"Supply Chain Solutions,Fleet Maintenance,Freight Management",Marketing Campaign,18.926804332493752,3.7211184937889454,3,True,False,False,0.0
LEAD-20174,Prospect_174,Retail,Enterprise,Southwest,496872687.979988,Competitor B,"Freight Management,Distribution Center Management",Marketing Campaign,29.30172626393815,74.86060935064134,3,False,True,False,0.0
LEAD-20175,Prospect_175,Automotive,Medium,Southwest,37342755.86347202,In-house,"Dedicated Contract Carriage,Supply Chain Solutions,Transportation Management",Trade Show,40.066513468673,23.215002001730408,4,False,True,False,0.0
LEAD-20176,Prospect_176,Automotive,Medium,Southeast,18044671.48112717,In-house,Freight Management,Referral,16.713176494545337,168.74577669028517,3,False,False,False,0.0
LEAD-20177,Prospect_177,Healthcare,Medium,Northeast,3859501.489190835,Competitor B,"Dedicated Contract Carriage,Freight Management",Website,61.241039855332026,53.013434087696616,11,False,True,False,0.0
LEAD-20178,Prospect_178,Retail,Small,Southwest,633106.9883522452,Multiple,"Distribution Center Management,Fleet Maintenance",Cold Call,18.32966469413032,4.800532936768403,4,False,False,False,0.0
LEAD-20179,Prospect_179,Consumer Goods,Enterprise,Southwest,644461162.4484394,In-house,"Freight Management,Dedicated Contract Carriage,Fleet Maintenance",Trade Show,46.304700161121936,39.82125300985537,4,True,False,False,0.0
LEAD-20180,Prospect_180,Retail,Enterprise,Northeast,229300220.5079458,Competitor B,Freight Management,Website,47.49881221915205,48.106386690206676,5,False,True,False,0.0
LEAD-20181,Prospect_181,Retail,Large,Northwest,32516816.492506925,None,"Dedicated Contract Carriage,Fleet Maintenance",Website,45.03169743247057,35.72985558449483,7,False,True,False,0.0
LEAD-20182,Prospect_182,Consumer Goods,Enterprise,Southwest,539123634.3456835,Competitor B,Distribution Center Management,Marketing Campaign,56.00198258213594,9.309592055261678,5,True,False,True,4585845.922415254
LEAD-20183,Prospect_183,E-commerce,Large,Southwest,36461442.79167152,None,"Supply Chain Solutions,Distribution Center Management",Marketing Campaign,28.91058616522227,48.483723779434314,11,True,False,True,354170.8566580034
LEAD-20184,Prospect_184,Consumer Goods,Medium,Southwest,7053746.482658634,None,Transportation Management,Marketing Campaign,67.64948871951286,25.42393034657629,6,False,True,False,0.0
LEAD-20185,Prospect_185,Technology,Medium,Northeast,19416777.465889,In-house,"Fleet Maintenance,Freight Management,Distribution Center Management",Trade Show,10.997119283501219,59.14333473544395,4,False,False,True,192718.8322177336
LEAD-20186,Prospect_186,Consumer Goods,Medium,Southwest,12116357.402617546,None,"Dedicated Contract Carriage,Supply Chain Solutions",Referral,9.380147223591639,4.648915598068394,5,False,True,False,0.0
LEAD-20187,Prospect_187,Healthcare,Medium,West,84602414.08088449,In-house,"Fleet Maintenance,Supply Chain Solutions,Distribution Center Management",Cold Call,5.464214282948376,123.19366140448079,8,True,False,False,0.0
LEAD-20188,Prospect_188,E-commerce,Enterprise,Midwest,534986981.7804165,Competitor B,Transportation Management,Marketing Campaign,40.9757758628082,24.340824474943037,3,False,True,False,0.0
LEAD-20189,Prospect_189,Healthcare,Small,Northwest,5306078.6974926945,In-house,"Dedicated Contract Carriage,Freight Management",Referral,27.424627595685852,3.703986325505734,6,False,False,False,0.0
LEAD-20190,Prospect_190,Healthcare,Medium,Midwest,997827.9591663054,Multiple,"Supply Chain Solutions,Distribution Center Management",Marketing Campaign,36.19945614282343,49.23004669107532,3,True,True,False,0.0
LEAD-20191,Prospect_191,Automotive,Medium,Southeast,5268789.121794067,Multiple,"Fleet Maintenance,Freight Management",Cold Call,48.488511570236334,77.82340780821967,9,True,False,False,0.0
LEAD-20192,Prospect_192,Food & Beverage,Small,Southeast,11342433.912290517,In-house,"Transportation Management,Supply Chain Solutions,Freight Management",Cold Call,13.15151377232992,21.734499356076043,2,True,False,False,0.0
LEAD-20193,Prospect_193,Technology,Large,Southwest,26215220.993651416,None,"Freight Management,Fleet Maintenance,Distribution Center Management",Website,40.67118881762267,35.5849808524463,3,False,True,False,0.0
LEAD-20194,Prospect_194,Healthcare,Small,Southeast,5556032.5678279055,None,"Distribution Center Management,Dedicated Contract Carriage",Cold Call,10.327778879201398,66.37805262081106,9,True,True,False,0.0
LEAD-20195,Prospect_195,Manufacturing,Small,Southeast,509438.85229342966,Competitor A,"Dedicated Contract Carriage,Freight Management,Distribution Center Management",Trade Show,26.976828906209327,6.632145820184437,4,False,True,False,0.0
LEAD-20196,Prospect_196,Retail,Large,Southeast,101887859.74742016,In-house,"Distribution Center Management,Dedicated Contract Carriage,Transportation Management",Trade Show,17.347995613451257,20.331002534167748,4,True,False,False,0.0
LEAD-20197,Prospect_197,Healthcare,Large,Southeast,77769459.92228903,None,Fleet Maintenance,Cold Call,25.372708976838847,45.4459929546498,0,True,False,False,0.0
LEAD-20198,Prospect_198,Food & Beverage,Large,Southwest,86477678.6736703,Multiple,"Distribution Center Management,Supply Chain Solutions",Website,30.82707212228067,8.541886313962088,9,True,True,True,800108.2800625082
LEAD-20199,Prospect_199,Retail,Small,Northeast,1518304.7743053222,Competitor B,Freight Management,Website,26.186127094975003,11.197885828785877,4,False,True,True,14058.52427782964
LEAD-20200,Prospect_200,E-commerce,Large,Northwest,117750454.33807577,None,Supply Chain Solutions,Marketing Campaign,66.61565991632892,6.1002303163478615,9,False,False,False,0.0
LEAD-20201,Prospect_201,Technology,Large,Midwest,40159788.877470896,In-house,"Dedicated Contract Carriage,Transportation Management,Distribution Center Management",Cold Call,5.488232830346869,33.951729202398866,7,False,False,True,396244.79069609987
LEAD-20202,Prospect_202,Automotive,Enterprise,West,450894101.130075,Multiple,Distribution Center Management,Website,46.37429349394263,66.5356040542495,10,True,False,True,5125755.626074431
LEAD-20203,Prospect_203,Manufacturing,Small,West,2880356.2547808643,None,Fleet Maintenance,Website,55.502910950228944,98.89881244933036,5,True,False,False,0.0
LEAD-20204,Prospect_204,Healthcare,Large,Midwest,64285745.156949125,In-house,"Dedicated Contract Carriage,Transportation Management",Website,13.429807662265357,28.961336017891856,4,True,False,False,0.0
LEAD-20205,Prospect_205,E-commerce,Small,West,688737.5828891501,Competitor B,"Dedicated Contract Carriage,Transportation Management,Freight Management",Trade Show,35.891232136767115,168.70854664792319,6,True,False,False,0.0
LEAD-20206,Prospect_206,Food & Beverage,Medium,West,4470012.728798638,Competitor B,"Freight Management,Distribution Center Management,Fleet Maintenance",Marketing Campaign,25.302271626838618,10.901801262123106,5,False,True,False,0.0
LEAD-20207,Prospect_207,Healthcare,Large,Midwest,195022911.07073197,Competitor B,"Fleet Maintenance,Transportation Management,Freight Management",Referral,87.77334712878849,22.038027225279514,2,True,True,False,0.0
LEAD-20208,Prospect_208,Consumer Goods,Medium,Midwest,6200677.914582423,Competitor B,Dedicated Contract Carriage,Marketing Campaign,31.212508377366326,22.35371008963,3,False,False,False,0.0
LEAD-20209,Prospect_209,Automotive,Large,West,25553811.811410006,Competitor A,"Dedicated Contract Carriage,Distribution Center Management,Freight Management",Referral,45.692071068504866,95.98503398250773,4,True,False,False,0.0
LEAD-20210,Prospect_210,Consumer Goods,Medium,Northwest,7213591.088996377,Competitor A,"Distribution Center Management,Dedicated Contract Carriage",Trade Show,58.03744530770597,12.822725932286874,7,False,False,False,0.0
LEAD-20211,Prospect_211,Manufacturing,Medium,Northwest,9759647.101941707,Competitor B,"Freight Management,Transportation Management,Fleet Maintenance",Website,46.84278242314465,73.26216874045764,3,True,False,False,0.0
LEAD-20212,Prospect_212,Automotive,Small,West,2874154.612555947,None,Freight Management,Website,25.343027259439843,59.90034621095757,2,False,True,True,38207.11747213405
LEAD-20213,Prospect_213,Manufacturing,Small,Southeast,599953.7284726538,In-house,Fleet Maintenance,Website,25.45866883743057,37.20486063898084,6,False,False,False,0.0
LEAD-20214,Prospect_214,Food & Beverage,Medium,Southeast,6937653.316169363,Competitor A,"Fleet Maintenance,Supply Chain Solutions",Referral,52.28192976062708,28.05868865810932,6,True,True,False,0.0
LEAD-20215,Prospect_215,Technology,Small,Northeast,5802383.425080428,None,Distribution Center Management,Cold Call,39.012655420270484,38.48726327099899,6,False,True,False,0.0
LEAD-20216,Prospect_216,Retail,Small,Midwest,827790.9266260325,Competitor B,"Supply Chain Solutions,Dedicated Contract Carriage,Fleet Maintenance",Referral,48.031036726763,23.518435345879055,4,True,False,False,0.0
LEAD-20217,Prospect_217,Consumer Goods,Medium,Northeast,2512033.006830727,In-house,"Freight Management,Dedicated Contract Carriage",Trade Show,37.561076231124176,106.86890809987561,6,True,True,False,0.0
LEAD-20218,Prospect_218,Retail,Medium,Northwest,6077171.801396041,Multiple,"Supply Chain Solutions,Dedicated Contract Carriage",Referral,39.6917925529095,57.60680313663177,7,True,True,False,0.0
LEAD-20219,Prospect_219,Consumer Goods,Enterprise,Southwest,516334104.8531284,Multiple,"Transportation Management,Distribution Center Management,Supply Chain Solutions",Referral,57.57683894233553,61.72287562429087,4,True,False,False,0.0
LEAD-20220,Prospect_220,Technology,Medium,Southeast,45965508.254791416,Competitor A,Distribution Center Management,Marketing Campaign,21.201316574104567,72.10519342868544,4,True,True,False,0.0
LEAD-20221,Prospect_221,Healthcare,Medium,Southwest,8113678.520228579,Competitor B,"Transportation Management,Supply Chain Solutions",Trade Show,32.555721813597046,0.937841993359575,7,True,True,False,0.0
LEAD-20222,Prospect_222,Consumer Goods,Large,Northeast,55954883.762682594,Multiple,Distribution Center Management,Trade Show,49.17845314588504,10.008633026555703,2,True,False,False,0.0
LEAD-20223,Prospect_223,E-commerce,Medium,Midwest,10798586.183358932,None,Fleet Maintenance,Cold Call,31.102393397388433,19.756979045151073,7,True,True,False,0.0
LEAD-20224,Prospect_224,E-commerce,Large,Southwest,14864515.447462253,None,"Dedicated Contract Carriage,Supply Chain Solutions",Website,31.161630899510158,1.7124010466935542,3,False,True,False,0.0
LEAD-20225,Prospect_225,E-commerce,Small,Northeast,3413574.8195872465,None,Distribution Center Management,Marketing Campaign,14.954283690942843,4.000542445386959,3,False,True,False,0.0
LEAD-20226,Prospect_226,Consumer Goods,Small,Northwest,170721.67890452663,Competitor A,Distribution Center Management,Cold Call,41.75870127761208,0.5305251992414984,5,False,False,False,0.0
LEAD-20227,Prospect_227,E-commerce,Large,West,320449913.17381877,Multiple,Fleet Maintenance,Referral,65.90251422443146,106.67521137121784,4,False,False,True,2299682.792549054
LEAD-20228,Prospect_228,Automotive,Enterprise,Northwest,767550580.2088654,Multiple,"Supply Chain Solutions,Dedicated Contract Carriage",Website,55.672165348824386,130.67291637018525,4,False,False,False,0.0
LEAD-20229,Prospect_229,Food & Beverage,Medium,Northwest,978216.6401670212,In-house,Dedicated Contract Carriage,Cold Call,38.77993450256832,34.363282350896704,2,True,True,False,0.0
LEAD-20230,Prospect_230,Retail,Large,West,50203079.11099052,Competitor A,"Fleet Maintenance,Dedicated Contract Carriage",Trade Show,71.39786886035863,50.60314355906848,8,False,False,False,0.0
LEAD-20231,Prospect_231,Food & Beverage,Medium,Northeast,4742688.241253637,Competitor B,"Fleet Maintenance,Dedicated Contract Carriage,Freight Management",Trade Show,45.690579660569206,123.06896616299798,6,True,False,False,0.0
LEAD-20232,Prospect_232,E-commerce,Small,Midwest,7166736.900818263,In-house,Transportation Management,Website,52.12381281307792,21.510937404973095,3,False,False,True,74872.41510262396
LEAD-20233,Prospect_233,Automotive,Medium,West,7180208.780498391,Competitor B,Dedicated Contract Carriage,Cold Call,36.631997379230754,33.12929547766469,4,True,True,False,0.0
LEAD-20234,Prospect_234,Manufacturing,Medium,Northeast,18085347.564490758,None,"Supply Chain Solutions,Distribution Center Management,Fleet Maintenance",Trade Show,55.275401828713264,34.89187871787901,2,True,True,False,0.0
LEAD-20235,Prospect_235,Technology,Enterprise,Northeast,384163425.3152476,In-house,Fleet Maintenance,Referral,37.70510015358026,63.2027657413793,6,True,True,False,0.0
LEAD-20236,Prospect_236,Healthcare,Large,West,13023111.532520372,Competitor A,Transportation Management,Trade Show,55.15009501834746,126.7727961119694,4,True,False,False,0.0
LEAD-20237,Prospect_237,Manufacturing,Small,Midwest,1365565.0910471908,Competitor B,"Distribution Center Management,Dedicated Contract Carriage",Website,19.74707342225456,28.930846244593837,8,True,False,False,0.0
LEAD-20238,Prospect_238,Technology,Medium,Southeast,7233189.619689531,Competitor B,Distribution Center Management,Cold Call,38.668439754475244,55.441899651933696,5,True,False,False,0.0
LEAD-20239,Prospect_239,Retail,Large,Southeast,33330963.16342866,None,Freight Management,Cold Call,66.97644804634915,78.56877126501546,3,False,False,True,252284.66300738105
LEAD-20240,Prospect_240,Automotive,Small,West,3497144.0361497533,In-house,"Distribution Center Management,Fleet Maintenance",Trade Show,66.26178320024056,19.232644911978255,6,False,True,False,0.0
LEAD-20241,Prospect_241,Retail,Small,Midwest,5005816.762238666,None,Distribution Center Management,Referral,30.40821683730307,32.56483386914886,7,False,False,False,0.0
LEAD-20242,Prospect_242,E-commerce,Medium,West,4474040.4425518755,In-house,"Dedicated Contract Carriage,Transportation Management",Trade Show,31.207945841039958,9.483835943458956,8,False,False,False,0.0
LEAD-20243,Prospect_243,Food & Beverage,Large,Southwest,53356904.9304904,In-house,"Supply Chain Solutions,Freight Management,Distribution Center Management",Website,33.90551331321435,5.1534750860787595,5,False,True,False,0.0
LEAD-20244,Prospect_244,Automotive,Medium,Southeast,3039095.5469600614,Competitor B,"Transportation Management,Freight Management",Website,60.31346448630202,105.85470381261747,3,False,True,True,31754.355693514593
LEAD-20245,Prospect_245,Manufacturing,Medium,Southeast,19406029.682087205,In-house,Dedicated Contract Carriage,Cold Call,28.259895940444167,26.917426106637965,5,False,False,False,0.0
LEAD-20246,Prospect_246,E-commerce,Enterprise,Northwest,306541330.50480586,None,Transportation Management,Trade Show,44.18773411641831,1.3458586011640852,5,True,False,False,0.0
LEAD-20247,Prospect_247,Retail,Large,West,146697871.20504707,Competitor B,"Fleet Maintenance,Dedicated Contract Carriage,Supply Chain Solutions",Cold Call,47.20625401089824,29.999126206788773,7,True,False,False,0.0
LEAD-20248,Prospect_248,Automotive,Medium,Northwest,5924437.147982806,In-house,"Supply Chain Solutions,Dedicated Contract Carriage",Referral,22.882468133213145,146.86962274712457,6,False,False,False,0.0
LEAD-20249,Prospect_249,E-commerce,Medium,Northeast,23966173.755821265,None,"Transportation Management,Dedicated Contract Carriage",Referral,41.75763316400164,72.27839150783454,5,True,True,False,0.0
LEAD-20250,Prospect_250,Retail,Medium,Northeast,2865890.662138866,Competitor B,"Supply Chain Solutions,Fleet Maintenance",Referral,24.319300934324918,134.81511346623282,6,False,False,False,0.0
LEAD-20251,Prospect_251,Automotive,Large,Southwest,112066733.99846603,In-house,"Dedicated Contract Carriage,Distribution Center Management",Marketing Campaign,16.074596622304085,212.17658378923892,2,False,False,False,0.0
LEAD-20252,Prospect_252,Automotive,Enterprise,Southeast,939547036.2783237,In-house,Freight Management,Website,17.976679657731072,6.913084438640525,4,True,True,False,0.0
LEAD-20253,Prospect_253,Retail,Medium,Midwest,5675676.915148109,Multiple,"Transportation Management,Freight Management,Distribution Center Management",Marketing Campaign,4.626225902596636,27.383284676527516,6,False,True,False,0.0
LEAD-20254,Prospect_254,Healthcare,Medium,Southwest,5267896.52074412,Competitor B,"Distribution Center Management,Transportation Management",Trade Show,52.68839430433212,23.005078561570905,9,False,True,False,0.0
LEAD-20255,Prospect_255,Manufacturing,Small,Southwest,1932596.3431328307,Competitor A,"Freight Management,Distribution Center Management,Dedicated Contract Carriage",Marketing Campaign,32.46348552510057,5.378659322072966,8,True,True,False,0.0
LEAD-20256,Prospect_256,Healthcare,Medium,Northeast,13171477.59903017,Competitor A,"Transportation Management,Distribution Center Management",Referral,26.535860920848048,5.900671608773619,1,False,True,False,0.0
LEAD-20257,Prospect_257,Healthcare,Small,Northwest,263025.82460327126,Competitor A,"Supply Chain Solutions,Fleet Maintenance",Website,10.470256462773817,86.41058824154305,4,True,False,False,0.0
LEAD-20258,Prospect_258,E-commerce,Medium,Northeast,7842828.168049716,None,Distribution Center Management,Referral,50.80177616429897,8.006874266544596,5,False,False,False,0.0
LEAD-20259,Prospect_259,Food & Beverage,Large,Midwest,113728991.87665881,Multiple,"Fleet Maintenance,Dedicated Contract Carriage,Freight Management",Trade Show,24.67924074059163,96.75249584903491,3,True,False,False,0.0
LEAD-20260,Prospect_260,Food & Beverage,Small,West,931305.3076458399,Competitor B,"Distribution Center Management,Supply Chain Solutions,Fleet Maintenance",Referral,23.08296675922676,72.06504179215756,1,True,False,False,0.0
LEAD-20261,Prospect_261,Food & Beverage,Small,Northwest,270226.1726847771,Competitor A,"Supply Chain Solutions,Fleet Maintenance,Transportation Management",Referral,59.80612113476044,2.4168226977161447,6,True,False,False,0.0
LEAD-20262,Prospect_262,Consumer Goods,Medium,West,26251304.295698304,None,Freight Management,Cold Call,40.12832527910507,3.1784026908143614,3,True,True,True,368375.95050998783
LEAD-20263,Prospect_263,Consumer Goods,Large,Southwest,40047103.57249644,In-house,Distribution Center Management,Website,39.26330002270384,2.509477037281664,4,False,False,False,0.0
LEAD-20264,Prospect_264,Food & Beverage,Medium,Midwest,11335868.394095557,Competitor B,"Dedicated Contract Carriage,Fleet Maintenance",Trade Show,52.1116955464522,18.72913882796956,4,True,False,False,0.0
LEAD-20265,Prospect_265,Automotive,Large,Northeast,66103043.6184287,Multiple,Supply Chain Solutions,Marketing Campaign,22.175741553299222,2.9545668823330518,1,True,False,False,0.0
LEAD-20266,Prospect_266,Automotive,Medium,Midwest,4949030.691917838,Multiple,"Distribution Center Management,Fleet Maintenance,Transportation Management",Cold Call,37.33250947276303,116.42409617383488,5,True,False,False,0.0
LEAD-20267,Prospect_267,Retail,Enterprise,Southwest,898225946.9911693,None,Freight Management,Trade Show,44.048687070714635,74.41208018963967,9,True,False,True,7838517.149376545
LEAD-20268,Prospect_268,Retail,Enterprise,Southwest,529553270.0283678,Multiple,Fleet Maintenance,Trade Show,34.41902747553823,3.239647659720003,3,True,False,False,0.0
LEAD-20269,Prospect_269,Retail,Medium,Northwest,15264767.80989559,None,Supply Chain Solutions,Trade Show,46.18441200292038,28.135317139482762,7,False,False,True,102683.88692312625
LEAD-20270,Prospect_270,Automotive,Medium,West,1702108.454691584,In-house,"Supply Chain Solutions,Transportation Management",Referral,51.237823934375115,12.70302364228092,4,True,True,False,0.0
LEAD-20271,Prospect_271,Consumer Goods,Medium,Midwest,10733566.247042606,Competitor B,Supply Chain Solutions,Referral,68.0165210420369,151.2401103671776,6,False,True,False,0.0
LEAD-20272,Prospect_272,Consumer Goods,Large,Southeast,23008281.25232651,In-house,"Transportation Management,Freight Management,Distribution Center Management",Website,30.50975139950019,43.32330774525164,7,True,False,False,0.0
LEAD-20273,Prospect_273,Healthcare,Medium,Southeast,19326665.214980386,Competitor A,Fleet Maintenance,Trade Show,45.824173443654516,51.033181671626885,6,False,True,False,0.0
LEAD-20274,Prospect_274,Manufacturing,Enterprise,Southwest,393794462.88018554,Competitor B,"Transportation Management,Fleet Maintenance",Marketing Campaign,7.270792262425502,51.60347437303003,3,False,False,False,0.0
LEAD-20275,Prospect_275,Automotive,Enterprise,West,1512714708.46996,None,Distribution Center Management,Cold Call,16.365375320441835,99.82030106945412,4,False,True,True,22314849.925454173
LEAD-20276,Prospect_276,Healthcare,Large,Midwest,173449089.71985507,Competitor A,"Dedicated Contract Carriage,Distribution Center Management",Marketing Campaign,24.383928416146176,35.61084167889166,6,True,False,False,0.0
LEAD-20277,Prospect_277,Retail,Medium,Northeast,17078983.501187433,Multiple,"Freight Management,Fleet Maintenance,Dedicated Contract Carriage",Referral,11.759569866742838,104.06023743050386,5,True,False,True,240475.3820890854
LEAD-20278,Prospect_278,Food & Beverage,Large,West,76166674.37322527,Competitor B,"Transportation Management,Distribution Center Management",Trade Show,34.6214850384179,0.8545796838329354,1,True,True,False,0.0
LEAD-20279,Prospect_279,Healthcare,Small,Southwest,1422774.2435085252,In-house,"Freight Management,Distribution Center Management",Referral,37.390997172135926,33.194829933931615,3,False,False,False,0.0
LEAD-20280,Prospect_280,Consumer Goods,Medium,Midwest,8549981.055033356,None,Freight Management,Marketing Campaign,71.21009747501186,35.73726049284036,5,True,False,True,58156.224462596205
LEAD-20281,Prospect_281,Food & Beverage,Medium,Northwest,13784769.768998526,In-house,Transportation Management,Trade Show,29.958621254675077,78.5979234790868,4,True,False,False,0.0
LEAD-20282,Prospect_282,Consumer Goods,Medium,West,3141357.7176139853,In-house,Freight Management,Marketing Campaign,62.52227933663757,28.752972291800027,6,True,True,False,0.0
LEAD-20283,Prospect_283,Consumer Goods,Small,Southeast,1497942.749181594,Competitor A,Transportation Management,Referral,17.310506881482787,44.22738585882182,7,True,False,False,0.0
LEAD-20284,Prospect_284,Manufacturing,Small,Northeast,162483.1416897598,In-house,"Dedicated Contract Carriage,Freight Management,Transportation Management",Trade Show,48.36755754715589,44.55669063447484,6,False,False,True,2145.2695228037505
LEAD-20285,Prospect_285,Technology,Small,Northeast,1229840.8029781906,None,"Distribution Center Management,Transportation Management,Fleet Maintenance",Cold Call,49.35801715793329,25.413522608699104,9,True,False,False,0.0
LEAD-20286,Prospect_286,Automotive,Medium,Midwest,2421894.678392056,Multiple,"Supply Chain Solutions,Distribution Center Management",Website,63.849716571485224,25.413597366332933,4,True,True,True,25481.50148337785
LEAD-20287,Prospect_287,Food & Beverage,Large,Southwest,53683518.42135891,In-house,"Dedicated Contract Carriage,Transportation Management",Trade Show,32.457159814688666,38.25584732795292,5,False,False,True,461325.40387733973
LEAD-20288,Prospect_288,Technology,Large,West,61917973.864129014,Competitor B,"Freight Management,Supply Chain Solutions",Trade Show,25.732215205489695,13.62388301034985,6,True,True,False,0.0
LEAD-20289,Prospect_289,E-commerce,Small,Southwest,876369.6823307077,Competitor A,Supply Chain Solutions,Trade Show,28.393975394810226,39.18692134773619,8,True,False,False,0.0
LEAD-20290,Prospect_290,Food & Beverage,Large,Northeast,45757159.71491404,Competitor A,"Freight Management,Dedicated Contract Carriage,Supply Chain Solutions",Marketing Campaign,9.636996567446081,20.039743037314526,7,True,True,False,0.0
LEAD-20291,Prospect_291,Retail,Large,Southeast,92226004.65254954,None,"Distribution Center Management,Dedicated Contract Carriage,Fleet Maintenance",Website,28.299425501943187,9.203450037937147,4,True,False,True,879252.2720114468
LEAD-20292,Prospect_292,Consumer Goods,Medium,Northwest,19980036.00935978,Competitor A,"Distribution Center Management,Dedicated Contract Carriage,Transportation Management",Cold Call,63.12344723536185,16.833728789142278,3,True,True,False,0.0
LEAD-20293,Prospect_293,E-commerce,Large,Southeast,31352576.27329911,Competitor B,Transportation Management,Cold Call,40.517349514355196,2.1499335955298466,7,False,True,True,392666.27550272155
LEAD-20294,Prospect_294,Automotive,Medium,Southwest,6657141.58835669,None,Freight Management,Cold Call,53.33018049569167,89.97175033774444,1,True,True,True,53334.28842767489
LEAD-20295,Prospect_295,Consumer Goods,Small,Southwest,977672.0155885144,None,"Supply Chain Solutions,Distribution Center Management,Transportation Management",Marketing Campaign,33.492932023870466,3.8815468025492144,6,False,True,False,0.0
LEAD-20296,Prospect_296,Healthcare,Medium,Northwest,24053205.396607284,Competitor A,Distribution Center Management,Website,75.98073947386091,85.73275790536354,3,False,False,False,0.0
LEAD-20297,Prospect_297,Technology,Large,Southeast,25363988.225171912,Multiple,Distribution Center Management,Marketing Campaign,32.16916654680711,71.12613140167613,5,True,True,False,0.0
LEAD-20298,Prospect_298,Automotive,Medium,Northwest,8390241.943972308,Competitor B,"Dedicated Contract Carriage,Transportation Management",Website,69.78144489818263,294.54487251586954,3,False,True,True,56004.99546906272
LEAD-20299,Prospect_299,Retail,Small,Southwest,3796162.4858208797,None,"Distribution Center Management,Fleet Maintenance",Website,33.71402456825307,47.73289303649166,3,False,True,False,0.0
LEAD-20300,Prospect_300,Automotive,Medium,West,50948369.17719336,Competitor B,"Fleet Maintenance,Freight Management",Marketing Campaign,50.403420528723174,62.23615034440009,4,False,False,False,0.0
LEAD-20301,Prospect_301,Retail,Small,Southwest,185426.47423508315,In-house,"Freight Management,Dedicated Contract Carriage,Transportation Management",Trade Show,21.518389715655815,66.79975027024184,3,False,True,False,0.0
LEAD-20302,Prospect_302,Healthcare,Small,Midwest,2723772.8611382204,Multiple,Supply Chain Solutions,Marketing Campaign,27.387963080453076,15.265793125036044,6,False,False,False,0.0
LEAD-20303,Prospect_303,Retail,Large,West,34024040.004150175,None,"Fleet Maintenance,Distribution Center Management",Trade Show,27.751075750492866,3.975599748450926,3,True,False,False,0.0
LEAD-20304,Prospect_304,Automotive,Enterprise,Southwest,1029812974.6227455,Competitor A,"Transportation Management,Freight Management,Supply Chain Solutions",Cold Call,16.268348596784577,19.1599144847098,7,True,False,False,0.0
LEAD-20305,Prospect_305,Retail,Small,Midwest,104156.69994115966,In-house,"Supply Chain Solutions,Distribution Center Management,Fleet Maintenance",Marketing Campaign,52.734769534098106,170.79016347786526,2,True,False,True,658.479556541439
LEAD-20306,Prospect_306,Technology,Medium,West,13925343.896587802,In-house,"Freight Management,Fleet Maintenance,Supply Chain Solutions",Website,41.303671778638964,70.39935366201969,4,False,False,True,107300.65538991186
LEAD-20307,Prospect_307,Food & Beverage,Large,Northeast,70572662.7640928,Competitor A,Fleet Maintenance,Marketing Campaign,12.489892676280542,23.5695921790576,4,False,False,False,0.0
LEAD-20308,Prospect_308,E-commerce,Medium,Southwest,3439485.5642242436,In-house,"Dedicated Contract Carriage,Transportation Management",Marketing Campaign,33.87668853839204,73.47007561178702,7,True,True,True,20004.343614743633
LEAD-20309,Prospect_309,Retail,Large,Northwest,35014409.74664063,Multiple,Transportation Management,Referral,31.661859241505518,62.64068119089139,1,False,True,False,0.0
LEAD-20310,Prospect_310,Technology,Medium,Northwest,2310879.5474278643,Competitor A,Supply Chain Solutions,Website,64.87111822920235,189.83706879671578,1,True,False,False,0.0
LEAD-20311,Prospect_311,Manufacturing,Medium,Southwest,35964720.434222735,In-house,"Distribution Center Management,Fleet Maintenance,Supply Chain Solutions",Website,64.87199436461786,80.82050315123676,8,True,True,False,0.0
LEAD-20312,Prospect_312,Automotive,Medium,Northeast,12093447.67071655,Competitor A,"Distribution Center Management,Transportation Management,Dedicated Contract Carriage",Marketing Campaign,30.368776831691125,6.075211197617659,6,False,False,False,0.0
LEAD-20313,Prospect_313,Food & Beverage,Large,Northeast,43310726.185401775,None,"Distribution Center Management,Transportation Management,Dedicated Contract Carriage",Trade Show,42.11030168529434,3.49840092721808,3,True,False,True,562569.4101010774
LEAD-20314,Prospect_314,Retail,Small,Midwest,394448.0737409049,In-house,"Fleet Maintenance,Transportation Management,Distribution Center Management",Website,30.881834844983437,30.902322994910946,2,False,False,True,5037.757824555033
LEAD-20315,Prospect_315,Automotive,Medium,Southwest,21133728.540612567,None,"Freight Management,Fleet Maintenance,Supply Chain Solutions",Marketing Campaign,30.053407076571894,30.241795144537896,12,False,True,True,223130.80676171032
LEAD-20316,Prospect_316,E-commerce,Enterprise,West,318979682.297348,Multiple,"Dedicated Contract Carriage,Transportation Management",Website,59.72453035059287,13.117422360578953,3,False,True,False,0.0
LEAD-20317,Prospect_317,Retail,Medium,Midwest,7598750.439465557,Multiple,"Supply Chain Solutions,Distribution Center Management",Website,73.9132145100924,32.09267615856128,5,False,True,False,0.0
LEAD-20318,Prospect_318,Automotive,Small,Southwest,1771991.6345943802,Competitor B,"Supply Chain Solutions,Transportation Management",Trade Show,24.55041466827516,169.89093630767334,4,True,False,False,0.0
LEAD-20319,Prospect_319,Healthcare,Medium,Midwest,7381261.328420651,In-house,Distribution Center Management,Trade Show,49.29614889652408,10.935020501249983,5,True,False,True,62620.09263267595
LEAD-20320,Prospect_320,Healthcare,Medium,Midwest,15454706.019840697,Multiple,"Freight Management,Supply Chain Solutions,Transportation Management",Website,28.548123136205355,1.0502349642409836,5,True,True,True,78452.95978368234
LEAD-20321,Prospect_321,Technology,Large,Southwest,56366326.52871736,Multiple,"Distribution Center Management,Transportation Management",Website,69.22614262574145,75.55050362914622,5,True,False,False,0.0
LEAD-20322,Prospect_322,Food & Beverage,Small,West,904554.6383537417,In-house,"Freight Management,Transportation Management,Supply Chain Solutions",Cold Call,56.70926569543383,0.7802725156470158,6,False,False,False,0.0
LEAD-20323,Prospect_323,Retail,Enterprise,Northeast,174255648.44263142,Competitor A,"Freight Management,Transportation Management,Supply Chain Solutions",Referral,33.1659439618019,55.73953648684546,4,False,False,True,933834.0462756993
LEAD-20324,Prospect_324,Healthcare,Enterprise,Northwest,570024970.9220545,Competitor A,"Dedicated Contract Carriage,Distribution Center Management",Referral,18.184037240581,2.378139084865657,4,True,False,False,0.0
LEAD-20325,Prospect_325,Healthcare,Medium,Southwest,40037781.38656911,In-house,"Freight Management,Dedicated Contract Carriage,Transportation Management",Marketing Campaign,38.9039046598575,25.014561507719364,3,True,True,False,0.0
LEAD-20326,Prospect_326,Healthcare,Large,Southwest,139911020.67991933,In-house,"Freight Management,Transportation Management",Website,38.74872911127444,151.69338885026295,5,True,True,False,0.0
LEAD-20327,Prospect_327,Food & Beverage,Small,Southwest,610361.8992669266,Multiple,"Distribution Center Management,Supply Chain Solutions",Trade Show,36.31306743244146,27.269874945483018,7,False,False,True,7604.3432467584635
LEAD-20328,Prospect_328,Automotive,Medium,Midwest,5801886.545946225,None,Distribution Center Management,Cold Call,59.0538459994739,36.205744231278906,4,False,True,False,0.0
LEAD-20329,Prospect_329,Manufacturing,Large,Southwest,34718810.601609275,Competitor A,"Dedicated Contract Carriage,Distribution Center Management",Marketing Campaign,25.673454118926546,3.5284033244229738,5,False,False,False,0.0
LEAD-20330,Prospect_330,Food & Beverage,Large,West,91375503.89231366,Multiple,"Fleet Maintenance,Freight Management",Marketing Campaign,39.263933758759784,1.4479303566498278,5,False,False,True,950836.1368582302
LEAD-20331,Prospect_331,Manufacturing,Medium,Midwest,236394116.90163007,In-house,Fleet Maintenance,Trade Show,31.339370317523013,5.765330366586023,8,True,True,False,0.0
LEAD-20332,Prospect_332,E-commerce,Large,Northwest,31154752.65488671,Competitor B,Dedicated Contract Carriage,Trade Show,28.56019681024531,34.58313407601025,2,False,True,False,0.0
LEAD-20333,Prospect_333,Healthcare,Small,West,4428208.326435092,Multiple,"Distribution Center Management,Freight Management",Trade Show,25.490526883576237,69.08918936721584,3,True,False,False,0.0
LEAD-20334,Prospect_334,Consumer Goods,Medium,Southeast,7123713.281455659,None,Fleet Maintenance,Cold Call,74.7451767888781,8.832386518949622,8,True,False,True,37805.98804383241
LEAD-20335,Prospect_335,Technology,Enterprise,Southwest,285329037.70526713,Competitor A,Supply Chain Solutions,Cold Call,40.097671538744414,36.833590488591625,2,True,True,False,0.0
LEAD-20336,Prospect_336,Healthcare,Large,Northwest,63144144.62619671,None,"Transportation Management,Freight Management",Marketing Campaign,43.255335056520586,14.452627925556332,7,True,False,False,0.0
LEAD-20337,Prospect_337,E-commerce,Medium,Northeast,29973909.74177739,Multiple,"Transportation Management,Supply Chain Solutions,Freight Management",Referral,18.053675722572937,50.47094534948506,5,True,False,False,0.0
LEAD-20338,Prospect_338,Technology,Medium,Southwest,1521872.3923747537,Competitor A,"Freight Management,Dedicated Contract Carriage,Transportation Management",Referral,27.079120867896904,41.665111493578976,9,True,False,True,19641.498242121583
LEAD-20339,Prospect_339,E-commerce,Enterprise,Midwest,705288836.1618925,Multiple,"Fleet Maintenance,Transportation Management,Supply Chain Solutions",Trade Show,38.62402435774684,65.87599043069288,3,True,False,False,0.0
LEAD-20340,Prospect_340,Technology,Small,Northeast,687273.8709397075,Competitor B,"Supply Chain Solutions,Transportation Management,Freight Management",Referral,47.871780251572005,14.093020715326924,8,False,True,False,0.0
LEAD-20341,Prospect_341,Manufacturing,Enterprise,Midwest,1059359894.4261502,Competitor B,"Fleet Maintenance,Distribution Center Management,Dedicated Contract Carriage",Marketing Campaign,17.694902413755813,59.41231942466936,3,False,False,False,0.0
LEAD-20342,Prospect_342,Consumer Goods,Small,West,2215517.793720742,Competitor A,Supply Chain Solutions,Referral,51.83803366992286,13.94490917544128,3,True,True,False,0.0
LEAD-20343,Prospect_343,Food & Beverage,Medium,Northeast,8473881.592674538,Multiple,"Freight Management,Dedicated Contract Carriage",Referral,6.463574224757286,2.1550848438646235,7,True,False,False,0.0
LEAD-20344,Prospect_344,Food & Beverage,Medium,Southeast,4360553.880985606,Competitor A,"Transportation Management,Dedicated Contract Carriage",Referral,35.70539292772211,26.015393713877422,5,True,False,False,0.0
LEAD-20345,Prospect_345,Consumer Goods,Small,West,656762.302809666,Competitor A,"Supply Chain Solutions,Dedicated Contract Carriage",Cold Call,21.639870545909957,73.17772663103705,3,True,True,False,0.0
LEAD-20346,Prospect_346,Automotive,Small,West,1374635.0282706926,Competitor A,Fleet Maintenance,Marketing Campaign,43.126926006522666,8.22397640431886,2,True,True,False,0.0
LEAD-20347,Prospect_347,Manufacturing,Medium,Northwest,15078606.147022594,In-house,Fleet Maintenance,Website,49.26554474149099,31.93720754608715,4,True,True,False,0.0
LEAD-20348,Prospect_348,Automotive,Medium,Northeast,34390469.56214639,Multiple,"Fleet Maintenance,Freight Management,Distribution Center Management",Cold Call,8.377191222212657,25.4973634340901,5,True,False,False,0.0
LEAD-20349,Prospect_349,Retail,Medium,Northwest,1034181.0449429549,None,"Fleet Maintenance,Freight Management,Distribution Center Management",Cold Call,45.8719686870697,120.34905016881521,8,False,False,False,0.0
LEAD-20350,Prospect_350,Consumer Goods,Medium,West,6671462.104119277,None,"Transportation Management,Supply Chain Solutions,Fleet Maintenance",Marketing Campaign,51.8935473000107,119.914311501038,4,True,False,False,0.0
LEAD-20351,Prospect_351,Retail,Small,Northwest,1015317.9453604094,Competitor A,"Supply Chain Solutions,Dedicated Contract Carriage",Website,20.061453477663267,10.783078640760706,5,False,True,False,0.0
LEAD-20352,Prospect_352,E-commerce,Large,Southwest,146474250.28316435,Competitor A,"Supply Chain Solutions,Distribution Center Management",Marketing Campaign,31.599955365378257,30.20832214335959,4,True,False,False,0.0
LEAD-20353,Prospect_353,Technology,Large,Northwest,132305055.10017607,In-house,Fleet Maintenance,Marketing Campaign,18.646483409358417,103.62793854499057,7,False,False,True,1789808.7779929133
LEAD-20354,Prospect_354,Automotive,Enterprise,Northwest,418699303.1005199,None,"Supply Chain Solutions,Transportation Management,Dedicated Contract Carriage",Referral,35.838096717760365,12.767803686829247,4,True,False,False,0.0
LEAD-20355,Prospect_355,Technology,Small,West,8613448.687895246,Competitor A,Dedicated Contract Carriage,Trade Show,26.693865426727072,10.925424398526141,5,True,True,False,0.0
LEAD-20356,Prospect_356,Technology,Medium,West,2913165.5572389807,Competitor A,"Transportation Management,Fleet Maintenance",Cold Call,38.422943869032586,51.3431089538208,6,True,False,False,0.0
LEAD-20357,Prospect_357,Automotive,Medium,West,2662505.439890038,Competitor A,Distribution Center Management,Cold Call,69.76014699753968,94.2815746309924,4,True,True,False,0.0
LEAD-20358,Prospect_358,Healthcare,Small,Midwest,2777274.1671970324,None,"Distribution Center Management,Transportation Management,Supply Chain Solutions",Marketing Campaign,15.892653558599653,19.121797989168392,3,False,True,True,15785.732212570623
LEAD-20359,Prospect_359,Automotive,Medium,Northwest,14375859.164276311,Multiple,"Fleet Maintenance,Transportation Management,Distribution Center Management",Marketing Campaign,12.384402740188937,114.64961867746565,3,True,False,False,0.0
LEAD-20360,Prospect_360,Technology,Medium,Midwest,9155625.168729484,Multiple,"Distribution Center Management,Dedicated Contract Carriage",Trade Show,45.63074715791482,29.19675124263633,1,False,False,False,0.0
LEAD-20361,Prospect_361,Automotive,Medium,Southeast,3760986.210918459,None,"Transportation Management,Distribution Center Management,Dedicated Contract Carriage",Marketing Campaign,50.744086737214424,34.58072826022753,6,False,False,True,53898.93206386154
LEAD-20362,Prospect_362,Food & Beverage,Medium,Southeast,26268032.610913232,Competitor A,Fleet Maintenance,Referral,50.35975172608077,134.0091667853296,6,True,True,False,0.0
LEAD-20363,Prospect_363,Consumer Goods,Small,Midwest,887258.4701777652,None,Distribution Center Management,Cold Call,50.74392301075312,44.216897193213626,5,True,False,False,0.0
LEAD-20364,Prospect_364,Automotive,Medium,Northwest,32725629.531604826,Multiple,"Transportation Management,Dedicated Contract Carriage",Website,18.21643296060975,108.23915286092038,8,False,False,False,0.0
LEAD-20365,Prospect_365,Consumer Goods,Enterprise,Southwest,1290682114.174074,In-house,"Distribution Center Management,Transportation Management,Freight Management",Referral,37.68538731304945,153.38018011341495,3,True,True,False,0.0
LEAD-20366,Prospect_366,Consumer Goods,Medium,Northeast,10604878.339207025,None,"Fleet Maintenance,Freight Management,Supply Chain Solutions",Trade Show,25.809639808292467,14.817545574278672,7,True,False,False,0.0
LEAD-20367,Prospect_367,Technology,Medium,Northwest,14878117.846872833,None,"Fleet Maintenance,Supply Chain Solutions,Transportation Management",Referral,52.13917081667279,38.3154815004778,4,True,False,False,0.0
LEAD-20368,Prospect_368,Technology,Medium,Southeast,13076239.720456824,Competitor B,Freight Management,Referral,31.170763718228805,24.72911651064129,7,True,True,False,0.0
LEAD-20369,Prospect_369,Retail,Large,Southeast,83962711.37532897,Competitor A,"Dedicated Contract Carriage,Fleet Maintenance",Cold Call,37.19781403426625,52.82944263691676,6,False,False,False,0.0
LEAD-20370,Prospect_370,Automotive,Medium,Southeast,1290450.828182985,Competitor B,"Dedicated Contract Carriage,Fleet Maintenance",Marketing Campaign,57.32627650346562,84.68090936202137,8,True,True,False,0.0
LEAD-20371,Prospect_371,Consumer Goods,Medium,Southeast,2804217.680295845,Multiple,Distribution Center Management,Referral,45.57810282438379,17.352639443295246,8,False,False,False,0.0
LEAD-20372,Prospect_372,E-commerce,Large,Midwest,46160808.46646341,Multiple,"Dedicated Contract Carriage,Freight Management,Transportation Management",Website,71.17482679286901,9.855737325415086,7,False,True,False,0.0
LEAD-20373,Prospect_373,Food & Beverage,Small,Midwest,2523470.7845031708,Competitor B,Freight Management,Website,10.293583148361185,0.01891120345703355,6,True,True,False,0.0
LEAD-20374,Prospect_374,Manufacturing,Medium,West,6937722.584872303,In-house,Distribution Center Management,Referral,29.102767972964443,35.359713453133985,2,True,True,True,46660.40105682788
LEAD-20375,Prospect_375,Automotive,Medium,Northeast,14420283.698059915,Competitor B,"Freight Management,Dedicated Contract Carriage",Trade Show,20.564458433861905,14.249949524796644,3,True,True,False,0.0
LEAD-20376,Prospect_376,Food & Beverage,Medium,Southeast,19861827.543273322,Competitor A,"Fleet Maintenance,Dedicated Contract Carriage,Supply Chain Solutions",Marketing Campaign,63.987113577507884,91.75052446407534,5,False,False,False,0.0
LEAD-20377,Prospect_377,Consumer Goods,Medium,Southwest,15392240.404894788,Competitor A,"Distribution Center Management,Dedicated Contract Carriage,Fleet Maintenance",Referral,58.846501695308376,0.56695038238488,5,True,True,False,0.0
LEAD-20378,Prospect_378,Healthcare,Small,West,13927892.56233046,Multiple,"Transportation Management,Dedicated Contract Carriage",Referral,54.27368145992196,59.88564184608923,3,True,False,False,0.0
LEAD-20379,Prospect_379,E-commerce,Small,Southeast,1185898.7269971631,In-house,"Dedicated Contract Carriage,Transportation Management,Supply Chain Solutions",Cold Call,36.598390726167075,23.647715364936786,5,True,True,True,7566.17044954703
LEAD-20380,Prospect_380,Automotive,Small,Southeast,600576.8354264713,In-house,"Distribution Center Management,Dedicated Contract Carriage",Trade Show,71.0344426211105,19.492259761865714,5,False,True,False,0.0
LEAD-20381,Prospect_381,Technology,Medium,Northeast,2885493.7969420203,Competitor B,"Fleet Maintenance,Supply Chain Solutions,Dedicated Contract Carriage",Referral,54.85267036492345,74.7627316761408,9,False,False,False,0.0
LEAD-20382,Prospect_382,Retail,Large,Northwest,42241609.89281229,Competitor B,"Transportation Management,Distribution Center Management,Fleet Maintenance",Cold Call,44.731718457165954,96.29789894950058,5,True,True,False,0.0
LEAD-20383,Prospect_383,Automotive,Small,Northeast,701818.818028939,Multiple,"Distribution Center Management,Fleet Maintenance",Cold Call,23.28408118510787,130.49181247785998,8,True,True,False,0.0
LEAD-20384,Prospect_384,Manufacturing,Medium,Southeast,2075289.9025327894,Multiple,"Transportation Management,Dedicated Contract Carriage,Distribution Center Management",Marketing Campaign,57.092307776432435,68.96776486638718,7,False,False,True,12166.297455931877
LEAD-20385,Prospect_385,Food & Beverage,Medium,Southwest,17042193.591048174,Competitor A,Dedicated Contract Carriage,Marketing Campaign,34.51929456757718,31.369106550824707,2,True,False,False,0.0
LEAD-20386,Prospect_386,Manufacturing,Medium,Southwest,17377015.245802503,Competitor B,"Distribution Center Management,Fleet Maintenance,Dedicated Contract Carriage",Marketing Campaign,38.04833511327432,48.96152860133713,6,True,False,False,0.0
LEAD-20387,Prospect_387,E-commerce,Small,West,2115035.997048547,In-house,"Transportation Management,Distribution Center Management",Trade Show,20.117361093074855,59.490294186433246,7,False,True,False,0.0
LEAD-20388,Prospect_388,Consumer Goods,Large,Midwest,33982453.54733195,None,"Freight Management,Transportation Management,Distribution Center Management",Referral,21.673432398013407,22.131075859662456,3,True,False,True,416340.38452397456
LEAD-20389,Prospect_389,Manufacturing,Medium,West,10621675.239624703,Multiple,Supply Chain Solutions,Referral,45.36129524619397,61.319792762372145,8,True,False,False,0.0
LEAD-20390,Prospect_390,Healthcare,Enterprise,West,214888557.88464877,Multiple,"Distribution Center Management,Dedicated Contract Carriage,Freight Management",Marketing Campaign,53.70772309108977,124.7629704046954,5,False,False,False,0.0
LEAD-20391,Prospect_391,E-commerce,Large,Midwest,124507388.23575789,In-house,"Fleet Maintenance,Distribution Center Management",Cold Call,44.546057501636874,11.11556048406074,5,False,False,False,0.0
LEAD-20392,Prospect_392,Retail,Enterprise,Northeast,469743653.95694464,None,Transportation Management,Website,34.25579652998542,5.731655074223713,8,False,False,False,0.0
LEAD-20393,Prospect_393,E-commerce,Medium,West,4858946.518986035,In-house,"Dedicated Contract Carriage,Distribution Center Management",Website,25.792010109311974,39.420822355361125,4,False,False,False,0.0
LEAD-20394,Prospect_394,Food & Beverage,Medium,Southwest,2241384.178713848,Competitor A,"Fleet Maintenance,Distribution Center Management",Referral,42.24422313597434,11.474916144814083,12,True,True,False,0.0
LEAD-20395,Prospect_395,Manufacturing,Small,Northeast,311892.96494096407,None,Supply Chain Solutions,Referral,34.82132629875644,9.762919243786849,3,False,True,True,4494.913697486706
LEAD-20396,Prospect_396,Consumer Goods,Medium,Northwest,2359359.1208856,In-house,"Distribution Center Management,Transportation Management",Marketing Campaign,38.716240334980725,41.272990128323926,4,True,False,False,0.0
LEAD-20397,Prospect_397,Food & Beverage,Medium,West,34549473.43675226,In-house,"Supply Chain Solutions,Distribution Center Management,Transportation Management",Referral,28.006547261478993,55.85261080451794,5,False,True,False,0.0
LEAD-20398,Prospect_398,Automotive,Small,Northeast,652560.5475594802,Competitor B,"Dedicated Contract Carriage,Freight Management,Supply Chain Solutions",Trade Show,51.66653367105225,2.678190413501736,6,True,True,False,0.0
LEAD-20399,Prospect_399,Consumer Goods,Small,Midwest,309938.3816039542,None,"Freight Management,Transportation Management",Marketing Campaign,39.577975481988034,21.996517581574278,9,False,False,False,0.0
LEAD-20400,Prospect_400,Technology,Small,Midwest,1025586.0299124229,Competitor B,"Fleet Maintenance,Supply Chain Solutions,Distribution Center Management",Trade Show,37.24417276020115,25.102968948973,5,True,True,False,0.0
LEAD-20401,Prospect_401,Manufacturing,Medium,Southwest,5021941.458890572,Multiple,"Dedicated Contract Carriage,Transportation Management",Trade Show,51.034135482932186,21.112505976663247,3,False,False,False,0.0
LEAD-20402,Prospect_402,Consumer Goods,Medium,Southwest,32264905.384615153,Multiple,Freight Management,Referral,8.44859174791049,24.40276285742397,4,False,False,True,203905.55024774914
LEAD-20403,Prospect_403,Retail,Medium,West,7494264.75047485,In-house,Supply Chain Solutions,Website,25.626796298268623,0.7874589781018647,3,True,True,False,0.0
LEAD-20404,Prospect_404,Healthcare,Large,Midwest,69899285.0846045,None,"Fleet Maintenance,Distribution Center Management,Dedicated Contract Carriage",Website,30.99054684359132,1.3916661261833074,7,False,False,True,940140.6184523781
LEAD-20405,Prospect_405,E-commerce,Medium,West,38201749.33605417,In-house,Transportation Management,Marketing Campaign,15.639208800506472,57.92849663622184,3,False,True,True,291008.6429858981
LEAD-20406,Prospect_406,Healthcare,Large,Northwest,37575873.55360049,Competitor B,Distribution Center Management,Trade Show,38.50935772724632,39.80152159361559,4,True,False,False,0.0
LEAD-20407,Prospect_407,Manufacturing,Large,Northeast,187514043.87020266,Competitor B,"Freight Management,Fleet Maintenance,Supply Chain Solutions",Marketing Campaign,52.675364074103705,2.4692670500400533,7,False,False,True,2658532.9389516586
LEAD-20408,Prospect_408,Healthcare,Small,West,4491069.346256423,Multiple,Transportation Management,Referral,13.78121421120076,12.284683154597861,1,True,False,False,0.0
LEAD-20409,Prospect_409,Food & Beverage,Enterprise,Northwest,270552196.334468,Competitor B,"Transportation Management,Dedicated Contract Carriage,Freight Management",Trade Show,19.748435571352353,59.99019544718767,5,False,True,False,0.0
LEAD-20410,Prospect_410,Retail,Medium,Southeast,2398691.9750192645,Competitor A,"Transportation Management,Freight Management",Marketing Campaign,63.26165135164538,5.9527321549011525,4,False,False,False,0.0
LEAD-20411,Prospect_411,Technology,Medium,Southeast,826239.9975608847,Competitor B,Distribution Center Management,Referral,51.2933708737001,40.55906817376375,5,True,False,False,0.0
LEAD-20412,Prospect_412,Food & Beverage,Medium,West,4357384.153976215,None,Fleet Maintenance,Trade Show,21.12245608770745,5.101122448116885,8,True,True,False,0.0
LEAD-20413,Prospect_413,Retail,Medium,Northeast,13717893.498343341,In-house,"Freight Management,Dedicated Contract Carriage",Referral,62.91969042117225,85.94711992983248,6,True,True,False,0.0
LEAD-20414,Prospect_414,E-commerce,Small,Midwest,1366779.490566952,None,Distribution Center Management,Cold Call,46.3222326583356,19.612971331436775,10,True,False,False,0.0
LEAD-20415,Prospect_415,Retail,Large,Northwest,25430588.979550738,Competitor A,"Transportation Management,Distribution Center Management",Marketing Campaign,31.09371741009553,17.545321275185614,5,True,False,False,0.0
LEAD-20416,Prospect_416,Automotive,Large,Northeast,58336931.378680386,None,"Freight Management,Dedicated Contract Carriage,Distribution Center Management",Website,32.851001534697424,31.038566294743237,8,False,False,True,387941.3180181638
LEAD-20417,Prospect_417,Healthcare,Enterprise,Southeast,848601646.5584676,Competitor B,"Fleet Maintenance,Supply Chain Solutions",Cold Call,53.23254148472218,65.45927195250687,4,True,True,False,0.0
LEAD-20418,Prospect_418,Automotive,Small,Northeast,1072567.9747111795,Multiple,"Dedicated Contract Carriage,Fleet Maintenance",Cold Call,13.679525059637312,67.31624949912963,6,True,True,False,0.0
LEAD-20419,Prospect_419,Technology,Large,Northwest,233471579.406881,In-house,Fleet Maintenance,Cold Call,47.4966321428996,9.232367447952576,5,False,True,False,0.0
LEAD-20420,Prospect_420,Retail,Small,Southwest,17560309.194564126,In-house,"Fleet Maintenance,Supply Chain Solutions,Distribution Center Management",Trade Show,47.75830345357747,65.23876261763465,6,True,False,False,0.0
LEAD-20421,Prospect_421,Manufacturing,Small,Northwest,294932.3883023503,Competitor B,"Dedicated Contract Carriage,Distribution Center Management",Website,34.288426738338224,18.190112327809413,4,True,False,False,0.0
LEAD-20422,Prospect_422,Automotive,Medium,Southwest,2952810.96990084,Competitor A,"Distribution Center Management,Supply Chain Solutions,Dedicated Contract Carriage",Website,31.73285904639784,18.610814538165936,4,False,True,True,29450.874758764887
LEAD-20423,Prospect_423,E-commerce,Small,West,2628638.290241004,None,"Distribution Center Management,Supply Chain Solutions",Website,25.75862683081699,38.519681217524116,6,True,True,False,0.0
LEAD-20424,Prospect_424,Consumer Goods,Medium,Midwest,1786741.8269016752,Multiple,"Freight Management,Dedicated Contract Carriage,Distribution Center Management",Referral,45.20600960390222,100.38198250024152,8,True,False,False,0.0
LEAD-20425,Prospect_425,Technology,Medium,Southeast,26915810.85395615,In-house,"Dedicated Contract Carriage,Fleet Maintenance",Trade Show,21.0470904164908,50.9869690813303,5,True,True,True,221630.0200963416
LEAD-20426,Prospect_426,Food & Beverage,Large,Northeast,93487182.3296328,In-house,Distribution Center Management,Trade Show,22.428138231287782,30.148269420137314,4,True,True,True,567627.1754142498
LEAD-20427,Prospect_427,Manufacturing,Large,Southeast,58455025.834490396,Competitor B,"Distribution Center Management,Supply Chain Solutions",Referral,29.08228540349227,37.26291714637134,2,False,True,False,0.0
LEAD-20428,Prospect_428,Consumer Goods,Medium,Northwest,16606036.464889716,In-house,Dedicated Contract Carriage,Marketing Campaign,42.77071051072272,8.499364247385003,5,False,False,False,0.0
LEAD-20429,Prospect_429,Food & Beverage,Large,West,66521829.38457409,None,Freight Management,Website,53.33334950481993,33.67451706475009,3,True,False,True,641932.1806264302
LEAD-20430,Prospect_430,Food & Beverage,Enterprise,West,367152548.44371015,Competitor B,"Fleet Maintenance,Supply Chain Solutions,Dedicated Contract Carriage",Trade Show,60.1689221197063,40.084937656620625,5,True,False,False,0.0
LEAD-20431,Prospect_431,Healthcare,Medium,Southwest,20837605.506445996,In-house,"Freight Management,Distribution Center Management",Referral,43.14827258655637,87.56079114729708,4,False,False,False,0.0
LEAD-20432,Prospect_432,Manufacturing,Small,Southeast,801094.3411637024,Competitor B,Fleet Maintenance,Trade Show,24.498124544108045,20.152760320246976,7,True,True,False,0.0
LEAD-20433,Prospect_433,Manufacturing,Medium,Midwest,9530480.070266623,None,Fleet Maintenance,Referral,51.99762372494331,21.033373805204995,4,True,True,False,0.0
LEAD-20434,Prospect_434,Automotive,Medium,Northeast,11672509.75982152,Competitor B,Dedicated Contract Carriage,Referral,52.78453243370406,59.55422197291181,8,True,True,False,0.0
LEAD-20435,Prospect_435,Manufacturing,Medium,Southwest,5178390.096961401,None,"Supply Chain Solutions,Freight Management,Fleet Maintenance",Marketing Campaign,44.78354144748067,170.5711518800099,6,False,True,False,0.0
LEAD-20436,Prospect_436,Healthcare,Small,West,4282325.265808862,Competitor B,"Transportation Management,Dedicated Contract Carriage,Fleet Maintenance",Website,58.87761353913782,13.962952916534526,5,True,True,False,0.0
LEAD-20437,Prospect_437,Food & Beverage,Small,Northeast,4296165.4497559015,Competitor B,"Fleet Maintenance,Transportation Management",Trade Show,10.825416931469057,11.701093887471371,1,True,True,False,0.0
LEAD-20438,Prospect_438,Consumer Goods,Medium,Northwest,11443724.689245733,In-house,"Fleet Maintenance,Freight Management",Website,30.48444341403257,5.753138960160673,1,True,False,True,123705.69570409806
LEAD-20439,Prospect_439,Food & Beverage,Small,Southeast,1656166.0943708194,Multiple,"Dedicated Contract Carriage,Distribution Center Management,Transportation Management",Marketing Campaign,15.09959073889953,103.4550443852455,9,True,True,False,0.0
LEAD-20440,Prospect_440,Retail,Enterprise,Northeast,863572269.2289994,In-house,"Dedicated Contract Carriage,Fleet Maintenance",Cold Call,27.900935762593726,22.654484785768894,4,True,True,False,0.0
LEAD-20441,Prospect_441,Automotive,Small,West,1768079.4184118847,Competitor A,"Dedicated Contract Carriage,Fleet Maintenance,Supply Chain Solutions",Marketing Campaign,29.18684965783146,93.06176367714683,5,True,False,False,0.0
LEAD-20442,Prospect_442,Consumer Goods,Medium,Southwest,12186474.880395627,Multiple,"Transportation Management,Fleet Maintenance",Website,16.207004851955098,60.21968516260374,8,True,False,False,0.0
LEAD-20443,Prospect_443,Consumer Goods,Small,Northeast,386205.1952853001,Competitor B,"Supply Chain Solutions,Transportation Management",Website,32.74044540191163,18.266318815662377,5,True,False,False,0.0
LEAD-20444,Prospect_444,Food & Beverage,Small,Southwest,8991062.556845414,Competitor B,"Dedicated Contract Carriage,Supply Chain Solutions",Trade Show,39.33996056780529,9.616376138744384,8,False,True,False,0.0
LEAD-20445,Prospect_445,E-commerce,Large,Northwest,29367694.903062146,In-house,Dedicated Contract Carriage,Marketing Campaign,37.114887012682225,59.46112726153724,5,False,True,False,0.0
LEAD-20446,Prospect_446,Retail,Medium,Northeast,13620670.87084567,Competitor A,"Supply Chain Solutions,Transportation Management",Referral,33.45682721893527,51.411181821203684,3,True,False,True,134714.89358854247
LEAD-20447,Prospect_447,Retail,Small,Northeast,2232360.322645234,Multiple,"Distribution Center Management,Dedicated Contract Carriage",Trade Show,45.88388473417076,97.11779850241503,2,False,False,False,0.0
LEAD-20448,Prospect_448,Automotive,Medium,Southeast,5762326.7336245,Competitor A,"Dedicated Contract Carriage,Supply Chain Solutions",Marketing Campaign,26.597314043819953,72.28257950577033,5,False,False,False,0.0
LEAD-20449,Prospect_449,Retail,Small,Northwest,272613.5309428679,Multiple,"Distribution Center Management,Dedicated Contract Carriage,Supply Chain Solutions",Trade Show,63.63040286370385,3.395061787526919,4,True,True,True,1790.1890932925319
LEAD-20450,Prospect_450,Manufacturing,Medium,Northwest,9916759.915772201,Competitor A,"Fleet Maintenance,Transportation Management",Referral,39.90816548536916,58.638425989023155,2,False,False,False,0.0
LEAD-20451,Prospect_451,Food & Beverage,Small,Northeast,13886339.38209779,Competitor B,Supply Chain Solutions,Referral,19.6663661552895,76.35784324541622,12,True,True,False,0.0
LEAD-20452,Prospect_452,Healthcare,Small,Northwest,230997.6437356688,In-house,Supply Chain Solutions,Cold Call,49.29633044200036,15.51069192437439,5,True,True,False,0.0
LEAD-20453,Prospect_453,Food & Beverage,Small,Southeast,967331.1576663086,Competitor A,Distribution Center Management,Referral,30.778511137658143,13.724030818666229,8,True,False,False,0.0
LEAD-20454,Prospect_454,Consumer Goods,Small,Northeast,1220643.0831487342,Competitor A,Fleet Maintenance,Trade Show,22.824567879546045,21.407734930192063,7,True,False,False,0.0
LEAD-20455,Prospect_455,Manufacturing,Small,Midwest,3348967.9687796775,None,"Distribution Center Management,Transportation Management,Fleet Maintenance",Cold Call,42.9152372252283,199.19239713374085,1,True,False,False,0.0
LEAD-20456,Prospect_456,Healthcare,Medium,Southeast,4607924.600237694,Competitor B,"Transportation Management,Freight Management,Fleet Maintenance",Trade Show,39.6245016338734,22.214196603081756,5,True,False,False,0.0
LEAD-20457,Prospect_457,Consumer Goods,Medium,Southwest,4333507.402641411,Multiple,"Dedicated Contract Carriage,Transportation Management",Marketing Campaign,11.213556706143606,6.394657313296908,7,False,False,False,0.0
LEAD-20458,Prospect_458,Consumer Goods,Medium,West,11514716.50745429,Competitor A,Dedicated Contract Carriage,Trade Show,58.589078630273725,83.59209505788827,5,True,False,False,0.0
LEAD-20459,Prospect_459,Healthcare,Medium,Northeast,41943148.864064805,Multiple,Fleet Maintenance,Website,41.061225583279565,14.58845321650693,6,True,True,False,0.0
LEAD-20460,Prospect_460,Healthcare,Large,Southeast,19138065.842814587,Multiple,"Dedicated Contract Carriage,Supply Chain Solutions,Freight Management",Website,52.56252905958423,75.38382765255251,7,True,False,True,244021.57514880013
LEAD-20461,Prospect_461,Automotive,Enterprise,Midwest,236560523.72162178,None,Transportation Management,Website,28.792102902441396,6.63026846722401,4,False,True,False,0.0
LEAD-20462,Prospect_462,Technology,Large,West,22502089.60546146,Multiple,"Freight Management,Distribution Center Management",Trade Show,17.568483370992997,157.76107249409773,6,True,True,False,0.0
LEAD-20463,Prospect_463,Consumer Goods,Small,Southeast,350409.769547762,Competitor B,"Freight Management,Supply Chain Solutions,Fleet Maintenance",Marketing Campaign,24.73001665195272,12.663779466606277,4,False,False,False,0.0
LEAD-20464,Prospect_464,E-commerce,Small,Southeast,631643.5901764813,Competitor A,Dedicated Contract Carriage,Referral,21.444621361640653,12.14149248586286,5,False,True,False,0.0
LEAD-20465,Prospect_465,Manufacturing,Enterprise,Northwest,307263957.42932546,Competitor B,"Dedicated Contract Carriage,Transportation Management",Cold Call,39.988619273685885,108.4051865406405,5,False,False,True,3996255.567294873
LEAD-20466,Prospect_466,Retail,Large,Southwest,27823379.180759832,In-house,Transportation Management,Website,19.50453313765675,175.3434141870178,1,False,False,True,411821.38391273754
LEAD-20467,Prospect_467,Healthcare,Enterprise,Midwest,249358183.96431273,In-house,"Dedicated Contract Carriage,Supply Chain Solutions",Website,41.29791491246943,56.484788042402286,2,False,False,False,0.0
LEAD-20468,Prospect_468,Food & Beverage,Medium,Southeast,2933541.1246314766,Competitor A,"Fleet Maintenance,Distribution Center Management,Transportation Management",Referral,36.93317418140689,72.99106052562166,6,False,False,False,0.0
LEAD-20469,Prospect_469,Food & Beverage,Small,Northeast,329918.24811059743,None,"Supply Chain Solutions,Freight Management,Fleet Maintenance",Referral,61.145025999088766,90.46762961432444,7,True,False,False,0.0
LEAD-20470,Prospect_470,Retail,Large,Midwest,10691217.130203204,Competitor A,Freight Management,Marketing Campaign,52.890106888737996,43.03585318211123,1,True,True,True,103048.18177356102
LEAD-20471,Prospect_471,Manufacturing,Medium,Southeast,3297994.167494191,In-house,"Transportation Management,Fleet Maintenance",Trade Show,61.450947729410586,52.803656696641276,6,False,False,True,45426.45769992634
LEAD-20472,Prospect_472,Food & Beverage,Large,Southwest,150116154.17164358,None,"Dedicated Contract Carriage,Fleet Maintenance,Distribution Center Management",Trade Show,10.665736906385003,67.40249065210742,3,False,True,False,0.0
LEAD-20473,Prospect_473,Food & Beverage,Small,Midwest,3462157.3355769585,Multiple,"Freight Management,Supply Chain Solutions,Dedicated Contract Carriage",Marketing Campaign,31.64819872235646,27.16438491589631,9,False,False,False,0.0
LEAD-20474,Prospect_474,Manufacturing,Medium,Midwest,3315244.9420501394,None,"Dedicated Contract Carriage,Distribution Center Management",Referral,22.16109623782583,47.99053062884011,8,False,False,False,0.0
LEAD-20475,Prospect_475,Consumer Goods,Large,Southwest,161647045.30811292,Competitor B,Freight Management,Marketing Campaign,36.47624900311068,38.24249306808914,2,True,False,False,0.0
LEAD-20476,Prospect_476,Manufacturing,Small,West,8994250.458447421,None,Supply Chain Solutions,Marketing Campaign,23.776673617980315,47.3139615093659,5,True,False,False,0.0
LEAD-20477,Prospect_477,E-commerce,Medium,Midwest,39906569.15352661,Competitor B,Supply Chain Solutions,Cold Call,21.68062338068705,14.431800350257983,2,False,True,False,0.0
LEAD-20478,Prospect_478,Technology,Large,West,85304105.57467514,In-house,"Dedicated Contract Carriage,Distribution Center Management,Supply Chain Solutions",Website,23.846327160403177,134.64662792872238,4,False,True,False,0.0
LEAD-20479,Prospect_479,Technology,Medium,Southwest,34436106.03691458,Multiple,"Transportation Management,Supply Chain Solutions",Trade Show,70.9720243263723,13.523268212713457,6,True,True,False,0.0
LEAD-20480,Prospect_480,Automotive,Small,Midwest,2037496.9170187037,Multiple,Supply Chain Solutions,Cold Call,44.82322644956615,13.24922847069396,3,True,True,False,0.0
LEAD-20481,Prospect_481,Manufacturing,Small,West,282727.0457412218,Multiple,"Transportation Management,Dedicated Contract Carriage",Trade Show,24.905236285205394,112.84215505106225,9,False,False,False,0.0
LEAD-20482,Prospect_482,Consumer Goods,Medium,Southeast,9138931.283086332,Multiple,"Dedicated Contract Carriage,Freight Management",Marketing Campaign,29.91638006889772,14.21575517039875,7,True,True,True,124869.47944161337
LEAD-20483,Prospect_483,Retail,Large,Northwest,65740411.25017701,Competitor A,"Freight Management,Dedicated Contract Carriage",Trade Show,17.65653242489783,32.52888924627429,7,False,True,False,0.0
LEAD-20484,Prospect_484,Retail,Medium,Midwest,15444582.608362464,Competitor B,"Dedicated Contract Carriage,Transportation Management,Supply Chain Solutions",Website,30.462657919610344,34.84405987828325,6,False,False,True,223166.79379134075
LEAD-20485,Prospect_485,E-commerce,Small,West,1258171.2214209882,Multiple,"Fleet Maintenance,Distribution Center Management,Freight Management",Trade Show,12.68855162795145,1.1205406383399694,8,True,False,False,0.0
LEAD-20486,Prospect_486,Consumer Goods,Medium,West,8095105.594694244,None,"Dedicated Contract Carriage,Transportation Management",Marketing Campaign,42.88001204377108,2.3061325258009413,4,True,True,False,0.0
LEAD-20487,Prospect_487,Retail,Large,Southwest,73737205.56264047,None,"Dedicated Contract Carriage,Freight Management",Website,43.160750031561285,11.200255537235018,3,True,False,False,0.0
LEAD-20488,Prospect_488,Retail,Medium,Midwest,29289130.2701388,Multiple,"Transportation Management,Freight Management,Distribution Center Management",Referral,55.08325683915783,78.07238994442662,4,True,True,False,0.0
LEAD-20489,Prospect_489,Food & Beverage,Large,Northeast,40694868.81442615,In-house,Dedicated Contract Carriage,Referral,12.014703356856412,163.56714134767353,4,False,True,False,0.0
LEAD-20490,Prospect_490,Healthcare,Small,Midwest,1183376.6326225202,Multiple,Distribution Center Management,Trade Show,42.08187390424295,13.242794536351784,8,True,True,False,0.0
LEAD-20491,Prospect_491,E-commerce,Enterprise,West,763888116.372454,None,"Dedicated Contract Carriage,Freight Management,Distribution Center Management",Referral,47.89640105782127,11.042055251914952,6,False,False,False,0.0
LEAD-20492,Prospect_492,Healthcare,Medium,Southwest,2948486.6494733817,Competitor A,Freight Management,Marketing Campaign,18.159330318628317,132.5217141847345,8,False,False,False,0.0
LEAD-20493,Prospect_493,Healthcare,Medium,Northwest,21845093.19278194,Competitor A,"Dedicated Contract Carriage,Transportation Management",Website,14.329172126347528,54.86010522123929,7,False,True,False,0.0
LEAD-20494,Prospect_494,E-commerce,Small,West,1889741.2337608486,Competitor B,"Transportation Management,Freight Management",Cold Call,16.777446541334466,153.48982523429174,13,False,True,False,0.0
LEAD-20495,Prospect_495,Technology,Small,Northeast,17415077.91730401,Multiple,"Dedicated Contract Carriage,Distribution Center Management,Transportation Management",Cold Call,24.59946525081702,10.829334820672035,5,True,False,False,0.0
LEAD-20496,Prospect_496,Retail,Medium,Northwest,7341634.29499349,In-house,"Distribution Center Management,Freight Management",Trade Show,38.10427557121062,91.73263790984116,6,True,True,False,0.0
LEAD-20497,Prospect_497,Consumer Goods,Enterprise,West,752582837.3014531,Competitor A,"Fleet Maintenance,Distribution Center Management,Supply Chain Solutions",Trade Show,51.005763251929196,14.414683754237341,5,True,False,False,0.0
LEAD-20498,Prospect_498,Consumer Goods,Large,West,64515979.77037851,Competitor A,Transportation Management,Website,0.45049520926031666,55.15066015749078,4,True,False,False,0.0
LEAD-20499,Prospect_499,E-commerce,Large,Southeast,72424166.10293396,Competitor B,"Transportation Management,Freight Management,Distribution Center Management",Website,51.06944310355037,16.89479088766597,2,False,False,False,0.0
LEAD-20500,Prospect_500,Food & Beverage,Medium,West,9998733.246885363,Multiple,"Supply Chain Solutions,Fleet Maintenance",Referral,61.832139828236954,51.575493589909094,4,False,True,True,147879.00561760628
LEAD-20501,Prospect_501,Healthcare,Medium,Southwest,8766148.77500571,Competitor B,"Dedicated Contract Carriage,Distribution Center Management",Referral,41.44611249465963,91.97729222232225,5,True,False,True,77942.62535615006
LEAD-20502,Prospect_502,Manufacturing,Small,West,286521.7533756943,Multiple,"Fleet Maintenance,Supply Chain Solutions,Dedicated Contract Carriage",Trade Show,40.01969737191826,42.90531465030596,12,False,True,False,0.0
LEAD-20503,Prospect_503,Automotive,Small,Northwest,984984.8551140965,In-house,"Supply Chain Solutions,Distribution Center Management,Freight Management",Cold Call,35.656434555396444,40.07159198638411,4,False,False,False,0.0
LEAD-20504,Prospect_504,Manufacturing,Medium,Northeast,10365543.777096448,Competitor A,Freight Management,Marketing Campaign,31.786123329853215,37.86095810398497,7,True,True,False,0.0
LEAD-20505,Prospect_505,Retail,Small,Southeast,338482.4808379497,Multiple,"Supply Chain Solutions,Distribution Center Management",Marketing Campaign,16.588903632049984,6.542255604133003,6,True,True,False,0.0
LEAD-20506,Prospect_506,Manufacturing,Large,Southeast,322849705.3043439,In-house,"Transportation Management,Freight Management",Website,28.44232222187247,87.92279240011578,6,True,True,False,0.0
LEAD-20507,Prospect_507,Food & Beverage,Medium,Northeast,2005637.0057824615,Competitor B,Supply Chain Solutions,Marketing Campaign,33.4976369041767,14.70806744667346,3,True,False,True,13630.651206627235
LEAD-20508,Prospect_508,Manufacturing,Small,Southeast,702968.7357361505,Multiple,"Freight Management,Supply Chain Solutions,Distribution Center Management",Trade Show,36.86349501179751,25.067269609846225,4,True,True,False,0.0
LEAD-20509,Prospect_509,Food & Beverage,Medium,Northeast,2475850.519051824,In-house,"Dedicated Contract Carriage,Supply Chain Solutions,Freight Management",Marketing Campaign,29.72539555686864,19.025973754799185,3,False,True,False,0.0
LEAD-20510,Prospect_510,Technology,Medium,Southeast,1286924.0521098836,None,"Transportation Management,Fleet Maintenance",Trade Show,52.51453276405724,18.048221629525173,6,True,True,False,0.0
LEAD-20511,Prospect_511,Manufacturing,Small,Southeast,2721914.9555546814,In-house,Supply Chain Solutions,Trade Show,36.90394505226893,48.45955441634392,6,True,True,False,0.0
LEAD-20512,Prospect_512,E-commerce,Small,West,9720902.58499845,Multiple,Freight Management,Referral,43.30634933282456,107.99811633916838,4,False,True,False,0.0
LEAD-20513,Prospect_513,E-commerce,Medium,Southwest,61448856.41880773,In-house,"Dedicated Contract Carriage,Freight Management,Supply Chain Solutions",Cold Call,48.40780319285597,40.6810085395734,6,False,True,False,0.0
LEAD-20514,Prospect_514,Automotive,Enterprise,West,726768197.2940004,In-house,Transportation Management,Cold Call,20.416968218575004,82.08953421946667,5,True,True,False,0.0
LEAD-20515,Prospect_515,Automotive,Small,Northwest,1041291.567758416,None,"Dedicated Contract Carriage,Freight Management,Supply Chain Solutions",Marketing Campaign,24.000237245708526,49.85483609957784,3,True,True,False,0.0
LEAD-20516,Prospect_516,E-commerce,Enterprise,Northwest,478179631.6887637,Competitor A,"Distribution Center Management,Transportation Management",Cold Call,31.514010713095953,34.90218419194368,4,True,True,True,4880983.039420779
LEAD-20517,Prospect_517,Automotive,Small,Midwest,5238369.807561181,Competitor B,"Distribution Center Management,Transportation Management",Cold Call,44.46988619599485,73.99342384235628,8,True,False,False,0.0
LEAD-20518,Prospect_518,Manufacturing,Medium,Southeast,12643809.42680113,None,Distribution Center Management,Cold Call,17.791109918450847,34.36756973750609,5,False,False,False,0.0
LEAD-20519,Prospect_519,Technology,Small,Southwest,864623.992616158,Multiple,"Dedicated Contract Carriage,Transportation Management,Supply Chain Solutions",Website,18.656886117702236,31.80481237744028,2,True,False,False,0.0
LEAD-20520,Prospect_520,Automotive,Small,Southwest,630169.2973448498,Competitor A,Distribution Center Management,Marketing Campaign,15.296805626719076,27.687030970714428,4,False,False,False,0.0
LEAD-20521,Prospect_521,Manufacturing,Medium,West,8468405.354446705,None,"Dedicated Contract Carriage,Supply Chain Solutions",Referral,37.83748580456745,77.06286412881019,2,False,False,False,0.0
LEAD-20522,Prospect_522,Retail,Medium,West,28121692.10946447,None,"Transportation Management,Supply Chain Solutions,Freight Management",Marketing Campaign,24.251921151378035,92.01790027448233,4,True,True,False,0.0
LEAD-20523,Prospect_523,Healthcare,Enterprise,Northeast,621061393.3617594,Multiple,"Distribution Center Management,Transportation Management,Freight Management",Cold Call,24.848733962590906,35.07036257005789,8,True,False,True,7102299.210359128
LEAD-20524,Prospect_524,Consumer Goods,Small,Southwest,1514639.684432028,Competitor B,"Freight Management,Transportation Management",Referral,60.57147991259069,37.949028244675915,5,True,False,False,0.0
LEAD-20525,Prospect_525,Technology,Large,Northeast,63553782.929763526,In-house,"Supply Chain Solutions,Dedicated Contract Carriage,Freight Management",Marketing Campaign,33.467750635545194,4.236677918124207,4,False,False,False,0.0
LEAD-20526,Prospect_526,Retail,Medium,Southeast,29309399.39316611,Competitor A,"Transportation Management,Supply Chain Solutions",Referral,32.891343889386576,26.888798531766597,8,False,False,False,0.0
LEAD-20527,Prospect_527,Healthcare,Small,Southwest,1319083.5177236907,Competitor B,"Distribution Center Management,Freight Management",Website,21.71960805542469,216.04448682441986,7,True,True,False,0.0
LEAD-20528,Prospect_528,Food & Beverage,Medium,West,2096133.9604698233,Competitor A,Fleet Maintenance,Cold Call,18.911450586118907,84.05209813010786,2,True,False,False,0.0
LEAD-20529,Prospect_529,Consumer Goods,Medium,Southwest,4940304.330988915,Multiple,Distribution Center Management,Referral,46.21196864353438,16.865957712004203,6,True,False,False,0.0
LEAD-20530,Prospect_530,Food & Beverage,Enterprise,Midwest,388331677.9760092,None,Transportation Management,Marketing Campaign,50.13391216380511,26.510098805148196,5,False,True,True,3659288.759070319
LEAD-20531,Prospect_531,Automotive,Small,West,701727.2186731383,Competitor A,Fleet Maintenance,Trade Show,23.002470135668588,18.91515599534828,3,False,True,True,10325.68651664455
LEAD-20532,Prospect_532,Automotive,Medium,Southwest,4392193.1595695745,Competitor A,"Transportation Management,Dedicated Contract Carriage",Cold Call,41.56516187934955,107.41928857018561,4,False,False,False,0.0
LEAD-20533,Prospect_533,E-commerce,Small,West,1677039.4499371275,None,Transportation Management,Website,38.52355397048008,55.54744639246024,3,False,False,False,0.0
LEAD-20534,Prospect_534,Automotive,Medium,Northwest,2069541.7947317685,In-house,"Transportation Management,Distribution Center Management",Trade Show,34.46204640162557,49.45101398622712,4,False,False,False,0.0
LEAD-20535,Prospect_535,Food & Beverage,Enterprise,Southeast,193913587.15388075,Competitor A,Freight Management,Referral,47.5654616309869,17.020895853424246,6,True,True,True,1376035.261124421
LEAD-20536,Prospect_536,Retail,Small,Southwest,1764794.953724834,In-house,"Transportation Management,Dedicated Contract Carriage",Cold Call,50.71544597422015,37.96060158322584,5,True,False,False,0.0
LEAD-20537,Prospect_537,Healthcare,Large,Northeast,105925213.33960347,None,"Dedicated Contract Carriage,Distribution Center Management,Transportation Management",Trade Show,41.49511073973781,7.0089270525220035,4,True,False,False,0.0
LEAD-20538,Prospect_538,Retail,Small,Northeast,388035.1218917387,In-house,Supply Chain Solutions,Trade Show,36.185722776185706,199.911350001849,3,True,False,False,0.0
LEAD-20539,Prospect_539,Food & Beverage,Medium,Northwest,12822010.871788844,Multiple,"Transportation Management,Dedicated Contract Carriage",Marketing Campaign,23.37339854214868,6.955473325979273,7,True,False,True,64635.32883528288
LEAD-20540,Prospect_540,Retail,Medium,Northeast,4736430.704930473,Multiple,"Dedicated Contract Carriage,Distribution Center Management",Trade Show,55.29860158868605,3.536001545471531,3,True,True,False,0.0
LEAD-20541,Prospect_541,Healthcare,Medium,Southeast,3209222.26609418,Competitor A,"Dedicated Contract Carriage,Distribution Center Management",Trade Show,61.41842746155754,13.164910011900634,2,True,True,False,0.0
LEAD-20542,Prospect_542,Healthcare,Enterprise,Northwest,488565919.29843575,Multiple,"Distribution Center Management,Fleet Maintenance",Website,10.298464082473169,30.068353425529697,4,True,True,True,5252052.935510394
LEAD-20543,Prospect_543,Technology,Medium,Midwest,45801384.76632059,Competitor A,Supply Chain Solutions,Trade Show,14.598184992333199,47.81203602803971,2,True,False,True,236108.9752068291
LEAD-20544,Prospect_544,E-commerce,Medium,Southwest,23498315.0795662,Competitor A,"Freight Management,Fleet Maintenance,Distribution Center Management",Marketing Campaign,34.15642276200987,56.81219933525757,6,True,True,False,0.0
LEAD-20545,Prospect_545,Automotive,Medium,Southeast,17858646.615913913,None,"Distribution Center Management,Transportation Management",Marketing Campaign,61.286581069419974,58.711143312011004,6,True,False,False,0.0
LEAD-20546,Prospect_546,Automotive,Enterprise,Northwest,301512486.08042103,Multiple,"Freight Management,Supply Chain Solutions,Dedicated Contract Carriage",Cold Call,45.61144992909484,83.10737568994368,4,False,False,True,3938838.5516306986
LEAD-20547,Prospect_547,Healthcare,Medium,West,70321381.63579673,Competitor B,"Fleet Maintenance,Freight Management",Trade Show,35.114799289149076,67.96673564552185,7,True,False,False,0.0
LEAD-20548,Prospect_548,Technology,Enterprise,Southwest,378457530.1755108,None,"Fleet Maintenance,Supply Chain Solutions,Dedicated Contract Carriage",Trade Show,42.30312502408875,62.621807552609084,4,True,False,False,0.0
LEAD-20549,Prospect_549,Food & Beverage,Large,Midwest,157306053.5922658,Competitor A,"Distribution Center Management,Transportation Management",Cold Call,43.48055551073898,102.85099053876702,1,True,False,True,1008790.1912401296
LEAD-20550,Prospect_550,E-commerce,Medium,West,29059581.746885303,Competitor A,"Freight Management,Fleet Maintenance",Trade Show,52.60356534300329,6.148671020347458,5,False,True,False,0.0
LEAD-20551,Prospect_551,Consumer Goods,Large,Midwest,77269031.3165059,Competitor B,Transportation Management,Cold Call,37.31655410679988,37.98462156845919,4,False,False,False,0.0
LEAD-20552,Prospect_552,Manufacturing,Medium,Southeast,1090621.700138376,In-house,"Dedicated Contract Carriage,Supply Chain Solutions,Freight Management",Marketing Campaign,18.76256818363956,132.24959201224902,5,False,True,True,14794.185433424354
LEAD-20553,Prospect_553,Technology,Large,Southwest,157875668.89456674,Multiple,Supply Chain Solutions,Referral,8.696624953644942,8.562521175023914,6,False,False,False,0.0
LEAD-20554,Prospect_554,Technology,Large,Northeast,21528293.223918147,In-house,"Distribution Center Management,Dedicated Contract Carriage,Transportation Management",Cold Call,46.33108757223001,0.6452319760338342,9,False,True,True,244539.67545172694
LEAD-20555,Prospect_555,Automotive,Small,Northwest,5646035.234124443,Competitor A,Freight Management,Trade Show,37.57755289706387,68.59207788628174,4,True,False,False,0.0
LEAD-20556,Prospect_556,Healthcare,Medium,Southwest,1927183.379412972,Multiple,"Freight Management,Dedicated Contract Carriage,Distribution Center Management",Referral,34.771517909240714,125.17918549657625,9,False,False,False,0.0
LEAD-20557,Prospect_557,E-commerce,Small,Northeast,835155.3610320924,Multiple,"Supply Chain Solutions,Freight Management,Distribution Center Management",Cold Call,50.68634423532677,28.173780216746604,2,False,True,False,0.0
LEAD-20558,Prospect_558,Healthcare,Large,Northwest,26456599.016309433,Competitor A,"Transportation Management,Distribution Center Management",Marketing Campaign,38.033775593316484,10.651429650956352,5,True,True,False,0.0
LEAD-20559,Prospect_559,Automotive,Large,West,41459197.7196406,Competitor A,"Transportation Management,Fleet Maintenance,Dedicated Contract Carriage",Trade Show,16.574412290044645,6.9131703341483846,3,True,False,False,0.0
LEAD-20560,Prospect_560,Technology,Enterprise,West,364087797.49038625,None,"Supply Chain Solutions,Dedicated Contract Carriage",Trade Show,4.51663571738118,169.82024029570806,2,True,False,False,0.0
LEAD-20561,Prospect_561,Food & Beverage,Small,Northwest,7823483.039115747,None,Supply Chain Solutions,Website,39.37871963084969,58.15307378497035,1,True,True,False,0.0
LEAD-20562,Prospect_562,Automotive,Small,Northeast,351790.6492612174,Multiple,Supply Chain Solutions,Cold Call,43.144270383011346,0.44537854869317767,4,True,True,False,0.0
LEAD-20563,Prospect_563,Manufacturing,Small,Northeast,491494.6874144205,None,Fleet Maintenance,Cold Call,29.747708778175646,58.39756692535231,13,False,False,False,0.0
LEAD-20564,Prospect_564,Retail,Large,Southeast,86348151.84830783,Competitor B,"Fleet Maintenance,Dedicated Contract Carriage,Freight Management",Trade Show,33.88146698309354,39.13096964776544,7,False,False,False,0.0
LEAD-20565,Prospect_565,Food & Beverage,Small,Midwest,4069781.547557332,None,"Freight Management,Distribution Center Management,Fleet Maintenance",Website,49.47762328622376,22.49860418838824,2,False,True,False,0.0
LEAD-20566,Prospect_566,E-commerce,Large,Northwest,55884437.72993202,Multiple,Supply Chain Solutions,Website,36.06282763327655,67.2579637265208,5,True,True,False,0.0
LEAD-20567,Prospect_567,Retail,Medium,Northeast,1488860.7027847087,Competitor B,Fleet Maintenance,Trade Show,38.96453572618412,14.187385739288462,11,False,True,False,0.0
LEAD-20568,Prospect_568,E-commerce,Medium,Southwest,1924684.665864461,Competitor B,"Supply Chain Solutions,Fleet Maintenance",Cold Call,22.53174007474173,10.119097585994565,3,True,False,False,0.0
LEAD-20569,Prospect_569,E-commerce,Small,Southwest,346329.16362055833,Multiple,"Fleet Maintenance,Supply Chain Solutions",Referral,58.09473029512306,15.727226449436968,3,True,False,True,3164.014465607383
LEAD-20570,Prospect_570,Automotive,Medium,Northeast,2880431.50508951,None,"Supply Chain Solutions,Transportation Management",Referral,36.304785699964874,25.868119104631464,5,False,False,False,0.0
LEAD-20571,Prospect_571,E-commerce,Small,Southeast,3783538.5509075555,Competitor A,"Freight Management,Distribution Center Management",Trade Show,34.398010862745274,96.55049355933045,8,True,False,False,0.0
LEAD-20572,Prospect_572,Manufacturing,Large,Northwest,89147933.6373316,Multiple,"Fleet Maintenance,Supply Chain Solutions,Transportation Management",Cold Call,69.87362540123597,51.288666468464235,5,False,False,True,700493.1294008666
LEAD-20573,Prospect_573,E-commerce,Small,Southeast,2006429.4713793101,Competitor A,"Supply Chain Solutions,Freight Management,Transportation Management",Marketing Campaign,13.310593368481532,37.652016165591306,5,False,False,False,0.0
LEAD-20574,Prospect_574,Automotive,Small,West,164406.434238562,Competitor A,Fleet Maintenance,Website,15.902495413305273,19.448498133117507,5,False,True,False,0.0
LEAD-20575,Prospect_575,Food & Beverage,Small,Northeast,636820.3486209462,Multiple,Transportation Management,Referral,81.2091710148377,25.581368294491973,7,False,True,False,0.0
LEAD-20576,Prospect_576,Retail,Small,Southeast,362844.1183222311,Competitor A,Supply Chain Solutions,Cold Call,52.456557510616854,12.604071748752924,4,False,True,False,0.0
LEAD-20577,Prospect_577,Manufacturing,Enterprise,Southeast,643351875.3789078,Competitor A,"Transportation Management,Supply Chain Solutions",Cold Call,56.471038617414685,26.738936349783735,7,True,False,False,0.0
LEAD-20578,Prospect_578,Food & Beverage,Small,Northwest,1495746.3999202447,Competitor A,"Fleet Maintenance,Distribution Center Management,Dedicated Contract Carriage",Website,22.719291872132445,52.604691354044405,4,True,False,False,0.0
LEAD-20579,Prospect_579,Manufacturing,Large,West,79293134.11266255,Multiple,Fleet Maintenance,Website,32.9032820488766,3.2454932118142352,5,False,False,False,0.0
LEAD-20580,Prospect_580,Healthcare,Small,Southeast,1345648.9301626035,Multiple,Transportation Management,Trade Show,24.941520374659884,19.758794404677694,5,False,True,False,0.0
LEAD-20581,Prospect_581,E-commerce,Medium,Northeast,4906069.87079246,Competitor A,"Dedicated Contract Carriage,Distribution Center Management",Cold Call,19.145224189422407,9.524843853100398,3,False,True,False,0.0
LEAD-20582,Prospect_582,Manufacturing,Medium,Southeast,2772311.3400098803,Competitor A,"Fleet Maintenance,Supply Chain Solutions",Marketing Campaign,87.7632610485968,275.38569093423655,4,False,False,False,0.0
LEAD-20583,Prospect_583,Manufacturing,Small,Southeast,879872.2793752507,Competitor A,"Distribution Center Management,Freight Management,Transportation Management",Referral,16.72842346130289,9.10915059034526,3,False,True,False,0.0
LEAD-20584,Prospect_584,Retail,Medium,Northwest,22439751.946941365,Multiple,"Dedicated Contract Carriage,Transportation Management,Fleet Maintenance",Cold Call,66.36703397623485,44.63626240764685,6,True,True,False,0.0
LEAD-20585,Prospect_585,Manufacturing,Large,Southeast,34517240.67729449,Competitor A,"Distribution Center Management,Fleet Maintenance,Freight Management",Marketing Campaign,39.038157442697546,34.61857629868381,9,True,False,False,0.0
LEAD-20586,Prospect_586,E-commerce,Small,Midwest,5245052.775871433,Multiple,Freight Management,Referral,23.204282986228446,3.5658926342193067,6,True,True,False,0.0
LEAD-20587,Prospect_587,Consumer Goods,Medium,West,7096158.495976227,None,Fleet Maintenance,Website,46.78693552586521,79.62172465824418,2,True,True,False,0.0
LEAD-20588,Prospect_588,Retail,Medium,West,41064544.41243669,Competitor A,"Distribution Center Management,Supply Chain Solutions",Website,41.867607747193915,86.08355381523894,8,False,True,False,0.0
LEAD-20589,Prospect_589,Retail,Medium,Southeast,56224983.02516314,Multiple,"Transportation Management,Fleet Maintenance,Supply Chain Solutions",Referral,31.057067987416698,73.64521327097061,5,True,False,False,0.0
LEAD-20590,Prospect_590,E-commerce,Small,Southwest,1029796.9817491202,Multiple,Freight Management,Marketing Campaign,30.386463310312863,62.29439921882343,4,False,False,False,0.0
LEAD-20591,Prospect_591,Consumer Goods,Large,Northeast,102821643.19920659,Multiple,"Dedicated Contract Carriage,Distribution Center Management",Referral,31.9699354816395,22.722960243438745,2,False,False,False,0.0
LEAD-20592,Prospect_592,Retail,Medium,Southwest,23137933.570534587,None,"Supply Chain Solutions,Dedicated Contract Carriage,Fleet Maintenance",Referral,8.12989056331357,41.439205371828706,2,False,False,False,0.0
LEAD-20593,Prospect_593,Food & Beverage,Medium,Northwest,13959187.514500339,Multiple,Distribution Center Management,Referral,70.41568628886202,5.029642183219425,3,False,False,False,0.0
LEAD-20594,Prospect_594,Technology,Medium,Northeast,27503376.440451916,Competitor A,"Distribution Center Management,Supply Chain Solutions,Transportation Management",Marketing Campaign,36.44138647115865,21.377508142676323,3,False,True,True,377278.8039778356
LEAD-20595,Prospect_595,Healthcare,Medium,Northwest,8777100.068767348,None,Transportation Management,Referral,51.06713559532231,71.57696633046712,3,False,False,False,0.0
LEAD-20596,Prospect_596,E-commerce,Enterprise,West,659735057.5190306,Multiple,"Fleet Maintenance,Distribution Center Management",Trade Show,57.94783850708639,32.40268119939799,3,True,True,True,4575683.199708288
LEAD-20597,Prospect_597,Healthcare,Medium,Northeast,6048658.617652275,Multiple,"Fleet Maintenance,Dedicated Contract Carriage,Freight Management",Website,72.56241883001529,28.683248717781154,6,True,False,False,0.0
LEAD-20598,Prospect_598,Technology,Medium,West,7520720.437829721,None,Supply Chain Solutions,Cold Call,57.62978280931392,44.17873323740309,7,True,False,True,82515.86280284428
LEAD-20599,Prospect_599,Technology,Large,Northwest,115284328.1054765,Multiple,"Dedicated Contract Carriage,Supply Chain Solutions,Fleet Maintenance",Trade Show,56.777406539923284,41.707437290029475,10,True,False,False,0.0
LEAD-20600,Prospect_600,Technology,Medium,West,17696534.312492188,Multiple,"Supply Chain Solutions,Distribution Center Management",Trade Show,37.756820447570036,36.05965145345702,4,False,True,False,0.0
LEAD-20601,Prospect_601,Automotive,Medium,Southwest,11833427.908637615,Multiple,"Dedicated Contract Carriage,Distribution Center Management,Transportation Management",Cold Call,36.638359489122536,17.454166667855088,8,False,True,False,0.0
LEAD-20602,Prospect_602,Food & Beverage,Small,Southwest,548812.7211795809,None,"Freight Management,Fleet Maintenance,Distribution Center Management",Cold Call,45.22451489487454,15.564659005828094,8,False,False,False,0.0
LEAD-20603,Prospect_603,Retail,Large,Midwest,116564607.98629129,Competitor A,Transportation Management,Marketing Campaign,49.847342335122825,9.114638396604589,4,True,False,True,591652.5890460478
LEAD-20604,Prospect_604,Retail,Medium,West,51852006.99217721,Multiple,"Dedicated Contract Carriage,Supply Chain Solutions,Distribution Center Management",Cold Call,39.42308325736874,55.36715299378437,7,True,False,False,0.0
LEAD-20605,Prospect_605,Healthcare,Medium,Northwest,11151402.710098004,Multiple,"Freight Management,Distribution Center Management,Fleet Maintenance",Marketing Campaign,41.309657614529705,8.814249605046001,4,True,False,True,120661.13256627173
LEAD-20606,Prospect_606,Manufacturing,Medium,Midwest,5133295.657101993,Multiple,"Supply Chain Solutions,Dedicated Contract Carriage,Distribution Center Management",Marketing Campaign,11.743930734832997,11.17232207923198,6,True,False,False,0.0
LEAD-20607,Prospect_607,E-commerce,Small,Midwest,1242261.0186071917,Multiple,Supply Chain Solutions,Trade Show,43.50811240592458,17.8037383046992,3,True,False,True,15674.89224795523
LEAD-20608,Prospect_608,Consumer Goods,Small,Southwest,5918168.6909679845,In-house,Distribution Center Management,Website,38.18394886108323,254.99078015025734,9,True,False,False,0.0
LEAD-20609,Prospect_609,Technology,Small,Midwest,813764.0095355007,In-house,"Dedicated Contract Carriage,Fleet Maintenance,Transportation Management",Marketing Campaign,58.70793274046721,16.217229243052266,6,True,False,False,0.0
LEAD-20610,Prospect_610,Automotive,Medium,Southwest,49133787.67688182,Competitor A,Dedicated Contract Carriage,Referral,48.871462716721766,73.10328195402367,7,True,False,False,0.0
LEAD-20611,Prospect_611,E-commerce,Large,Southeast,140160407.07624537,Multiple,"Freight Management,Supply Chain Solutions,Fleet Maintenance",Trade Show,16.462703788250433,39.415741425283855,4,True,False,False,0.0
LEAD-20612,Prospect_612,Manufacturing,Large,West,13525112.170135206,Competitor A,Freight Management,Trade Show,15.887193064989265,118.37781063055849,7,True,True,False,0.0
LEAD-20613,Prospect_613,E-commerce,Enterprise,Northwest,195130071.3570047,Competitor A,Transportation Management,Cold Call,9.053942889526652,14.000147584333092,11,True,False,False,0.0
LEAD-20614,Prospect_614,Technology,Small,West,2023691.561700228,Multiple,Distribution Center Management,Marketing Campaign,17.30662152782328,31.884850121859785,4,False,False,False,0.0
LEAD-20615,Prospect_615,Technology,Enterprise,West,1064008267.769756,None,"Transportation Management,Supply Chain Solutions,Freight Management",Trade Show,53.37012332727299,47.454777281334856,8,False,True,False,0.0
LEAD-20616,Prospect_616,E-commerce,Small,Midwest,415739.8686413922,Competitor A,"Fleet Maintenance,Dedicated Contract Carriage",Trade Show,29.118667666352145,44.57988366432821,2,False,False,False,0.0
LEAD-20617,Prospect_617,Manufacturing,Medium,West,14292163.214248698,None,"Dedicated Contract Carriage,Fleet Maintenance",Cold Call,61.90239086650451,39.05568326884088,3,False,False,True,147024.08584909976
LEAD-20618,Prospect_618,Technology,Enterprise,Northwest,274048772.2270515,None,"Distribution Center Management,Transportation Management",Referral,33.44748044765225,46.7052807193236,3,True,False,True,3088110.672909834
LEAD-20619,Prospect_619,Manufacturing,Enterprise,Midwest,683351200.562445,Competitor B,"Transportation Management,Distribution Center Management,Supply Chain Solutions",Trade Show,40.48919161397041,52.84025660992404,7,True,True,False,0.0
LEAD-20620,Prospect_620,E-commerce,Medium,Southeast,14079757.495615263,In-house,Dedicated Contract Carriage,Trade Show,15.661308224893075,0.9676211062417223,3,False,False,True,126622.5387101667
LEAD-20621,Prospect_621,Consumer Goods,Small,Northeast,1779163.037766087,Competitor A,"Distribution Center Management,Dedicated Contract Carriage",Cold Call,33.15136688867305,16.885675381174444,6,False,True,False,0.0
LEAD-20622,Prospect_622,Retail,Small,West,705681.1034181395,None,Supply Chain Solutions,Cold Call,12.106190364038493,22.85507950973633,5,True,False,False,0.0
LEAD-20623,Prospect_623,Automotive,Small,Northwest,61817.64673613374,Competitor A,"Fleet Maintenance,Freight Management,Distribution Center Management",Website,51.065671627122725,79.26748782789068,3,False,True,False,0.0
LEAD-20624,Prospect_624,Automotive,Medium,Southwest,4829108.558334816,None,"Fleet Maintenance,Freight Management,Dedicated Contract Carriage",Marketing Campaign,57.65216296419267,13.5067945452335,6,False,False,False,0.0
LEAD-20625,Prospect_625,Manufacturing,Small,West,3753156.343740374,In-house,"Supply Chain Solutions,Dedicated Contract Carriage,Distribution Center Management",Referral,19.93686742473151,72.4286553773444,0,True,False,False,0.0
LEAD-20626,Prospect_626,E-commerce,Medium,Midwest,2113934.1288566124,Competitor B,"Dedicated Contract Carriage,Distribution Center Management",Referral,28.557614399989884,22.311823828533473,5,True,True,False,0.0
LEAD-20627,Prospect_627,Consumer Goods,Medium,Northwest,10584163.548190318,None,Supply Chain Solutions,Trade Show,19.61120910318873,56.80256764238297,6,False,False,False,0.0
LEAD-20628,Prospect_628,Technology,Medium,West,175068137.36868408,Competitor A,"Fleet Maintenance,Dedicated Contract Carriage,Supply Chain Solutions",Website,44.20750039457327,2.7277331993857863,2,False,False,False,0.0
LEAD-20629,Prospect_629,Healthcare,Medium,Midwest,3660459.282518886,Competitor B,"Transportation Management,Distribution Center Management,Supply Chain Solutions",Marketing Campaign,35.19527244256053,39.132457846575356,4,False,True,False,0.0
LEAD-20630,Prospect_630,Retail,Medium,Southwest,11449088.465980496,Competitor A,"Dedicated Contract Carriage,Fleet Maintenance,Transportation Management",Referral,38.46097120794224,121.97749925839264,4,True,False,False,0.0
LEAD-20631,Prospect_631,Technology,Medium,Southeast,2694465.235976245,None,Fleet Maintenance,Cold Call,42.14742755549267,41.334993847808654,3,True,True,True,24196.731769854006
LEAD-20632,Prospect_632,Consumer Goods,Medium,Southeast,7365439.060789951,None,"Distribution Center Management,Fleet Maintenance,Supply Chain Solutions",Website,27.035380101344014,2.3480542769105495,2,True,False,False,0.0
LEAD-20633,Prospect_633,Technology,Enterprise,Southeast,633204468.8747947,Competitor B,"Freight Management,Supply Chain Solutions,Fleet Maintenance",Cold Call,33.39498919645162,16.669436301740394,4,True,False,False,0.0
LEAD-20634,Prospect_634,Automotive,Medium,Southwest,1162836.0038282839,Competitor B,Transportation Management,Trade Show,20.764967994898143,110.58576404418497,7,True,False,True,16558.2527002467
LEAD-20635,Prospect_635,Technology,Medium,Northwest,8258041.81022306,Competitor A,"Fleet Maintenance,Distribution Center Management,Supply Chain Solutions",Referral,39.106102879823126,80.23982542321684,4,True,False,False,0.0
LEAD-20636,Prospect_636,Food & Beverage,Enterprise,West,490226309.26759857,Competitor B,"Transportation Management,Dedicated Contract Carriage",Cold Call,36.424091400374536,9.804509544932083,1,True,True,False,0.0
LEAD-20637,Prospect_637,Healthcare,Small,Midwest,1631120.3628055518,Competitor B,Fleet Maintenance,Marketing Campaign,64.16803850153757,14.117853092985126,6,True,False,False,0.0
LEAD-20638,Prospect_638,Food & Beverage,Medium,Northwest,44535013.90297572,Competitor B,"Fleet Maintenance,Transportation Management",Marketing Campaign,21.95499497413055,5.283028013330597,6,True,False,False,0.0
LEAD-20639,Prospect_639,Food & Beverage,Medium,Midwest,3720616.7508951514,Competitor B,"Freight Management,Dedicated Contract Carriage",Marketing Campaign,47.74649851655489,90.78816508431464,2,True,True,False,0.0
LEAD-20640,Prospect_640,Consumer Goods,Medium,Northwest,10368775.915863464,Competitor A,"Distribution Center Management,Transportation Management",Trade Show,49.786758830836504,13.50491861975136,12,True,False,False,0.0
LEAD-20641,Prospect_641,Consumer Goods,Large,Southwest,27879079.354986165,Competitor B,"Freight Management,Distribution Center Management,Transportation Management",Referral,34.21488717782839,89.36481579056365,6,False,False,False,0.0
LEAD-20642,Prospect_642,Food & Beverage,Medium,Northeast,24144231.48152802,Competitor B,"Transportation Management,Fleet Maintenance,Supply Chain Solutions",Trade Show,25.248357719087494,128.31251462999722,8,True,False,False,0.0
LEAD-20643,Prospect_643,Food & Beverage,Medium,Southeast,1079766.2756978988,In-house,Distribution Center Management,Website,40.697002250974975,25.749059223530217,9,False,False,False,0.0
LEAD-20644,Prospect_644,Technology,Large,Midwest,14672552.969356257,Multiple,"Supply Chain Solutions,Transportation Management,Dedicated Contract Carriage",Website,19.516965689579273,45.824149010446554,5,True,False,False,0.0
LEAD-20645,Prospect_645,Manufacturing,Small,Midwest,408495.5597809833,Competitor A,Supply Chain Solutions,Referral,31.220934813831363,49.86488087040585,5,False,False,False,0.0
LEAD-20646,Prospect_646,E-commerce,Medium,Northeast,6104163.5165702645,None,"Supply Chain Solutions,Dedicated Contract Carriage,Freight Management",Referral,16.695277003223836,63.91614087712327,5,True,False,False,0.0
LEAD-20647,Prospect_647,Food & Beverage,Small,Northwest,406584.7083747201,None,Transportation Management,Cold Call,54.339617152649424,37.82190949002827,2,False,True,False,0.0
LEAD-20648,Prospect_648,Food & Beverage,Small,West,4052944.1249945057,Multiple,Distribution Center Management,Cold Call,13.92188448160202,31.088794702928844,3,True,False,False,0.0
LEAD-20649,Prospect_649,Technology,Medium,Midwest,13537727.693584893,Competitor B,"Dedicated Contract Carriage,Freight Management,Transportation Management",Website,49.48566289486702,358.3187719575188,5,True,True,False,0.0
LEAD-20650,Prospect_650,Food & Beverage,Small,Midwest,748865.097462831,None,"Supply Chain Solutions,Dedicated Contract Carriage,Transportation Management",Trade Show,47.46589362966809,6.3777206160694275,4,False,False,True,10543.838235452024
LEAD-20651,Prospect_651,Retail,Small,West,396715.07945492194,Competitor A,Freight Management,Referral,42.464776245025895,109.0199197150448,2,True,True,False,0.0
LEAD-20652,Prospect_652,Manufacturing,Small,Midwest,5394167.460320843,Multiple,"Distribution Center Management,Fleet Maintenance",Website,15.440105815335107,150.0940463095725,4,True,False,False,0.0
LEAD-20653,Prospect_653,Retail,Large,Southwest,50644531.05272497,In-house,"Transportation Management,Fleet Maintenance,Freight Management",Website,36.31293589210256,38.66424073071319,3,True,False,False,0.0
LEAD-20654,Prospect_654,Technology,Small,Northwest,2707406.4104287094,Multiple,Dedicated Contract Carriage,Cold Call,55.59542622198121,135.27714724617508,12,True,False,False,0.0
LEAD-20655,Prospect_655,Healthcare,Small,Northeast,195820.53949630348,Multiple,Dedicated Contract Carriage,Referral,44.52206368492943,5.457261896685651,5,True,True,False,0.0
LEAD-20656,Prospect_656,Technology,Small,Northwest,257643.61752835425,None,"Freight Management,Dedicated Contract Carriage,Supply Chain Solutions",Website,44.05873197535827,49.97088164888999,4,True,False,False,0.0
LEAD-20657,Prospect_657,E-commerce,Small,Northwest,272068.24830733996,Multiple,Freight Management,Referral,28.703324695412626,20.088909993593056,7,False,True,False,0.0
LEAD-20658,Prospect_658,Healthcare,Medium,Southwest,8150054.886464651,None,Freight Management,Trade Show,42.39665149837725,8.1806896632909,9,False,True,False,0.0
LEAD-20659,Prospect_659,Retail,Small,Midwest,249320.95478410381,Competitor B,"Dedicated Contract Carriage,Fleet Maintenance",Referral,43.587472876342886,151.46010226988693,6,False,True,False,0.0
LEAD-20660,Prospect_660,Food & Beverage,Small,Southeast,815031.8085268099,Multiple,"Transportation Management,Dedicated Contract Carriage,Distribution Center Management",Referral,27.82575042779395,35.864127692240295,4,False,True,False,0.0
LEAD-20661,Prospect_661,Food & Beverage,Medium,Southeast,7199794.072506767,Multiple,"Distribution Center Management,Supply Chain Solutions",Website,47.84386085468435,17.385423668390832,5,False,True,False,0.0
LEAD-20662,Prospect_662,Retail,Small,Midwest,277014.0464531338,Competitor A,Freight Management,Cold Call,56.56457781548286,27.924344983329085,4,True,False,False,0.0
LEAD-20663,Prospect_663,Retail,Medium,Northeast,1386660.7573674612,Multiple,"Distribution Center Management,Transportation Management",Trade Show,43.094700801145805,12.471501506182877,4,False,True,False,0.0
LEAD-20664,Prospect_664,Manufacturing,Medium,West,6393946.909599931,Competitor A,"Dedicated Contract Carriage,Transportation Management",Marketing Campaign,53.55968312614898,51.40390223006348,10,True,True,False,0.0
LEAD-20665,Prospect_665,Retail,Enterprise,Northeast,194284655.61158407,Competitor A,Dedicated Contract Carriage,Trade Show,20.065251384096054,3.4914112294752795,4,False,True,False,0.0
LEAD-20666,Prospect_666,Technology,Enterprise,Southwest,877505623.4847679,None,"Transportation Management,Distribution Center Management,Dedicated Contract Carriage",Marketing Campaign,52.58079949836301,30.89348379173115,3,True,True,False,0.0
LEAD-20667,Prospect_667,Automotive,Medium,Northwest,6203269.969490379,Multiple,Fleet Maintenance,Marketing Campaign,33.60943225435345,13.376530277545621,2,True,False,True,87713.73346552988
LEAD-20668,Prospect_668,Retail,Small,Midwest,3286215.088142129,In-house,Freight Management,Trade Show,39.206590045001924,89.18679949851773,3,False,True,True,36268.74026636034
LEAD-20669,Prospect_669,Technology,Enterprise,Northeast,538008065.3626053,Competitor A,Transportation Management,Referral,36.34003759127474,58.676933318391704,6,False,False,False,0.0
LEAD-20670,Prospect_670,Manufacturing,Small,West,1618839.0974192724,None,"Dedicated Contract Carriage,Supply Chain Solutions",Referral,57.467278232246144,18.30519440499059,3,True,False,False,0.0
LEAD-20671,Prospect_671,Food & Beverage,Small,Southeast,3953195.6949063772,Competitor B,"Dedicated Contract Carriage,Freight Management,Transportation Management",Referral,46.989712266340845,92.31011644280842,5,False,True,False,0.0
LEAD-20672,Prospect_672,E-commerce,Enterprise,Northwest,352918157.0234663,Multiple,"Fleet Maintenance,Freight Management",Referral,11.350113144736913,44.44684589918045,5,False,True,False,0.0
LEAD-20673,Prospect_673,Retail,Medium,West,13204411.195247492,Competitor B,"Supply Chain Solutions,Distribution Center Management,Fleet Maintenance",Referral,31.4333241428164,26.430115313421222,2,True,False,False,0.0
LEAD-20674,Prospect_674,Manufacturing,Large,Midwest,117820896.62204552,Competitor B,"Supply Chain Solutions,Transportation Management,Distribution Center Management",Website,45.78120855611979,37.3114739253088,4,False,False,True,1673156.7403059027
LEAD-20675,Prospect_675,Automotive,Small,Southeast,3269304.3365723174,In-house,"Distribution Center Management,Fleet Maintenance,Dedicated Contract Carriage",Website,26.56642482886179,47.42407444408153,4,True,False,False,0.0
LEAD-20676,Prospect_676,Technology,Small,Southwest,1907241.3284584174,In-house,"Freight Management,Distribution Center Management",Trade Show,40.89171515041055,17.436944687895938,7,False,False,False,0.0
LEAD-20677,Prospect_677,Manufacturing,Enterprise,Southeast,1126770353.039242,Competitor B,Supply Chain Solutions,Cold Call,21.148636016989347,71.33800189273636,4,True,False,False,0.0
LEAD-20678,Prospect_678,Manufacturing,Medium,Midwest,1258890.4474998505,None,Freight Management,Website,9.399219196552457,65.86260978619379,4,False,False,False,0.0
LEAD-20679,Prospect_679,Technology,Medium,Southwest,17701696.94117737,Competitor A,Transportation Management,Trade Show,59.412656189412694,58.712596154929116,2,False,True,False,0.0
LEAD-20680,Prospect_680,Food & Beverage,Medium,Southwest,4736108.104996652,In-house,"Freight Management,Dedicated Contract Carriage,Transportation Management",Website,12.717694893557155,101.14414416866175,9,False,True,False,0.0
LEAD-20681,Prospect_681,Consumer Goods,Medium,Northeast,12871266.000745868,None,"Supply Chain Solutions,Fleet Maintenance,Freight Management",Cold Call,18.40151498330785,0.9445826352484659,3,True,True,False,0.0
LEAD-20682,Prospect_682,Consumer Goods,Small,Southeast,700532.4253685551,In-house,"Freight Management,Dedicated Contract Carriage",Cold Call,48.641212336883434,80.4320210882023,4,True,True,False,0.0
LEAD-20683,Prospect_683,Technology,Medium,Northwest,5597822.049873716,Competitor A,"Transportation Management,Dedicated Contract Carriage",Marketing Campaign,8.988244949559752,7.609848896286162,5,True,False,True,43219.071502876504
LEAD-20684,Prospect_684,Retail,Small,Southeast,5742361.6763244895,Competitor A,"Dedicated Contract Carriage,Fleet Maintenance,Distribution Center Management",Cold Call,18.38717296210514,93.93579994582574,6,False,False,False,0.0
LEAD-20685,Prospect_685,Automotive,Large,Southwest,64809333.22563943,Competitor A,Distribution Center Management,Referral,64.43247996681774,18.21260285377713,3,False,True,False,0.0
LEAD-20686,Prospect_686,Manufacturing,Large,Northeast,91486193.94878297,In-house,"Supply Chain Solutions,Distribution Center Management",Cold Call,47.22697616797388,140.1061809007174,6,True,True,True,929433.3986868792
LEAD-20687,Prospect_687,Automotive,Small,Southeast,563719.0421887737,In-house,"Dedicated Contract Carriage,Distribution Center Management,Supply Chain Solutions",Website,70.15663234432786,77.20210055303352,7,True,True,False,0.0
LEAD-20688,Prospect_688,Consumer Goods,Medium,Northeast,3702348.70201123,Competitor A,Transportation Management,Marketing Campaign,66.13869093558274,19.730292620093152,4,True,True,False,0.0
LEAD-20689,Prospect_689,E-commerce,Medium,Northwest,12604953.531449536,None,"Dedicated Contract Carriage,Supply Chain Solutions",Website,29.024234691750788,3.220397987930137,7,False,False,False,0.0
LEAD-20690,Prospect_690,Technology,Medium,West,10755677.954771154,Competitor B,"Dedicated Contract Carriage,Transportation Management",Referral,75.27113124537873,25.79273637105775,6,True,False,False,0.0
LEAD-20691,Prospect_691,Retail,Medium,Midwest,25817877.681478936,Multiple,"Dedicated Contract Carriage,Transportation Management",Trade Show,16.845713958544174,19.787311482503256,2,False,True,False,0.0
LEAD-20692,Prospect_692,Retail,Large,Southeast,161195959.51274195,Competitor A,Fleet Maintenance,Referral,51.80802374289133,28.001376995009032,5,True,False,False,0.0
LEAD-20693,Prospect_693,Technology,Medium,West,3386346.8842767207,Multiple,"Freight Management,Supply Chain Solutions,Fleet Maintenance",Website,26.110046901318036,2.137203282665858,4,True,False,False,0.0
LEAD-20694,Prospect_694,Manufacturing,Large,Southeast,37361957.25500093,Competitor B,"Supply Chain Solutions,Distribution Center Management,Transportation Management",Referral,60.804971462624735,133.16812975670882,7,True,True,False,0.0
LEAD-20695,Prospect_695,Manufacturing,Medium,Southwest,12898774.454569206,None,Distribution Center Management,Website,33.73334385541035,59.295100653296664,6,True,True,False,0.0
LEAD-20696,Prospect_696,Automotive,Medium,Southeast,3998582.205977983,In-house,Fleet Maintenance,Trade Show,27.748343741615983,98.55536590388918,4,True,True,True,51500.07916949431
LEAD-20697,Prospect_697,Healthcare,Medium,Northwest,1636676.0127579463,Competitor B,"Distribution Center Management,Dedicated Contract Carriage,Fleet Maintenance",Trade Show,25.049050702281832,41.58198042001896,7,True,True,False,0.0
LEAD-20698,Prospect_698,Manufacturing,Medium,West,4611268.732959641,Competitor B,Distribution Center Management,Referral,73.50067214274752,3.99221502274616,1,True,True,False,0.0
LEAD-20699,Prospect_699,Manufacturing,Large,Northwest,36692460.21402438,None,"Fleet Maintenance,Supply Chain Solutions",Trade Show,48.643977905888555,33.760788401865426,5,True,True,False,0.0
LEAD-20700,Prospect_700,E-commerce,Medium,Southwest,16373314.899709573,Competitor A,"Fleet Maintenance,Distribution Center Management",Referral,67.51336196332083,3.2904573692434353,4,True,False,False,0.0
LEAD-20701,Prospect_701,E-commerce,Large,Northwest,76039190.40581718,In-house,Distribution Center Management,Cold Call,45.624744897379074,2.320832953537701,8,True,True,False,0.0
LEAD-20702,Prospect_702,Healthcare,Small,West,6814295.530300731,Competitor A,"Supply Chain Solutions,Freight Management,Fleet Maintenance",Trade Show,18.790854313907708,57.24001537551237,5,True,False,False,0.0
LEAD-20703,Prospect_703,Automotive,Large,Northeast,22063240.589631516,In-house,"Fleet Maintenance,Supply Chain Solutions,Freight Management",Trade Show,34.718261436152154,12.346441556423956,6,True,True,False,0.0
LEAD-20704,Prospect_704,Consumer Goods,Large,Northeast,59427745.59571979,Competitor B,"Dedicated Contract Carriage,Transportation Management,Fleet Maintenance",Marketing Campaign,22.47663655065634,39.34410578455805,3,False,False,False,0.0
LEAD-20705,Prospect_705,E-commerce,Large,Northwest,126938111.62082897,Competitor A,Distribution Center Management,Cold Call,22.11665815697116,149.80393242810877,2,True,True,False,0.0
LEAD-20706,Prospect_706,Consumer Goods,Medium,Midwest,20038743.734310005,Competitor B,"Fleet Maintenance,Supply Chain Solutions",Referral,17.007529713199144,15.910499673291467,7,True,True,False,0.0
LEAD-20707,Prospect_707,E-commerce,Small,Southeast,1221884.779373335,None,Transportation Management,Cold Call,46.11859284436457,48.17975331894969,3,False,False,False,0.0
LEAD-20708,Prospect_708,Automotive,Medium,Southwest,4721385.427322786,Competitor B,"Freight Management,Distribution Center Management,Fleet Maintenance",Referral,17.387587149812557,19.461772402847444,6,True,False,False,0.0
LEAD-20709,Prospect_709,Automotive,Medium,West,10356841.415932525,Competitor A,Freight Management,Trade Show,36.2544058682756,73.68654168961775,6,False,True,False,0.0
LEAD-20710,Prospect_710,Consumer Goods,Medium,Southwest,51274048.08816122,Multiple,"Dedicated Contract Carriage,Distribution Center Management,Transportation Management",Trade Show,39.976305206970586,23.019521699770838,6,True,False,False,0.0
LEAD-20711,Prospect_711,Retail,Medium,Southwest,3147881.4624510156,Multiple,Freight Management,Trade Show,14.293339021410576,83.02559330863338,2,True,True,False,0.0
LEAD-20712,Prospect_712,Food & Beverage,Medium,Southeast,6357990.14895507,Competitor B,"Fleet Maintenance,Freight Management",Trade Show,27.519218531458883,15.246141358212213,6,False,False,False,0.0
LEAD-20713,Prospect_713,Manufacturing,Small,Midwest,663427.2141647576,In-house,Transportation Management,Cold Call,37.7373240240921,44.15301361595764,8,True,True,False,0.0
LEAD-20714,Prospect_714,Healthcare,Small,West,975692.7214223118,None,Dedicated Contract Carriage,Referral,23.95601782859199,16.01697443096275,6,False,False,False,0.0
LEAD-20715,Prospect_715,Healthcare,Enterprise,Midwest,213325842.5487293,Competitor A,"Supply Chain Solutions,Transportation Management,Dedicated Contract Carriage",Referral,14.623908582439569,31.850847110202178,3,True,True,False,0.0
LEAD-20716,Prospect_716,Retail,Medium,Southwest,6471302.366355065,Multiple,"Distribution Center Management,Freight Management",Referral,67.06601726358242,90.31915767614888,1,False,True,False,0.0
LEAD-20717,Prospect_717,Healthcare,Medium,Southeast,9207993.99108319,Competitor A,"Distribution Center Management,Fleet Maintenance,Freight Management",Referral,51.86878996185541,73.17177937366532,9,False,False,False,0.0
LEAD-20718,Prospect_718,Food & Beverage,Small,Midwest,1929476.7532668894,Competitor B,"Transportation Management,Dedicated Contract Carriage,Supply Chain Solutions",Website,27.180050920794695,18.32705075167796,4,True,False,False,0.0
LEAD-20719,Prospect_719,Technology,Large,Southwest,36946937.85578296,Multiple,"Dedicated Contract Carriage,Distribution Center Management,Freight Management",Referral,44.11248537315094,48.803065859702095,4,True,False,False,0.0
LEAD-20720,Prospect_720,Consumer Goods,Small,Northeast,7726327.732671797,Multiple,"Transportation Management,Fleet Maintenance,Dedicated Contract Carriage",Website,27.110534357737492,11.083155874151533,6,True,False,False,0.0
LEAD-20721,Prospect_721,Technology,Small,Northeast,2511771.2833866114,In-house,"Fleet Maintenance,Dedicated Contract Carriage,Freight Management",Trade Show,44.165102050241714,70.8858091680882,6,True,False,False,0.0
LEAD-20722,Prospect_722,Consumer Goods,Medium,Northwest,32148676.55835338,Competitor A,"Transportation Management,Fleet Maintenance",Referral,48.83165028539466,44.95083400421709,8,True,True,False,0.0
LEAD-20723,Prospect_723,Technology,Small,Northeast,1251407.3222856927,Competitor B,Distribution Center Management,Referral,27.560039176821522,130.5627607673186,6,True,False,False,0.0
LEAD-20724,Prospect_724,Food & Beverage,Small,Southwest,310787.3197483749,None,Fleet Maintenance,Cold Call,19.341354836443635,48.72389128360225,8,True,False,False,0.0
LEAD-20725,Prospect_725,Manufacturing,Enterprise,Southwest,569746499.0659348,Multiple,Distribution Center Management,Website,51.6863206226972,13.682627385657524,9,False,True,False,0.0
LEAD-20726,Prospect_726,Healthcare,Medium,Southwest,5211288.413407101,None,"Distribution Center Management,Dedicated Contract Carriage,Fleet Maintenance",Cold Call,70.4506843363795,204.54927257735272,5,True,False,False,0.0
LEAD-20727,Prospect_727,Automotive,Large,Midwest,47840152.486895956,In-house,"Supply Chain Solutions,Dedicated Contract Carriage,Distribution Center Management",Cold Call,56.847163947589685,12.526888120776608,7,True,False,True,443675.7202357623
LEAD-20728,Prospect_728,Retail,Large,Southeast,69137904.90040791,Competitor A,"Transportation Management,Supply Chain Solutions",Cold Call,56.584590594203,34.59860934920053,6,True,True,False,0.0
LEAD-20729,Prospect_729,Technology,Small,Northeast,980309.9792989613,None,"Transportation Management,Supply Chain Solutions",Referral,25.060837442144678,17.80336933995024,2,False,True,False,0.0
LEAD-20730,Prospect_730,Automotive,Medium,Northwest,3722312.419236682,In-house,"Transportation Management,Fleet Maintenance",Website,30.181871399638492,36.12974883976295,4,False,False,False,0.0
LEAD-20731,Prospect_731,Consumer Goods,Small,Southwest,439652.9364384899,In-house,"Supply Chain Solutions,Fleet Maintenance,Freight Management",Cold Call,36.37192998394156,27.303923829648497,5,True,True,False,0.0
LEAD-20732,Prospect_732,Retail,Small,Southwest,2423025.662352227,Multiple,"Fleet Maintenance,Transportation Management,Dedicated Contract Carriage",Marketing Campaign,19.34850676385987,22.514249428582975,1,False,True,False,0.0
LEAD-20733,Prospect_733,Automotive,Medium,Northeast,11092738.950160697,In-house,"Transportation Management,Freight Management,Dedicated Contract Carriage",Cold Call,40.23991734329911,18.127906073932447,7,True,False,False,0.0
LEAD-20734,Prospect_734,Technology,Medium,West,15010409.476822132,Competitor B,Fleet Maintenance,Cold Call,35.9320743195838,35.83906344534626,6,False,True,False,0.0
LEAD-20735,Prospect_735,E-commerce,Medium,Southeast,10443322.962425398,In-house,"Transportation Management,Supply Chain Solutions,Dedicated Contract Carriage",Referral,10.46268108382624,27.260821019468686,4,True,True,False,0.0
LEAD-20736,Prospect_736,Healthcare,Medium,Northwest,23862807.16932531,None,"Fleet Maintenance,Freight Management,Distribution Center Management",Cold Call,79.59265185563697,21.701513053153594,9,True,False,False,0.0
LEAD-20737,Prospect_737,Manufacturing,Large,Southeast,115525033.98043318,None,"Distribution Center Management,Freight Management",Marketing Campaign,11.490246927675548,6.090087971683498,1,False,False,False,0.0
LEAD-20738,Prospect_738,E-commerce,Small,Southwest,1432711.1205013604,None,"Freight Management,Fleet Maintenance,Transportation Management",Trade Show,73.73400229758516,7.4357486049557835,4,False,False,False,0.0
LEAD-20739,Prospect_739,Food & Beverage,Small,West,2686649.5654071267,Multiple,"Supply Chain Solutions,Fleet Maintenance,Transportation Management",Cold Call,22.80095748043044,102.20877719665116,8,True,False,False,0.0
LEAD-20740,Prospect_740,Automotive,Large,Southwest,15430499.43181793,Multiple,"Distribution Center Management,Supply Chain Solutions,Freight Management",Trade Show,16.895323345171224,8.224146030971957,3,True,False,False,0.0
LEAD-20741,Prospect_741,Retail,Large,Southwest,53060531.92924377,None,"Distribution Center Management,Supply Chain Solutions",Cold Call,12.626538014228212,78.07855106037435,4,True,True,False,0.0
LEAD-20742,Prospect_742,Healthcare,Medium,Southeast,10188572.421442784,In-house,"Supply Chain Solutions,Distribution Center Management",Website,28.36905125190589,50.89929687509596,4,False,True,False,0.0
LEAD-20743,Prospect_743,Healthcare,Medium,Northwest,3394688.614153185,In-house,"Supply Chain Solutions,Fleet Maintenance,Dedicated Contract Carriage",Cold Call,9.307200715965232,3.814548122128165,4,True,False,False,0.0
LEAD-20744,Prospect_744,Healthcare,Medium,Midwest,8688907.426628593,In-house,"Supply Chain Solutions,Fleet Maintenance",Referral,40.78384831061527,76.67136243497369,5,True,False,False,0.0
LEAD-20745,Prospect_745,Technology,Medium,Northwest,12197259.67524312,Multiple,"Supply Chain Solutions,Transportation Management,Fleet Maintenance",Cold Call,19.325927515861622,9.527067836094588,2,False,True,False,0.0
LEAD-20746,Prospect_746,Automotive,Small,West,1795786.9273525097,Multiple,"Distribution Center Management,Supply Chain Solutions",Trade Show,48.89763248897851,68.88182758728891,3,False,True,False,0.0
LEAD-20747,Prospect_747,Manufacturing,Small,West,11337374.08620164,Multiple,Supply Chain Solutions,Trade Show,64.06068721205524,92.04257456266878,6,False,True,False,0.0
LEAD-20748,Prospect_748,Food & Beverage,Small,West,33979500.1303742,Competitor A,"Transportation Management,Freight Management",Website,29.500553083844032,13.800298118320127,4,True,False,False,0.0
LEAD-20749,Prospect_749,E-commerce,Enterprise,Midwest,786274879.2620924,Competitor B,"Dedicated Contract Carriage,Supply Chain Solutions,Transportation Management",Website,35.729530618114744,68.6845582327847,7,True,False,False,0.0
LEAD-20750,Prospect_750,Automotive,Large,Midwest,253503004.50994065,Competitor A,"Supply Chain Solutions,Freight Management,Dedicated Contract Carriage",Referral,30.426153101539622,80.0048411664162,7,False,False,False,0.0
LEAD-20751,Prospect_751,Automotive,Medium,Northeast,37147462.43885502,Competitor B,"Transportation Management,Freight Management,Fleet Maintenance",Website,21.66218435422224,2.615904451748577,5,False,False,False,0.0
LEAD-20752,Prospect_752,Automotive,Medium,Northeast,23104936.920834742,None,"Dedicated Contract Carriage,Freight Management,Transportation Management",Marketing Campaign,5.6854174824345725,13.893720182217136,6,False,False,False,0.0
LEAD-20753,Prospect_753,Manufacturing,Enterprise,Southwest,339462280.5827534,None,Distribution Center Management,Trade Show,57.74665781435212,46.83944262540592,9,True,True,False,0.0
LEAD-20754,Prospect_754,E-commerce,Large,Southeast,82009261.52440499,None,"Transportation Management,Fleet Maintenance",Referral,65.85918842430328,24.51020928109165,8,False,False,True,946525.6744908794
LEAD-20755,Prospect_755,Automotive,Enterprise,Northeast,521328951.09027076,Competitor B,"Dedicated Contract Carriage,Freight Management",Website,41.714713919944266,3.296238084408512,3,True,False,False,0.0
LEAD-20756,Prospect_756,Manufacturing,Medium,Northwest,13929908.144450914,Competitor A,"Freight Management,Supply Chain Solutions",Cold Call,44.2220981134825,21.980400906417277,2,True,True,False,0.0
LEAD-20757,Prospect_757,Automotive,Small,Midwest,590174.5042515242,None,Transportation Management,Trade Show,65.65769875251097,44.731863171429055,2,True,False,False,0.0
LEAD-20758,Prospect_758,E-commerce,Medium,Southwest,14203685.768049076,None,"Supply Chain Solutions,Freight Management,Transportation Management",Website,37.37797951904546,8.477781257889724,4,True,False,False,0.0
LEAD-20759,Prospect_759,Technology,Medium,Midwest,23580393.77537235,In-house,"Fleet Maintenance,Supply Chain Solutions",Marketing Campaign,43.3582219833273,45.14244302137639,8,True,False,True,316352.2474142853
LEAD-20760,Prospect_760,Consumer Goods,Medium,Southwest,3437464.9100010414,Competitor B,"Fleet Maintenance,Transportation Management,Supply Chain Solutions",Referral,17.78216089691934,89.84698087587745,4,True,True,False,0.0
LEAD-20761,Prospect_761,E-commerce,Small,West,3157546.313433079,Competitor A,Distribution Center Management,Marketing Campaign,30.07869739652899,28.266843815877944,8,True,True,False,0.0
LEAD-20762,Prospect_762,E-commerce,Medium,Northwest,4073192.6878411896,None,"Fleet Maintenance,Supply Chain Solutions,Freight Management",Referral,61.01931788620865,15.108358527875236,5,True,False,False,0.0
LEAD-20763,Prospect_763,Technology,Medium,Midwest,3840979.715888182,In-house,"Freight Management,Transportation Management",Referral,35.65412463215497,30.322018414752936,8,False,False,True,20811.517776797045
LEAD-20764,Prospect_764,Retail,Large,Southwest,41065294.4566789,Multiple,"Transportation Management,Distribution Center Management",Marketing Campaign,43.93821614021568,11.429991948521346,5,True,False,False,0.0
LEAD-20765,Prospect_765,Consumer Goods,Large,Midwest,32407062.585857414,None,"Dedicated Contract Carriage,Freight Management",Trade Show,54.53614332423593,45.72058540905759,5,False,False,False,0.0
LEAD-20766,Prospect_766,Food & Beverage,Medium,West,1353696.6621147303,Competitor A,"Supply Chain Solutions,Freight Management,Distribution Center Management",Trade Show,35.33450186372518,11.952785535613357,2,False,True,False,0.0
LEAD-20767,Prospect_767,Technology,Large,Midwest,49112463.41414652,In-house,"Freight Management,Supply Chain Solutions,Fleet Maintenance",Trade Show,34.114324320204105,29.228917342706403,6,False,True,False,0.0
LEAD-20768,Prospect_768,Technology,Small,Northwest,1288851.8167907617,Competitor A,"Distribution Center Management,Transportation Management,Fleet Maintenance",Trade Show,63.23878318695615,31.27355282067187,2,False,True,True,10498.044494516767
LEAD-20769,Prospect_769,E-commerce,Medium,Southwest,6440868.90511867,In-house,"Transportation Management,Distribution Center Management",Marketing Campaign,47.493437853188354,1.3819377434576445,5,True,True,False,0.0
LEAD-20770,Prospect_770,Healthcare,Enterprise,Midwest,416079043.38776726,Multiple,"Freight Management,Dedicated Contract Carriage",Trade Show,56.61275404588208,2.8382577264197524,5,True,True,False,0.0
LEAD-20771,Prospect_771,Consumer Goods,Enterprise,Southwest,498386320.57805085,Multiple,"Fleet Maintenance,Dedicated Contract Carriage,Transportation Management",Website,43.144976728055454,105.61461222089291,8,False,False,True,6727909.487666569
LEAD-20772,Prospect_772,Automotive,Large,Northwest,235399548.8680152,Competitor A,"Distribution Center Management,Dedicated Contract Carriage,Freight Management",Website,52.22132715695843,61.306428304162296,6,True,False,False,0.0
LEAD-20773,Prospect_773,Retail,Large,West,68233316.77691911,Competitor B,Dedicated Contract Carriage,Marketing Campaign,45.78219753236575,58.33666935945904,7,True,False,False,0.0
LEAD-20774,Prospect_774,Consumer Goods,Large,West,35748118.74393966,Multiple,Dedicated Contract Carriage,Cold Call,8.579531444685157,96.77232622902181,2,True,False,False,0.0
LEAD-20775,Prospect_775,Manufacturing,Large,West,160448503.32495904,In-house,"Dedicated Contract Carriage,Distribution Center Management",Trade Show,19.095842733523885,14.689405974855518,2,False,True,False,0.0
LEAD-20776,Prospect_776,Technology,Medium,Northeast,30918982.798382416,Competitor A,"Transportation Management,Dedicated Contract Carriage",Referral,44.40384847464918,2.5347255174680092,5,True,True,False,0.0
LEAD-20777,Prospect_777,Healthcare,Large,Southwest,87592961.02183944,None,"Dedicated Contract Carriage,Supply Chain Solutions",Marketing Campaign,57.19292305223226,45.259519664834855,5,True,True,False,0.0
LEAD-20778,Prospect_778,Healthcare,Enterprise,Southwest,877087645.8201644,In-house,"Distribution Center Management,Dedicated Contract Carriage,Transportation Management",Website,45.32482436487463,0.3591857162883332,6,True,True,True,10286859.336375095
LEAD-20779,Prospect_779,Healthcare,Medium,Southwest,5387676.335163741,Multiple,"Transportation Management,Fleet Maintenance",Website,13.191464205350245,163.00638488550118,2,False,True,False,0.0
LEAD-20780,Prospect_780,Retail,Large,Midwest,29377024.01078175,Competitor B,Freight Management,Cold Call,25.869985185106632,35.30551608511327,7,False,True,False,0.0
LEAD-20781,Prospect_781,Healthcare,Small,Southeast,2141983.835070204,Competitor A,Freight Management,Cold Call,57.52986068597673,40.75166105807,5,True,False,False,0.0
LEAD-20782,Prospect_782,E-commerce,Medium,Southeast,10325188.247110315,Competitor B,Transportation Management,Marketing Campaign,29.052193973859758,16.562854012578182,2,False,False,False,0.0
LEAD-20783,Prospect_783,Automotive,Small,Midwest,375699.0751479386,None,"Freight Management,Distribution Center Management,Dedicated Contract Carriage",Website,16.035411060922268,47.08331528018896,4,False,False,False,0.0
LEAD-20784,Prospect_784,E-commerce,Medium,Southwest,4453059.0380222425,Multiple,"Freight Management,Fleet Maintenance,Dedicated Contract Carriage",Referral,33.4668705231472,126.79865547992947,2,False,False,False,0.0
LEAD-20785,Prospect_785,Manufacturing,Medium,Southeast,39497032.02258147,In-house,Supply Chain Solutions,Marketing Campaign,33.20917483951065,109.29958426737167,5,False,False,False,0.0
LEAD-20786,Prospect_786,Retail,Large,West,84983110.68985885,Multiple,"Fleet Maintenance,Transportation Management,Distribution Center Management",Website,47.043865830297925,23.203042826548213,10,True,False,False,0.0
LEAD-20787,Prospect_787,Healthcare,Small,Southwest,1226771.2150887898,In-house,"Distribution Center Management,Fleet Maintenance,Dedicated Contract Carriage",Trade Show,41.90581371356932,0.3296124885436177,2,False,False,False,0.0
LEAD-20788,Prospect_788,E-commerce,Medium,Northeast,6170776.900728072,In-house,"Supply Chain Solutions,Dedicated Contract Carriage",Cold Call,49.94736349031112,81.38160900956797,5,False,True,False,0.0
LEAD-20789,Prospect_789,Consumer Goods,Medium,Midwest,24433645.26219125,None,"Freight Management,Dedicated Contract Carriage,Fleet Maintenance",Cold Call,54.23380746308473,62.20625167348846,6,True,False,False,0.0
LEAD-20790,Prospect_790,Food & Beverage,Medium,Northeast,13992328.127935542,Multiple,"Supply Chain Solutions,Transportation Management",Referral,32.77970858200861,100.69150187408903,3,True,False,False,0.0
LEAD-20791,Prospect_791,E-commerce,Medium,Northwest,26643845.816974655,Multiple,"Freight Management,Supply Chain Solutions",Trade Show,35.592091592289954,1.7899786488038658,8,False,False,False,0.0
LEAD-20792,Prospect_792,Retail,Small,Southeast,9962600.276341038,None,"Freight Management,Supply Chain Solutions,Dedicated Contract Carriage",Website,32.370819362040734,13.61248220171405,1,False,True,False,0.0
LEAD-20793,Prospect_793,Healthcare,Medium,Northeast,3026796.6243935465,Multiple,"Supply Chain Solutions,Dedicated Contract Carriage",Referral,21.46379909915801,1.6948351179691479,7,True,False,False,0.0
LEAD-20794,Prospect_794,E-commerce,Small,Northeast,207705.47783992943,Competitor A,"Distribution Center Management,Fleet Maintenance",Marketing Campaign,47.3665019534465,66.37652134243115,5,False,True,False,0.0
LEAD-20795,Prospect_795,Manufacturing,Large,West,84516622.65097204,Multiple,"Fleet Maintenance,Supply Chain Solutions",Marketing Campaign,58.103873899081336,49.99761908341994,2,False,False,False,0.0
LEAD-20796,Prospect_796,Technology,Small,West,476796.4293142472,Competitor B,Distribution Center Management,Website,39.09353643793714,57.11261162624961,3,True,False,False,0.0
LEAD-20797,Prospect_797,Consumer Goods,Medium,Southwest,4828366.967698847,Multiple,"Fleet Maintenance,Distribution Center Management,Dedicated Contract Carriage",Cold Call,23.56555284993135,29.700419318495346,8,False,False,True,31998.971645594906
LEAD-20798,Prospect_798,Automotive,Enterprise,West,606823339.7222495,In-house,"Distribution Center Management,Dedicated Contract Carriage",Trade Show,27.34286602638885,18.847893313199158,6,True,True,True,6906260.879644939
LEAD-20799,Prospect_799,Healthcare,Medium,Southeast,4432361.478978559,Competitor B,Freight Management,Referral,40.40553079901745,28.752875250501255,7,True,False,False,0.0
LEAD-20800,Prospect_800,Food & Beverage,Medium,Northwest,10667404.466202995,Competitor A,"Distribution Center Management,Supply Chain Solutions,Freight Management",Referral,24.64425471901982,0.8890658041158438,4,True,True,False,0.0
LEAD-20801,Prospect_801,Automotive,Small,Southwest,12571141.461177513,Multiple,"Fleet Maintenance,Supply Chain Solutions,Freight Management",Referral,52.9849059357974,10.481121432253428,7,True,False,False,0.0
LEAD-20802,Prospect_802,E-commerce,Large,Midwest,166385574.4669263,None,"Distribution Center Management,Fleet Maintenance",Marketing Campaign,13.475866716663699,19.435132695951026,6,True,False,False,0.0
LEAD-20803,Prospect_803,Food & Beverage,Small,Midwest,618483.1409744959,Competitor A,Supply Chain Solutions,Trade Show,25.54864380558802,66.21621955569188,2,False,False,False,0.0
LEAD-20804,Prospect_804,Retail,Small,Southeast,767032.1343214004,None,"Transportation Management,Distribution Center Management",Referral,31.44583730873725,271.85733433625256,6,False,False,False,0.0
LEAD-20805,Prospect_805,Technology,Small,Southwest,329471.39822497626,None,"Supply Chain Solutions,Transportation Management,Distribution Center Management",Website,79.8934109269161,19.659617837770863,2,True,True,False,0.0
LEAD-20806,Prospect_806,Technology,Medium,Northeast,9085910.552978914,Competitor A,"Fleet Maintenance,Dedicated Contract Carriage",Referral,27.03941726857581,16.694698728823468,8,True,True,False,0.0
LEAD-20807,Prospect_807,Food & Beverage,Medium,Northeast,1735533.6920220056,Competitor A,"Distribution Center Management,Dedicated Contract Carriage",Cold Call,40.8709897970206,34.03966623247302,5,True,True,False,0.0
LEAD-20808,Prospect_808,Healthcare,Medium,West,11732902.012464609,Multiple,Supply Chain Solutions,Referral,69.82267799784229,25.80982947458083,3,True,False,False,0.0
LEAD-20809,Prospect_809,Healthcare,Medium,West,6450740.174017634,Competitor A,"Fleet Maintenance,Distribution Center Management,Freight Management",Trade Show,38.28333025242209,42.15230386626894,5,True,False,False,0.0
LEAD-20810,Prospect_810,Manufacturing,Enterprise,Northeast,355721981.70448154,None,Fleet Maintenance,Website,18.37648187904824,16.208544456711184,5,True,False,True,4176242.311814157
LEAD-20811,Prospect_811,Food & Beverage,Small,Southwest,897416.5768209881,Competitor B,"Freight Management,Supply Chain Solutions",Cold Call,58.65637847727291,73.28320838648976,2,True,False,False,0.0
LEAD-20812,Prospect_812,Food & Beverage,Small,Northeast,382630.78946135513,In-house,"Supply Chain Solutions,Dedicated Contract Carriage,Fleet Maintenance",Trade Show,35.86151170535724,52.460010543046536,3,False,True,False,0.0
LEAD-20813,Prospect_813,E-commerce,Enterprise,West,238155571.4742629,Multiple,"Fleet Maintenance,Distribution Center Management,Freight Management",Marketing Campaign,55.11184224145542,41.201721890257616,6,False,False,False,0.0
LEAD-20814,Prospect_814,Food & Beverage,Small,Northeast,3273718.167391911,In-house,Freight Management,Website,64.71566842233817,88.58049261078821,6,True,False,False,0.0
LEAD-20815,Prospect_815,E-commerce,Large,West,28398259.77458584,Multiple,"Distribution Center Management,Supply Chain Solutions",Trade Show,77.72156848022757,82.37476200918205,6,False,True,False,0.0
LEAD-20816,Prospect_816,Retail,Medium,West,4262084.562856922,Competitor B,Freight Management,Marketing Campaign,35.15002642208965,6.913764768972895,4,True,False,False,0.0
LEAD-20817,Prospect_817,E-commerce,Enterprise,Northeast,605917186.1115694,Multiple,"Transportation Management,Distribution Center Management",Website,47.673990202044735,6.83993910723323,5,False,True,False,0.0
LEAD-20818,Prospect_818,Retail,Large,Northwest,148553261.57417938,None,"Distribution Center Management,Supply Chain Solutions",Referral,17.250687599402237,27.893886194655924,7,True,True,False,0.0
LEAD-20819,Prospect_819,Retail,Medium,Midwest,6349410.47379298,None,Supply Chain Solutions,Marketing Campaign,23.982240253276462,5.568142200990019,9,False,True,False,0.0
LEAD-20820,Prospect_820,Retail,Large,Northeast,155005917.1274926,Multiple,"Distribution Center Management,Transportation Management,Dedicated Contract Carriage",Referral,34.0374328329888,0.600152279760067,3,True,True,False,0.0
LEAD-20821,Prospect_821,Healthcare,Medium,Southwest,6998482.551587484,Multiple,"Transportation Management,Supply Chain Solutions,Dedicated Contract Carriage",Trade Show,8.062493065746885,12.877286948220714,3,True,True,False,0.0
LEAD-20822,Prospect_822,Retail,Small,Midwest,410074.84177724284,Competitor A,"Dedicated Contract Carriage,Supply Chain Solutions,Transportation Management",Marketing Campaign,54.85147305073221,49.14194261783077,11,True,False,False,0.0
LEAD-20823,Prospect_823,Manufacturing,Small,Midwest,857947.2208518019,Multiple,"Distribution Center Management,Fleet Maintenance,Dedicated Contract Carriage",Cold Call,53.90207512468365,29.508612269709012,6,True,True,True,9844.912708761394
LEAD-20824,Prospect_824,Consumer Goods,Small,Northwest,14166417.823187787,Competitor B,"Fleet Maintenance,Freight Management",Website,38.61082442462027,61.01148823579611,9,True,False,False,0.0
LEAD-20825,Prospect_825,Automotive,Large,Southeast,183896762.3327,In-house,"Dedicated Contract Carriage,Supply Chain Solutions",Cold Call,20.674486097807062,71.45222219034243,6,True,True,True,2550446.606065799
LEAD-20826,Prospect_826,Consumer Goods,Small,Northeast,1416614.8822937778,Competitor B,Supply Chain Solutions,Trade Show,32.31469731273863,124.3917328860232,6,True,False,False,0.0
LEAD-20827,Prospect_827,Manufacturing,Medium,West,17472947.903468538,Competitor B,Distribution Center Management,Marketing Campaign,34.85208140240592,18.22298344861921,10,False,True,False,0.0
LEAD-20828,Prospect_828,Consumer Goods,Medium,Northeast,12991963.669476444,In-house,"Dedicated Contract Carriage,Fleet Maintenance,Supply Chain Solutions",Website,45.02179352280763,102.42322484288272,3,False,True,False,0.0
LEAD-20829,Prospect_829,Retail,Medium,West,3338257.4081370314,Multiple,"Fleet Maintenance,Freight Management,Distribution Center Management",Referral,33.258566760513645,29.51295693481818,8,False,False,False,0.0
LEAD-20830,Prospect_830,Technology,Medium,West,18961329.262550045,In-house,"Distribution Center Management,Fleet Maintenance,Freight Management",Trade Show,50.60528421851065,98.21946501813376,5,True,False,False,0.0
LEAD-20831,Prospect_831,Healthcare,Small,West,1143147.274746462,None,"Distribution Center Management,Freight Management,Fleet Maintenance",Website,25.04185291118906,5.7112925439326885,6,True,False,False,0.0
LEAD-20832,Prospect_832,Retail,Medium,West,37873118.70558613,In-house,"Supply Chain Solutions,Freight Management",Marketing Campaign,15.8994046022454,33.88948546663075,5,True,False,False,0.0
LEAD-20833,Prospect_833,Technology,Medium,Southeast,16527004.723002415,In-house,"Freight Management,Fleet Maintenance,Dedicated Contract Carriage",Cold Call,58.30372222491418,9.437183086257438,5,True,False,False,0.0
LEAD-20834,Prospect_834,Food & Beverage,Enterprise,Southeast,414571407.7093706,Competitor A,Distribution Center Management,Cold Call,25.223229253625938,58.96604756281464,5,True,False,False,0.0
LEAD-20835,Prospect_835,Food & Beverage,Small,Northeast,1049968.8327779118,Multiple,Supply Chain Solutions,Marketing Campaign,37.388934062915006,45.91795691217844,4,True,False,False,0.0
LEAD-20836,Prospect_836,Consumer Goods,Medium,Northwest,8852496.867984481,Multiple,Fleet Maintenance,Website,26.34661820776883,111.10070460152463,5,True,False,False,0.0
LEAD-20837,Prospect_837,Food & Beverage,Medium,Northwest,19233926.791435342,In-house,"Distribution Center Management,Transportation Management",Marketing Campaign,44.68028098142232,36.85445460305523,8,True,False,False,0.0
LEAD-20838,Prospect_838,Automotive,Small,Northeast,905061.083924263,Competitor B,"Dedicated Contract Carriage,Transportation Management,Fleet Maintenance",Marketing Campaign,50.50087736726538,21.62379435669778,6,True,False,False,0.0
LEAD-20839,Prospect_839,Retail,Large,Southwest,31378604.20363648,In-house,"Distribution Center Management,Dedicated Contract Carriage",Website,15.751228730796832,32.38777890465922,2,True,True,False,0.0
LEAD-20840,Prospect_840,Consumer Goods,Small,West,780146.3102631065,Competitor A,"Distribution Center Management,Dedicated Contract Carriage",Marketing Campaign,45.91406773741825,27.114617950893702,4,True,False,False,0.0
LEAD-20841,Prospect_841,Retail,Large,Midwest,102274284.7459528,None,"Freight Management,Transportation Management",Cold Call,13.734905078667275,13.531981887796006,4,False,False,False,0.0
LEAD-20842,Prospect_842,Retail,Enterprise,Northeast,744277042.5465292,Competitor A,Distribution Center Management,Marketing Campaign,37.63265147458104,30.683228541402475,3,False,False,True,5878039.51213195
LEAD-20843,Prospect_843,Food & Beverage,Large,Southeast,147131116.39569867,None,"Fleet Maintenance,Dedicated Contract Carriage",Cold Call,37.799331806831816,68.82335826151555,3,False,False,False,0.0
LEAD-20844,Prospect_844,Healthcare,Large,Northeast,167984487.75995028,None,Freight Management,Website,21.456721872635008,83.13668116063744,3,True,False,False,0.0
LEAD-20845,Prospect_845,Healthcare,Small,Southwest,1427674.5963990483,In-house,Transportation Management,Trade Show,60.83669734912986,22.953063569981815,8,False,False,False,0.0
LEAD-20846,Prospect_846,Consumer Goods,Medium,Northeast,13055393.788245816,Competitor A,"Distribution Center Management,Freight Management",Trade Show,67.04244939527291,134.7018760314945,6,False,False,False,0.0
LEAD-20847,Prospect_847,Healthcare,Small,West,372922.6509823675,Competitor B,Distribution Center Management,Cold Call,25.71770786919687,25.342492247822722,4,True,False,False,0.0
LEAD-20848,Prospect_848,Healthcare,Medium,Northwest,8209091.618102802,In-house,"Distribution Center Management,Fleet Maintenance,Freight Management",Referral,32.36209824937291,17.85302542003904,5,False,False,False,0.0
LEAD-20849,Prospect_849,Healthcare,Large,Northwest,58562656.17726165,Multiple,"Dedicated Contract Carriage,Transportation Management",Trade Show,66.7733978311732,79.34396453758616,4,True,False,True,468440.8768732999
LEAD-20850,Prospect_850,Automotive,Small,Southeast,7352169.942841157,None,Supply Chain Solutions,Cold Call,17.212532208958763,1.1413938130064891,4,False,True,False,0.0
LEAD-20851,Prospect_851,Food & Beverage,Enterprise,Southwest,633422924.4198658,Multiple,"Freight Management,Dedicated Contract Carriage",Trade Show,38.24697679485482,35.87655372637073,5,True,False,False,0.0
LEAD-20852,Prospect_852,Technology,Medium,Southeast,7834329.528827548,Competitor A,Distribution Center Management,Marketing Campaign,40.19313290590509,37.30092238836091,4,False,False,False,0.0
LEAD-20853,Prospect_853,Consumer Goods,Medium,Southeast,2256828.1910794196,Multiple,Fleet Maintenance,Website,30.466617633516496,0.339066967289847,4,True,True,False,0.0
LEAD-20854,Prospect_854,Manufacturing,Medium,Southwest,3531989.6303935344,Multiple,Transportation Management,Referral,59.169372510844845,64.74748540163769,4,False,True,True,33081.09047115116
LEAD-20855,Prospect_855,Technology,Large,Midwest,50452974.20549873,None,"Freight Management,Transportation Management",Trade Show,17.44823406740431,17.63358809210951,2,True,True,False,0.0
LEAD-20856,Prospect_856,Food & Beverage,Small,Southeast,1528050.3531677066,Multiple,"Fleet Maintenance,Distribution Center Management",Marketing Campaign,31.79914450092681,14.101638071971436,5,False,True,False,0.0
LEAD-20857,Prospect_857,Manufacturing,Large,Southwest,94707084.48050313,Competitor B,"Distribution Center Management,Dedicated Contract Carriage",Trade Show,58.93214454728082,81.6677691271946,4,True,True,False,0.0
LEAD-20858,Prospect_858,Technology,Enterprise,Northwest,290415503.32813513,Competitor A,"Distribution Center Management,Transportation Management",Website,37.843309814080186,8.448576653158918,2,False,False,False,0.0
LEAD-20859,Prospect_859,Automotive,Small,Southeast,2575694.48098899,Multiple,"Transportation Management,Distribution Center Management",Marketing Campaign,60.34388810581014,27.829821323401344,6,False,False,False,0.0
LEAD-20860,Prospect_860,Retail,Medium,Northeast,13685375.412767213,Competitor A,"Distribution Center Management,Transportation Management",Marketing Campaign,42.56138993503323,162.43411705943527,8,False,True,False,0.0
LEAD-20861,Prospect_861,Food & Beverage,Small,Southeast,374954.2754386117,Multiple,"Freight Management,Distribution Center Management,Transportation Management",Trade Show,50.34853543808345,16.235301614345502,1,True,True,False,0.0
LEAD-20862,Prospect_862,Technology,Medium,Northeast,16894457.74930274,None,"Distribution Center Management,Freight Management,Dedicated Contract Carriage",Marketing Campaign,31.912451491645218,20.489235073855525,3,True,False,False,0.0
LEAD-20863,Prospect_863,Retail,Medium,Northeast,29737288.962219205,None,"Transportation Management,Dedicated Contract Carriage,Supply Chain Solutions",Trade Show,18.27863624335744,56.82950142935707,5,True,False,False,0.0
LEAD-20864,Prospect_864,Technology,Medium,Midwest,29171605.271686118,In-house,"Freight Management,Dedicated Contract Carriage,Distribution Center Management",Cold Call,35.84581332625201,5.7542241791906665,4,True,True,False,0.0
LEAD-20865,Prospect_865,E-commerce,Small,West,5341290.52106763,In-house,"Supply Chain Solutions,Distribution Center Management",Referral,50.854375254036114,50.72468657293834,4,True,True,False,0.0
LEAD-20866,Prospect_866,Healthcare,Medium,Northeast,28670402.84496906,Multiple,"Fleet Maintenance,Distribution Center Management",Marketing Campaign,49.718826337253006,127.59694184957253,2,False,False,True,203067.89117653188
LEAD-20867,Prospect_867,Healthcare,Small,Northwest,1551704.7192227785,Competitor B,Dedicated Contract Carriage,Marketing Campaign,45.15415047173752,79.74184323192863,6,True,False,False,0.0
LEAD-20868,Prospect_868,Food & Beverage,Small,Northwest,1776018.3824262647,In-house,Freight Management,Website,52.49207240185307,0.5419121362686623,1,True,True,False,0.0
LEAD-20869,Prospect_869,Automotive,Large,Southeast,59533485.838972345,Multiple,Freight Management,Cold Call,76.95299896826326,56.92100324992132,4,True,False,True,375266.21784639644
LEAD-20870,Prospect_870,Healthcare,Small,Southwest,908906.6084168194,Competitor A,"Freight Management,Transportation Management,Distribution Center Management",Trade Show,31.414181141040476,137.50427416209527,11,True,True,False,0.0
LEAD-20871,Prospect_871,Technology,Small,Southeast,1595348.3982157449,None,"Dedicated Contract Carriage,Distribution Center Management",Marketing Campaign,51.31185046385289,61.663121313191205,5,False,True,False,0.0
LEAD-20872,Prospect_872,Healthcare,Medium,West,10560696.214119235,Multiple,Transportation Management,Website,35.614019757255065,10.389059597486959,5,False,False,False,0.0
LEAD-20873,Prospect_873,Retail,Small,Northeast,212820.10150058125,None,"Supply Chain Solutions,Dedicated Contract Carriage,Distribution Center Management",Referral,25.097083888923756,7.754689703609413,3,True,False,False,0.0
LEAD-20874,Prospect_874,Healthcare,Large,Midwest,86987717.59971923,Competitor A,"Distribution Center Management,Fleet Maintenance,Supply Chain Solutions",Referral,40.0982673917771,39.752897919588314,4,False,False,False,0.0
LEAD-20875,Prospect_875,Food & Beverage,Small,Northwest,1400531.877715348,Competitor A,"Distribution Center Management,Fleet Maintenance",Referral,29.476487204264874,8.150118953697467,4,False,False,False,0.0
LEAD-20876,Prospect_876,E-commerce,Medium,Northwest,14326096.228119507,Competitor A,"Distribution Center Management,Supply Chain Solutions",Website,49.74079608683117,30.960681549814616,6,True,True,True,75002.50936556103
LEAD-20877,Prospect_877,Manufacturing,Medium,Southeast,2392570.02455512,Competitor A,"Fleet Maintenance,Supply Chain Solutions,Freight Management",Trade Show,57.70350466082941,167.51586149345658,6,False,False,False,0.0
LEAD-20878,Prospect_878,Retail,Large,Northeast,66239790.18290095,Competitor B,Dedicated Contract Carriage,Marketing Campaign,27.930830833358105,25.113129447856586,3,True,False,False,0.0
LEAD-20879,Prospect_879,Retail,Enterprise,West,594730196.9669778,In-house,"Transportation Management,Freight Management",Website,28.363089376470175,6.493420349653675,3,False,True,True,5125294.937757309
LEAD-20880,Prospect_880,Consumer Goods,Small,Southeast,6240115.244309518,In-house,Freight Management,Website,31.24771673540876,89.372460610777,5,True,True,True,82488.32428838417
LEAD-20881,Prospect_881,E-commerce,Medium,Northwest,31997782.068155903,Competitor A,Dedicated Contract Carriage,Marketing Campaign,64.0596906226232,33.71980453152761,1,True,False,False,0.0
LEAD-20882,Prospect_882,E-commerce,Medium,Midwest,5272064.449742167,Multiple,"Freight Management,Fleet Maintenance",Cold Call,14.996849796148807,14.62636373738755,7,True,True,False,0.0
LEAD-20883,Prospect_883,Automotive,Large,Northwest,146743676.96004474,Competitor A,Dedicated Contract Carriage,Trade Show,73.28492298142332,24.835134753491808,9,True,False,False,0.0
LEAD-20884,Prospect_884,Automotive,Medium,Midwest,8491209.658776836,Competitor A,"Transportation Management,Fleet Maintenance",Referral,33.830342869053766,50.09055400562919,7,False,False,True,46844.42746070979
LEAD-20885,Prospect_885,Consumer Goods,Large,Midwest,37362072.43263904,In-house,"Freight Management,Distribution Center Management",Referral,11.095119863892606,17.815294858200453,5,True,True,False,0.0
LEAD-20886,Prospect_886,Manufacturing,Small,Southeast,8655680.45857974,Competitor A,"Freight Management,Distribution Center Management,Supply Chain Solutions",Website,55.838565190291135,10.209182008967957,4,False,False,False,0.0
LEAD-20887,Prospect_887,E-commerce,Medium,West,11753998.909709949,Competitor A,"Transportation Management,Freight Management",Cold Call,58.02385415065493,34.320987437628816,1,True,False,True,134065.70117487022
LEAD-20888,Prospect_888,Automotive,Small,Southwest,1762216.1733943254,In-house,"Transportation Management,Freight Management",Cold Call,20.60719010830078,3.146410282712849,2,False,False,False,0.0
LEAD-20889,Prospect_889,Consumer Goods,Large,Southwest,75513321.14263143,Competitor B,"Freight Management,Distribution Center Management,Fleet Maintenance",Website,26.31195508908778,14.470106527061384,5,True,False,False,0.0
LEAD-20890,Prospect_890,Food & Beverage,Medium,Northeast,24399000.790586248,Competitor B,"Supply Chain Solutions,Freight Management,Fleet Maintenance",Referral,26.792043346476042,168.99337945474318,6,True,True,False,0.0
LEAD-20891,Prospect_891,Retail,Small,Northwest,15688155.957634592,In-house,"Fleet Maintenance,Dedicated Contract Carriage,Distribution Center Management",Trade Show,34.69478424504434,35.40650521301423,7,False,True,False,0.0
LEAD-20892,Prospect_892,Healthcare,Medium,Northwest,32129207.5026518,Competitor A,"Freight Management,Distribution Center Management,Supply Chain Solutions",Marketing Campaign,52.86712703062889,154.84800758714974,2,False,False,False,0.0
LEAD-20893,Prospect_893,Consumer Goods,Small,Midwest,3647949.080551766,Competitor A,"Dedicated Contract Carriage,Supply Chain Solutions,Distribution Center Management",Trade Show,53.58471592798759,79.6553832483753,3,False,True,False,0.0
LEAD-20894,Prospect_894,Consumer Goods,Small,Northeast,254916.85604018113,Competitor A,Freight Management,Website,60.24681440542091,88.82325940096707,2,False,True,False,0.0
LEAD-20895,Prospect_895,Automotive,Large,West,217362610.25876358,In-house,"Dedicated Contract Carriage,Freight Management",Website,47.62416845760482,23.419551130734916,2,False,False,False,0.0
LEAD-20896,Prospect_896,Technology,Enterprise,Northeast,704100764.7564802,Competitor B,"Dedicated Contract Carriage,Transportation Management,Fleet Maintenance",Cold Call,25.614460945374212,11.43983312178383,4,True,False,False,0.0
LEAD-20897,Prospect_897,E-commerce,Small,Northeast,1226096.1070358898,In-house,"Supply Chain Solutions,Dedicated Contract Carriage,Fleet Maintenance",Referral,59.80334930177115,46.872371743239746,7,True,False,False,0.0
LEAD-20898,Prospect_898,E-commerce,Enterprise,Southwest,481256770.44791436,Competitor A,"Fleet Maintenance,Supply Chain Solutions",Marketing Campaign,61.79358853134303,171.7247469329614,6,False,False,False,0.0
LEAD-20899,Prospect_899,Retail,Enterprise,Midwest,866722611.314884,Competitor A,"Transportation Management,Supply Chain Solutions,Freight Management",Cold Call,70.43906725225007,69.05651780499484,6,True,True,True,8500156.55105672
LEAD-20900,Prospect_900,E-commerce,Small,Southeast,7540361.379396717,Competitor B,Transportation Management,Cold Call,14.08190911384036,6.5737808119663566,8,True,False,False,0.0
LEAD-20901,Prospect_901,Food & Beverage,Large,Northwest,15494700.964682477,Competitor A,"Transportation Management,Distribution Center Management",Referral,65.1303268643237,56.85259542625705,1,False,True,False,0.0
LEAD-20902,Prospect_902,E-commerce,Small,Northwest,890054.755857266,Competitor B,"Supply Chain Solutions,Dedicated Contract Carriage,Transportation Management",Referral,63.7321291410732,34.60706673565163,4,True,True,False,0.0
LEAD-20903,Prospect_903,Technology,Medium,Midwest,70869503.85402994,None,"Distribution Center Management,Freight Management,Transportation Management",Marketing Campaign,37.52612960798931,180.32001951603394,6,False,False,False,0.0
LEAD-20904,Prospect_904,Manufacturing,Medium,Northwest,4131557.3928197697,None,Fleet Maintenance,Trade Show,52.61387427891867,14.846896301187105,4,True,False,False,0.0
LEAD-20905,Prospect_905,Consumer Goods,Large,Southeast,170288778.9920993,Multiple,"Transportation Management,Freight Management",Referral,6.678908529047435,47.752042534514736,5,False,False,False,0.0
LEAD-20906,Prospect_906,Retail,Medium,Midwest,17124202.823148884,Multiple,Freight Management,Trade Show,24.134468775033017,15.836541697698523,3,True,False,False,0.0
LEAD-20907,Prospect_907,Automotive,Medium,Southeast,5293752.853718951,In-house,"Supply Chain Solutions,Freight Management",Trade Show,7.946105693720881,21.689793006853442,3,True,False,False,0.0
LEAD-20908,Prospect_908,Technology,Small,Southeast,618636.2337618251,Multiple,Dedicated Contract Carriage,Marketing Campaign,37.277830519828036,69.88126113234763,2,False,True,False,0.0
LEAD-20909,Prospect_909,Manufacturing,Medium,Southwest,27109630.105537772,In-house,Distribution Center Management,Cold Call,35.22387098629332,30.64372660826537,4,False,False,False,0.0
LEAD-20910,Prospect_910,Automotive,Enterprise,Northeast,951271071.259889,Competitor A,Supply Chain Solutions,Referral,33.66406313709271,35.31843682539558,4,True,True,False,0.0
LEAD-20911,Prospect_911,Manufacturing,Small,West,1425524.5466324997,Multiple,"Fleet Maintenance,Distribution Center Management",Trade Show,13.551535894091366,119.93402149763733,8,False,False,False,0.0
LEAD-20912,Prospect_912,Automotive,Medium,Southwest,29938072.640822086,None,"Transportation Management,Distribution Center Management",Website,7.996778351246624,57.57021976127403,8,True,False,False,0.0
LEAD-20913,Prospect_913,E-commerce,Medium,Northwest,8152368.947843564,None,"Distribution Center Management,Dedicated Contract Carriage,Supply Chain Solutions",Trade Show,46.501250049852786,87.20634264141266,6,True,True,False,0.0
LEAD-20914,Prospect_914,Retail,Small,West,1951597.348561294,Multiple,"Dedicated Contract Carriage,Distribution Center Management,Supply Chain Solutions",Trade Show,37.42661138814057,4.950211792109521,7,True,True,True,10911.642393545917
LEAD-20915,Prospect_915,Manufacturing,Medium,Northeast,875280.9735178403,In-house,"Supply Chain Solutions,Dedicated Contract Carriage",Cold Call,33.86254742784341,50.040478228997095,5,False,False,False,0.0
LEAD-20916,Prospect_916,Food & Beverage,Large,Northeast,76296983.45686355,In-house,Transportation Management,Referral,23.442562196060454,87.40855193823577,4,True,False,False,0.0
LEAD-20917,Prospect_917,Manufacturing,Large,Southwest,248701469.08412603,Competitor B,"Freight Management,Distribution Center Management",Website,63.40407070992056,121.88657012188735,5,True,True,False,0.0
LEAD-20918,Prospect_918,Healthcare,Small,Northwest,161976.13036594997,In-house,"Supply Chain Solutions,Dedicated Contract Carriage",Cold Call,51.386582048825304,131.27504599555604,8,True,False,False,0.0
LEAD-20919,Prospect_919,Consumer Goods,Medium,Southeast,4436986.174029193,Competitor B,"Fleet Maintenance,Supply Chain Solutions,Dedicated Contract Carriage",Referral,60.26751289022291,139.3773151096129,5,False,True,False,0.0
LEAD-20920,Prospect_920,Healthcare,Medium,Southeast,4072611.9944476355,Competitor A,Transportation Management,Referral,41.204506086827784,56.20435592081174,5,True,False,False,0.0
LEAD-20921,Prospect_921,Automotive,Small,West,1553737.4920187788,Competitor A,"Freight Management,Transportation Management,Dedicated Contract Carriage",Website,54.90133450675885,15.765439610557245,4,False,False,False,0.0
LEAD-20922,Prospect_922,Retail,Small,West,70746.29987438128,Competitor A,"Freight Management,Transportation Management",Website,42.773543197010625,96.74245470776924,3,False,False,False,0.0
LEAD-20923,Prospect_923,Healthcare,Small,West,436364.3679682575,In-house,Dedicated Contract Carriage,Referral,49.54161729138163,53.749996092963904,6,True,True,False,0.0
LEAD-20924,Prospect_924,Retail,Medium,Northeast,3014083.995630918,Multiple,"Supply Chain Solutions,Transportation Management,Dedicated Contract Carriage",Trade Show,41.65600465889387,32.150614694524876,3,False,False,True,34564.856533206315
LEAD-20925,Prospect_925,E-commerce,Enterprise,Southwest,664485832.1556773,In-house,Transportation Management,Website,26.162463502202883,36.46532536413239,5,False,True,False,0.0
LEAD-20926,Prospect_926,Food & Beverage,Medium,Southeast,123022428.15443565,Multiple,Supply Chain Solutions,Marketing Campaign,15.462672370965999,22.695654751734953,5,True,False,False,0.0
LEAD-20927,Prospect_927,Automotive,Medium,Northeast,57276671.5441826,Multiple,"Dedicated Contract Carriage,Fleet Maintenance",Cold Call,28.32472075279748,1.5152140122336746,2,True,True,False,0.0
LEAD-20928,Prospect_928,Retail,Small,Midwest,6489790.379273557,Competitor B,"Distribution Center Management,Transportation Management",Referral,24.57296430537389,2.9423824291331835,11,True,False,True,58648.73032512951
LEAD-20929,Prospect_929,Manufacturing,Large,Southwest,63400447.41180033,Competitor B,"Transportation Management,Supply Chain Solutions",Website,63.417816238240974,131.1880997259107,7,True,True,True,701236.0947656917
LEAD-20930,Prospect_930,Consumer Goods,Large,Southeast,60042260.393314734,Multiple,Dedicated Contract Carriage,Marketing Campaign,45.57620516364862,40.43796827951061,6,True,False,False,0.0
LEAD-20931,Prospect_931,Consumer Goods,Medium,Northwest,7833837.450144679,Competitor B,Fleet Maintenance,Trade Show,56.252367347279275,19.548207422068884,6,True,False,False,0.0
LEAD-20932,Prospect_932,Consumer Goods,Large,Northeast,40327570.22830426,In-house,Freight Management,Referral,47.84833874796318,3.5263507675766093,8,True,True,False,0.0
LEAD-20933,Prospect_933,Healthcare,Large,Northwest,20089466.37569787,Competitor B,"Fleet Maintenance,Dedicated Contract Carriage,Transportation Management",Trade Show,4.968939485894344,49.39284779541513,9,False,False,False,0.0
LEAD-20934,Prospect_934,Food & Beverage,Enterprise,Southeast,462491922.39475906,Competitor A,"Dedicated Contract Carriage,Freight Management,Supply Chain Solutions",Marketing Campaign,23.589022034423724,78.2094705452726,3,False,False,False,0.0
LEAD-20935,Prospect_935,Automotive,Medium,West,5438966.182497882,Competitor B,Transportation Management,Website,31.622973184314535,73.13104266612302,7,True,True,False,0.0
LEAD-20936,Prospect_936,Retail,Small,West,759712.852637834,Competitor B,Freight Management,Cold Call,28.102820793044952,7.311300612802736,1,False,False,True,4837.370350482456
LEAD-20937,Prospect_937,Healthcare,Medium,Southwest,3365741.165483685,Competitor B,Freight Management,Website,23.82865666820038,68.51884254254685,4,False,True,False,0.0
LEAD-20938,Prospect_938,E-commerce,Enterprise,Northwest,505325357.2943244,None,"Dedicated Contract Carriage,Fleet Maintenance,Freight Management",Cold Call,3.2061400148438084,36.06629921107707,4,False,False,False,0.0
LEAD-20939,Prospect_939,Food & Beverage,Medium,Southwest,15703507.516179647,Multiple,"Freight Management,Dedicated Contract Carriage",Trade Show,25.77876023071468,111.88246553070198,3,False,False,False,0.0
LEAD-20940,Prospect_940,Healthcare,Medium,Southwest,8757832.808011526,In-house,Distribution Center Management,Website,18.429073222947483,62.54264847504244,2,True,True,False,0.0
LEAD-20941,Prospect_941,Technology,Large,West,40606950.44483816,In-house,Supply Chain Solutions,Referral,32.24417421671748,11.670550941010873,1,False,False,False,0.0
LEAD-20942,Prospect_942,E-commerce,Enterprise,West,314360723.9638463,Multiple,"Fleet Maintenance,Transportation Management",Trade Show,19.214337166139792,26.740717333938093,5,True,True,True,4620402.379539855
LEAD-20943,Prospect_943,Healthcare,Medium,Northeast,2919315.468063916,Competitor A,Supply Chain Solutions,Marketing Campaign,42.07120083931667,23.57034782727094,4,False,True,False,0.0
LEAD-20944,Prospect_944,Food & Beverage,Medium,Northwest,18563673.351024587,None,"Supply Chain Solutions,Fleet Maintenance",Referral,22.661390459896232,13.067265764923292,9,False,True,False,0.0
LEAD-20945,Prospect_945,Technology,Medium,Northwest,13868236.279343115,Competitor A,"Distribution Center Management,Transportation Management,Supply Chain Solutions",Cold Call,68.4876006379612,44.5719066217613,3,True,False,False,0.0
LEAD-20946,Prospect_946,Consumer Goods,Small,Northeast,1941459.9441473205,In-house,Transportation Management,Referral,37.84368859887467,24.061399184402326,6,False,False,False,0.0
LEAD-20947,Prospect_947,Automotive,Large,West,65102727.12744792,None,Freight Management,Trade Show,8.048039327973111,68.91302329296592,6,False,True,False,0.0
LEAD-20948,Prospect_948,Food & Beverage,Small,Midwest,1079573.2273421267,Multiple,"Dedicated Contract Carriage,Supply Chain Solutions,Distribution Center Management",Referral,62.06252263460914,59.78285267940831,10,True,False,False,0.0
LEAD-20949,Prospect_949,Manufacturing,Enterprise,Midwest,263147458.20818365,Multiple,"Dedicated Contract Carriage,Freight Management",Cold Call,40.723521331456745,40.51006562455404,6,True,True,False,0.0
LEAD-20950,Prospect_950,Consumer Goods,Medium,Northwest,33851882.583941646,None,"Fleet Maintenance,Freight Management",Referral,67.43514767779276,46.85346498591771,4,True,False,True,498240.63497487764
LEAD-20951,Prospect_951,Retail,Small,Southwest,2430088.42216488,Competitor B,Fleet Maintenance,Marketing Campaign,44.30184207395951,62.288504463497866,5,True,True,False,0.0
LEAD-20952,Prospect_952,E-commerce,Medium,West,14716657.60892885,None,"Dedicated Contract Carriage,Fleet Maintenance,Distribution Center Management",Referral,48.16921250711152,93.56388339094823,10,True,False,True,216417.48072085768
LEAD-20953,Prospect_953,Automotive,Large,Southwest,79009899.87639356,Competitor A,"Transportation Management,Dedicated Contract Carriage,Supply Chain Solutions",Trade Show,56.343416921720305,67.49858780963115,7,True,False,False,0.0
LEAD-20954,Prospect_954,Automotive,Enterprise,Northeast,1142379991.1728158,In-house,Dedicated Contract Carriage,Referral,21.818070938391692,22.942810973793947,2,False,False,False,0.0
LEAD-20955,Prospect_955,Automotive,Enterprise,Southwest,235000398.13498315,In-house,"Transportation Management,Dedicated Contract Carriage,Distribution Center Management",Trade Show,37.081457438192224,31.47608766764978,9,True,False,False,0.0
LEAD-20956,Prospect_956,Automotive,Medium,Southwest,12992426.09516589,Multiple,"Freight Management,Fleet Maintenance,Supply Chain Solutions",Cold Call,33.549196823915175,4.912363793497827,5,True,False,False,0.0
LEAD-20957,Prospect_957,E-commerce,Large,Northwest,277179929.0557267,Multiple,Dedicated Contract Carriage,Trade Show,79.5495733884681,99.95102245170264,8,True,True,False,0.0
LEAD-20958,Prospect_958,Technology,Enterprise,West,569437845.1617618,Multiple,"Supply Chain Solutions,Fleet Maintenance,Distribution Center Management",Trade Show,34.28704688458442,4.048680428835203,5,False,False,False,0.0
LEAD-20959,Prospect_959,Automotive,Medium,Northeast,20195677.06637407,Multiple,"Distribution Center Management,Supply Chain Solutions",Website,43.38233761014559,14.267752942117875,4,False,True,False,0.0
LEAD-20960,Prospect_960,Manufacturing,Large,West,43452965.08368529,Competitor A,"Dedicated Contract Carriage,Transportation Management",Marketing Campaign,40.510137624839366,16.413195817080933,11,False,False,False,0.0
LEAD-20961,Prospect_961,Automotive,Large,Northeast,42759503.52627964,Multiple,Distribution Center Management,Trade Show,22.491890852724897,86.6774497070579,3,True,False,False,0.0
LEAD-20962,Prospect_962,Automotive,Medium,Northeast,19882269.698727246,Competitor B,"Freight Management,Dedicated Contract Carriage,Supply Chain Solutions",Website,45.573235087888506,5.305663792665628,8,False,False,True,259672.91238819473
LEAD-20963,Prospect_963,Healthcare,Enterprise,West,175867958.80553794,Multiple,"Distribution Center Management,Transportation Management,Supply Chain Solutions",Cold Call,35.06025598479363,32.673217356875234,5,True,True,True,2360569.7532684184
LEAD-20964,Prospect_964,Consumer Goods,Small,West,447991.108641051,Competitor B,Fleet Maintenance,Trade Show,56.62579071110285,7.661769564211175,3,True,False,False,0.0
LEAD-20965,Prospect_965,E-commerce,Medium,Northwest,7583443.37875623,Multiple,Supply Chain Solutions,Referral,10.076127461991925,68.5087213717287,5,True,False,False,0.0
LEAD-20966,Prospect_966,Food & Beverage,Large,Northwest,150205966.30771002,Competitor A,"Transportation Management,Supply Chain Solutions",Cold Call,37.62226087895081,39.773661893790596,6,True,False,True,2176855.3026685934
LEAD-20967,Prospect_967,E-commerce,Medium,Midwest,33668853.15226298,In-house,"Transportation Management,Fleet Maintenance,Dedicated Contract Carriage",Cold Call,37.83462506197759,1.9410901274545485,5,True,False,False,0.0
LEAD-20968,Prospect_968,Technology,Small,Midwest,7301536.910909559,In-house,Supply Chain Solutions,Trade Show,33.960990289726226,94.48500693499591,6,False,False,False,0.0
LEAD-20969,Prospect_969,Consumer Goods,Small,Northwest,2756872.9528651745,Competitor A,"Fleet Maintenance,Distribution Center Management",Website,49.87769542797022,29.23757807135428,5,False,True,False,0.0
LEAD-20970,Prospect_970,Automotive,Small,Midwest,3942952.14510803,In-house,Distribution Center Management,Trade Show,30.049161802108554,88.39593119717077,7,False,False,False,0.0
LEAD-20971,Prospect_971,Retail,Small,Northwest,62835.96884044965,None,"Fleet Maintenance,Transportation Management,Freight Management",Marketing Campaign,38.615004350851684,42.38004645487406,5,True,True,False,0.0
LEAD-20972,Prospect_972,E-commerce,Medium,Southeast,7550702.992709492,Competitor B,"Fleet Maintenance,Freight Management",Website,41.192798537590974,75.08428797100487,2,True,False,True,70522.12326034311
LEAD-20973,Prospect_973,Healthcare,Medium,Southwest,4672363.59163359,None,"Transportation Management,Freight Management,Distribution Center Management",Trade Show,41.33931623474128,37.804296643376624,12,True,True,False,0.0
LEAD-20974,Prospect_974,Retail,Small,Southwest,2876203.185104991,Competitor A,"Distribution Center Management,Dedicated Contract Carriage,Transportation Management",Marketing Campaign,28.814090053538422,102.60485308442935,7,True,False,False,0.0
LEAD-20975,Prospect_975,Manufacturing,Medium,Southeast,26125221.152303558,In-house,"Transportation Management,Freight Management,Distribution Center Management",Cold Call,48.92258327264861,12.76214526229538,4,False,False,False,0.0
LEAD-20976,Prospect_976,Automotive,Small,Midwest,1625267.3011877215,Multiple,Dedicated Contract Carriage,Marketing Campaign,24.799652742511373,30.733018491743746,5,False,True,False,0.0
LEAD-20977,Prospect_977,Food & Beverage,Medium,Midwest,21498773.943287004,Competitor A,"Freight Management,Distribution Center Management",Website,36.175288979460205,9.53562980374778,10,False,True,False,0.0
LEAD-20978,Prospect_978,Healthcare,Small,Northwest,1570388.7024374562,Competitor B,Distribution Center Management,Marketing Campaign,53.479254999119775,144.68501247870202,5,True,True,False,0.0
LEAD-20979,Prospect_979,Food & Beverage,Medium,Southwest,8561976.13574632,Multiple,"Distribution Center Management,Transportation Management,Freight Management",Trade Show,13.871589684488143,1.6229246089369296,2,True,True,False,0.0
LEAD-20980,Prospect_980,Healthcare,Medium,Northeast,10064598.026615623,None,"Dedicated Contract Carriage,Distribution Center Management,Transportation Management",Cold Call,33.135883602394486,46.646101161593435,4,True,True,False,0.0
LEAD-20981,Prospect_981,E-commerce,Medium,Southwest,37527157.769945875,None,Transportation Management,Trade Show,36.914274922566314,76.82465246135358,4,True,False,False,0.0
LEAD-20982,Prospect_982,Healthcare,Large,Northeast,207600063.4365863,Competitor B,"Dedicated Contract Carriage,Freight Management",Trade Show,39.875462285354956,51.868660432868985,5,False,False,True,2004209.743735087
LEAD-20983,Prospect_983,Manufacturing,Medium,Northwest,35930674.58467929,Multiple,Supply Chain Solutions,Marketing Campaign,31.168300100079588,79.13470062209848,5,False,True,False,0.0
LEAD-20984,Prospect_984,Food & Beverage,Enterprise,Northeast,336119885.1433985,Competitor B,"Supply Chain Solutions,Fleet Maintenance,Transportation Management",Marketing Campaign,22.387987578900564,2.636540268542373,3,True,False,False,0.0
LEAD-20985,Prospect_985,Technology,Medium,Northeast,6696871.48073469,Competitor A,"Supply Chain Solutions,Dedicated Contract Carriage,Distribution Center Management",Marketing Campaign,32.11770979447843,23.819207548938774,3,True,True,True,71791.57286475995
LEAD-20986,Prospect_986,Food & Beverage,Small,Northwest,2107574.892189505,None,Fleet Maintenance,Website,52.93282452500072,47.657481174804204,7,True,True,False,0.0
LEAD-20987,Prospect_987,Technology,Small,Southeast,13635421.00360004,In-house,"Dedicated Contract Carriage,Freight Management",Trade Show,48.30948824275345,1.524849755190341,8,False,False,False,0.0
LEAD-20988,Prospect_988,Consumer Goods,Enterprise,Northwest,417124907.3531802,Competitor A,"Supply Chain Solutions,Freight Management,Transportation Management",Website,27.69557344916049,12.72941004696229,6,True,False,True,2616681.877192663
LEAD-20989,Prospect_989,Technology,Small,Southwest,423133.1817551191,In-house,"Distribution Center Management,Fleet Maintenance,Dedicated Contract Carriage",Cold Call,60.02322892505803,13.488230779393627,8,True,True,True,5599.086290819651
LEAD-20990,Prospect_990,Food & Beverage,Enterprise,Northeast,284408999.74167216,None,"Freight Management,Distribution Center Management,Supply Chain Solutions",Referral,11.29874855720296,23.42671326403985,3,True,False,False,0.0
LEAD-20991,Prospect_991,Automotive,Large,West,64205864.33799307,None,Supply Chain Solutions,Trade Show,72.22805063071401,40.859961533028276,4,True,False,False,0.0
LEAD-20992,Prospect_992,Manufacturing,Large,Northwest,43387540.5483372,Competitor B,Supply Chain Solutions,Website,21.879802619398056,3.1043485423913317,11,False,True,False,0.0
LEAD-20993,Prospect_993,Healthcare,Large,West,71566577.03570792,Competitor B,"Supply Chain Solutions,Transportation Management",Website,29.835770765811503,35.23143243649229,6,False,True,False,0.0
LEAD-20994,Prospect_994,E-commerce,Large,Northeast,240780181.39270774,In-house,Supply Chain Solutions,Cold Call,59.83179236507166,1.4766713112207022,10,True,False,False,0.0
LEAD-20995,Prospect_995,Manufacturing,Medium,Southwest,40142244.356702596,None,"Transportation Management,Dedicated Contract Carriage",Trade Show,35.06283686456208,39.647836259742434,2,True,True,False,0.0
LEAD-20996,Prospect_996,Food & Beverage,Small,West,2116826.259525852,Multiple,"Supply Chain Solutions,Transportation Management",Referral,51.138005635163566,15.677098855069216,6,True,True,False,0.0
LEAD-20997,Prospect_997,Retail,Small,Southwest,106684.96605429176,Competitor B,"Distribution Center Management,Supply Chain Solutions",Referral,36.516619660289926,34.794224501387916,5,True,False,False,0.0
LEAD-20998,Prospect_998,Healthcare,Medium,Northeast,9904773.905641742,Competitor B,Transportation Management,Cold Call,26.82432635499673,21.95762033444225,4,True,True,False,0.0
LEAD-20999,Prospect_999,Food & Beverage,Medium,Northwest,1662510.7644618612,None,"Supply Chain Solutions,Dedicated Contract Carriage,Fleet Maintenance",Trade Show,15.866685639525437,13.822524137335787,4,True,False,False,0.0
