warehouse_id,date,region,throughput_units,labor_hours,inventory_accuracy,order_fill_rate,dock_utilization,cost_per_unit
WH-NO-1,2023-03-01,Northeast,6363,236.0509449243484,95.8743154476673,70.28307278796949,75.51869595036483,3.8745005939429866
WH-SO-5,2024-09-27,Southeast,1827,194.21716480438906,94.29034430669543,90.53395432784428,49.98377773488667,3.512930305514629
WH-SO-2,2024-06-20,Southeast,5475,221.75523575357013,97.7141720380533,91.94151760666574,76.19322170197984,4.33923618373131
WH-MI-5,2024-11-01,Midwest,3905,273.1697002591677,96.68846961116309,86.8316841256867,75.57557305259192,2.307693779392774
WH-NO-5,2024-10-15,Northeast,3187,156.45838854230038,98.76688050673566,90.67978136909758,79.4943151194947,2.1500751791472776
WH-MI-2,2024-05-27,Midwest,5224,198.26686898758652,98.50156707821552,88.569781135201,61.317993531249805,2.478336478128574
WH-MI-3,2024-03-06,Midwest,10215,214.30908814472812,99.0661973933099,80.20026135782025,54.87408695656744,4.268228898214993
WH-SO-2,2024-03-17,Southeast,6201,236.1202610291154,90.10697618471555,91.84317270397219,57.50290129926127,2.5720053599964796
WH-NO-4,2024-08-08,Northeast,3151,287.6875631692614,96.71402025391687,82.7696040616153,51.41398535185478,2.849026383952736
WH-SO-3,2024-09-25,Southeast,2963,261.65710355681745,96.37932070075637,86.69645715761435,81.21053942876502,3.7834572130079827
WH-WE-2,2023-07-08,West,6408,149.8265955776614,86.11363816469712,94.5975939198623,78.571426197019,3.6177622179110234
WH-NO-4,2024-12-25,Northeast,7625,104.76291630470662,92.8479612773417,89.7352992929433,80.31357239682768,1.7680960681561566
WH-NO-3,2023-03-24,Northeast,9462,291.7943456883268,93.57286507570784,88.21088569550712,84.54274764250795,3.2438627489175387
WH-SO-4,2023-06-27,Southeast,5408,245.49787976302093,95.62675624905064,95.98767291218795,49.70796304272576,3.15287205193547
WH-SO-2,2023-11-05,Southeast,4617,176.36340290773586,95.42858839462697,52.65012352334271,83.58484900268101,2.4411674682168085
WH-NO-2,2023-12-14,Northeast,5466,245.6224284789844,95.51949321516497,77.44142775086743,75.78461475073011,3.3241512143773697
WH-WE-4,2023-08-06,West,2027,205.42127777592435,98.35560437435159,94.97512996962449,61.61394720024123,2.223937170609094
WH-WE-3,2024-09-26,West,4110,173.20752783087087,93.10158549730193,86.03414654925523,77.09354951118877,1.7016388818027504
WH-SO-4,2023-12-07,Southeast,3901,231.926270893957,92.63187245997271,83.97028734059666,85.11356283677318,3.9416172807165095
WH-NO-4,2023-01-26,Northeast,6948,209.56388805941683,94.42141558334572,95.67821222087292,54.239877979630634,1.6852979305321345
WH-SO-1,2024-08-06,Southeast,2700,207.61860565539664,98.13693589737146,93.60596251424947,71.33040320355677,3.5118947316052473
WH-WE-4,2023-11-23,West,3945,193.55836386536,97.08071690396757,75.60096855267632,46.389479713046015,2.3638444336479347
WH-NO-2,2023-05-11,Northeast,8308,173.4644393225097,89.28508156835345,99.44945357561197,65.24604590694457,3.7195250045590216
WH-NO-4,2024-10-14,Northeast,2388,258.63236100138033,97.07246767036818,86.13035806829545,77.50687189267231,2.499724659516089
WH-MI-2,2023-03-23,Midwest,5104,210.45753677065494,85.92873718264961,94.06669497004593,67.63197873893007,3.4871120077289275
WH-MI-3,2024-05-20,Midwest,1021,166.93022238666796,97.8076731843208,81.01812665831999,81.07219347806878,4.397432177468064
WH-WE-2,2023-09-08,West,3859,154.54912895800885,81.57894481943865,84.06754601578226,62.4197418786011,4.393949112118541
WH-MI-5,2024-07-27,Midwest,4511,220.35074276127713,94.36893980013431,91.95589762266306,76.4146987455883,3.297620931786307
WH-NO-5,2023-05-13,Northeast,3361,241.14566348617998,99.67905470067336,87.77583333228898,66.14219010639192,2.9019198274774003
WH-NO-2,2023-12-17,Northeast,6058,119.3527146202551,97.98277683445492,95.57322041250532,73.46011970394174,3.188461116058522
WH-NO-2,2023-03-06,Northeast,4982,140.54406863532918,98.10348789694697,83.7702874907554,41.87586041929616,2.3386592465371057
WH-NO-4,2023-07-19,Northeast,5389,236.71875874879865,96.83831784843628,92.46802183433162,75.95522066246583,3.4874559303736454
WH-NO-1,2024-10-15,Northeast,2064,152.9103835334875,99.34872312032049,84.09911637889854,86.08512805742065,3.894909433936167
WH-SO-4,2023-06-24,Southeast,5167,203.50970708533274,86.88689612889802,97.26381557228568,82.7335780473171,4.1376464723661535
WH-SO-5,2023-05-15,Southeast,6364,249.2676111513372,91.30641566840102,74.83638241400986,79.66390516482267,3.7640949610844348
WH-NO-5,2024-12-03,Northeast,3143,159.74989089810896,98.15711953913858,93.14688413229297,69.96579976448058,3.7714823783637716
WH-WE-4,2024-05-09,West,8139,118.22757944432001,98.54351787067073,93.19558398352858,85.23242685241323,3.361714286572991
WH-SO-2,2024-05-02,Southeast,6713,111.85335140837871,96.77841187885232,90.06947901217156,67.54870838326296,3.861619557710129
WH-MI-1,2023-07-07,Midwest,6587,230.18500185113888,87.63796629482744,92.39345146617435,51.43597068263407,1.5242287981573766
WH-WE-2,2024-06-23,West,2992,251.66010873179468,99.98125100006806,90.90350870139984,67.1783285157809,2.3552486046927843
WH-NO-1,2023-10-15,Northeast,2194,193.10742922156865,99.39222424957138,91.38832314977516,63.61181041639681,3.4653401762251854
WH-WE-2,2024-05-15,West,3930,112.8220268325409,88.45802543526074,84.42090925993195,49.170815705992545,1.5110685250742408
WH-SO-2,2023-06-30,Southeast,5369,224.7214624022523,84.3524426818786,82.08580139127315,77.36707315913016,3.5501167424679916
WH-SO-5,2023-07-09,Southeast,3188,272.7275993704882,97.10847517535814,74.08749728182929,90.99622553811305,3.973529377451608
WH-MI-4,2023-02-08,Midwest,3763,255.03762811357294,94.9472461579766,98.59787272402488,74.28509209575833,3.62014950443688
WH-SO-3,2024-12-02,Southeast,4013,236.05726133715254,92.96601587950612,86.89121852630684,45.551772235691416,3.1592627987459325
WH-SO-4,2023-05-13,Southeast,5396,233.12632190837513,95.99741345673041,91.5374134144252,41.796421577363546,3.6071813135948645
WH-SO-4,2023-02-01,Southeast,3087,170.68554796291025,98.02949730735688,89.16840840214523,66.72940016649129,1.6094033240014656
WH-SO-2,2023-03-29,Southeast,3203,209.03637539307078,96.29876200140427,88.4778137580799,38.753541735226236,1.776932413994806
WH-NO-3,2024-12-29,Northeast,5767,241.07517489835726,90.66367650703685,97.02828430028421,77.60664321888807,2.8125262119150554
WH-NO-5,2023-05-31,Northeast,5025,138.00657079627535,97.74496475177129,86.88807533059074,85.6496038715568,3.3183621888635333
WH-NO-5,2023-04-26,Northeast,4823,277.5943505979586,84.61824541163213,91.07226853603456,59.17769861465837,2.7299978462600993
WH-NO-3,2023-09-17,Northeast,4029,158.45055077539098,88.53950889469387,86.62802873244596,35.01302180686885,1.5237115468729803
WH-SO-1,2024-01-15,Southeast,6280,293.3034970410603,84.958409936048,97.05815194135118,82.06555137366675,3.912467049920171
WH-SO-2,2023-03-27,Southeast,7503,180.3113113410915,93.050322752549,78.46553280200375,44.93325544320313,2.425476696880105
WH-WE-3,2024-10-14,West,3072,213.08979874006945,99.71895662532222,91.34547630675073,67.28673001050215,3.029859604684649
WH-SO-2,2024-07-14,Southeast,5314,124.05990619622715,94.65619826846185,96.11861729535742,19.622691625018952,4.392003019233975
WH-NO-5,2023-07-21,Northeast,5674,193.91454048107775,98.8739788964489,82.61310660523114,80.61242619416905,1.987305037983306
WH-SO-5,2024-03-31,Southeast,6917,191.5433837620613,98.91908815948113,93.00759585333459,66.12621326497644,2.5002589275552896
WH-NO-3,2024-06-08,Northeast,7696,195.4462131092596,99.912753215774,94.84504368490701,70.82046860252177,4.140613709459947
WH-MI-1,2024-11-11,Midwest,4566,154.82745033816167,94.60597515870576,85.02690383172643,56.72318987438458,4.478830012637261
WH-SO-2,2023-03-19,Southeast,5533,69.338095859481,99.68240682182054,81.55590940940034,76.21657070497011,1.5582328006027866
WH-MI-5,2023-11-27,Midwest,3570,164.61322910536143,96.49580034150004,96.37992963116412,59.90699158713689,3.6119484756823046
WH-MI-3,2023-02-16,Midwest,3579,213.4616000575346,93.44857903871078,90.77200994932117,87.32252455880516,1.6713434458207868
WH-NO-5,2023-08-13,Northeast,4692,173.46238312784712,93.86295304538858,98.73043038108324,90.10352546342627,2.312860219167626
WH-NO-2,2023-11-23,Northeast,3485,205.86257697572475,94.56048129883227,86.44371627594799,66.90334593649042,1.5948241034087096
WH-WE-3,2024-11-24,West,4015,244.1498800520301,95.2056687234902,81.32522201534113,60.046466759233695,2.1342816646807057
WH-MI-3,2023-01-20,Midwest,8361,175.95787838741796,99.7087822663442,94.40334738247861,34.242071494661594,2.7250806653395045
WH-NO-4,2024-02-19,Northeast,4507,148.57933425807857,89.87839074861513,74.7810294332881,83.10016182232664,2.1842267322161946
WH-SO-1,2024-04-03,Southeast,5994,219.16309435817323,97.77152966718651,92.73626237287283,71.34718391880386,2.8928287563014754
WH-MI-3,2024-12-12,Midwest,6117,269.27220167674045,98.82016170555274,83.23260931627063,45.553317479599734,1.8885412995233155
WH-WE-5,2023-08-15,West,5208,301.3634182487692,94.50551856006929,97.33229180113729,77.22625181584549,1.7549435755907357
WH-WE-4,2024-09-07,West,3626,166.7661235072572,91.24870532544352,97.37507972443271,38.37619685620138,2.3692169133638212
WH-NO-4,2023-10-31,Northeast,4640,261.0951674063499,96.26994187736909,94.67739820046907,72.12536298206543,2.4325674131987562
WH-SO-3,2024-02-17,Southeast,8914,109.54449644538579,99.0784830238371,88.06684137655314,68.3083851530417,3.0632801072790796
WH-MI-4,2024-01-12,Midwest,4295,193.84400575840266,89.06217365544416,92.89047935952782,55.80794225364144,3.6077811405222624
WH-MI-3,2024-05-12,Midwest,4874,175.89601658533226,98.8214117795343,82.90068759761974,82.28247042124484,4.457286595755914
WH-SO-2,2023-07-27,Southeast,2813,238.37452052774464,97.72954805155607,99.3624831042663,39.56523676397822,1.536322122259343
WH-WE-1,2023-03-04,West,7034,186.12255542103327,88.69369830777303,92.73989516182091,90.60266444082822,3.262210631528908
WH-SO-1,2023-03-24,Southeast,4048,259.84149650982744,94.10883032081607,86.62146181336597,54.75419097782829,4.054109260099683
WH-WE-3,2023-04-19,West,3519,257.73229363035983,96.0281883751699,94.09510655780325,52.92938653740693,2.2606121889925817
WH-WE-1,2023-06-12,West,5836,296.44608458320096,90.66845966438288,95.93888163831097,76.85711896188202,3.6542943380183406
WH-SO-4,2023-01-31,Southeast,6320,161.0567287665057,98.73745825019425,93.80581818303233,59.97276472337399,3.8954886169798835
WH-SO-5,2023-07-26,Southeast,5717,251.10686541393864,98.0635024388556,92.78134762595892,71.84179896507102,3.3628862469346834
WH-SO-1,2024-07-08,Southeast,4501,143.63700138971427,95.85443721598656,80.85461390119,67.9124928836832,3.584947637531947
WH-SO-2,2024-01-08,Southeast,6715,312.09100140900307,92.99934022537269,96.30144024796606,76.00004508178354,3.1393490645703177
WH-NO-2,2023-04-26,Northeast,6562,221.5681991791613,97.25381292371937,96.00386432890262,85.15828721130262,4.289199350752815
WH-NO-3,2024-10-30,Northeast,3847,167.88310193397126,92.27280426693908,87.77898009864529,72.94025334185626,1.636504512206424
WH-SO-2,2024-05-19,Southeast,9084,303.04707157568913,97.48758544153301,88.70013673635695,83.37995328920564,3.4938268697734842
WH-NO-1,2023-12-04,Northeast,6247,174.0848333796294,98.95467581584899,96.24836770087309,55.1901422405028,3.2426233962405
WH-MI-5,2023-08-15,Midwest,6053,203.7272854114329,85.48463538722599,90.75366853904691,72.70541040376803,4.4162641853109825
WH-SO-5,2023-09-04,Southeast,5668,151.49115337342857,93.12545965613964,86.27951530261505,82.99070266910908,2.171270793439129
WH-SO-4,2024-11-18,Southeast,4156,209.76136099741035,99.04729521712171,83.79754838817907,46.68696000766831,2.8689233881235925
WH-NO-4,2024-07-10,Northeast,2491,202.57147767974996,95.29583724134326,78.19304612014875,84.82130197387781,3.238752383296421
WH-NO-3,2024-05-15,Northeast,6444,244.18708056191417,99.52132392337609,89.7480148605864,54.852920444216714,4.2147436529948985
WH-SO-5,2024-06-10,Southeast,6063,108.84122829452433,88.23666379864858,97.01809153426454,76.1880725950058,2.2020486748057024
WH-SO-3,2024-12-13,Southeast,3720,150.16956862079894,99.35540409834913,84.20920348234145,67.64645498721666,2.0746686669912893
WH-SO-3,2024-03-14,Southeast,5315,146.5032069888489,97.32603621605352,75.14306875977863,82.6088693560361,3.019717653493457
WH-WE-4,2023-09-20,West,1711,185.90855865922651,94.45197751578137,77.46560908970274,61.960273980945225,2.4400580662417948
WH-SO-5,2024-05-22,Southeast,10297,220.66907029429126,87.98370179282435,94.29741431022994,80.19319224580089,3.7982355406758606
WH-NO-3,2024-04-21,Northeast,6059,162.54054524227433,84.80177697475797,81.77284254025989,76.8459436904641,2.196413185005759
WH-WE-3,2024-10-26,West,5931,138.7751587615924,92.16599128535896,89.63793808959262,67.78587174277834,1.6366991863525395
WH-NO-5,2024-02-13,Northeast,3057,283.63066953982775,90.50625982165302,93.9619806541638,80.47128148598046,3.4412924404895073
WH-WE-3,2023-03-15,West,4110,265.9298909952868,99.5375511410216,92.25639717637154,83.64806775184111,2.6506624947078024
WH-NO-1,2024-01-03,Northeast,5556,201.64647108972025,99.8363628708434,87.55631822827489,72.12770701174146,3.9070183933073372
WH-NO-1,2023-10-20,Northeast,2824,190.57625522249623,97.13848579483606,89.39622580861821,79.52554521043709,1.7671589491685165
WH-NO-1,2024-07-10,Northeast,5407,194.0321242420116,89.40474526535091,84.48705231878297,75.25210914626993,3.585716048318215
WH-SO-1,2024-07-15,Southeast,4925,206.6413730224116,99.1150136001727,97.6581936317455,81.06977534719884,2.1928708916337394
WH-WE-3,2024-02-06,West,2182,232.0755860284541,96.61303283214495,88.61816847937078,87.0397492878545,3.0479660699961526
WH-MI-4,2024-09-11,Midwest,4567,196.86268748721452,97.3320681486733,95.8405793580656,84.94094137844127,3.090321054517268
WH-SO-2,2023-05-08,Southeast,8772,215.8660975295553,95.0127437965074,92.23370151053433,48.292023971119235,2.8624620198006423
WH-NO-4,2023-10-05,Northeast,6175,287.8543637575625,85.99114873362798,83.3208382373383,47.81134951604383,3.429431293349757
WH-NO-4,2023-04-29,Northeast,3573,136.1123794969175,96.73683076719998,85.8248830915345,75.05549856020932,1.9832715896004145
WH-SO-4,2024-01-02,Southeast,5597,230.9903618806981,98.95322244045636,69.78202215396382,86.77123846537478,3.850342499275998
WH-WE-2,2024-11-08,West,6214,190.88414781552007,93.62472203956008,96.77491356064772,73.15032872979654,2.1281117131108713
WH-SO-4,2024-12-01,Southeast,2740,106.69991424210349,99.55720165564,84.51083545825315,76.46655149897678,4.3929958256022505
WH-MI-3,2024-09-28,Midwest,3393,211.03059757058267,93.28057184986862,61.902895726824326,57.406701196843855,3.3912296597044405
WH-NO-3,2024-07-31,Northeast,3042,247.34789801138461,94.78449042970911,92.47718238315132,62.415008246945035,3.215346771626875
WH-WE-1,2023-09-05,West,4125,200.55850649321943,92.99434431423165,82.12197589801542,60.89787250811711,2.000096643093624
WH-MI-1,2024-03-16,Midwest,9615,113.3382342589635,98.20804981519011,82.74562421655467,61.03348869778023,3.2218310509818275
WH-SO-3,2024-02-23,Southeast,7196,109.75210245495165,97.32443500946029,93.67293596005123,58.56696566831706,4.045017321794852
WH-NO-1,2024-10-07,Northeast,4388,188.94384143828145,90.13417483503041,88.37955405730365,53.772175520319976,3.779743039824428
WH-SO-4,2024-08-11,Southeast,5447,187.51280496150915,92.9833042575307,88.97292515946391,79.48340311341514,3.3488244425887803
WH-NO-1,2023-02-09,Northeast,10792,176.03417630546917,97.05233243863711,94.08577984421824,85.24368255298059,4.2930920656729965
WH-NO-1,2024-12-19,Northeast,4053,184.813683294026,97.6372925165353,68.16574877155641,86.38880624066167,2.5744630411272516
WH-NO-5,2023-03-15,Northeast,4805,204.33378059150738,98.45028977691199,83.71090033682182,54.39037234225464,4.381185907947408
WH-SO-2,2023-03-27,Southeast,6145,191.2852086873149,96.23162263525678,90.08253554500057,40.045060828960374,4.037354872863187
WH-SO-2,2023-04-21,Southeast,8500,274.3470408341849,97.90316712812287,90.91666667741715,56.5001697235481,2.568917535864081
WH-NO-5,2023-06-22,Northeast,5988,270.3934900403435,99.93214533497363,97.4402408682165,82.69145926689376,4.323441680568248
WH-SO-3,2023-11-11,Southeast,5296,148.88290917277635,94.31102309366042,81.28414264527116,69.6731521186409,2.348882608365299
WH-NO-5,2024-02-10,Northeast,7082,235.75784534933004,98.45004107824805,78.94789209275488,58.58622280491612,2.8159137268133776
WH-WE-5,2024-12-27,West,4441,82.16239925812118,92.15132976441248,95.22003186285731,73.26500746580513,1.6811068595833065
WH-MI-3,2024-07-11,Midwest,5282,147.2287889169422,97.98945756674314,95.44238009368506,72.53951441997998,3.8619860584290295
WH-NO-3,2023-05-24,Northeast,7433,197.13949231657918,97.43947017642775,94.16769175038893,67.24079610484695,3.760681448377691
WH-WE-5,2023-09-01,West,3863,185.5316402984607,99.1685635743542,78.52028799888902,53.609488527102656,3.8441716053669666
WH-SO-3,2023-11-17,Southeast,5384,186.54316112344247,98.22621128300811,78.71577444379533,57.386976494005516,1.8122040362985523
WH-MI-1,2024-05-06,Midwest,6557,238.31771605614946,99.76566083131225,92.24178532070898,86.95989114030557,1.5081783342599722
WH-SO-2,2024-12-24,Southeast,528,260.29079586484823,99.29114716184394,93.86360887716731,74.90803848014609,3.9242253510858665
WH-NO-1,2023-08-24,Northeast,3127,213.0024837339634,92.52969382625021,86.7332715546398,78.42214239217992,2.16249332548271
WH-SO-2,2024-02-22,Southeast,7014,227.4639493030477,98.94489686342243,89.92565337021357,79.2066650409733,2.3717068110030364
WH-SO-2,2024-04-08,Southeast,2144,172.39153003056373,99.33272986789794,87.001434321496,76.27238776777003,3.104271166985683
WH-WE-3,2023-12-19,West,3829,133.40164588804072,99.97592465106607,78.86092488854062,96.23594979063365,3.7805775919046996
WH-SO-3,2023-07-29,Southeast,2506,159.27221546439887,99.18830739627388,84.89076258571345,59.46987848814857,3.006634405872087
WH-NO-2,2023-04-30,Northeast,8476,210.06308257591436,96.02247129305749,92.18082061090657,41.3865398829351,3.311211431552259
WH-NO-3,2023-06-14,Northeast,3611,202.13332858769672,99.59842065730471,98.80811307164154,54.6734229213972,3.626931555351871
WH-MI-1,2024-12-13,Midwest,5610,202.04191464780325,94.85883230114999,93.40867271980079,47.10929049521478,2.4819153097319417
WH-SO-2,2024-09-04,Southeast,2190,251.520518215326,86.28420125924846,97.79824490930771,74.7582963082994,3.0325957622171194
WH-NO-5,2023-07-06,Northeast,5063,244.06682181856667,97.64688146986983,82.87971868082641,66.27272080538081,3.9254538161014088
WH-SO-3,2023-01-10,Southeast,4667,214.88974344529788,97.35448948766779,80.89809978433097,60.22920910062043,2.4942872043381863
WH-WE-5,2024-10-21,West,3345,193.09319540988577,98.5900149026258,77.55140361498036,69.94903504182562,3.75989324901093
WH-SO-3,2024-12-18,Southeast,5224,193.72302074919688,94.93817546205861,95.82463337882456,55.757048881729986,3.625058364742277
WH-WE-2,2023-12-26,West,4308,257.34289070996164,89.7954797971092,78.06065936773912,69.55926192535912,4.226522045987901
WH-MI-2,2023-04-06,Midwest,4023,276.98332405922486,96.56389339930014,93.75679588043123,79.25027393527401,1.860392860086784
WH-MI-5,2023-08-27,Midwest,2663,332.8949706955141,95.78373659710522,63.75860694209534,88.58092579291569,2.74502986661238
WH-MI-3,2023-08-20,Midwest,4665,286.4914463787195,97.3786316595505,86.65999357742503,68.43589187304742,3.2959180436876907
WH-NO-3,2023-10-14,Northeast,4870,213.1561036555913,96.82991331711972,92.64162788233166,42.897557326421826,2.3759019543865785
WH-SO-1,2023-03-28,Southeast,6206,222.39729588330187,85.0591592718205,90.71376688498007,53.61030155851322,3.7806165657337827
WH-SO-5,2024-06-03,Southeast,6267,194.81003276085016,92.9044325828572,92.2506063154466,75.27139562998062,2.689867614885873
WH-NO-3,2023-12-21,Northeast,3651,230.58834244425023,96.84930996104725,95.36440044083294,68.69814763178258,3.7768077453933357
WH-SO-3,2023-02-20,Southeast,7991,290.28082393958533,96.45130478017731,81.89147146746667,40.21334301754676,3.6523668783754886
WH-SO-4,2023-10-15,Southeast,3085,158.10225360363617,99.58746356744061,85.00370569762686,84.69032001006399,1.9988099205665248
WH-NO-5,2024-01-16,Northeast,4285,137.95072746780556,99.79236164817344,93.54894634988173,92.94524116721107,2.7884872571264614
WH-SO-5,2024-01-07,Southeast,7812,228.8789689440329,97.95706762960916,88.50237738148601,50.47945058034535,3.9599914468881012
WH-WE-2,2024-04-02,West,7360,180.80429437569407,89.861307353852,77.93004427069354,53.52618005992097,4.108575630723234
WH-MI-3,2023-12-07,Midwest,4507,217.08178422431303,97.3347333433186,78.33450382837883,77.2197575842779,3.392911384918171
WH-WE-2,2023-05-26,West,6862,201.4342673541845,96.05563007437947,83.41589767624727,69.29269537542766,2.6565430729210733
WH-SO-4,2023-08-17,Southeast,4120,168.53310394337862,94.0587835306514,87.12179062276351,41.403485155084304,2.5226304206808594
WH-SO-2,2023-04-13,Southeast,5921,193.00392138727494,93.52350874449976,86.75970477042087,71.82245706220867,2.5210270051829085
WH-NO-1,2023-09-11,Northeast,4411,158.32643870407446,95.4142715104908,94.64851661812796,62.740001901696516,4.156366226708758
WH-MI-4,2024-04-20,Midwest,6658,96.65690215261624,98.29144089602337,93.50627454976953,87.15253276138462,1.735485409633799
WH-MI-4,2024-07-10,Midwest,6338,163.54413698939499,93.01390008364719,96.50304420365062,64.43737716141896,3.8709458365330285
WH-MI-1,2024-03-06,Midwest,5192,248.03147317013418,95.13501061819906,91.34882995326706,95.3869540381175,3.700946766836157
WH-NO-2,2024-05-01,Northeast,4281,169.65239884387094,98.76360291847965,93.55998963536058,79.69589282230346,3.660457463185502
WH-SO-3,2024-06-30,Southeast,3069,182.81130955763035,88.71739278510536,85.01541205106543,63.57199775033403,4.2765966186845485
WH-WE-4,2023-12-17,West,2768,171.5768461432267,96.44072959866699,91.15912876833491,79.78736968114765,2.364560673001605
WH-WE-5,2023-06-17,West,2933,269.2800948383573,96.88082841754428,81.95887927888886,90.45083993034652,1.8380926550463628
WH-SO-5,2024-03-23,Southeast,6385,144.73977284217838,95.1693950045903,95.3828981925139,50.834300454821204,3.8522139796995543
WH-NO-1,2024-08-09,Northeast,4209,246.7281333123259,98.62893249847414,90.14818006215464,53.226401319405056,2.91662952874285
WH-WE-3,2023-09-05,West,4216,251.37007528704174,96.4278342594258,91.09458823632256,78.77149005207158,3.8782136124571935
WH-MI-1,2024-04-22,Midwest,6112,353.58474498834096,92.17633648473586,87.35579775355421,63.14689935627173,3.9607279179044466
WH-SO-2,2024-07-08,Southeast,6087,123.61902012906077,96.60687373759002,74.08885519994747,66.0489005206434,3.337358310289336
WH-SO-3,2024-03-18,Southeast,7547,207.04104618816754,87.22727854396847,91.53974486395603,50.8732193959329,2.8791987998796476
WH-WE-4,2024-07-16,West,5119,228.87740299119372,95.5768796820811,90.83586060770935,62.07775822434645,3.085110877481233
WH-NO-3,2023-07-20,Northeast,5190,215.311155652012,92.2191075490423,92.58771875001398,60.48934503327291,4.417519472696595
WH-SO-3,2024-11-17,Southeast,2340,241.7979702677298,96.33815443849679,92.51006582657324,57.67157403433922,4.061993354967624
WH-NO-4,2023-11-11,Northeast,3103,282.3354309638162,90.95449622248837,75.0169522050159,63.176098456082286,3.0352955843760614
WH-SO-4,2024-02-24,Southeast,6641,119.44121142009014,98.53206340369883,90.66202997338357,50.548778067400754,3.454736565470103
WH-NO-4,2024-06-06,Northeast,6762,222.71152137165944,96.34645753795269,99.42895918353983,71.0655205325327,3.086018068265306
WH-NO-1,2024-05-10,Northeast,6237,252.8856333484381,93.75981932956955,91.68866872015965,59.03872378971863,2.6371972099040293
WH-SO-2,2023-12-21,Southeast,1786,244.06141220897288,94.68401262984342,85.67098527050311,62.288051952004686,4.408760504211849
WH-SO-3,2024-02-24,Southeast,6346,216.55870853512428,95.12624427450912,85.35726164107693,67.51220631474239,2.6971680685276094
WH-SO-4,2023-03-29,Southeast,4416,179.56085488917242,92.4082437472904,87.85878226929067,82.03843329841469,1.7477680800459625
WH-WE-1,2023-05-21,West,7715,183.3283721657142,86.8172401066272,85.02736449838568,83.10322949354635,1.9887294795481094
WH-MI-4,2023-11-18,Midwest,3565,247.7509445292535,96.69264763842783,95.81705453751884,50.08623897495285,1.9343718847446023
WH-SO-5,2023-04-05,Southeast,6607,208.42705066053583,94.60106741154762,96.08710270832846,77.74118711301593,3.2821833626161165
WH-MI-5,2024-07-14,Midwest,2136,163.97292325003434,99.06738523496882,78.53450414724583,90.51630229635983,1.8909927853277537
WH-WE-4,2023-07-14,West,4157,275.13501774667566,95.3144853872788,97.47288554270948,86.31468479733859,2.668850041921143
WH-SO-2,2024-05-14,Southeast,6225,130.93746581897685,99.07105211946524,84.98021254740212,76.13242655949858,2.2587603263160156
WH-SO-2,2024-07-27,Southeast,4448,175.95687502633726,94.46116949654578,96.05455294001311,70.48541212741708,1.775480345176212
WH-WE-1,2023-10-06,West,3904,293.40762149165414,96.50703788956936,93.58311525980972,82.84274202021467,1.9443221890122078
WH-MI-1,2024-11-19,Midwest,3201,207.00559644465778,85.00811411621326,92.60811867956924,51.91815283111063,2.239058948919137
WH-SO-3,2024-07-02,Southeast,5604,168.37126379285857,89.05387503259067,77.70070174324142,62.43744019079477,3.165908234579514
WH-WE-2,2024-10-03,West,1844,176.30607855053626,96.56827441580614,87.04871758388161,37.346199902508594,3.0075326821040798
WH-SO-4,2024-05-28,Southeast,3572,203.18627794923728,99.77001198097184,97.03293223802497,81.41679787448106,3.7975491905564223
WH-NO-1,2023-05-18,Northeast,7695,237.43319336533548,94.82400035989744,83.08506082898694,58.696355899409916,4.268626171109578
WH-NO-4,2023-12-01,Northeast,3098,231.80438364344235,98.11934436130923,90.01329340226569,50.03966414318367,3.5999846271607616
WH-SO-1,2023-09-17,Southeast,2522,177.3964293998116,99.70575212629109,83.92787022338042,53.04017009972913,2.2372374580790124
WH-NO-5,2023-10-11,Northeast,4768,214.85296288649104,92.10865682971856,84.46796530065582,64.52349538234942,2.158180461586226
WH-MI-4,2023-10-26,Midwest,3537,267.49957602942266,94.53348040262924,89.76220563912256,72.977680351098,1.5369074366767577
WH-MI-5,2023-12-01,Midwest,2046,163.59281149926966,98.51345046240436,85.86254795489717,64.4034703591944,2.567907432627603
WH-SO-3,2024-03-24,Southeast,7391,220.0479577290493,96.94644364988241,91.73677315032471,78.5844035687268,3.2747296988086414
WH-NO-1,2023-04-26,Northeast,6163,234.912230889839,99.31963391483022,86.96437489483536,57.5683305144924,3.167449935586969
WH-MI-3,2024-01-23,Midwest,4548,220.29085402985584,94.23349170858438,96.66397728470851,70.13804636626739,1.7581220311771664
WH-SO-2,2023-05-22,Southeast,6665,157.36436052768326,91.42907829339063,93.81606548243415,84.3852250631114,4.464393811319834
WH-SO-4,2023-03-17,Southeast,7467,170.36747056460285,82.05307648816927,85.2618254476485,95.20455088707777,2.5845005385918363
WH-WE-1,2023-07-06,West,2940,150.82089569627098,89.6141022212362,99.06142799878033,60.69919172216157,1.5493663471235175
WH-SO-4,2024-03-24,Southeast,4357,273.6825297661938,94.03104813691115,96.30795897291593,70.60098563142625,2.859614897327557
WH-MI-4,2024-02-05,Midwest,4707,266.10756334516304,93.04525211887963,87.71825481046234,52.41540889614371,2.7356834784538746
WH-NO-4,2023-01-01,Northeast,7525,205.3113996392816,95.51020182857538,95.06175926452119,76.48164623765935,4.07774900104606
WH-WE-4,2023-04-06,West,9909,157.21176978694052,99.01385637609182,93.51555730631664,84.11968941047185,2.804045236056208
WH-NO-1,2024-04-28,Northeast,6141,240.32704234932928,92.03867947396533,66.58438266746225,76.49748091285664,2.5090715437665247
WH-SO-1,2024-12-07,Southeast,2959,218.38811109707663,97.57686511784947,83.20536430728582,65.75188402660093,1.9975891903282954
WH-SO-3,2023-10-09,Southeast,3831,249.65717006533072,92.58385716394656,86.67210512620368,91.27364875884409,3.6471087622759426
WH-SO-4,2024-07-21,Southeast,5471,191.528104922565,99.88110822343704,97.66560476769955,70.70310285145924,2.6564500989880395
WH-NO-5,2023-05-17,Northeast,2979,130.56131511145017,98.61376865805869,97.02125192172404,67.0671019560639,2.4829277592341086
WH-NO-5,2023-09-23,Northeast,5160,228.34938841301383,96.28891600530228,87.86595938206688,82.68342955593265,2.211945846114627
WH-SO-5,2023-05-17,Southeast,4061,251.93040332936448,98.40286363764228,88.89769081317803,23.6668982708033,2.4275524403129602
WH-SO-1,2023-05-06,Southeast,5146,232.41349979380593,99.51223052546297,90.93836308677277,77.47003226810595,3.6107235609426307
WH-MI-1,2023-09-01,Midwest,4218,209.63629935739596,99.3844473446646,98.66027284663183,64.26251118018963,4.2378678045058225
WH-SO-2,2023-04-04,Southeast,3325,200.71536677303794,96.31244596805077,95.59748787702559,73.61086075246637,1.724127068202093
WH-NO-3,2023-03-15,Northeast,6861,246.48437408125963,98.56999062841791,94.89790882701405,52.954917101428315,1.627217200892328
WH-NO-2,2024-07-10,Northeast,6250,293.47015511645697,97.21116778676571,76.62432511792758,44.82777307871936,3.1698955005886646
WH-WE-3,2024-09-15,West,3826,222.34345407071672,99.27472216757901,94.21340684634124,56.64589827728509,4.347777535013672
WH-NO-5,2024-10-04,Northeast,4090,190.9233626529051,97.5570542689341,79.469891130579,68.51020226873538,3.9550205811443386
WH-SO-2,2024-07-10,Southeast,4189,134.74029303220496,98.96365326963291,86.92120021714098,60.46780273147855,3.825198648398893
WH-NO-3,2024-10-11,Northeast,5162,237.2524036805849,85.04273726132314,97.6844281483895,59.74170542619562,1.6069237708734638
WH-SO-1,2023-09-24,Southeast,4097,282.09750575852763,88.72328037825913,90.67427646104545,74.98630398135633,4.263337436286369
WH-MI-3,2023-07-06,Midwest,3846,232.83830238180067,97.23763172369199,94.57166590980941,64.54934182534308,3.0011156176487312
WH-NO-1,2024-06-27,Northeast,6245,182.26270705211067,98.32757856467009,96.96991078686784,78.18181181114502,3.4485905404275505
WH-SO-2,2024-12-11,Southeast,4890,343.91521298186734,84.38344411293778,87.36286063433265,83.22328370407244,4.082496617356627
WH-WE-3,2023-01-19,West,6217,223.22820959926463,98.74874461099031,92.86634374597688,54.36417081034275,4.227020050654831
WH-WE-3,2024-04-22,West,6237,148.10217204413414,95.28020516946717,93.09154743174123,42.8858259772995,3.34414447999026
WH-SO-1,2023-08-18,Southeast,3491,185.58136214055486,97.29367980429424,73.45214427983714,75.4782699430921,2.224543363895453
WH-MI-3,2023-07-23,Midwest,3891,136.1871057948054,92.3836002093878,88.11395887296591,68.25779451541716,1.6698122624066507
WH-NO-4,2024-06-18,Northeast,7632,164.45907456330468,90.77142927487024,89.3167682246948,89.001720714106,3.9690739150424905
WH-NO-4,2024-08-01,Northeast,2879,302.6518189023373,96.86072122963361,92.79741420486447,56.46308066171347,3.032195797988411
WH-NO-3,2024-12-23,Northeast,5904,153.77966767686098,99.16069840294564,86.12141478987328,50.67691233282081,3.0828276863803152
WH-NO-4,2023-05-19,Northeast,5536,146.74135285429412,97.59674658474083,86.73671965313211,67.74158275472199,3.399589941606116
WH-MI-3,2024-08-07,Midwest,3742,198.48973686216374,99.84401648940002,81.11858373466268,68.20080811422328,1.9577372766432313
WH-SO-4,2023-04-27,Southeast,5938,192.6509753953516,98.28942400601869,87.48734948201813,61.39755494295542,2.0013584774319773
WH-SO-3,2023-01-30,Southeast,6221,200.2921091942226,99.95910549563992,91.62632194642214,86.33758622814585,3.767133652330345
WH-WE-2,2023-10-01,West,1554,150.98366556475833,91.89690739187,96.76850903756281,84.6402536824813,1.5204717859987045
WH-WE-5,2023-05-22,West,6992,169.9148298446417,98.55204465740108,81.56929468834082,59.4323708767071,2.559141722272723
WH-SO-3,2024-11-04,Southeast,2544,227.78068154307033,85.699146616031,85.18439218002189,69.21425811210707,3.40070767910602
WH-NO-1,2023-01-03,Northeast,6687,273.5708385360819,97.90017633401295,91.91027870916113,54.92921984916643,1.6871952441125269
WH-MI-2,2024-09-14,Midwest,3233,135.56891791442996,91.44727528500344,92.13259706000379,90.53774556224694,3.615965629827148
WH-NO-2,2024-02-08,Northeast,6348,293.62136733979105,94.78145426984398,91.4240953856297,59.70858786448995,3.2057218890810195
WH-NO-2,2023-04-08,Northeast,8671,252.94970608905808,98.92890129431781,92.79568875557185,74.71139123504014,3.277717147865573
WH-SO-4,2023-11-01,Southeast,1071,160.1714068967079,95.46757697645744,85.49701134022615,52.21298332387531,4.467168964009533
WH-MI-4,2024-03-20,Midwest,6193,315.4637392527136,98.17790652457032,93.84705954102188,33.51454873429511,2.277468915836903
WH-MI-2,2024-07-20,Midwest,5351,193.7005904139967,98.99931514612334,73.68016515039511,74.49826249445891,3.530067695440775
WH-SO-4,2024-04-08,Southeast,4406,195.14865770970326,95.37381480712352,86.53008884363638,68.92689167347822,1.8827763984032257
WH-WE-5,2024-03-27,West,7235,138.29475888605631,94.65587609051262,86.51870488116533,50.39965829006764,3.225969945547415
WH-SO-3,2023-03-07,Southeast,6926,244.03029103428443,97.4435735327727,88.45278474223076,70.12806469202378,2.5544625696742838
WH-WE-1,2024-09-06,West,3017,177.2059362144777,94.30847872545519,89.11250148736517,89.6782473104891,2.567160026693122
WH-MI-1,2024-05-31,Midwest,4834,143.2652246118689,98.84853637330322,94.29976712061283,85.8966518619218,3.509163660584984
WH-MI-1,2023-02-01,Midwest,4053,194.15136093387096,98.5804902338708,95.86245663764298,57.54997475648156,2.9626564740157733
WH-SO-2,2023-06-27,Southeast,2003,184.91787037348777,98.51641655555997,87.13418196909397,53.21678275738875,2.20854866271946
WH-SO-2,2024-02-05,Southeast,4447,184.26963078410193,96.49996067094409,93.89681032122692,60.6774924518517,1.6774887668954488
WH-NO-1,2024-09-27,Northeast,3534,158.00184264361786,94.76249738013588,90.731505667013,58.17745085052396,1.692571376253313
WH-NO-1,2024-07-26,Northeast,3669,256.8401523131231,96.12837776654187,98.51424788506036,76.0525979237563,4.498326330150063
WH-WE-5,2024-11-19,West,3152,142.75281701480301,98.14752096130383,97.0878683343916,62.17215631990969,3.6225224270456886
WH-NO-3,2023-01-06,Northeast,3846,144.87281626671228,97.94449551659952,84.34378254753018,81.78002390796883,4.33394819395843
WH-NO-2,2024-07-18,Northeast,5913,114.68340752138278,94.2992013443388,77.17279299277907,49.6469555388864,2.777197288111096
WH-SO-1,2023-12-12,Southeast,4071,164.68906780912732,99.554555083983,81.17867534568641,72.32559057844679,3.571345602580962
WH-SO-4,2023-05-08,Southeast,5208,255.2229539167347,95.727424939364,91.78825604873398,75.74566674817756,4.331125000488354
WH-WE-1,2024-09-30,West,6053,263.2971051727756,92.88014267679623,90.74255612726336,70.89395807788921,3.163715986510244
WH-SO-4,2023-11-20,Southeast,3758,223.7795203071961,97.15075423646482,80.60106418698605,76.50578689236966,2.29333588087462
WH-NO-1,2024-01-20,Northeast,5037,267.96851048309134,97.88712087604334,82.51907153336589,49.5868883300599,4.354922827601631
WH-SO-5,2023-03-21,Southeast,5437,229.73246227247532,91.06118855099072,91.21711197084979,65.0291424200504,3.2260265329596742
WH-SO-5,2023-06-20,Southeast,6797,292.64846457717385,97.05620500013204,95.08932564654427,74.40039103748022,3.3431989550106307
WH-SO-1,2024-07-30,Southeast,3740,333.3351067052745,98.81806010411843,71.11576749054672,91.83545854843545,2.8544707654400234
WH-NO-1,2023-04-07,Northeast,8046,279.4588192886625,93.39426079158862,94.6997474109107,70.9072367980142,2.0377311989836686
WH-SO-3,2024-11-25,Southeast,3105,164.13085109251034,99.83829212676835,84.06926306537063,54.51637914340834,2.442817878102799
WH-SO-1,2023-06-21,Southeast,3749,222.26333693897664,98.93422181544695,96.03767608014456,61.130407504581086,2.6259557237999407
WH-WE-1,2024-10-01,West,3905,117.88126723021215,99.47763776351499,94.89522530679935,71.39300920908916,4.067898797147361
WH-MI-1,2024-06-13,Midwest,5005,222.94129770779546,98.60204719377847,94.79997790577971,84.79333174563263,2.9652567963881316
WH-MI-2,2024-12-06,Midwest,6769,155.98435457803424,99.14106258965737,90.51260416305234,57.55961227434002,3.4960024966153784
WH-MI-3,2024-10-07,Midwest,2970,162.9215922630905,89.56865742075135,87.73490508179854,68.12908429919246,3.5219998459941877
WH-NO-5,2023-01-27,Northeast,3844,189.16458252862682,98.35115425200013,89.97524122220561,40.63138491000307,2.2723825993087705
WH-WE-5,2023-01-05,West,4111,233.87980176210584,92.07284421630706,96.92925048384981,78.17254211696178,3.9634485813793034
WH-SO-4,2024-01-07,Southeast,6167,275.26673643617175,92.62471623533479,90.26781664763195,57.18347703434588,2.8552055573711113
WH-SO-2,2024-07-22,Southeast,3982,162.03058215202753,90.68143184467033,91.45843094426777,52.73840349628094,4.367557741719286
WH-NO-5,2023-06-23,Northeast,4974,245.99081042944272,98.29320946669702,97.75106399246941,50.64251917381624,3.4791519467595307
WH-WE-4,2023-12-16,West,6053,282.9008254930159,96.63046251021183,84.93290634570879,79.1233730377395,3.7881714512121034
WH-NO-4,2024-02-08,Northeast,2789,213.10440490747214,91.9254988875208,97.9049756577251,72.2622251108741,2.176106582573892
WH-NO-4,2024-09-18,Northeast,4322,137.78447024888996,97.490087716951,67.45138286050285,57.749754626147585,2.3303769295327434
WH-MI-1,2023-02-20,Midwest,3230,52.569389167420724,93.54098538244548,86.07705739510408,93.3592694696223,1.8836917445963208
WH-NO-2,2024-10-28,Northeast,3707,93.9697775021407,99.31237187705322,96.29178990040607,63.777908341050505,3.146557853470173
WH-SO-3,2024-03-09,Southeast,8333,171.84224354285047,86.30690542559982,84.50684499268242,55.156010456071215,2.571892168351721
WH-SO-5,2024-02-21,Southeast,4694,152.65482720922856,97.77675261479722,98.28926818160582,83.63611982121564,3.8098128125891915
WH-NO-1,2023-05-29,Northeast,4719,180.4654338506989,96.01020510933559,85.68741931011968,84.44090250511334,2.2383033024382173
WH-NO-3,2024-02-15,Northeast,1530,232.35542272264897,97.2835263803982,82.79149758560268,73.14218338305729,1.694868832068812
WH-SO-5,2024-06-10,Southeast,4501,136.462461532867,99.120028084566,90.76790267115439,68.23450223452349,1.9742823709718889
WH-NO-1,2023-06-17,Northeast,5275,173.56512001211144,98.2201198725912,98.73844564855429,71.3244689140655,3.2089897877451317
WH-MI-5,2023-10-06,Midwest,2779,264.25271156558813,97.46556202542858,89.38916850788362,75.9792579449664,4.100604673707254
WH-SO-2,2023-01-28,Southeast,6200,195.6886813917867,94.98834166696612,90.96576886314125,54.34031468406664,4.325710170475693
WH-MI-1,2024-11-19,Midwest,2354,173.93739341857508,95.67770840013759,91.42551158739622,47.760580596127035,1.7960484712954474
WH-NO-4,2023-04-16,Northeast,6982,217.79047326542383,99.54179533517282,82.44938600370317,76.95859835765458,3.5821236516523305
WH-SO-2,2023-02-03,Southeast,5387,250.55836990435657,99.99857621330092,93.91380009841936,66.98356127848216,2.3147092650215884
WH-MI-4,2024-05-03,Midwest,3694,222.4912075266364,94.73492462852909,96.32577590110168,40.423038686054205,1.996487216504364
WH-SO-5,2024-10-03,Southeast,4343,177.41591858963656,95.00823878538158,94.733348865536,65.67889138239725,2.526475978512705
WH-NO-5,2024-04-28,Northeast,5800,212.98267029015938,87.78909112487867,86.5402018924631,25.86242165201297,2.4143931249873622
WH-NO-3,2024-06-04,Northeast,7840,216.4956961974045,89.07179133628918,92.08199840672704,63.062575669969014,2.7221963221616186
WH-SO-2,2023-10-02,Southeast,4894,229.9311963930297,86.51942371806022,90.81927315085284,34.503621646582786,3.8623632555310476
WH-NO-2,2024-06-02,Northeast,5028,220.22797315181813,99.08857193019779,90.64861618137627,53.235606171005415,3.844323702931434
WH-SO-2,2023-12-10,Southeast,6695,203.80938334078465,98.93274902989027,96.45344915015082,75.33787765428939,2.8928803296228915
WH-SO-3,2024-07-24,Southeast,4758,121.87961928961938,94.10937336840018,86.25133668212588,57.054678969380035,3.4008608852883846
WH-MI-1,2024-11-21,Midwest,4902,203.79582544265276,94.82158465373443,83.321623249686,79.11655356961388,3.200142875227739
WH-NO-4,2024-07-02,Northeast,3991,178.32064991026854,96.85264168232041,71.94213841379839,64.07831665774893,2.990700943359142
WH-SO-5,2023-06-18,Southeast,3436,143.1621487322377,97.41502503573402,87.7303616379762,72.81684696866122,3.9023971305662726
WH-MI-4,2023-07-03,Midwest,4781,215.2641977613105,90.41090479916977,93.02421665528892,55.403760099378964,1.9052690994772599
WH-SO-1,2024-03-20,Southeast,6498,201.01140554418083,99.31806722513807,79.36115233536403,67.75484728159213,4.09128252529149
WH-WE-5,2024-04-24,West,5690,211.48999224679926,96.34623878867461,84.47032090545987,65.88482920127835,1.998761488347022
WH-SO-4,2023-01-03,Southeast,4455,147.88420784473593,91.96727662840183,98.50807713064678,70.60914468302293,4.314832394619387
WH-SO-3,2023-05-19,Southeast,3591,220.15544549746153,97.60288301568168,67.9920307569632,63.218496637981914,3.2292797044612547
WH-SO-3,2023-11-30,Southeast,5147,177.52110302429895,99.8403644762857,87.85836589504608,79.33675170562418,3.8884514101146594
WH-NO-2,2023-08-31,Northeast,2907,189.20944634711918,97.73448597986798,81.97123267931056,76.46555680007707,1.8551580398460947
WH-SO-3,2023-04-01,Southeast,4717,117.90188347885382,99.719895714868,80.97885307017062,67.37477581309098,2.8607929226690487
WH-SO-2,2024-07-25,Southeast,3718,218.9471006637899,84.97121457348959,94.3131993175383,86.63791610724427,3.6391162405369806
WH-WE-5,2023-04-10,West,5150,232.30944765147444,92.54218062315346,87.69632326315002,83.08573373221027,3.0136870690594337
WH-NO-3,2023-09-19,Northeast,2580,218.84210274888346,99.23794444806131,91.73274806444256,90.14460776366971,2.42568099109375
WH-MI-5,2023-03-12,Midwest,5672,209.18746449747346,98.86565138969004,85.44849584855628,75.78357145222841,3.3283261700001816
WH-WE-3,2024-06-11,West,4260,203.83456231897455,93.31861602921113,95.04506279989431,79.69740132731994,1.8007255955783217
WH-WE-1,2023-07-05,West,7080,208.66985372435616,96.91961410359256,93.39124716316798,70.23147602397668,3.3792790080263604
WH-SO-2,2024-08-16,Southeast,3116,182.34842863847894,92.33629513568302,89.97655078607178,71.06014260647446,3.4687876388424437
WH-SO-5,2024-06-04,Southeast,5314,189.90371947723986,93.4402624332019,85.53142792718698,76.78075068760272,4.480484892997948
WH-SO-5,2024-03-12,Southeast,6291,157.55672512904195,97.82617558054649,88.83100364751529,63.70780831819782,2.8173337535392973
WH-NO-5,2024-12-19,Northeast,3905,279.24500299033417,94.37069024401335,82.26751799579968,72.81114314008975,2.6241662249033273
WH-SO-5,2023-10-26,Southeast,3782,140.34526643642334,97.06948244719898,94.02524088540628,67.4004666030961,2.9766346705783646
WH-MI-5,2023-06-17,Midwest,4134,206.5306751304175,85.19675557516445,86.45831213644405,61.75682525899009,3.8617928402672197
WH-SO-1,2024-04-30,Southeast,9999,160.02386820443226,90.45346185909128,71.0717487413983,90.70575683473852,3.0148492121724333
WH-WE-3,2024-06-14,West,3342,272.90254023103694,99.56096466109176,88.33757474453088,19.023472804370883,2.416060121262936
WH-NO-3,2024-12-17,Northeast,1936,291.06142906436713,98.56455837345442,73.11247983261073,66.00895270097531,2.6081923389916137
WH-NO-2,2023-03-17,Northeast,7837,253.78011101363836,88.86941441502586,69.26151366463571,79.63587846816122,2.659203208297048
WH-MI-5,2024-08-04,Midwest,3772,227.25663782287748,98.33090823267663,92.49084890913869,60.10273593556074,2.2128799832670847
WH-NO-2,2023-01-05,Northeast,3370,178.55288216967085,87.13605884138723,95.12546781511779,63.83089710230385,4.01787288482012
WH-SO-3,2024-01-14,Southeast,4635,168.94723571027848,96.79837357756278,84.15773846742111,54.44232621760254,2.1937092473643225
WH-NO-3,2024-05-09,Northeast,9421,194.64139904076083,99.83303990549636,81.30275224123595,39.25821731536295,2.2257692794739308
WH-NO-4,2023-04-29,Northeast,3595,200.8698066841329,99.60765568328405,94.77370690516587,71.33418526956635,3.7118508755054695
WH-SO-5,2024-02-05,Southeast,5287,111.8933092892426,97.24440130076115,80.42828555107295,45.64960192429558,3.4742990089082073
WH-WE-1,2023-03-27,West,8796,115.0847399918719,86.41308684819298,84.33597348132494,90.43143649363884,1.6972054654321709
WH-SO-1,2024-04-26,Southeast,8242,190.589548805498,90.3847657333598,93.97545305252099,52.75678099177553,1.5099332533768324
WH-SO-4,2023-07-11,Southeast,3013,166.72908060926153,96.21577481968745,77.37334510059843,95.11491659465501,4.0747748790101275
WH-MI-4,2023-08-28,Midwest,3499,153.90619172462476,97.90174267300833,89.92301226468149,70.29735104074537,2.4886330402746792
WH-WE-2,2024-09-18,West,3779,223.6901925346028,88.8148369404616,85.46986732514522,55.52687568160128,2.0061954876322177
WH-WE-4,2024-11-23,West,2621,176.9609539662626,90.51475910764107,98.71965850998026,51.96536363112754,3.7896536869116435
WH-SO-3,2024-01-12,Southeast,5079,212.0297924382384,98.56107650840775,98.24913099263688,65.11192819466073,1.8828228236849882
WH-SO-4,2024-11-28,Southeast,4022,89.10381692751159,98.88620914237963,98.14393060500211,81.18100506252529,1.5094015512113028
WH-MI-3,2024-02-15,Midwest,5940,115.81937217678663,99.97861678972478,91.59124868638033,80.09477044251491,3.302897993791708
WH-SO-1,2024-01-29,Southeast,5680,247.76834040279945,94.58799991524282,95.57823082775597,67.3610179787583,2.919965642785523
WH-MI-3,2024-09-04,Midwest,4459,200.67239184856228,90.68359988554772,84.18658556341107,75.25929450694395,4.096086094394115
WH-NO-1,2023-11-26,Northeast,5228,277.81133493403877,96.23422603091161,84.99736683697579,60.048417734799365,3.262832401889041
WH-MI-3,2023-02-20,Midwest,3437,119.49859660612296,94.00010834083996,85.37148498907075,76.19312611357752,3.976134433739209
WH-NO-5,2024-04-19,Northeast,1573,202.61039339465538,98.30581061866313,86.43732916254653,72.67098361091946,2.8237821332139244
WH-MI-5,2023-06-19,Midwest,3425,157.30698730548852,98.40869157451975,87.41856855588952,42.75211787453461,4.4136647286319
WH-SO-5,2024-08-04,Southeast,3628,263.2637882414201,99.05314425604,95.3149706729731,50.13310423020136,3.9670463649601464
WH-MI-3,2023-11-02,Midwest,5183,274.44861564283684,91.69867008228401,94.9381965973758,81.06690948342808,1.931694442258264
WH-MI-4,2024-08-27,Midwest,3216,199.4706439013536,97.467662835597,92.96947892247806,64.15968438959777,2.157698162972644
WH-SO-3,2024-06-17,Southeast,6070,134.0129443018768,99.53621802656754,87.9774706359059,65.9167621934688,3.816711071894279
WH-WE-4,2024-03-31,West,8697,224.2809317968551,96.583031217028,78.59705070768152,55.16722734795613,3.4513323707801082
WH-SO-2,2023-05-29,Southeast,5157,260.6915243214471,94.44995735885018,92.2345445929083,80.69239436473471,3.1823909112821656
WH-SO-2,2024-11-16,Southeast,4102,231.30562400558955,98.29957743794321,86.28994354469621,56.72363964213736,2.3305220313112636
WH-MI-4,2024-08-22,Midwest,3139,218.1684828023155,88.41436917590157,92.08339176134366,59.83551127430662,3.0725046894846857
WH-NO-5,2023-03-07,Northeast,5367,212.0206505058535,95.84611133229602,70.5172147366685,72.42921425013061,3.4298510958364137
WH-SO-2,2023-05-14,Southeast,3319,190.1347390428827,98.0254472864568,92.9605155474271,92.51435652773652,3.521772583943222
WH-NO-4,2024-11-13,Northeast,2593,195.2665401986925,89.74796849557637,75.01135934712325,72.48295194029404,2.114622656530024
WH-SO-1,2023-08-24,Southeast,3399,129.41717846731902,93.58722221726511,84.55707455553491,71.24004140573216,3.626682750930743
WH-NO-2,2024-12-02,Northeast,5890,201.22775025308982,96.36060874709838,96.7367857764571,47.63123376985624,1.6537227574796678
WH-NO-5,2023-11-26,Northeast,4052,107.6172841506437,98.96199728561773,94.86431578038179,95.67325169653228,2.1019647396110717
WH-MI-1,2024-05-15,Midwest,5542,204.62879528664158,98.65027885195076,90.21970967247661,55.02986877778034,1.661591647197766
WH-NO-3,2023-02-21,Northeast,4951,111.75056119925367,96.10534993245288,80.85835097380671,65.84742078265263,2.4651800774567936
WH-SO-1,2024-11-07,Southeast,3774,244.19833649888287,81.06093563600012,97.01402533921944,68.29022614479459,3.4617809103452366
WH-SO-1,2023-08-17,Southeast,4671,210.7837103752906,96.28834046234306,81.85859706601397,89.00092933213844,3.7304742648420013
WH-NO-5,2023-02-04,Northeast,7437,173.3549926208068,99.40455328888588,94.68097834668046,29.180313602729075,3.606931174496667
WH-NO-3,2023-03-11,Northeast,4438,249.58165063872636,99.0773016188107,79.53021040888889,30.641616900286966,3.6407303057247735
WH-WE-4,2024-06-07,West,8529,198.17762425068852,99.27010485740624,92.01105094187264,68.30275221019453,2.4403147492795036
WH-SO-4,2024-01-25,Southeast,3779,271.3021381060958,99.21651245224935,79.89610688765544,86.11493764571438,2.7374426219189667
WH-NO-3,2023-02-02,Northeast,6120,175.12586829274383,99.94172136197561,95.0455169701269,39.16406912011867,2.6432849396900053
WH-NO-5,2024-11-09,Northeast,3832,191.78305391291667,96.1509665960961,89.20477576820502,75.49560564815707,3.823125283642425
WH-NO-2,2024-12-26,Northeast,6653,185.16763277818094,98.00251031698835,92.41888218740094,85.43230205541825,3.291721990591049
WH-SO-1,2024-12-07,Southeast,5268,219.19257021663714,99.90041518817479,95.46301913644452,64.05564433396606,4.294413964836277
WH-NO-3,2024-12-06,Northeast,4224,236.11380300412068,98.32456701159904,96.81126092560537,62.68014351902386,2.680086539754942
WH-MI-5,2023-12-05,Midwest,5236,219.81352317339565,99.53858189155085,94.82540708550599,37.76678781331108,1.9299764997441349
WH-SO-4,2024-10-07,Southeast,3969,177.43598156934814,87.8423344148926,82.2243608225418,57.31437090517025,1.8283819436009112
WH-NO-4,2024-11-10,Northeast,5801,276.22884703740675,99.78146118583139,85.48081359110077,83.18155313218608,3.1522686344234447
WH-MI-4,2024-03-29,Midwest,6591,152.42379005508838,99.9851779761481,83.9362109401592,58.2557989965271,3.5152116998180944
WH-NO-2,2023-02-12,Northeast,6949,236.42514475823836,97.31190359385894,90.0723474215632,69.03765042459489,4.139576332532445
WH-NO-2,2023-09-25,Northeast,2897,164.32942994598272,96.92341219746855,81.22806762240037,71.1081144865458,4.493292549605291
WH-NO-5,2023-02-06,Northeast,4269,129.05421621038343,92.49583905904414,89.60677141680307,42.681315230150155,3.558961990303714
WH-WE-3,2023-06-27,West,4241,179.2988241305945,99.23587388689508,90.68609263263929,55.71034664862473,3.396352057914534
WH-NO-5,2023-12-23,Northeast,3261,190.89709749141366,98.06361231584543,86.10966120883155,58.13293121275991,4.289413640655886
WH-NO-2,2023-06-09,Northeast,10619,269.7897256995785,90.4140375743221,88.99636045652122,87.23038949503552,2.2574909475165974
WH-NO-4,2023-01-01,Northeast,2956,228.50457580624035,92.12233761078595,84.96942443408989,70.22831475805489,3.0727702510967174
WH-NO-2,2024-03-22,Northeast,3782,185.4912803912988,97.63276153352427,96.6306602613902,38.11566018669182,4.416917356555719
WH-SO-4,2024-04-30,Southeast,4660,186.52593540176943,93.36970013158388,90.49101755464541,64.34569530172888,3.062074762313559
WH-MI-4,2023-10-08,Midwest,2310,179.85919471040788,94.69185923711224,93.14686086566593,74.35575469819914,3.2541683822450755
WH-NO-5,2023-05-24,Northeast,9398,182.30946614838598,97.6992945546453,96.02852743844905,34.75649371125992,3.4500403803233506
WH-SO-3,2024-05-26,Southeast,1146,222.27606282132194,95.87896375940971,93.06216487340232,52.175272558951335,3.1970170972617513
WH-SO-5,2024-11-29,Southeast,4309,172.29270128129383,94.31568268896126,97.83544856300756,78.29082066580425,1.7634603134552962
WH-WE-4,2024-05-24,West,9200,121.72874260885872,98.42521690019815,92.71828856916913,63.75386149944903,1.920366518641939
WH-MI-3,2024-04-09,Midwest,5224,288.57358555914624,93.86637486831557,84.27685851395943,69.58610391071515,4.014481461183523
WH-MI-4,2024-08-07,Midwest,5054,198.2382684256987,96.46266445106514,93.45938974772412,81.6772257051959,3.175780023640537
WH-NO-3,2024-01-09,Northeast,2930,187.2036932285555,96.72085685126694,94.87784363854958,62.197420280190286,3.6764678937738275
WH-NO-4,2024-02-19,Northeast,8563,191.6479292611246,96.98917443950167,94.2918512590848,52.5529080484628,1.6538554543363477
WH-NO-5,2024-05-27,Northeast,4840,306.6052475511812,97.08977801170397,91.77208920492038,66.53659599624811,1.9748569678871855
WH-SO-1,2023-04-05,Southeast,7605,169.8890040398252,99.46756701637598,87.43743005523453,70.66615719129595,1.8877395718377006
WH-NO-5,2024-05-10,Northeast,4124,247.55681423873602,81.8897544803316,77.36373844875169,56.733281604893634,3.941664082462284
WH-MI-1,2023-03-27,Midwest,5964,181.77774937782516,95.6405501580683,89.17426374630026,37.23355775895577,2.7891779161553485
WH-MI-1,2023-05-15,Midwest,6503,198.4872694177575,99.7980952117624,98.87829664964116,65.31422389542345,2.6059337890159577
WH-NO-1,2023-12-07,Northeast,2528,152.66183770854758,98.70772803265336,88.31720101730527,70.94165434579511,2.800148144133001
WH-NO-1,2024-04-07,Northeast,2630,195.8434127274515,98.39401625066611,82.17740098581321,75.05706094532039,4.154054392258453
WH-NO-5,2023-02-16,Northeast,8250,75.70803468010563,95.08919306388074,86.00703752044427,61.60605219917969,3.4670184136337796
WH-SO-3,2023-04-03,Southeast,10918,245.41479897893302,97.77625595723443,89.64459977069421,52.35362024068453,3.5608931612616885
WH-WE-5,2023-12-08,West,4806,197.28773851113647,86.13885904358703,87.28759100932166,59.51540703748252,3.4808850521155525
WH-NO-4,2023-09-08,Northeast,3150,147.7877317972244,90.27016269928026,85.69869185481743,50.182172093955,3.319608916743832
WH-WE-5,2024-02-01,West,5445,203.719548403922,95.90586261364194,95.87848654286407,78.50631758329878,3.9938844100611326
WH-MI-3,2024-07-06,Midwest,5361,84.70774442815102,99.62603247257924,86.7124298288711,82.74650971528446,3.5274889245042087
WH-SO-2,2024-04-12,Southeast,6103,260.4041162867329,98.14198023831317,85.59792551989156,74.8424981129748,3.5964234928564767
WH-SO-5,2023-02-17,Southeast,6802,146.37518412035425,98.26580252707129,77.11756073957334,44.187417274231194,1.9580575161626794
WH-NO-2,2024-06-21,Northeast,8542,274.10677944075206,91.47667463346882,92.4862189456125,66.67784775859404,4.349823991581014
WH-SO-3,2023-05-26,Southeast,5284,275.1662055448388,99.62437268118526,94.67542000971294,51.76409784880034,3.494035659248608
WH-WE-3,2023-10-07,West,3234,206.21681355091673,91.41662403991698,85.27155127164609,87.21167655903167,3.33554278396832
WH-NO-5,2024-11-11,Northeast,3469,247.16763623912206,95.34669443896686,93.9490795214645,74.86562965506386,4.416278219493669
WH-MI-1,2024-05-17,Midwest,4077,195.0818578167811,98.29808540146583,89.59810443795234,80.7233531238838,2.623957383290054
WH-MI-5,2023-12-28,Midwest,4608,102.43114898253525,87.46655832669018,96.2895114369242,87.14767257963693,1.7563291825611804
WH-NO-5,2024-07-17,Northeast,4736,245.1067937744119,96.9106552069869,90.73762719833721,71.40234722797103,3.1916236088229617
WH-NO-4,2024-05-16,Northeast,3027,276.43992333032827,98.11951480378113,92.41212326004253,65.05017585016702,3.001044707417642
WH-SO-2,2023-04-13,Southeast,7103,203.34437503705414,99.89289353939498,91.73921252724523,63.25767695073824,4.301909613745375
WH-MI-3,2024-10-16,Midwest,4405,182.59699714803483,97.71820702821017,98.31599881452902,78.748105881772,2.702993600631544
WH-MI-5,2023-12-22,Midwest,7429,181.05193138627953,91.8962829169667,54.993871575271605,91.35237347819644,3.8506591160680292
WH-NO-4,2024-10-06,Northeast,1733,173.6797504430938,99.03912247814878,91.14825877960462,93.59144066384576,2.5722795407085153
WH-WE-5,2023-06-22,West,4999,208.03489493953816,89.0952981740013,87.39223516013249,70.90638739638328,4.35610069904348
WH-SO-3,2024-06-26,Southeast,5082,121.63501702688481,98.28229904686569,79.83575519874526,68.15094422534551,4.268758626802866
WH-SO-1,2023-10-15,Southeast,3424,130.7341835319913,96.3496099017102,79.47762823283551,87.76342879721078,4.076107709061935
WH-MI-3,2024-04-26,Midwest,6460,253.57155461067123,94.58024457061809,94.13841194778159,80.02820898327158,2.1954955081778444
WH-SO-3,2023-06-09,Southeast,6845,212.66532741332801,97.50744623295752,94.8252324070272,88.74055258047721,1.5563561649638822
WH-NO-5,2024-07-17,Northeast,3564,176.8750600091824,89.17055314150952,86.33155765509622,86.86094064442464,3.951368650039294
WH-MI-5,2024-08-11,Midwest,3841,171.58478149524655,96.85243041118267,97.16134980221905,41.80519276419905,1.7632860954998595
WH-NO-3,2023-03-01,Northeast,7115,199.22217188146703,99.10945883373545,58.19946553924233,49.50040983822289,3.804289629545983
WH-NO-4,2023-11-04,Northeast,3140,167.9221646341848,87.73119629202006,78.59757228831684,86.93417744650606,2.245989594511568
WH-NO-5,2024-02-24,Northeast,996,258.0463887696386,95.921313147763,91.461825871461,30.57270772411319,2.20991992753675
WH-WE-5,2024-07-01,West,3598,227.0343732292178,95.41393200262343,83.15849069137839,70.3143440113674,1.9721542010337676
WH-SO-4,2023-03-30,Southeast,7856,271.56078621760344,96.55853400500712,74.78951742762844,81.51263913173257,4.110707294722325
WH-NO-4,2024-08-19,Northeast,2887,256.4401059561724,90.90904328178576,90.31625443844072,78.21386137065952,4.425529798718767
WH-WE-3,2023-03-21,West,6570,242.58728712902607,99.97042398235342,91.69983110675594,85.75231132414625,2.1984074687673028
WH-NO-5,2024-03-07,Northeast,3590,124.94345813827798,94.49520445414117,89.94047968455857,88.0825370572975,1.9316682674152172
WH-WE-4,2023-08-15,West,3832,179.48533891761943,99.78707824896212,95.50375833390422,72.21421789140021,2.242079390343118
WH-NO-5,2024-12-05,Northeast,4977,162.72010617487473,86.71654537754569,85.26042993939986,54.77584312248176,3.5351028340000035
WH-SO-3,2023-08-14,Southeast,3631,157.65443117281913,96.65770558248154,85.32788040500142,77.09614022342024,2.5582382068342926
WH-WE-2,2024-03-31,West,6085,256.70839652094355,98.60473086603947,96.69551268327366,67.0830639799927,3.909867296948007
WH-NO-1,2024-06-30,Northeast,4991,247.71322888222485,98.13744713446731,85.16268403233286,35.76240266776526,2.3117816720788094
WH-NO-5,2023-12-30,Northeast,3573,259.6928880254441,98.18153653673266,94.07258061865109,47.982933656804974,4.480529807012232
WH-NO-3,2023-04-04,Northeast,3716,201.82940108490348,91.06051408636998,94.96630432347176,63.5458269602309,3.9125339475003966
WH-SO-2,2024-05-17,Southeast,3558,258.9880625421549,98.65761952931274,91.45423859620682,48.687012907173056,3.1232827551772346
WH-MI-2,2024-06-27,Midwest,2808,160.83164728281196,92.10634733079081,92.8886607986534,66.16178308030143,3.8464747999805424
WH-SO-3,2024-07-13,Southeast,4542,202.89757796570413,95.20789862432311,94.70952465618578,49.31712604382945,2.6587121148969484
WH-NO-3,2024-02-11,Northeast,7263,237.71530840804877,89.54020124341162,87.98130380929148,78.64845033962669,1.529923978830972
WH-MI-1,2024-08-26,Midwest,4236,148.12643800028195,93.40241689377908,91.42498895849766,70.18878194958828,2.288801461465871
WH-MI-2,2024-02-23,Midwest,3639,69.27192568587606,99.27960253764213,97.42167597337111,69.64549788266079,2.043417406317302
WH-NO-4,2023-07-29,Northeast,4527,261.96489175221143,95.10805199294659,97.46095890912517,62.471525000835996,4.149585070843013
WH-SO-5,2024-12-27,Southeast,5100,144.89643019634536,87.0218480532796,81.16054371880657,72.62197906690866,3.702145613449699
WH-NO-5,2024-03-18,Northeast,5289,211.92262862580435,96.30283053797538,95.54041484998342,43.832683449591855,2.587914005192076
WH-NO-3,2023-02-20,Northeast,8064,290.13104462574574,96.87400509840768,99.15153302907036,81.97508829043622,3.2544444520399027
WH-WE-5,2024-01-31,West,8094,147.16405117278697,96.63444780961953,96.47597807011232,79.77212212619132,2.3685428993737525
WH-SO-1,2023-09-20,Southeast,4483,96.6888932829067,99.35773898793971,98.87599460727975,77.12536309670098,3.7587773764303156
WH-NO-3,2023-03-01,Northeast,3947,146.80478955016704,99.86421852206445,83.08472675478043,61.29677113855245,2.8714988504914523
WH-NO-4,2024-11-15,Northeast,2635,192.40170153232955,99.31728271022075,88.49113077422098,73.12995820511671,1.5542465571855426
WH-WE-4,2024-12-05,West,4124,196.84773556053642,89.0962456956387,78.1750159987099,55.65587481972294,3.3231957388259357
WH-SO-4,2023-03-07,Southeast,9305,282.3984034372568,99.41694130064181,90.67733011751008,80.95393389968626,2.258508240905448
WH-NO-3,2024-09-02,Northeast,2727,88.02734529596599,95.61781587228175,84.66205888756055,60.54649238827974,2.800294592045886
WH-NO-2,2023-08-08,Northeast,3139,282.74803339617,98.72795965385684,98.22243675469734,71.89177916914619,3.8093886793520246
WH-NO-2,2024-11-10,Northeast,2845,151.83039676111895,94.1158671859073,95.98022032991234,65.62905026302167,2.0426024974066808
WH-MI-3,2024-12-20,Midwest,5651,186.1904649945343,94.46515152052395,91.2841112136572,63.56904078710696,2.51515869713224
WH-SO-4,2024-08-25,Southeast,2580,335.0841025426115,98.07549021894897,97.06243901480521,67.97075181290845,3.1688269604984525
WH-SO-4,2023-02-08,Southeast,5131,293.70221003186384,87.36460642532225,77.08796819042772,62.47768827139356,2.2598350010045767
WH-SO-1,2023-01-17,Southeast,7442,232.6525267306559,97.17102363801607,83.44662201685259,67.30201886108146,1.516636210772881
WH-NO-5,2023-03-26,Northeast,6692,281.32496552240235,98.87351221083435,88.5204580585411,33.21883570279018,3.317050885982093
WH-MI-4,2024-10-11,Midwest,5009,225.92177716975067,99.46848322464174,87.48016639716295,70.85119560531139,2.161507067633155
WH-WE-1,2024-03-21,West,8119,264.21856781777547,99.62598512795678,86.84861246271622,83.61506821343416,2.368132715368217
WH-WE-2,2023-04-10,West,5268,268.52898135069654,94.7036879564004,73.08599787671899,88.34112128265441,3.934873610329678
WH-NO-2,2024-07-25,Northeast,3082,238.2602037358846,87.36993054215418,95.93873138947163,70.26481718019097,3.3681463931716022
WH-WE-1,2024-04-15,West,9128,210.14423733485788,99.65158120567718,82.62665391379963,73.87311677677448,3.787095668827084
WH-NO-2,2023-03-27,Northeast,8320,188.91897844982523,97.58124114259817,87.61268908147132,57.28953417227658,2.806093081441699
WH-MI-1,2023-10-06,Midwest,995,245.02046108542754,81.85208732495494,70.70124155813306,87.56115696972714,1.7299671025082408
WH-MI-2,2024-01-07,Midwest,8488,134.3239485961425,92.19386978400475,83.76796631760058,81.83478833154835,2.8376352731715966
WH-SO-5,2023-03-31,Southeast,6086,216.44222279373437,99.09950505118194,79.26687010352252,49.595896035858075,2.8636580726916563
WH-SO-1,2023-11-08,Southeast,5564,185.31486385387993,99.10551257203872,84.79369938290682,79.64160724034181,3.657605826277651
WH-NO-4,2024-08-29,Northeast,4272,200.32316285067037,97.9327240357218,99.88732681206152,78.36749698746632,2.9917596605984436
WH-SO-2,2023-01-27,Southeast,6695,232.18696635910547,97.42360380158324,87.37765325539799,71.03367469592516,3.7886378189635006
WH-WE-5,2023-12-09,West,5839,157.12827215294087,96.36568765203982,90.62141786439128,70.2159154169885,1.7339474518425815
WH-MI-1,2023-02-11,Midwest,5973,221.24773743243765,99.70062101439788,64.75161844778732,64.88569185784006,1.8797613370166704
WH-SO-4,2024-08-10,Southeast,3813,266.5851849998553,97.42074130756431,77.96619430996408,65.95690420366596,1.6131749486904936
WH-SO-4,2024-02-03,Southeast,6985,202.14530803680873,96.91776264257098,97.2788445034108,90.82213412733068,3.177671506460608
WH-NO-4,2024-04-22,Northeast,6537,197.48644859026402,99.9901061173024,91.76544486893202,31.081913356884005,2.4196632836797263
WH-NO-2,2023-07-31,Northeast,4761,362.0904711493395,94.3752894531752,91.97878383395035,70.75354125493013,2.9229187932474754
WH-NO-5,2024-05-07,Northeast,10124,239.10551760873344,97.06120053092121,93.64809161534784,61.38223116865357,3.6804953100713433
WH-NO-4,2023-09-07,Northeast,5122,248.77424742580513,98.79680329408451,83.32219653918213,77.31484856819874,2.1028950583468005
WH-MI-3,2024-10-11,Midwest,2822,199.41788738147926,96.69252990655647,90.65224155545762,57.69789508549735,3.6206916938444684
WH-MI-2,2023-02-11,Midwest,10042,282.1198975675459,96.64932642914755,89.92124674677522,66.17645922022562,2.044801089923605
WH-SO-1,2024-12-25,Southeast,3921,177.566025065975,90.70745226125919,92.74810061728225,77.25365630524729,3.7565844238816517
WH-NO-1,2023-06-11,Northeast,6051,278.2790085864799,96.44472208717124,99.00264204326994,82.70808271048142,2.0842798323247127
WH-WE-3,2024-06-20,West,6569,229.3352135272308,94.8779293754573,86.19718506244122,62.619692440815534,2.3714722790104465
WH-MI-1,2024-09-21,Midwest,4842,193.24920798812133,90.55335074069494,84.38532187286299,57.01473348752833,3.992565570644146
WH-NO-1,2023-07-15,Northeast,6113,222.50196288254614,98.35866580008047,93.4738891909552,87.4413946568326,3.8102399458025826
WH-SO-2,2024-01-07,Southeast,6331,171.36472872189327,96.5899460934921,92.34869974790121,41.87711753250958,2.751673296608007
WH-WE-1,2023-10-12,West,3638,217.68743628487954,94.08683369674982,92.11248390807472,50.19412924401265,3.1935940073375138
WH-MI-3,2024-09-21,Midwest,3638,240.83687081272473,96.88055243564023,75.6363042149867,75.58456232655143,4.422516527052943
WH-NO-2,2023-02-25,Northeast,3675,105.6273968289026,98.67732815687366,81.42706988019769,56.46895928734865,4.387087214203573
WH-NO-2,2024-06-18,Northeast,5445,195.12175763634522,92.32480497209747,92.5673416554147,45.93088192007264,3.112974918910231
WH-WE-4,2024-10-29,West,3904,281.2012333029214,99.21582579927924,86.64797001797814,72.63363879128316,2.000486368756948
WH-NO-4,2024-05-02,Northeast,8976,192.0356500911984,89.80365948948881,97.34470814054575,48.900599292865216,2.530843666433376
WH-SO-5,2024-02-24,Southeast,8197,196.13896743029755,95.92937590008363,88.11973063252697,35.64565361431501,1.6104374373636856
WH-SO-4,2023-01-07,Southeast,4260,80.89915041977773,99.7556496783319,86.99961161081808,55.055893654355415,2.891665041013599
WH-MI-4,2023-03-13,Midwest,7461,144.16395284134128,98.72514861397714,80.2878107286712,65.86767475217997,1.817623549147397
WH-SO-1,2024-10-25,Southeast,5074,232.73587367891355,97.09030855263066,58.57049973142537,63.470330121513086,1.874872425492395
WH-MI-1,2023-12-29,Midwest,5180,225.04795202935478,94.0752962502344,84.88374699249552,74.87839859839151,1.8157287170075211
WH-SO-5,2023-06-11,Southeast,5555,153.7315145455343,99.238023008555,94.79296235086852,84.68846500874058,2.427215852808682
WH-SO-4,2023-07-17,Southeast,5480,221.08338194095865,99.03224294042118,82.87280389021169,84.22634995145154,3.121027072212321
WH-NO-4,2024-12-28,Northeast,3178,210.1365975586884,86.22562941023371,92.0741217464306,89.84382695672592,2.3154543766427036
WH-NO-2,2024-07-20,Northeast,6139,268.48748340420207,92.30651279841665,83.258941420728,26.012933299829104,3.7561456379708473
WH-MI-5,2024-09-25,Midwest,2239,170.2307210477921,98.52716248663374,95.7500863511635,69.08609791411216,2.4235098648785645
WH-SO-1,2024-12-19,Southeast,3884,175.00581484551068,96.47922058066942,88.35469269395045,91.67993635222558,2.686510370931649
WH-SO-4,2023-09-14,Southeast,2456,282.85335966365926,94.25028786270452,78.73750971802139,52.12520428627943,4.245176929709464
WH-SO-1,2024-02-17,Southeast,8886,222.06067610736437,96.19944018053627,90.66775134604289,65.69881053697128,3.8303004257940807
WH-WE-3,2024-09-10,West,3951,167.29923155314515,95.40714236201624,94.27899999325777,82.94893255868764,3.748012072275485
WH-SO-2,2024-11-27,Southeast,5092,208.04333771511776,98.2850822390141,78.78775293274579,66.76071728099109,2.6854795979732846
WH-NO-3,2023-10-17,Northeast,2665,174.05505581436063,97.1791589218982,85.80037404230883,55.09554585528702,3.4753861199096816
WH-NO-1,2023-12-06,Northeast,5858,122.11000400872508,97.7087906340989,97.25183573810472,58.24610723317256,3.7538267555764464
WH-WE-5,2024-08-06,West,4804,196.45977462192621,98.20411852649133,93.269974305727,82.11815553618426,1.8035343663258714
WH-SO-3,2024-11-21,Southeast,2734,274.74288487439276,96.9272123042198,97.90409229863639,65.19013114670764,3.3324397108625994
WH-NO-1,2023-08-03,Northeast,2365,214.0394183306564,99.49591399333201,96.19852269184483,41.38998918304051,1.7357891060927957
WH-SO-1,2023-05-05,Southeast,5612,236.53927407177872,82.85516834163506,83.55852951807614,82.89917989025686,2.4007643712878224
WH-SO-3,2024-07-19,Southeast,4132,221.62349229211392,99.6228904320806,74.27842720077894,61.23920046011408,1.89100830728339
WH-SO-2,2024-05-21,Southeast,5017,166.63113192761296,94.77653552208075,88.76285910003384,62.69042749775182,1.5472750747563038
WH-MI-3,2023-01-11,Midwest,5564,184.35846290316633,98.91401164174773,96.92710134847003,55.36970985634964,4.376317125394591
WH-MI-1,2024-08-08,Midwest,5687,183.27291893858032,97.47590273327434,90.61523194795313,74.43026748424671,3.433429901797716
WH-SO-4,2024-06-12,Southeast,5914,127.07662059637458,98.07087004159159,95.05171902375963,68.95147178586608,3.4929942685016875
WH-SO-1,2024-05-17,Southeast,3748,163.26888134600802,95.11082000793985,86.40786409339432,87.6673444829724,4.4865912946950335
WH-SO-1,2024-04-22,Southeast,3888,99.62738291782942,98.2797309533031,74.92274760233553,44.25923809084931,4.1675027548070105
WH-NO-4,2023-03-18,Northeast,8875,235.19075336253934,97.74406504109756,74.53415386388039,90.64547521878973,4.221768624710363
WH-WE-4,2023-02-17,West,5899,243.92841291040781,95.93794415813717,95.29385633671724,48.975045138258125,1.6306610150711724
WH-SO-4,2024-08-04,Southeast,5719,235.51657147074195,93.68398622761987,81.8112859720381,85.42650936920572,1.7901837348324436
WH-MI-2,2024-09-22,Midwest,3339,175.33567212038272,94.42401377718245,73.78317346184849,75.74024242829218,1.7908324732043392
WH-MI-2,2023-07-09,Midwest,5595,173.3133691264252,92.0605904882096,94.90771195197964,48.94141584755525,2.531770132275039
WH-NO-5,2023-06-23,Northeast,5734,285.4308843025634,99.66112287074034,81.35176395198266,60.527218707349626,3.2916892787261567
WH-NO-4,2023-08-20,Northeast,2888,168.79873552875003,96.69075215924389,84.24550692100077,47.79440654087529,1.9780993029966831
WH-WE-5,2024-07-29,West,3300,262.9066820985439,98.43347849137439,91.20014842647993,54.27775800288496,3.1317857183791493
WH-SO-1,2023-09-17,Southeast,3906,148.34456104415082,86.35131326529094,82.08343189690471,60.207624577749876,3.543012651497638
WH-SO-3,2023-03-10,Southeast,4529,277.3884373371967,98.08424566891944,95.26261552108623,58.087582393140515,1.9398498655416727
WH-MI-2,2023-04-05,Midwest,6498,180.9342519624051,97.67189643037021,73.76578853708334,72.7381719055264,3.232313141353662
WH-NO-4,2024-05-12,Northeast,3302,166.57966019318957,95.31112678601286,94.0226254968511,76.5190344374677,3.149441685061138
WH-WE-4,2024-12-03,West,724,154.66646077075896,90.25809888926662,98.58790790348483,75.61982721443611,2.59713027734318
WH-WE-3,2023-06-02,West,4065,229.5760546194582,96.11737977808006,89.3611208565395,71.56662923193157,2.726109694676263
WH-NO-3,2023-01-23,Northeast,5229,227.9065741046759,99.02046729998372,82.7729742503373,51.97934670333857,2.5645974552293036
WH-SO-4,2024-01-07,Southeast,4418,296.6027941132572,97.07737891652235,96.79321388562815,64.87418901443908,4.249432842358605
WH-SO-3,2023-04-06,Southeast,8488,283.7217006214464,93.01657212152892,69.0399073074808,84.46354269405198,2.3336212186172762
WH-NO-5,2024-06-03,Northeast,4778,202.13953400935634,97.0651809063867,78.56601195449231,50.73980391015922,2.3882586962270556
WH-NO-4,2024-05-19,Northeast,5844,206.77822063389186,98.50941574789776,71.71217523055137,50.02563237904939,3.102533874548398
WH-SO-4,2024-10-26,Southeast,2541,190.90114316171105,98.64516411337866,98.81804532431744,87.29146603528824,3.314988056077376
WH-SO-4,2024-02-08,Southeast,7063,101.59059094248674,95.56290000345582,85.24490488213988,67.42003667537469,3.015559015668333
WH-SO-5,2023-06-10,Southeast,6249,188.76682357545752,99.40902122249912,68.3167315803142,80.47178926010015,2.765875911977645
WH-NO-4,2024-07-01,Northeast,6720,315.1997086150826,99.60939577921842,94.90318597825299,70.06588679459287,3.4757203105089647
WH-SO-2,2024-03-17,Southeast,8424,191.27013374239957,93.67166844700921,81.8311025878294,57.269827523977554,3.285715562399115
WH-NO-5,2024-11-19,Northeast,2900,169.8338564008268,99.58090034084299,79.2713192839971,52.32634256922436,1.8134647724814381
WH-NO-1,2024-01-01,Northeast,7567,146.3680776301096,98.39059390143348,93.53782603247981,87.69564058403448,2.279982260338506
WH-MI-4,2023-05-06,Midwest,7432,155.1035849924477,97.05807083649661,95.01633268944937,66.56829739125212,4.1220434108971835
WH-SO-4,2023-07-21,Southeast,5575,201.00149801588682,97.48305218547648,80.74938985012878,70.50770000800607,3.8026348382524526
WH-NO-3,2024-02-01,Northeast,7136,194.6057701851854,94.97574739800248,92.59284734728749,34.8447904653517,3.2056371268576944
WH-MI-3,2024-10-11,Midwest,4516,180.3483324251994,97.49079249091584,82.75044455601025,71.48512722287533,1.789143498495053
WH-MI-3,2023-10-23,Midwest,3058,205.9614699153159,94.51249639020006,86.31761715051267,35.683202564418934,1.7504125277510096
WH-WE-2,2024-02-28,West,1794,282.2189938577023,99.65217674737396,88.8658211242721,68.46235648856099,4.2392934884036535
WH-NO-3,2023-03-20,Northeast,5156,195.68990438206788,97.96476035414288,85.18598264347766,39.47272698496665,1.72582257071005
WH-MI-5,2024-06-22,Midwest,4555,247.96272739485494,94.22629696189972,90.59315070920874,74.29129848581385,1.9611975502192969
WH-WE-1,2023-12-02,West,4163,203.52020182201875,99.93871615932648,80.86840506893398,54.611930465445255,1.7569020627963572
WH-NO-4,2024-11-09,Northeast,4083,203.1362797888242,98.47751817142357,90.74711173202364,52.954129678211835,1.5323012097633513
WH-SO-2,2023-07-28,Southeast,5290,203.40057459660395,95.53731586471118,92.20506832018651,82.24447403510857,2.6657170322586454
WH-NO-1,2023-01-21,Northeast,4970,186.06434197950193,98.81657715066422,86.24055451707291,91.59761946350746,3.9130248236769787
WH-NO-2,2023-06-28,Northeast,4871,142.59428405898421,92.10266543072295,88.4409170642984,57.84864404060641,1.7246304631708698
WH-MI-2,2024-08-22,Midwest,3029,129.71201713624342,99.94064509359595,85.55838711812262,66.87909564708974,3.6083371507978
WH-WE-2,2023-03-03,West,6989,280.16914523174125,87.52310074280842,87.51744473645364,43.133793797604625,1.8912904475464434
WH-NO-3,2023-02-07,Northeast,5562,164.33744848752275,98.66321615221963,85.75705119485175,59.84911893304449,2.1205088052251617
WH-SO-3,2023-11-09,Southeast,5519,185.25574554622446,97.08357591533121,84.9390313711841,58.39024273663986,4.362040650658711
WH-SO-2,2024-05-24,Southeast,5939,158.2163435021054,98.8566678888428,88.16452249494886,67.57314866613781,3.389666655013059
WH-SO-2,2024-12-06,Southeast,5267,126.64617944462881,99.89061414332411,90.87995125690284,69.05521869932515,1.8483750487895207
WH-NO-5,2023-03-20,Northeast,8430,237.73881378714663,96.85011593790612,88.29669114617647,66.54767719685988,2.079627334728906
WH-NO-3,2024-08-21,Northeast,2074,182.77635135530846,99.08445150547306,97.14998278416464,87.8970483648931,1.7136804497906986
WH-WE-1,2023-04-29,West,7128,233.42887711328666,94.49241518392364,80.66368568095149,52.91890353927027,1.934692298458514
WH-WE-2,2023-02-26,West,5784,240.48612198135942,88.24453413931712,92.78055470257667,43.08075139777875,1.9405028949992706
WH-SO-2,2024-02-18,Southeast,9205,218.71563773712984,89.69713544753222,90.07796422688882,72.62092746915147,3.5978276316813522
WH-NO-3,2024-04-14,Northeast,9170,117.17087988228984,90.37368153561536,86.50099476082268,92.40137695105585,1.9592179832775476
WH-SO-3,2023-08-16,Southeast,3168,212.2767172117068,98.29943732504258,93.76436719136726,77.97738435668893,2.6325187029709833
WH-NO-4,2023-10-11,Northeast,3265,276.8874040046969,92.64534313016287,83.73287169179072,42.104599153554844,3.7757775410498806
WH-SO-4,2024-06-16,Southeast,5800,119.73963519365131,98.6448425713603,58.56327053731262,63.24920522265255,3.3052246653350346
WH-SO-4,2024-03-26,Southeast,3497,151.06455340529652,95.72501589317334,94.04695218271921,80.95284870629631,2.5996555820598837
WH-NO-5,2023-07-24,Northeast,5477,163.72027727047592,91.6542427314167,87.14627046089643,78.67026301400614,3.299204083338856
WH-SO-2,2023-02-26,Southeast,9279,240.06209827485156,99.31425221437622,79.41301003559677,45.614496722382825,4.2294363398163295
WH-NO-2,2023-07-15,Northeast,4542,213.77438080270204,98.18224057570059,97.11596339016906,66.01051640567061,3.799763688533856
WH-MI-2,2023-12-18,Midwest,6092,246.28714026490258,99.9665805692318,76.53694917841186,47.2691513123483,4.1275326216643435
WH-NO-1,2024-12-22,Northeast,3485,190.5654366416892,89.57252627478927,98.74729091707236,67.27707794714904,4.4664442738744246
WH-MI-3,2023-04-10,Midwest,6932,215.97849254973625,88.04747497587894,83.62842042449537,66.68945562273821,2.8649126636768263
WH-WE-5,2024-12-25,West,5533,313.99520770172506,99.3912777965589,96.82315835392524,63.04354071563959,3.9342160562378155
WH-NO-4,2023-09-20,Northeast,3560,220.14230942640214,94.74233536855975,96.91126574673106,72.0482539660292,4.459769500675749
WH-MI-3,2024-10-12,Midwest,3015,148.11617247816832,99.65392229714583,92.26365900984655,61.72470724988871,2.3488588220102735
WH-MI-2,2023-02-17,Midwest,4473,276.2294937892639,99.91526938544234,99.29116482369831,65.44077423702655,2.789054285531874
WH-NO-1,2024-09-22,Northeast,2661,200.00927528008617,91.54188258018124,86.29657742193943,52.45794195813497,3.7222911803765175
WH-SO-3,2024-09-13,Southeast,3578,175.81217479481273,99.6464078011213,94.80587754861455,66.91628441028337,2.777496896930634
WH-WE-1,2024-07-27,West,5750,240.25288648788705,77.38095528884253,97.28263920152384,57.52470259206629,4.346638948513679
WH-SO-2,2023-12-13,Southeast,3249,183.05047837187269,93.92989721076692,84.20886345659223,58.6431373865655,2.618456027769916
WH-WE-5,2023-07-24,West,5073,232.5326942779261,99.44402594643867,74.92058307463054,51.370340003792215,3.82206095894952
WH-SO-3,2024-07-21,Southeast,6455,258.02838934424653,98.18610080873745,95.2495775863474,77.48742514615049,2.3817538582399456
WH-NO-2,2024-09-24,Northeast,3268,252.12325210594344,95.22157396048327,93.16570533486781,81.72181187897257,1.9192758365162637
WH-NO-4,2024-02-07,Northeast,5519,194.48057171052486,99.95156727222056,88.48938452950806,41.91390777211376,1.817859904916982
WH-NO-5,2023-01-27,Northeast,4176,126.86437714345908,95.33353732220857,74.26458503270997,68.6216054577929,2.5194399117265665
WH-WE-4,2023-01-23,West,7265,138.09715254853674,89.81122328182418,86.26700080674397,58.0575844662072,3.3219678922609996
WH-SO-4,2023-05-17,Southeast,6444,187.71626933115036,95.83154308759232,92.64370061070136,71.71378364557286,2.020422769919638
WH-SO-1,2023-02-08,Southeast,8686,196.53843039833168,92.43886039506559,86.57770951045343,45.387562975596204,1.619649429579395
WH-WE-1,2024-05-19,West,3978,226.77698880731813,85.62901879626496,81.61803002521437,62.88578391485882,3.057567812992322
WH-SO-4,2023-11-11,Southeast,1117,242.42722329014566,95.40437613723957,88.32442662084287,80.35399081890665,3.876923877076017
WH-NO-3,2024-09-23,Northeast,4191,200.41499278234895,84.74252216390374,82.86928358189168,47.270546420664694,1.5536145362947307
WH-SO-5,2024-11-30,Southeast,4224,201.78822181859482,91.04614974825034,87.90236607631823,85.04927934933364,4.287895415449654
WH-SO-3,2023-09-04,Southeast,4303,177.87285723301122,94.87168410043544,82.39021804754177,62.93284591683609,3.661606555579397
WH-NO-3,2024-07-17,Northeast,4385,232.6763135999742,94.12704179433644,92.36906757429605,44.714175752208924,4.217359924154216
WH-WE-4,2024-04-13,West,8481,238.83789789733902,98.02779360676578,91.29910073468666,74.93549820341447,3.915650287069446
WH-SO-3,2024-06-23,Southeast,4178,202.09766682865404,99.39717426916478,93.97359183295293,65.42591232982132,2.6789475739764574
WH-SO-2,2024-11-10,Southeast,2140,187.16737867074733,95.49605868873732,82.70405016666487,59.19303932059792,1.6447315513274468
WH-NO-1,2024-06-13,Northeast,5218,191.60725177854079,93.09727891658765,91.3491430315018,68.02391878370462,2.028838795883556
WH-SO-2,2023-11-07,Southeast,4678,149.61325818940475,99.84878168499795,89.62204666420945,62.94544145802752,4.305142299422027
WH-SO-2,2023-01-04,Southeast,4209,224.3061550516472,80.63049863715803,89.57907118406172,63.379426810383265,1.6836830482543672
WH-MI-3,2023-06-24,Midwest,5397,308.6954659278267,91.42169868744534,73.09598707045471,60.64840011486873,4.049673508782348
WH-MI-4,2023-08-31,Midwest,2478,243.81952738078564,92.2597349874641,96.99522400495349,79.1011427997242,4.385769162263027
WH-MI-1,2024-07-19,Midwest,4665,137.00848706284012,98.95178955278254,94.75265434829281,56.04380783332381,2.739593531612542
WH-SO-5,2023-01-29,Southeast,3757,156.99702934666686,96.7278275506825,96.03254283000102,74.25987864012406,1.6042653175299446
WH-NO-2,2023-07-12,Northeast,2811,261.9314316474793,99.00791935614957,93.69604461310044,78.81121635683714,1.936807564283127
WH-SO-3,2024-07-15,Southeast,4902,216.39347252209413,99.57943130252639,66.11463717728198,77.12947029447496,2.961329090655105
WH-MI-1,2024-02-25,Midwest,6400,157.80611879994137,94.59196562850771,94.15614071823263,81.01609484492663,1.5543284386873164
WH-NO-4,2024-02-07,Northeast,3862,164.96112307210848,98.96965393323491,96.4977189101867,51.47110429188393,3.9344288192704147
WH-MI-1,2023-03-22,Midwest,4352,85.02890344946807,96.97040242784128,81.8816245591196,53.22802716693275,1.8270977745668395
WH-WE-1,2023-07-18,West,3318,133.5830099892285,99.46557932616096,91.51065116757742,66.72432997620265,2.6199630447162603
WH-NO-5,2023-05-19,Northeast,6964,248.01191022964832,96.4304689216249,88.23544119224064,73.09049987412408,3.214248188158983
WH-SO-4,2023-10-06,Southeast,3841,212.04657336758228,92.3340063405227,86.58840993300764,53.71535270882796,2.2983221893589674
WH-WE-2,2024-01-11,West,5822,146.6073527330281,98.26731067640986,86.57134724997884,60.808002696877075,2.997567102098014
WH-NO-1,2023-05-04,Northeast,5344,233.73049848219398,91.61885957734627,95.41359252656196,62.06899617467243,3.378556619610024
WH-NO-3,2023-02-02,Northeast,6751,155.14508593836453,96.36540061793988,88.1717810155454,59.36649633559104,3.2095421014879655
WH-NO-1,2023-09-18,Northeast,3929,139.04783292837624,97.17011682268205,89.34654901407124,59.127162353410355,2.1583930742903954
WH-NO-1,2024-10-17,Northeast,4259,181.11576990334052,96.22797091756675,70.31816771874426,44.22234390682836,2.9147968242468005
WH-NO-5,2024-07-12,Northeast,4733,218.28901640921345,99.90343072396642,96.36513380195817,58.61622174307479,3.3052926941808103
WH-WE-2,2023-12-01,West,6070,237.7303437888344,85.72869618460372,90.5200434443178,76.71901315945018,2.677386890586026
WH-NO-5,2024-06-21,Northeast,3962,172.052447007515,98.86188256628093,87.68317331793955,70.63893449511679,3.7439930961626526
WH-SO-2,2024-12-08,Southeast,3857,169.2509907018517,94.32191108128231,96.23599190731878,47.46043023864851,2.410715034275691
WH-SO-5,2024-03-11,Southeast,8553,80.32409557845197,95.83675425979314,80.37379830731693,74.69690216669443,2.6117386996333902
WH-NO-5,2023-03-14,Northeast,5538,158.92875217616736,96.92727272479574,74.54636790032382,49.951981630144154,3.1590544074666616
WH-MI-4,2024-11-02,Midwest,3657,159.18363290310236,91.28876884512658,93.86837897081485,73.21054783410081,4.254456041238717
WH-NO-2,2023-09-18,Northeast,3202,188.7545009231118,88.59684845811574,84.65087666187398,59.17875518506015,1.6547677277488215
WH-SO-3,2023-07-25,Southeast,4293,208.29353795003507,99.55736138268374,83.71942477045685,71.69035479962606,3.0175526662880303
WH-NO-4,2023-02-14,Northeast,4876,159.5936844406961,94.88071077394514,88.03474880854431,59.506274342106465,2.7552103851571115
WH-SO-1,2023-05-28,Southeast,2401,193.28622842645981,93.65455927735174,91.12960733773153,88.98922587690636,2.5494839068398107
WH-WE-3,2023-09-10,West,3176,187.67712290282728,98.96722933218204,94.08671824063623,62.4825360464912,2.1532777114610706
WH-NO-3,2023-01-06,Northeast,1543,164.99074271209014,96.71576329244476,95.40490588594218,63.05613707355865,3.344014140239926
WH-MI-1,2024-03-11,Midwest,5337,188.72163305880812,98.10387328352921,83.94254041387443,69.98876558041583,3.959532418871063
WH-SO-1,2023-09-01,Southeast,3694,171.71974177772844,90.01916119111412,92.9148723269548,79.21848108034995,3.5137630517670857
WH-SO-2,2024-11-19,Southeast,3902,323.1368473912824,86.90458034225973,88.18430806958898,91.52895772786212,3.039924555231245
WH-SO-5,2023-08-08,Southeast,5711,153.73189172220106,98.6246369837459,97.86693748282453,74.00606959355069,3.2098877354549544
WH-NO-3,2024-06-23,Northeast,5465,219.85101757341408,95.30183622168067,98.11340455715563,57.396430524673406,2.273634969697346
WH-SO-4,2023-02-23,Southeast,5328,151.3448818859959,96.80796558814116,86.06726021632073,98.1245874089192,2.7941193003272957
WH-WE-1,2024-07-15,West,3346,168.33590193604874,98.977904979671,92.57684046017285,65.70406216307559,2.891659009330219
WH-SO-4,2023-07-06,Southeast,6519,161.0563617015113,99.39521078495208,76.84977690482548,54.793680301789124,2.5702108848112983
WH-SO-3,2024-10-10,Southeast,4202,162.8062652432036,98.87278894558465,87.5157764283695,79.17626566211759,3.1033656167366246
WH-NO-5,2023-12-30,Northeast,7401,143.3274735287177,95.22519814035894,88.50033541466092,61.17408531814847,1.8546932884328933
WH-WE-4,2024-10-29,West,4777,226.53456743549575,99.80090664278912,79.2819276150271,74.37278876338037,3.9059319556135086
WH-SO-1,2024-03-03,Southeast,9118,196.49762201064527,99.744239474561,98.00764572137805,65.38428942056576,2.755707923727609
WH-SO-4,2024-11-20,Southeast,7128,282.44848308623926,98.40698627676758,80.22537979417544,60.48767176334127,1.9723327757673226
WH-MI-1,2024-07-12,Midwest,2489,155.1677806249738,89.67503919570309,83.74663790187653,73.57791563833253,2.159992866659118
WH-SO-3,2023-10-10,Southeast,4822,243.2525870317755,90.9654999603634,71.81630987167594,60.28519069034398,3.842448753436944
WH-SO-4,2023-01-25,Southeast,4297,271.8751141823059,98.59858889411967,68.65843642215202,89.52175240215371,3.044686850689367
WH-SO-5,2024-05-28,Southeast,5628,211.8449687046407,80.72601378844834,76.38682327685783,83.40178908671648,4.133475905026064
WH-SO-1,2024-10-01,Southeast,1765,190.0228110213049,92.68176506350184,95.13242845273844,91.22751458676017,3.0975240816358323
WH-NO-2,2023-08-12,Northeast,4131,154.40320110260902,99.41898863747872,92.93472125902854,49.93890900081809,3.5152911227183687
WH-SO-3,2023-04-18,Southeast,6358,147.74731815124446,99.36163402402266,89.39278747444766,78.29162202633384,1.7183298269122753
WH-NO-2,2024-12-17,Northeast,5980,209.74298813974428,92.45259401167918,81.13239566535943,65.01454552200246,3.0824080080843803
WH-MI-3,2023-10-29,Midwest,3736,252.79640729746976,94.29446007843372,96.85726575482634,36.25624534430675,1.783558330982293
WH-NO-4,2024-07-28,Northeast,5436,277.34565730311476,96.61807069323645,60.556332598344596,67.50181932324762,2.1959483347495246
WH-MI-5,2023-12-03,Midwest,5663,132.16296665685834,95.40092481561264,98.08674554762388,81.99668450011441,2.391728095258373
WH-SO-4,2023-08-09,Southeast,2234,273.1556548700114,98.54886908916679,96.63147505176822,74.71861953046076,4.2075269095663685
WH-SO-2,2024-03-02,Southeast,8806,290.1693355169265,88.91553399973523,77.36051519177128,72.34896841829787,3.251566764351738
WH-SO-2,2024-08-11,Southeast,2619,184.33027032829492,86.60767060007234,75.80843350700422,85.38044674883545,3.5144579272345173
WH-SO-2,2023-02-10,Southeast,6642,257.47714960840017,94.6258949353195,89.78505499428701,92.8392348185096,2.4086112847870824
WH-NO-4,2024-04-25,Northeast,5164,259.33679042261434,95.52281579703734,93.05264318339293,73.92277245525126,2.665903650040921
WH-MI-3,2024-06-12,Midwest,2700,264.69516677290596,94.32493970363358,93.97301140611745,82.33972273735026,4.41230867792779
WH-NO-5,2023-10-03,Northeast,1926,201.22568051439714,99.70712854863642,93.67525603426479,49.6065204606185,4.2803441841540035
WH-NO-2,2024-02-17,Northeast,4467,152.10677263945036,96.08295170147714,71.08411269826199,72.63497932486186,3.266881675335562
WH-NO-5,2024-09-11,Northeast,4197,247.99331337439926,96.87030567954311,84.24617945595087,57.59655730464927,2.035883172353747
WH-NO-1,2023-03-30,Northeast,7764,218.81849541411663,90.88052264820364,96.83418404098774,56.03556434936586,2.713541047330535
WH-NO-1,2023-02-13,Northeast,6617,204.24630223181438,93.61402828457915,78.84510243544791,90.50177632189684,1.9081385519602345
WH-WE-5,2024-07-21,West,5417,162.86113795884705,86.3405380374131,88.44141512699727,66.40617639506239,1.9425595765474983
WH-WE-1,2024-03-01,West,4884,163.9937788198944,94.05525420456249,93.98881802223235,87.6102289195459,4.344415030172699
WH-WE-3,2024-11-14,West,2812,189.40663506589092,94.76752568358695,64.21452651620244,75.26643047578068,2.9353844756001317
WH-SO-5,2023-02-04,Southeast,5916,158.60435956123598,98.80156550036713,93.10035337539054,67.08614754107936,2.5458091383598616
WH-NO-3,2023-01-30,Northeast,5417,165.3796324497362,94.63111130038556,86.60018296138068,66.75553243244205,2.2558046100104665
WH-NO-3,2024-11-15,Northeast,4438,207.4186297867182,94.06946898652573,91.16448135015648,78.48573967225461,3.50913931665848
WH-NO-5,2023-07-04,Northeast,4251,174.88803214995394,97.58813849179161,63.997820069352905,55.0491620397776,4.038132085175641
WH-NO-5,2024-07-09,Northeast,3952,232.78968694154773,98.44649350822095,89.22117828728821,74.93174679673605,2.104209617208293
WH-SO-5,2024-12-24,Southeast,3982,248.64563072129005,93.03154302399042,85.49393569572197,74.1880154369323,1.7901415968843923
WH-SO-2,2023-01-22,Southeast,5511,273.2423532744352,98.54902853985767,96.6402611062974,45.41299228596372,3.60587643853286
WH-NO-4,2024-11-28,Northeast,6165,167.55711991806638,93.35997413054939,97.58656778610849,73.14041562397774,4.1438962683265235
WH-WE-5,2023-08-24,West,3580,234.82775399444546,94.20492775760174,96.45610629119284,58.79736146453752,2.7400289377584244
WH-SO-1,2024-11-27,Southeast,3618,256.2761496130541,98.19371423100421,78.74257643405944,53.908474179003605,3.2384552848594517
WH-SO-2,2024-02-26,Southeast,6738,189.2572260055287,92.4075828957219,89.23535673397994,72.8597695480316,2.893301377916343
WH-MI-2,2024-12-21,Midwest,7984,144.44825139144206,92.99794728490693,88.64956764951793,63.83859466427144,2.701291417388054
WH-SO-1,2023-10-06,Southeast,3424,169.82858277027566,96.47804323330384,88.20616475259729,61.32278037870115,4.003738912430277
WH-SO-1,2024-07-23,Southeast,4527,178.67901763189357,98.73674576348532,92.4842611141321,82.6173073520678,3.9891923501097515
WH-MI-1,2024-03-13,Midwest,8313,181.36028095925516,99.10119198937012,83.89759180954972,90.64101473179012,2.6924963052668547
WH-SO-3,2024-08-13,Southeast,4120,154.7411298390536,93.85737040737257,98.77826769075286,69.08546538542731,4.343682758553929
WH-NO-4,2023-02-11,Northeast,5977,271.4904989286772,98.68905231722206,75.83797804980922,80.48140743378985,2.0416043516047746
WH-NO-4,2024-10-24,Northeast,4810,127.80409520273624,95.8712085172765,91.72546300415469,95.41401952721958,1.6047974009951764
WH-SO-1,2023-04-22,Southeast,7142,217.33560513813018,94.90456954046329,84.55633238611124,84.73648027757356,3.713787145543664
WH-SO-1,2024-03-09,Southeast,4620,244.25042878964058,99.53150848085606,88.28405242794824,58.949402672880616,3.1504944743956576
WH-SO-1,2023-04-22,Southeast,4506,148.38862322512054,96.67212098344385,98.79799636788047,69.44400059084275,3.280341287891467
WH-SO-5,2023-12-07,Southeast,2947,273.9713026185363,98.23346666684525,71.64232779013969,67.36179646513513,4.326987278247421
WH-WE-4,2024-11-01,West,4615,135.87701510464836,98.19421096094494,81.84795144072768,47.93058596075945,1.9993532228739384
WH-NO-5,2023-11-24,Northeast,4330,289.0819372924402,79.53290751306416,90.49950860334765,73.28983960248387,2.8169807290556697
WH-MI-4,2023-05-03,Midwest,7170,215.69144623346537,92.67507709938177,88.28038036020546,70.57106854197689,2.3142903075435943
WH-NO-2,2023-12-22,Northeast,6600,143.19389933391682,99.24003205141658,80.31564640714019,82.54166586018226,1.7585114095266894
WH-SO-3,2023-02-13,Southeast,6396,96.96551295495304,91.09557141164048,92.23911898407782,81.88521429190412,3.599321307537737
WH-NO-1,2024-05-09,Northeast,5675,175.33676310439694,99.5784510415833,79.67467968288976,54.07361888311759,3.16954651235599
WH-NO-3,2024-01-09,Northeast,4539,226.2586471728559,96.31721918695021,92.2866897567358,54.55396256680899,1.8416574558046674
WH-NO-3,2024-05-07,Northeast,8216,258.3067552007121,95.49050019478375,96.168894994136,54.16197223351043,2.524728615583116
WH-WE-5,2023-02-05,West,3315,187.72528602428693,88.02476265867598,99.62822898508571,65.92355606464857,3.206137813806145
WH-SO-3,2024-10-26,Southeast,5170,212.78824436527552,94.58805698396851,89.53894059022034,56.90035651202765,2.200176392647354
WH-SO-4,2023-01-23,Southeast,5545,145.81196892339446,98.29502632020012,90.3452015419581,59.95898128110774,2.534465104530268
WH-SO-4,2023-10-14,Southeast,4293,199.264152639587,99.83901600970746,90.81113026756205,91.74232682837858,3.9619945314316327
WH-NO-4,2024-11-05,Northeast,1861,250.39044774296292,94.57732293621316,90.09496490076539,52.04517614059551,2.0655330713727738
WH-NO-3,2024-01-09,Northeast,6424,276.215763338113,92.09876957286343,94.04119771772858,61.42189399394455,3.648168571587636
WH-MI-4,2023-01-21,Midwest,5133,239.62072611405583,98.38708757078244,87.85060576813162,66.81426186275495,3.586292015141994
WH-NO-4,2023-12-05,Northeast,5197,207.03659682503076,98.2810838308706,95.51238590675199,74.1975166133056,4.347338310170012
WH-NO-1,2023-11-01,Northeast,2844,160.72275149662846,97.83545781125355,77.71244943766472,94.42002100507142,3.9752372606976434
WH-SO-4,2023-01-24,Southeast,6891,237.84232071968466,88.83374279026343,84.26149838269508,62.81653458679324,2.405575552736887
WH-SO-2,2024-05-24,Southeast,6975,213.5527254462121,98.5384851648605,95.22270892942163,72.04439482267347,3.7338295235026426
WH-MI-3,2024-04-18,Midwest,5514,166.6545035572498,90.88772317876284,92.4268809229221,34.33991165797914,4.4960487796412965
WH-WE-2,2023-11-11,West,4294,131.0036218469479,79.41495492484847,82.22782176880273,60.732152291974714,4.393052319770944
WH-SO-2,2024-06-03,Southeast,6001,215.22625839774648,90.54315490729078,80.81245355229085,75.27867942573931,2.435847528361682
WH-NO-4,2024-10-21,Northeast,2104,176.49562279882028,85.44474515329485,83.07363461117112,47.604258003160496,2.411805150149115
WH-NO-1,2023-02-20,Northeast,5141,231.74454395199083,98.78610543940107,95.9991410334029,53.31847362373205,2.378375532415231
WH-MI-2,2024-12-09,Midwest,3869,283.1723705622658,90.60594943502926,88.16288008480117,80.3401370803487,3.839107178609383
WH-SO-3,2023-05-15,Southeast,7890,213.40573931187845,97.55342554307744,94.72681287655055,54.45868950048842,3.425746406319949
WH-MI-3,2024-10-25,Midwest,3352,176.93526130509244,92.21186111909955,80.62147747108729,74.0938203249215,2.7404660028166803
WH-WE-5,2024-03-20,West,9530,116.22651664034099,87.23135962168327,91.6304489913685,65.12832697583015,3.9234646361087147
WH-SO-5,2024-09-09,Southeast,2827,132.43432111165941,94.97711670273009,89.24207791388332,84.60391463258735,4.250600122865245
WH-WE-3,2023-04-07,West,8300,133.3978995655695,98.6763881788603,88.96364751237986,91.23814668264367,2.0253441291866365
WH-SO-3,2024-11-27,Southeast,4801,271.25655797643407,97.22785762674124,76.36064857082164,78.45602899201114,3.649482222743176
WH-NO-5,2023-08-15,Northeast,2753,160.36495203680786,97.43661217235609,93.68951803946135,67.1856998763537,2.9281425826573284
WH-NO-2,2024-01-10,Northeast,5202,177.04822737521104,96.59798238632943,99.30924920773616,70.92386567618267,2.6814429346494366
WH-SO-3,2024-12-28,Southeast,4374,190.45486281820945,99.43720312934215,74.50949442359112,84.03543062111859,3.0452889223743567
WH-WE-3,2023-02-15,West,3764,193.4556271129868,95.18869161061924,92.50885134666528,74.5169049391551,3.1716187198896417
WH-WE-2,2024-08-03,West,3894,228.1409718849418,96.14630269024586,92.05525051479955,74.44164709591035,3.4660933200787527
WH-MI-1,2024-06-03,Midwest,4312,228.36466658044787,99.51822115160766,90.05674259582098,82.64249925620939,3.460688657687011
WH-MI-1,2023-04-21,Midwest,6104,230.68737516491277,94.81204433228731,78.76600105420766,82.6317900978661,2.7100770090971986
WH-WE-5,2024-07-25,West,4197,156.93664982947348,99.17309037342218,94.77024745365861,76.52112535517936,2.4480302285316444
WH-SO-5,2023-11-29,Southeast,4033,138.580891573232,98.71512283689914,91.76061303906286,38.097026004726445,4.0289574420667
WH-MI-2,2023-07-22,Midwest,3322,253.9555990612771,94.6575919364854,87.04996747613465,73.30917027516757,3.0131376517485022
WH-NO-4,2023-11-07,Northeast,3945,175.46822317169102,79.05987745194602,88.26551735122482,35.592710042487255,1.665104398554183
WH-WE-1,2024-11-16,West,4356,197.00469229680573,98.98021660229445,91.9873607029181,80.69382271449113,4.284788156453224
WH-SO-5,2024-09-14,Southeast,3104,202.10328201450852,86.02871382119564,93.12254824362378,79.58861114119478,3.842021245279689
WH-MI-3,2023-10-04,Midwest,2072,230.36209027089097,94.55382200223484,96.56112297248566,57.244954959643955,1.8236784805457218
WH-NO-5,2024-10-13,Northeast,2593,236.76833309893956,97.6642925070638,83.38369553327584,74.07053521515655,3.493977584549453
WH-SO-3,2023-01-18,Southeast,8270,187.82175011162153,94.15602568419997,86.0272408969702,75.71349202434303,4.274759883127219
WH-NO-1,2024-09-15,Northeast,2019,160.41915260566142,97.44883611164454,77.99439416561478,47.95164005850362,2.680888349952455
WH-NO-1,2023-10-12,Northeast,5172,189.84274106869393,96.43066098778792,88.44932087246377,57.43505491495279,3.2068176905763
WH-NO-2,2024-10-04,Northeast,2150,151.25276027610516,95.86898258741327,96.05888775641071,63.19369459242859,1.7146498589667707
WH-SO-3,2023-04-22,Southeast,8599,204.1672571416806,99.73605096867473,86.17056697967504,68.64933600816634,2.200707214677993
WH-MI-4,2024-04-17,Midwest,7976,138.23964263113146,99.33956079280979,80.06692439882505,89.31641380552396,3.6933688286400708
WH-NO-1,2024-11-29,Northeast,4551,201.11316168006806,89.16842981325601,81.92082419854286,66.69829108041321,1.784587799368881
WH-MI-5,2024-12-19,Midwest,6053,173.1879335239802,95.67688011792802,74.27524937455556,50.424213885632795,2.0287799651944
WH-WE-2,2023-08-14,West,3199,183.52757110066295,94.26419161229671,96.63609373009147,65.08558537754264,2.707241467410989
WH-NO-4,2023-05-15,Northeast,8101,268.34080883257275,94.31435289079126,87.16246184275921,66.56494154292135,2.7535326621069256
WH-WE-4,2024-03-08,West,3564,183.37067497334297,93.41737943472106,99.13761902828797,50.45888862168313,4.052223750024011
WH-WE-3,2024-10-25,West,5264,177.90818414301145,94.5860058734386,64.4167340411758,39.686355062313034,3.9566890823366823
WH-WE-4,2023-12-12,West,6512,292.7328580165017,85.58188506530323,96.21269264588534,60.399569272184465,3.945740359328667
WH-SO-5,2023-03-06,Southeast,7507,121.97765686259594,94.94292500311542,90.41194856461156,69.96386204563821,2.1616630389851568
WH-NO-2,2024-08-07,Northeast,4210,125.36668092627431,90.84559567303275,92.84445719875409,65.92797517383902,2.639031732954982
WH-WE-5,2024-11-15,West,4042,212.29905295746116,96.92462890182118,93.97087812728742,67.18551340383611,2.7260505548300022
WH-NO-3,2024-11-19,Northeast,3587,150.91411966949804,98.900695990529,81.11800626847668,70.01988405379115,3.9488896232796167
WH-WE-1,2023-06-17,West,4711,188.5265283021446,99.12464532599702,88.53865931554039,64.71510616985432,4.387150741232057
WH-NO-2,2024-03-26,Northeast,10038,149.83870884286472,94.29005995625313,83.8812724840439,91.71378981216573,2.7764826070967805
WH-SO-5,2023-03-22,Southeast,9203,241.09227101584412,96.33411574907991,94.81247129111703,78.67670840589984,2.808588079006863
WH-SO-1,2023-02-21,Southeast,6213,164.6813234552059,97.292336659816,81.04014639448569,74.73431151117563,2.5665593357321694
WH-MI-5,2023-07-22,Midwest,3658,228.25444226178655,98.4938573290078,91.58030006114268,38.30568302666725,4.050432038782208
WH-NO-1,2024-01-21,Northeast,6561,278.4838492747414,95.86126531346625,90.84124322243677,78.31466758637619,2.258802737453863
WH-NO-3,2023-04-17,Northeast,6547,207.14765636970108,99.17855765040254,90.36155655961102,76.15578447252906,2.8068218128604925
WH-SO-5,2024-04-01,Southeast,9921,215.8993991150037,97.43602906772524,95.17176993341009,73.55135584009153,4.4648300340284255
WH-SO-4,2024-03-22,Southeast,9260,169.02246139013747,97.32693373231756,89.14307861103767,54.920166312075814,2.754050210783859
WH-SO-4,2023-04-29,Southeast,5271,211.89547165021222,95.90377934029694,92.46847653204487,60.26660977728394,2.362347447284657
WH-SO-4,2023-02-19,Southeast,6255,198.84483194049955,93.37224689291091,71.00917050171415,74.71380340751885,1.6778790306082576
WH-WE-4,2024-05-15,West,4082,159.2803555357994,96.05258051188423,72.74604992501575,61.903882306192905,3.6215659969528424
WH-SO-1,2024-06-30,Southeast,5333,188.29067987361628,97.77564406512738,83.50812895563658,79.23362103367846,3.860693197379172
WH-NO-4,2024-02-27,Northeast,7458,146.45012489298767,95.20510289586697,85.18808609959109,78.1844732757408,3.0423879564872425
WH-SO-4,2024-03-16,Southeast,6672,252.83274356083336,96.8012206308733,92.4913896971621,76.73949430147456,2.0192947891758415
WH-SO-2,2024-07-07,Southeast,6759,135.37713166880263,94.51771537865974,90.37371367459673,81.00057018929185,2.0999885228344697
WH-WE-5,2023-10-29,West,2267,144.84692207325054,95.00737656374693,91.67134844608321,33.10787694057729,2.6311271495524493
WH-MI-5,2024-04-18,Midwest,6989,205.78106214540145,98.19809129853606,83.94197952175324,69.71839196998411,3.1010667172946644
WH-NO-3,2024-07-04,Northeast,3033,232.31331484786693,98.97971682883929,67.51194706463107,61.39810397566644,2.3666785986883845
WH-NO-4,2024-02-15,Northeast,8151,141.30773872598357,98.83351497498826,65.50305677277163,44.23129107268824,2.2084459325475665
WH-WE-1,2024-11-05,West,3345,171.2802054037174,95.12673361839946,95.0770399208563,55.320062800922564,1.8255901723623214
WH-NO-4,2024-06-02,Northeast,5907,224.90198561581911,95.99654717127848,89.74277713074918,62.01585443799165,1.6863915103416955
WH-NO-2,2023-04-07,Northeast,6727,191.27686227787962,93.76944452389104,94.0320192116464,83.82068581080645,2.9929973300110024
WH-NO-4,2024-07-24,Northeast,3756,187.24379559532122,98.50232894453828,86.77209852939501,81.99152062741895,2.116180220299999
WH-SO-3,2024-05-18,Southeast,4102,184.6111933559624,98.09034717926765,90.59574068253633,70.08881193732748,2.991670436676702
WH-MI-4,2024-10-05,Midwest,4842,96.78179408203071,90.45676643889922,97.31371254648303,78.78178287637478,2.020062667609012
WH-NO-1,2024-08-12,Northeast,2627,273.94110296338204,97.03701800625909,87.12900346284779,36.80057249145892,4.2254789100772605
WH-SO-3,2023-05-04,Southeast,5811,199.64421229323037,89.3471724429134,87.2244001809117,70.38780315065787,3.3476798473159652
WH-SO-3,2024-09-01,Southeast,4814,302.93316828466817,97.42609714753668,67.31360157656782,66.17542556770873,3.255106820138093
WH-SO-3,2023-09-09,Southeast,3701,236.74968259850425,94.22824311893025,96.39752561489779,31.268681421249134,4.377664063955562
WH-WE-1,2024-10-02,West,3205,149.01502096705022,94.6786682953734,93.67447480784486,30.74212450185273,3.328563694720141
WH-SO-1,2024-10-24,Southeast,2800,100.77098482206117,97.68258516945274,95.29502477024032,67.86798025963985,4.246396507509332
WH-NO-1,2024-08-28,Northeast,1375,203.62493250046066,94.17180708412548,81.87223753698764,96.82953727188071,2.404685605899998
WH-NO-2,2024-12-06,Northeast,5430,197.13851955602667,99.71709374519531,98.64645641058002,74.98047077452364,2.927527195521485
WH-NO-5,2024-06-16,Northeast,7934,90.31665583113102,96.80666102725222,88.60740633513416,78.76000550501135,1.6210707948733356
WH-SO-3,2024-02-03,Southeast,5411,179.77735680664358,95.48273606704328,92.74356590745077,71.16090829352557,4.3462941691497585
WH-MI-4,2023-11-02,Midwest,2591,203.35771504143307,97.98385466908837,88.23682915619192,49.539311503419285,3.544748850508224
WH-MI-5,2023-02-21,Midwest,7233,170.53273743881846,98.41653642103412,73.10916748612513,65.226305431348,2.7718229464307322
WH-SO-2,2023-08-08,Southeast,500,170.61696672786334,94.98698674029644,92.73624040344608,64.1871222317804,4.144118745151108
WH-MI-3,2024-02-22,Midwest,5919,218.98334677611703,93.93391298722615,96.65079626748947,74.47990081851867,3.1022948508618997
WH-MI-2,2024-08-09,Midwest,5368,149.97585445854725,94.96149356398186,82.28390783784663,36.11338227447541,4.3132000719556025
WH-NO-4,2024-05-12,Northeast,8997,176.0900592118216,99.90306897325975,85.17094597242313,82.28223321508523,2.1467334520110426
WH-WE-3,2023-12-30,West,4666,263.99000553890676,98.17794392155201,98.09599561508654,83.47481850250276,2.363065716128938
WH-WE-5,2023-07-18,West,7026,148.40164486284925,85.0758082898394,95.39161413451555,88.67147130293525,4.234840817010322
WH-SO-3,2023-07-23,Southeast,5055,266.08732915611165,98.7324728169783,95.29220971429754,55.94822592607762,3.6085284824750983
WH-SO-2,2024-12-02,Southeast,5822,155.1591877313188,97.10674363227699,93.31704094128872,53.55407377789858,1.761411331522602
WH-MI-4,2024-03-04,Midwest,9269,236.73478809083687,96.34236207937629,75.08830186507033,58.5480612063773,2.941844823013396
WH-WE-2,2023-02-10,West,5113,193.0780942108698,97.59916119005001,92.40104123914556,65.99559450644462,3.291985759966428
WH-NO-5,2023-02-24,Northeast,9008,175.5757945900053,99.06444978647836,89.83544967732283,75.11356730626402,3.473652875987975
WH-WE-1,2024-10-22,West,4992,159.57487185715823,89.90204492177455,97.51256968848331,71.26417682623196,3.230296611954187
WH-SO-3,2023-12-11,Southeast,5466,142.88785505843455,97.44437916686425,68.2674716302463,52.648834698426185,1.8131020206926214
WH-NO-5,2023-05-10,Northeast,5400,230.58095579080447,99.95838285954211,90.44012659161751,83.3707395792565,2.913734867445725
WH-NO-4,2023-11-26,Northeast,2797,147.11342176750142,96.44713274934045,85.53782695706556,77.04089167901415,2.140906861069196
WH-NO-2,2023-07-05,Northeast,4183,122.65020082360198,98.90077736186674,82.04265124351447,40.60980531495288,3.3117517610733636
WH-NO-1,2023-10-15,Northeast,4995,243.40817427892893,95.43941495330434,92.68237870567118,65.44970137618762,3.4345320225750946
WH-NO-2,2023-03-07,Northeast,9001,207.46066824675415,98.80376107667135,85.17240940048029,64.8633278668979,3.374521602545995
WH-SO-2,2024-02-19,Southeast,7155,242.7836543423874,91.22751567054853,95.84273363450929,85.50585913906319,1.642338746435026
WH-NO-5,2024-03-27,Northeast,4654,153.3652629910679,90.26131209119926,97.94748050496611,68.05170071956131,3.7884625458274472
WH-WE-3,2023-05-08,West,6440,231.34250115222866,97.3421729425017,87.31748137152623,77.34574060490957,4.300198783423536
WH-WE-1,2023-06-25,West,4277,206.3305837412607,91.65279594721328,61.570832483228614,57.56513408903994,4.401641640600915
WH-SO-2,2023-11-07,Southeast,1192,145.7619570635972,98.26735663702884,80.0902336453608,95.01289667862241,2.315772653854327
WH-SO-1,2023-09-17,Southeast,4398,151.9941193637259,97.52063292684733,80.12478889333381,40.45303142303814,4.175629496987504
WH-SO-3,2024-11-28,Southeast,5876,320.4253219554874,98.5004948889528,89.38290060185936,55.67894113104299,1.5537911142257024
WH-NO-2,2023-09-29,Northeast,4274,335.0185693618855,98.71925630942539,83.3754096164837,73.72374004899528,3.6883631365552283
WH-WE-2,2024-10-30,West,3503,111.08090870240818,96.1488950459049,70.14760406480165,63.5302191064853,4.199580043269553
WH-WE-2,2023-06-27,West,3576,199.0446201202394,90.26362837066327,84.25398972865824,71.44530668751594,3.8818280820379623
WH-SO-5,2023-07-28,Southeast,3193,262.8421524524419,84.10159321241618,92.5556172850944,81.66259749613326,4.038872108062241
WH-SO-4,2023-03-15,Southeast,4795,151.39375371399817,97.50125140511841,91.27535123688902,93.22821251302437,4.1964440692666365
WH-WE-2,2024-03-13,West,5618,194.81452203367022,87.32612414517386,81.7237326253395,35.460917145720714,3.846433968231068
WH-SO-3,2023-11-04,Southeast,1688,212.00122714969982,91.8091776620255,88.1877100597918,74.40299369441809,2.152724471475306
WH-SO-1,2023-04-02,Southeast,2938,114.62030498785298,94.52870155667208,89.40138677661146,76.49257702794517,3.6838908154799874
WH-SO-4,2024-01-31,Southeast,5104,154.00607779533433,95.46116460602047,94.04651815489119,67.50807178737838,2.798552381995054
WH-NO-5,2023-08-14,Northeast,3382,113.30426904536306,99.39494881300052,89.62617760040261,69.20576186305249,2.4904771341825023
WH-WE-1,2023-01-23,West,6452,268.1595724123365,94.27579688838311,89.3924256627287,54.36125475965392,3.553631804890019
WH-SO-5,2024-09-24,Southeast,3351,259.1463145574935,98.97868508300068,90.66302083699483,55.52702389350912,1.7307483269849682
WH-NO-5,2024-06-08,Northeast,4481,327.5694017022007,99.95247332997828,80.6306198017158,54.38160574969769,4.186874623481902
WH-WE-4,2024-09-08,West,2593,168.68033590703027,98.73628467065134,70.99395328879855,85.50684835773835,2.850845942979073
WH-SO-5,2023-07-17,Southeast,2931,213.38364605374898,99.77550513085244,92.05192329179198,73.455094744832,1.500168223360485
WH-MI-2,2023-02-07,Midwest,3212,202.37054033741626,79.91760222505509,85.47414809143156,77.60442885786333,3.87431647029307
WH-SO-4,2024-05-23,Southeast,5784,244.70109670757222,98.3460586582755,89.47841069443892,65.52928805794261,4.163514457373825
WH-WE-1,2024-05-24,West,6124,239.96793921646832,93.93484192147677,80.08405611875922,73.99720203769489,2.689517674529253
WH-MI-4,2024-09-06,Midwest,3870,223.6544343546691,98.27882449660497,91.54969852969003,84.98494474228892,4.162965788077711
WH-SO-3,2023-07-19,Southeast,5157,198.3949124887638,99.03132063784048,83.67094215606085,89.82361770560563,1.9716799835303807
WH-NO-1,2023-09-19,Northeast,1805,111.2383187920648,95.34642311407994,88.5690778537658,58.02015064381263,3.7415173984284062
WH-NO-1,2024-05-19,Northeast,5815,182.8186861984402,93.21068960027218,90.73701802062183,75.72266403294907,3.392266959174622
WH-SO-5,2023-03-23,Southeast,7742,191.42047556971596,99.84730661387661,76.16335686419481,66.75640105205115,1.6073040163652594
WH-SO-4,2024-01-04,Southeast,4900,276.3198294803652,90.02373821456669,85.57352120425371,82.76145355298623,3.754949195906942
WH-NO-1,2023-02-13,Northeast,3162,217.76372387296396,98.59999128028397,89.97088196917981,61.92409490727858,2.8674808862605357
WH-NO-5,2023-04-09,Northeast,7591,214.17633201603482,98.87680129508199,88.74346655029468,52.093773426452515,2.908508703998214
WH-MI-3,2023-08-17,Midwest,3447,232.28854148095598,95.42413664344365,92.7042029701433,54.06766650368052,2.3591136571291793
WH-MI-1,2023-11-11,Midwest,3421,295.5958795684987,92.17480091612553,88.54707221764947,22.301039281123305,4.466063691816805
WH-MI-5,2023-12-17,Midwest,4387,278.8346583829491,97.17186134846602,82.99410198023993,87.80432952744177,3.8749050068404554
WH-NO-2,2024-04-18,Northeast,5484,192.46152289881104,95.96441296113596,94.34264762212806,80.70108096948273,3.9110265834525197
WH-SO-2,2023-01-24,Southeast,4348,275.5667541069636,89.2546267479764,93.98470685378075,51.828104754470786,2.579847074520968
WH-SO-4,2023-04-15,Southeast,5873,180.38105657598243,97.3691993917121,85.44703494785071,80.35799092721854,4.490471250535868
WH-WE-1,2024-01-11,West,5216,138.95612154458033,98.65483178930776,85.04187048713277,48.51601300735303,3.3269902479276383
WH-MI-3,2023-08-26,Midwest,1734,226.03244913715025,98.65645216592365,95.64796957579549,91.26391982547827,2.5573970569258435
WH-SO-3,2024-05-03,Southeast,9370,95.40221203031494,95.177870055277,94.40986219739767,52.136070102930034,1.8178997279760882
WH-MI-4,2023-06-17,Midwest,5329,158.27454004075742,99.6798031825936,92.21849847776421,38.97839786245114,3.328015891761206
WH-NO-4,2024-09-12,Northeast,3214,235.7590949548546,98.10866343759707,92.4498600873969,72.36164136912954,4.28623730252609
WH-NO-3,2023-04-12,Northeast,4850,239.86737859802176,98.37099733181188,95.31001765911077,37.878179818775386,2.9982086764407896
WH-SO-2,2023-09-14,Southeast,4000,200.989354030825,98.9926202467644,91.80609755469685,50.332874952243245,1.9456089449343081
WH-NO-2,2024-09-18,Northeast,4764,198.19847722175192,97.89504761508206,76.33334480064549,80.8503661155906,4.459941928655371
WH-SO-5,2023-08-03,Southeast,2983,182.00771211579266,99.70299691000072,82.87309694990358,78.46115014493819,2.759912798794889
WH-MI-2,2024-03-09,Midwest,8008,144.655419965272,99.90689125809527,95.56228100578947,79.22454631612949,4.010257379488767
WH-SO-1,2024-09-19,Southeast,4805,234.99653644541044,89.69270528264899,82.45335963918167,75.29932622085343,4.435971862255985
WH-NO-3,2023-02-11,Northeast,8423,274.71297588885096,98.293745200812,91.30214828237258,70.88384216121644,2.1838332757028103
WH-MI-4,2023-05-07,Midwest,8284,255.23846673821714,99.69807643644502,95.14141505034323,68.23445179534325,2.2068237771825077
WH-SO-2,2023-05-31,Southeast,4905,233.53900550289595,99.498413975971,81.34553486947672,61.245837391966475,3.7695592408790777
WH-NO-5,2024-03-22,Northeast,3119,158.69299018334823,99.42204402944564,92.37652844285599,86.43652306617429,1.746798563832539
WH-SO-3,2024-10-15,Southeast,4151,229.0433501673055,93.24512816604744,94.5503953381918,65.68747767525804,3.4986274261857178
WH-NO-4,2023-10-24,Northeast,4633,243.5897702484316,92.48547572128061,88.38690405553284,57.647902009067266,2.923947581586505
WH-WE-5,2024-05-19,West,3770,213.5469938754195,94.58142351138642,92.83415344765052,50.20412211391905,3.406264886548208
WH-NO-2,2024-10-27,Northeast,4794,192.26992860969648,96.73032985156779,90.57800399191527,35.94562927722801,2.6674093992819605
WH-NO-3,2023-09-17,Northeast,5052,170.8846235284869,98.7734891100731,84.52140817753205,38.193372327851996,1.7666233566808591
WH-NO-5,2024-07-21,Northeast,4660,205.29857268320674,96.87445969119214,68.22421385039684,46.01352051195749,3.7190534581709485
WH-SO-5,2023-04-10,Southeast,8935,186.4569846327867,96.28092594106118,94.00410246069471,66.43214554528475,2.4236040049114544
WH-NO-3,2024-02-01,Northeast,5507,197.52165267819674,92.39429139082618,97.30992149604369,45.50786045246958,1.616265621737338
WH-SO-1,2023-12-22,Southeast,4180,258.75301398412233,99.7940898256063,96.12506701699598,74.55790726621224,4.0211985275749615
WH-SO-2,2024-03-23,Southeast,7191,201.0684448482468,98.52825079835274,95.75916922239554,66.24114534977805,4.33004792376412
WH-SO-1,2023-07-11,Southeast,5931,184.7391266951967,98.0933248487438,98.81963244080208,68.46959142857814,1.6126338208260507
WH-NO-3,2023-01-22,Northeast,6663,183.12052863245776,99.96991810121152,90.33312184194064,57.060531541000536,3.4378679117345685
WH-NO-4,2024-08-25,Northeast,2515,257.0845011660618,99.06125749758783,90.88553197960726,59.56480740853928,2.4106244845426366
WH-WE-1,2024-03-06,West,6787,147.6074770660522,95.3666978599209,93.77510961545264,84.37258095746975,2.593809264751132
WH-SO-2,2024-11-24,Southeast,4843,251.06195236667577,85.33396775805802,92.89120335852822,74.74985776729272,4.233088328371697
WH-MI-2,2023-12-17,Midwest,6065,234.67801283234624,87.3491616590573,96.81521020661928,39.40273831479304,3.010468213069687
WH-NO-4,2024-03-13,Northeast,4920,244.0521362238531,93.57072778827505,94.2600214494126,52.01847168522756,2.5599996675749126
WH-NO-2,2023-08-23,Northeast,4477,201.7810008783499,92.16680027550078,91.2919489919225,82.16399852922946,2.7564401031853385
WH-NO-4,2023-05-01,Northeast,9957,232.0516487696927,98.32646835531952,90.6395185679399,87.913304450465,4.211121725002605
WH-SO-2,2024-10-07,Southeast,3796,84.20930261035915,97.33312089035466,93.9009464129615,43.973268524521735,4.316840281849478
WH-SO-2,2024-07-03,Southeast,3835,190.1794528310571,91.6893424788504,95.25224112101344,57.64942371329235,4.46937959340977
WH-MI-2,2023-07-15,Midwest,4248,262.5701029885179,99.93449998927723,84.46275389740728,66.37004386712248,2.9194239689763037
WH-NO-1,2024-01-06,Northeast,4082,220.59407900639113,98.14174566107575,86.21551736036895,73.72434508729935,3.87866740538815
WH-WE-5,2023-05-08,West,6801,295.60366673309477,98.01897758932722,96.4009268451295,62.53432683245402,3.0826651954385897
WH-NO-1,2023-11-11,Northeast,4069,173.41090830979792,91.55701179942619,80.62541303162435,51.69705934751524,1.8141002941092863
WH-MI-5,2023-01-21,Midwest,5712,178.43272368733437,97.94207234140316,96.47015748355557,55.019798583922984,2.281209258200601
WH-SO-1,2024-01-04,Southeast,4776,241.52785968542412,96.08721235836128,98.18339617402133,58.48944606444574,3.068125006384816
WH-SO-3,2024-12-14,Southeast,3839,254.21023630703442,99.27260555195639,76.23962405134279,59.430305304558864,1.7335161424431238
WH-NO-4,2024-01-05,Northeast,3556,157.87051670747135,92.29995401994738,78.44955550964721,50.79838688221492,2.7409010094249338
WH-SO-4,2024-05-09,Southeast,7023,152.61040592904277,95.8815593559042,90.66696032956563,27.183041843048212,2.762765432088887
WH-SO-1,2024-11-07,Southeast,3728,233.3524240222265,86.20963514870122,97.16115040655399,90.81858787942558,1.5373995617718135
WH-SO-1,2023-12-12,Southeast,3984,194.26141977257808,97.98424279918133,92.14563669451486,69.43251974475777,1.5432112311722348
WH-MI-5,2023-01-02,Midwest,5764,248.91505117434843,96.14903698497123,89.2174681220352,76.16753566880563,3.5396351407316047
WH-WE-3,2023-08-24,West,3537,206.09461476898053,87.70528422813759,83.66676847731227,84.3624340885458,2.7052185788441125
WH-NO-2,2024-08-15,Northeast,3599,180.32663805570496,94.68283974557664,90.99714309150238,62.51863166294642,2.160271826516785
WH-MI-3,2024-08-14,Midwest,2610,175.5088606927313,95.58397403072819,77.59940916700133,66.79716487778819,2.6080539984784528
WH-NO-1,2023-08-09,Northeast,2271,226.03339350760342,84.90848581824608,87.59801516077637,51.25577323951356,3.9385727789464093
WH-WE-5,2023-05-14,West,9598,251.31120878699537,90.44513970015406,89.41426643913857,41.769196270152484,2.0768531505501544
WH-SO-1,2023-11-17,Southeast,5293,301.1094810026569,95.425900545344,76.24846756547839,35.32503204045894,4.113100320112251
WH-SO-5,2023-07-21,Southeast,7620,272.847385025113,99.65498342153445,92.14280836598712,50.40077624773834,2.2358700667028786
WH-SO-3,2023-08-07,Southeast,5602,191.80098542696254,95.7602245729831,96.19158210492687,92.34701210882535,1.790569118718923
WH-SO-1,2024-08-17,Southeast,4907,280.2777890605883,93.77531827227021,98.17106470132956,87.6466823912751,2.116858215840643
WH-NO-2,2024-08-02,Northeast,4302,130.972925932769,97.5996993136267,92.69638105554228,61.43557577860801,2.123481582886328
WH-MI-4,2023-08-21,Midwest,2160,251.6451373996918,99.15603184956107,80.97504788858949,69.7374093672752,1.9742567652577867
WH-WE-5,2024-08-29,West,1927,183.59791727173865,99.85789375094232,88.72800590435844,50.631426176718875,2.023256021682379
WH-NO-3,2024-08-05,Northeast,4360,317.39830880255215,99.98849479913449,93.19012867331645,79.07147880305178,2.0907498429114284
WH-WE-5,2023-05-11,West,3142,107.72869864545088,76.41247126406543,74.05208333090431,49.817381540880575,3.6837616123038286
WH-SO-1,2024-05-12,Southeast,5860,235.4369274154716,97.11084303574728,80.06646684454782,56.49342223552322,3.699768976780902
WH-MI-5,2024-10-11,Midwest,2423,179.93127306723886,98.67543883663564,93.24148758340134,61.89425055501941,1.7943735915392742
WH-MI-5,2024-01-12,Midwest,4255,204.83441866389012,91.17755899862226,86.30494842961312,66.42632685137649,3.0697192779872604
WH-MI-5,2023-01-30,Midwest,8333,229.1551138544832,94.45122848998415,86.39429950247609,85.31913177455505,2.5932099954675283
WH-MI-3,2023-07-29,Midwest,4475,181.62242268457578,99.69962509416649,67.45872079144979,26.573433485336444,1.7043260611158795
WH-MI-4,2023-08-26,Midwest,5395,280.98517144741413,95.44164930137187,93.03430589081287,54.02580353470613,4.451201739508553
WH-SO-1,2024-08-08,Southeast,4665,172.05716883168492,96.81546733348287,93.86379082660329,78.15458508000769,3.312689832816682
WH-NO-2,2023-11-04,Northeast,3853,277.57324964212853,91.96941663619643,83.2080936408737,77.76679537758523,2.633241090781142
WH-WE-5,2023-06-24,West,7120,194.4694666063581,98.14925864664053,85.53771052316175,38.9026689740398,2.8222120215859205
WH-SO-4,2024-02-17,Southeast,1098,134.13164503577988,96.69637353786771,92.91181297899067,35.46957576330325,4.1069825408655785
WH-NO-2,2024-05-13,Northeast,6836,160.5993001545554,82.60050800892141,71.00401084651511,75.91446313613176,3.563718325580468
WH-NO-5,2023-04-02,Northeast,7921,268.8767497363767,86.38207417929321,87.2837830057263,63.72329497467718,4.012322958589392
WH-SO-3,2023-02-05,Southeast,8476,179.63822201142355,96.98597742486749,92.84869564971046,30.317256988829367,1.870303107330729
WH-NO-2,2023-02-20,Northeast,4004,210.27186481124352,99.10059193101603,96.63180225078086,65.13134609524613,4.224597834339285
WH-SO-1,2023-09-15,Southeast,4149,197.92962355966196,99.1816217583201,84.09583372389227,74.39370962549494,2.1321170334998674
WH-NO-4,2023-09-23,Northeast,3717,247.44555260563487,99.61951915766146,92.02226171071256,39.836954133132494,4.218245026805878
WH-WE-5,2023-12-08,West,4851,184.479370490974,87.82309998458305,86.51982602681201,78.27969057327775,3.1461908060607446
WH-SO-5,2023-07-14,Southeast,5141,182.77682733453634,95.57615649533975,97.20996064669792,70.69630719936588,3.0895895680916907
WH-NO-2,2023-05-29,Northeast,6735,189.68143049901283,99.94064782142752,83.77489239930972,72.46299344383648,1.5926670004002532
WH-MI-3,2023-08-16,Midwest,4795,124.17293044411412,96.10990490130598,86.74208203477686,74.27337513596973,4.447929977537538
WH-SO-1,2024-06-05,Southeast,5827,201.76702720259212,94.8175917259178,83.60497957810975,57.58197385592162,2.1563532403294214
WH-MI-5,2023-11-08,Midwest,3692,135.49022592501535,96.65715383402643,91.71823871370981,80.2800998777883,3.7350867689812057
WH-WE-4,2024-04-08,West,4644,106.10606617120071,97.32464366258316,89.28979831879761,78.8864441614213,2.933602968031945
WH-NO-5,2023-01-15,Northeast,6532,217.18125036581625,94.49851083857831,80.37380430223492,58.89594661823022,3.9665307423309426
WH-SO-5,2023-03-10,Southeast,5416,122.05787320056946,92.81951397741682,82.17724375610038,81.33166180928887,4.413698923171026
WH-WE-4,2023-07-31,West,5872,121.91639507006936,99.49155923767921,87.31130035370025,36.14454518864466,3.020185730201977
WH-MI-4,2023-10-07,Midwest,3018,196.91120588429177,93.87607267815832,90.17693190832826,65.76980239610339,2.718027704521045
WH-NO-3,2023-07-29,Northeast,5990,272.2930107003471,96.54538744353742,94.67380452412438,81.46820496165273,1.518705589432769
WH-WE-2,2024-11-30,West,2593,190.2302258622222,99.57739796260937,90.3002712937558,69.09847888975362,2.8614372936989114
WH-NO-1,2023-05-05,Northeast,6060,136.98143709391314,98.73248463806885,87.61655515205533,75.87638967608419,2.2554786533811737
WH-NO-3,2024-04-14,Northeast,6198,170.71512171093102,94.30015866833195,79.4792515680296,66.66720178164444,2.38885850000416
WH-NO-3,2023-07-07,Northeast,4802,162.84802535039765,98.30076528774741,82.49760120631228,54.71294597118334,2.9123786505084173
WH-WE-4,2024-10-12,West,4049,175.54970173362565,99.20275304396324,74.31580970603558,44.80019820213227,2.871962769357427
WH-MI-5,2023-10-27,Midwest,2918,227.472434608519,94.10276078208054,80.60385011692684,87.38446521649689,1.5272017220697005
WH-NO-3,2024-05-03,Northeast,5750,218.36485361181124,89.93964787182759,78.91054622405976,68.33559880037473,2.143083443308627
WH-SO-4,2024-03-28,Southeast,2783,210.42230180062282,96.68217919692091,99.42614005311815,59.90260229083783,2.2059228894099223
WH-NO-3,2024-06-27,Northeast,7985,232.3722577510319,99.76489779204773,90.10071245907478,56.33588802726812,1.5455554936722131
WH-NO-5,2024-04-07,Northeast,9289,184.98257426065612,89.11258994849058,57.13383657159348,69.10731082866641,2.357332920470929
WH-MI-1,2023-06-25,Midwest,5252,194.7178778555332,82.04735467099698,97.45914571000957,65.35940501737629,2.891062201385391
WH-NO-2,2023-12-11,Northeast,3960,149.32015854268707,99.14082463396505,87.409614514569,69.16837091386041,3.831665855938713
WH-NO-2,2024-11-11,Northeast,2532,242.36510426052538,94.3737325692976,88.7214831921329,64.56287641390738,1.7197892916236615
WH-NO-3,2023-05-20,Northeast,9343,182.80057361313652,94.2743716079168,93.56611055658705,35.18461523555945,1.7774019924114604
WH-NO-1,2024-04-02,Northeast,4826,216.48500802174294,91.186705781802,87.92713991363496,57.851295633818644,3.469008750100934
WH-NO-1,2024-02-28,Northeast,4438,177.09696627955856,95.01251457255357,93.43688232928416,79.78744137436364,2.5922886213711767
WH-SO-5,2023-06-11,Southeast,7029,189.25402231663475,74.42771622519979,93.08012525548303,72.15131457248948,2.680927572592777
WH-SO-3,2023-02-28,Southeast,9406,203.5139489118302,93.46839482856348,93.39794664538155,92.59925813520887,3.94021877122967
WH-MI-1,2023-07-01,Midwest,1555,217.58286898749412,99.63626597226472,93.05559265991322,79.35815771367447,3.5379984321242173
WH-WE-1,2024-11-24,West,4852,190.10966210379715,95.74760603121096,93.0279001973815,94.20325568136371,4.316282485093712
WH-NO-3,2023-03-24,Northeast,5804,263.59919712192357,96.6190675194327,95.50942376057809,72.00793986186066,2.396391150475509
WH-SO-1,2023-08-23,Southeast,3215,188.96909397876266,98.48181331263078,91.58727153344161,88.21214808063692,2.596348432165987
WH-WE-3,2023-09-01,West,2321,179.99688326977926,94.13745867975011,98.73609956412825,34.96385772747851,1.7984454982110067
WH-SO-1,2023-03-01,Southeast,8892,219.48018204872602,99.92941013202226,88.15807611281856,76.14897923669925,4.325920844969263
WH-NO-3,2023-11-21,Northeast,3186,238.57710413041096,98.71735303369465,97.14166244253892,78.81759673162576,3.4457290821173787
WH-SO-3,2023-08-12,Southeast,4540,200.90894264375873,98.3450893068423,87.24614026015509,92.82871280822609,1.5271305376937216
WH-NO-2,2023-03-19,Northeast,8370,166.21352258337333,95.13046838189794,81.2571837759522,51.75157187433824,2.0633623015235947
WH-NO-1,2024-08-04,Northeast,4964,249.7772847647356,99.7179530538758,82.20617266219563,79.05171407487886,2.5849567855221363
WH-MI-5,2024-04-29,Midwest,5505,227.7789550763706,92.83115822852041,81.74862480100093,81.0410667790089,2.5923604134151574
WH-SO-1,2023-11-27,Southeast,2881,267.686626020891,88.15421362516709,80.46045883134623,76.1748928641494,2.86997801180802
WH-MI-4,2023-06-25,Midwest,5235,187.63477275614193,98.82808525624547,79.20820299956989,69.16639050788103,3.939328191994562
WH-SO-1,2024-07-28,Southeast,3786,187.96044548794524,95.46908312219887,87.44516795197134,70.25617400543128,2.2422650502283528
WH-NO-5,2023-07-10,Northeast,4406,258.98800728308686,99.1549655802466,98.05521893774983,69.37839567690477,3.5259385455170804
WH-WE-3,2024-06-05,West,3354,203.4629594865787,98.9649204999546,94.66697096449874,65.5814012305335,2.6469833598464025
WH-SO-1,2023-03-14,Southeast,4758,260.23259386004565,93.12777875697071,96.66842654752945,61.80197777052127,2.9632534938551793
WH-WE-4,2023-02-06,West,7307,229.80996512091505,94.84855611533109,77.46249221050154,78.83366285512754,3.891164217356905
WH-NO-4,2023-07-18,Northeast,4691,185.08057264523313,93.80938817697259,72.30125496688152,24.414486447400556,3.6484981305040107
WH-SO-2,2023-05-08,Southeast,7025,149.73459445541627,99.70278302510438,76.91798120141625,51.32092950186291,2.4744084297951234
WH-WE-1,2024-01-10,West,4745,271.8686488791313,88.47231685543753,98.6814417804051,81.17319661780769,3.7778984644553253
WH-MI-2,2024-01-11,Midwest,4027,211.93099858313724,82.61221187174084,87.21015682175147,56.335759487341996,3.7496592086479095
WH-NO-1,2023-12-30,Northeast,5537,152.77267417626888,96.30163741687596,75.8523514171516,66.3317302897205,4.434688961880073
WH-MI-1,2023-12-13,Midwest,3490,165.15610041189103,97.45622251334352,89.14734426494934,33.00418640220097,3.692561710880387
WH-WE-4,2023-04-20,West,5432,224.17143089133225,92.71150396937519,99.4735738127375,89.03338554070338,3.532108160309298
WH-SO-2,2024-04-16,Southeast,5013,240.4968249393788,90.83809937483397,82.06316727496174,68.5963331222739,4.1840453179543715
WH-SO-2,2023-10-29,Southeast,4233,144.74847727349842,97.50947684651285,91.56988769005262,61.47023490825221,2.3095198537066723
WH-NO-3,2023-08-26,Northeast,4726,150.10139167111743,89.71837961909527,87.17752142280169,62.32270403637944,3.398896322064532
WH-MI-1,2023-11-18,Midwest,4559,152.49768000310098,96.78780536834867,91.61737686575155,53.19494933151655,3.688672132798934
WH-SO-5,2023-11-22,Southeast,3683,151.71662266780814,98.97733010656201,91.72751478973183,60.09108144810159,3.3183323546173407
WH-SO-5,2023-10-24,Southeast,2220,128.77344754514894,98.89328894005843,93.14262815909896,68.41814934108608,3.649268133043404
WH-SO-4,2023-01-24,Southeast,5764,179.49360592840569,99.94878629927885,97.67509550142186,74.59278392442786,4.488655084211518
WH-SO-3,2024-06-10,Southeast,4138,94.57125085081297,90.76538719922569,91.50428436807663,66.59373057760921,2.7534054003977277
WH-MI-5,2024-03-27,Midwest,6257,73.51127537667132,98.52770043746794,96.25598636808849,44.80597153491355,2.637204200623399
WH-MI-3,2024-08-03,Midwest,3319,239.04519964509933,97.41608658315137,92.87353661551909,68.66016823678973,3.9230866990742324
WH-NO-3,2024-04-02,Northeast,7270,225.07645899398068,97.1538248494499,84.15131734981037,59.040809351815824,1.7492326388313577
WH-MI-2,2024-12-04,Midwest,3920,202.81435014915246,98.86384716578912,64.57564711358114,66.37062396169763,3.848619734629585
WH-NO-3,2024-06-10,Northeast,4121,139.56130525927767,91.2121666477862,91.37794095691231,68.5198298517106,2.6590137204960467
WH-NO-3,2023-05-21,Northeast,6850,192.1051224233871,97.30479889420405,82.23116393762562,54.33736518312897,3.1849525099179337
WH-MI-3,2024-07-11,Midwest,4630,178.20950072687103,99.12720613731447,81.33616961559224,63.18075101245607,2.2591535498561406
WH-NO-3,2023-12-28,Northeast,4182,171.0056476206128,94.45231589869883,84.888343534086,82.23566427331583,1.724491867406301
WH-MI-5,2024-04-18,Midwest,7765,211.43437934876843,96.02142975886328,93.26482295508417,70.32101447496903,4.414981215928668
WH-WE-2,2024-07-08,West,5069,127.0609577692536,97.15881777156427,82.0564211197447,69.91315792705525,3.26709913409975
WH-SO-2,2023-09-14,Southeast,3492,155.60129161123575,97.62346646509737,89.67289001746917,49.35243081657394,3.940699471516193
WH-SO-5,2023-04-07,Southeast,6608,169.1581222446735,96.09019921702786,90.93876080633785,77.6676134270829,2.5660125765950084
WH-SO-5,2023-09-27,Southeast,4272,143.0593975610011,99.84032370687352,81.80467291727965,74.80085000441305,3.1887909566820327
WH-SO-5,2024-08-14,Southeast,4513,191.01839646821037,99.73657167472028,81.64570827867766,50.936895580609395,2.557675724770268
WH-SO-3,2023-12-17,Southeast,6202,113.41302244385503,95.3843642682688,82.80884892836139,53.292087818162216,1.9749752792180693
WH-NO-5,2024-09-26,Northeast,2797,243.97239513637683,94.87115837004619,92.8812881615589,72.34045726946474,3.9066284770445634
WH-NO-4,2024-10-03,Northeast,1600,156.7254175643628,96.14942524227733,89.06395360084446,64.12230209770149,4.438726236910528
WH-SO-5,2024-07-13,Southeast,3870,259.41520163058317,97.264834927358,86.4077661925142,70.32929162437357,2.9162707492151254
WH-SO-1,2023-04-20,Southeast,8239,213.58291787390158,89.24432610851434,97.92943072085241,61.447171574488834,2.012883032624041
WH-SO-2,2023-07-28,Southeast,4676,108.98505147692501,94.85408645493834,83.16929200475825,51.17749559226612,1.537590634321122
WH-NO-2,2023-11-27,Northeast,6753,276.2333816203733,95.71817880438411,86.193343674081,64.0475179291199,3.5363445131588285
WH-NO-1,2024-04-07,Northeast,8260,258.44247348875615,97.86645076469213,91.33384015779357,46.99619758532655,2.241839808261429
WH-NO-4,2024-01-16,Northeast,5746,139.88512823317708,99.2254564691702,90.66593832730236,78.57583280451873,3.2527162521217416
WH-NO-4,2023-06-22,Northeast,5975,199.9329767651412,89.92512279007882,92.24658203124567,79.74204096848587,3.9175645911409624
WH-SO-1,2023-07-16,Southeast,4647,207.53751921763077,95.48886530657643,91.07756359597239,72.75991776263582,3.3241101668650845
WH-SO-1,2023-03-04,Southeast,9356,206.53933130020928,98.77339964363362,76.27642738715159,76.8501749963333,1.514984324471862
WH-SO-3,2024-09-29,Southeast,2374,151.9771001171516,94.49503267214914,93.20860351951356,73.80274398985807,2.717544625467518
WH-NO-5,2024-07-10,Northeast,5497,202.96611193380076,97.50185771959505,89.17275499771003,88.40941633116829,2.8080094648695373
WH-MI-2,2024-08-23,Midwest,3827,178.60838610414226,82.73058924092527,85.26306026669586,70.16946467844704,2.1806089318411064
WH-NO-2,2024-04-23,Northeast,7121,191.88732031397143,95.30878528434792,91.6675444417191,60.69516613512005,3.670721857981049
WH-MI-4,2024-07-12,Midwest,3279,203.00974714667726,97.15737105565128,84.60264666477651,55.57132219900354,4.272769325338588
WH-SO-5,2024-12-27,Southeast,5133,217.35919902856773,98.56835930536899,87.47554501470547,51.93626496067366,1.6035470117838844
WH-SO-4,2024-05-17,Southeast,6299,129.94163567591602,95.03730620463554,67.94182358767533,40.891941164763104,3.649961244111548
WH-SO-4,2024-03-30,Southeast,9217,238.11832481880438,99.25822544690897,90.41904016655322,57.05559659708086,1.8759504985919722
WH-MI-1,2023-02-19,Midwest,10208,262.55907396509554,99.6504220236677,95.55321174949776,74.49968545336687,2.596869639110874
WH-MI-5,2024-01-28,Midwest,4266,141.27071361195232,95.07782573688898,96.85034829670987,84.38514624336122,1.9080679807013625
WH-SO-4,2024-08-31,Southeast,3251,251.753255573542,93.19035119305076,77.71163875867863,65.45118846746779,2.122544063133538
WH-SO-1,2023-06-13,Southeast,4591,217.19377784124214,93.30202061557291,81.94957616576694,59.878893231422815,2.012698158057391
WH-SO-1,2023-11-07,Southeast,6925,260.45465972558765,99.71654295129073,87.73075961574808,72.88856233222482,3.3193125324768173
WH-NO-4,2023-07-04,Northeast,6857,169.10113752543046,97.57585332588718,88.55696401041541,88.62796874162913,4.0256998894327305
WH-NO-2,2024-06-14,Northeast,5119,226.26372198299586,82.7084766788809,92.69335566845294,79.573374269898,3.4985658453648676
WH-NO-3,2024-01-09,Northeast,6360,271.8790262729717,93.44518752904358,90.17269750880862,37.60755068997716,2.4596602842318123
WH-NO-1,2024-06-09,Northeast,4655,241.75907221333614,99.40490999203888,89.31911586595001,71.76471564420798,3.3820622706491306
WH-SO-5,2023-03-09,Southeast,7416,206.43165572122737,99.01853585880261,79.22872688209956,77.05355251961943,1.5774603694809484
WH-NO-5,2024-06-12,Northeast,6928,225.2510191767784,96.81671731816492,91.48910513709636,30.848351874430445,4.343691673991684
WH-NO-4,2023-01-18,Northeast,4477,208.49409979672032,98.61717261890342,81.19263631361848,46.68844042187163,3.0435514583919527
WH-MI-4,2024-10-23,Midwest,4012,217.64460296521412,98.90481051652658,98.30191643471018,38.6376345615852,2.666356599199676
WH-NO-4,2023-07-22,Northeast,4602,167.80213938771473,99.25188674271207,87.55963464365303,38.56433488505969,2.5754367498725568
WH-WE-3,2024-04-24,West,5842,280.70891020174065,91.48314067759208,94.1997491037917,70.67718214215515,3.3665378681378955
WH-NO-3,2024-03-01,Northeast,9351,137.68802521499558,96.44775368680665,69.69720361921303,78.08729594801737,2.5509927841623967
WH-SO-5,2023-01-06,Southeast,4852,221.1321926798963,97.01370892705702,92.58228062620424,67.58894839839787,2.4312573367196584
WH-NO-2,2024-12-19,Northeast,5049,242.81410726469593,94.53095932691785,94.51962093739887,39.392841759217085,2.7996772175552076
WH-NO-2,2024-12-17,Northeast,2729,273.2776063629002,84.17658504291673,97.51616405563024,82.58760016169674,3.2842264363392886
WH-NO-2,2023-06-11,Northeast,7357,191.67923628969305,93.01412806346582,98.10374685709347,90.33602284715458,1.7448182154964929
WH-SO-5,2024-03-13,Southeast,8377,122.24229052567986,98.40169095100623,92.37072659032897,57.575228940856036,2.808612150626323
WH-SO-1,2023-02-10,Southeast,9251,124.5223787362064,90.18423972669869,89.98399705777736,60.02985450598206,3.809540536987271
WH-WE-2,2023-02-04,West,6150,146.5792385993804,95.44959468558815,94.71371779948485,59.834194459363964,2.0008970444261633
WH-NO-4,2023-01-11,Northeast,5009,200.7792663906196,97.13500827689762,96.71845091892527,65.89235833344483,3.075193289940648
WH-NO-2,2023-02-12,Northeast,7780,332.4801882749916,97.07137166398195,83.87549452677494,54.228398536563425,3.999605071456074
WH-NO-5,2023-01-06,Northeast,5214,164.5898372896161,96.63366482266792,87.29899619828781,47.965380363523764,3.426644450155181
WH-NO-4,2024-04-29,Northeast,4146,180.20749932455098,98.51961743782583,97.71358009539205,90.98518025532051,1.9645478476502454
WH-SO-2,2023-08-03,Southeast,2380,197.86873552363917,99.15576935542568,91.97348404654242,62.23383536540228,2.046899747924801
WH-SO-1,2024-03-08,Southeast,11158,247.5206529499029,97.13541146949281,86.33296163380555,78.38730524226494,3.2198364025266204
WH-NO-4,2024-03-08,Northeast,4629,227.73318954499405,95.32161692602135,97.32631841485278,48.26994519890747,3.7861498283651285
WH-MI-2,2023-02-26,Midwest,5734,238.13953057929461,97.97984016634479,98.18101481781211,61.172494767199446,4.393279847067429
WH-NO-4,2024-11-05,Northeast,2114,294.33456072561785,84.66271899212119,95.70780143636745,62.49193319380636,2.4024527270749685
WH-NO-2,2023-03-08,Northeast,6628,95.75528470681914,97.5211420275485,78.19059090320533,83.84869982868548,2.502200963485355
WH-SO-4,2023-05-29,Southeast,4729,232.75409376755454,97.77359572993164,96.56946585190498,83.35807086539934,4.351918642828835
WH-SO-1,2023-08-15,Southeast,5263,219.63716915554076,98.18264631695163,95.37012687631076,11.349740646756619,3.1076024395349764
WH-MI-4,2023-08-14,Midwest,2648,199.768403778122,97.75039847194691,95.03961310139806,65.211805351299,3.917581205344495
WH-NO-5,2023-09-16,Northeast,2188,94.91168690219655,99.32902206839296,82.41042993251551,43.464275005013626,3.080366277747301
WH-NO-2,2024-03-05,Northeast,5840,224.23814964803944,98.30984937308574,88.5451002534267,53.96915871902414,1.7072134718575875
WH-WE-1,2023-08-05,West,2998,142.2976008978245,92.23961235862707,67.09585188845256,92.30165958772949,2.3244395082369373
WH-SO-1,2024-02-06,Southeast,5315,105.18916718384051,99.98096029864892,90.61198899129192,49.05179229136765,4.102663524361581
WH-WE-3,2024-01-14,West,6611,244.1140447980422,98.54090372369355,71.43878771155879,82.17821171894772,3.5781028548910525
WH-NO-1,2024-01-09,Northeast,4808,202.12697228798336,98.86817356522722,86.00458985124536,82.36529454176782,2.9815592544948175
WH-NO-1,2024-02-29,Northeast,4807,211.96741693783667,89.9264889980202,93.23975019723295,83.98658606779745,4.055216010058996
WH-MI-1,2024-05-04,Midwest,7851,227.7685491257959,96.22700812875141,85.42795728503387,62.87660172100571,3.838759952997035
WH-SO-1,2023-11-02,Southeast,4189,225.42981300128355,99.89236212435158,90.42862147439881,78.242931903046,3.587370713387214
WH-MI-2,2023-08-18,Midwest,5140,234.60137140167942,97.69862882498421,88.519600486907,52.43674551038875,2.2988124725507344
WH-SO-5,2023-01-18,Southeast,6217,197.45112238862694,95.74148068930782,94.72291594367167,67.57001648872138,3.0169600883108205
WH-NO-1,2023-04-03,Northeast,5466,251.76033723573647,96.7692318063116,96.90435389504506,57.171526310449885,2.174199839639805
WH-SO-4,2023-06-10,Southeast,6995,119.22101675676359,97.18158552015241,97.13433842633205,84.39958441024667,2.376471279460898
WH-NO-2,2023-01-13,Northeast,8178,167.5578426470543,95.38135487360339,80.74292793106986,57.72596062385659,3.7604152605086623
WH-SO-4,2024-04-24,Southeast,4926,180.2478999518964,99.24763641561941,85.01621439747215,60.3757324297932,2.009078354436119
WH-NO-3,2024-12-02,Northeast,5856,161.65222801352883,97.34646770153904,93.1026017483179,66.44007044048539,4.4782599094115225
WH-NO-5,2024-01-25,Northeast,7873,77.0753025157171,95.48799270837173,90.15433875175016,60.896163409983274,3.5420377101017575
WH-WE-3,2023-05-20,West,4873,128.64291971639125,95.31816312743119,96.69813917766291,38.868098812490395,1.8665786716520598
WH-SO-2,2023-11-18,Southeast,3805,242.4130495905961,88.68633735759433,68.77190993782621,78.46056002879571,4.246124542369206
WH-MI-3,2023-07-01,Midwest,3980,117.56204007278637,97.87158146466888,76.30571744447093,93.63863138850104,1.8288158444871068
WH-WE-5,2024-06-03,West,4853,213.07993955560426,92.14703646811934,99.64059851588212,66.41284842067046,1.8649874118130065
WH-MI-2,2024-06-13,Midwest,3857,207.83345387041177,97.90156988005795,92.844793591691,64.95125944199583,2.181173969860248
WH-MI-4,2024-03-18,Midwest,7030,146.5137475029815,94.9486407983649,96.85674117195475,60.128007383090775,3.830628841000402
WH-NO-3,2023-11-16,Northeast,5241,275.1680933349246,94.63288937824098,96.10513866037985,67.97707465261982,1.6889456634472197
WH-NO-1,2023-03-12,Northeast,9042,210.5743021454636,98.02343492315777,93.20846729640101,81.72566112549656,4.474578454827655
WH-WE-5,2023-02-11,West,7178,213.3259791516993,98.94326642790308,91.98139623118519,63.61548359822833,4.010301874074739
WH-NO-3,2024-06-24,Northeast,5180,187.82506578279936,98.8291742453884,90.44132494321087,51.885230513035516,2.1723193066858704
WH-NO-5,2024-08-01,Northeast,3520,197.0744463649312,98.56789415605226,87.45347104768184,73.19763341547613,3.308839829531482
WH-SO-1,2024-12-21,Southeast,3264,211.97249924037325,87.30246428713664,70.28655107784188,59.67478312446287,3.023451275862617
WH-NO-1,2024-01-01,Northeast,3995,84.71262312133499,97.80064124804522,95.48951118202713,86.84860554589257,2.337905090278807
WH-MI-3,2023-05-13,Midwest,7417,254.61753163737174,92.01092771913042,88.22913459516896,57.62090434014061,2.9124640106022794
WH-NO-4,2024-09-07,Northeast,4171,171.1088630402994,99.81181377273485,87.82001483438322,47.59690155231825,4.007640722715996
WH-SO-2,2024-07-20,Southeast,3141,269.35023335640955,99.73346435122991,80.85964059650499,69.94892435006669,2.19122959170324
WH-NO-3,2024-12-15,Northeast,5099,208.07961552746195,91.64414032049272,92.54376446213585,75.66215096258375,1.8232403753807436
WH-NO-2,2023-05-25,Northeast,5797,245.02311631674527,95.17293835001385,93.37356504227759,89.46684529354336,1.730159293309815
WH-MI-4,2024-10-28,Midwest,3511,155.89590341880262,98.59091258204809,97.17420567309456,69.22804727202352,3.3614365923037095
WH-MI-3,2023-02-14,Midwest,3965,204.5532732205203,98.74941946956022,84.59531395911884,77.6946693777218,4.487638700422733
WH-MI-1,2024-01-05,Midwest,4495,194.0669189565529,99.12494430731824,79.11221116465155,74.1682830527394,4.0391035164064135
WH-NO-2,2023-08-28,Northeast,3334,297.2206485484969,99.67871486207856,71.99600156257378,67.17641319992677,3.1556016240291176
WH-NO-4,2024-07-13,Northeast,6305,246.4014356343293,84.15769134416932,79.48385541379045,67.14744527129216,2.936857792668249
WH-NO-5,2023-12-18,Northeast,4640,164.60195106885925,98.06532715798467,94.59087956662295,69.45067630244989,2.2771479027480623
WH-SO-5,2024-04-30,Southeast,9574,219.5585550312992,77.56345258008581,92.7083789826192,49.99449619563769,1.947462726128239
WH-WE-2,2023-01-20,West,5211,148.8716794785379,93.53488395662994,82.48433756366589,75.47702017125023,3.066834486847009
WH-MI-4,2023-06-07,Midwest,4152,163.2063591092293,99.70529886567824,78.82712758751148,48.18417490393351,2.5446014515468907
WH-NO-2,2024-01-30,Northeast,6005,187.19611584610047,75.33737995841422,92.6161116500549,81.50493312036122,3.14345810384698
WH-SO-3,2024-01-24,Southeast,6184,124.43771867459813,99.92194236412357,89.7186674751832,60.03976061336807,1.9134625916348615
WH-SO-2,2023-09-22,Southeast,2064,112.01806766606758,95.04088888876673,94.05462881504909,39.72699623443503,4.285884196383004
WH-SO-2,2023-10-04,Southeast,3808,115.03185132666897,94.30425362254722,94.14641092307784,84.08393552046927,1.754362500791589
WH-NO-2,2023-02-19,Northeast,4785,184.33778549261996,95.31875160418282,77.40045993922942,37.27161827346503,2.2207448416783633
WH-SO-3,2023-12-06,Southeast,4229,150.92555558650287,95.9433966606144,89.04762200190434,62.52511018182487,2.714032937341334
WH-SO-1,2024-06-14,Southeast,4896,236.96118494751744,96.23227710316289,95.41062406882367,47.8996322504779,3.438786439770997
WH-NO-1,2024-06-23,Northeast,4500,296.92079531004424,91.99184989611923,90.31089188393379,79.3432206031957,4.181559629751452
WH-SO-1,2023-11-16,Southeast,2068,125.19744130346646,97.40746880553097,91.58962423809054,82.77321898452554,1.519789381501412
WH-NO-4,2024-07-19,Northeast,4365,171.55509622054888,98.587287461234,94.28874064097208,38.438186464725426,1.8466800751045511
WH-SO-2,2024-12-01,Southeast,3328,108.89382362141487,99.2518835241723,70.22259345604233,57.18597435251996,4.034496809414607
WH-MI-4,2023-11-29,Midwest,4230,122.1439816190848,95.78724412378108,97.98161370126115,64.45830168578975,1.7231012814222217
WH-SO-5,2023-03-26,Southeast,6006,117.76447702494434,99.75179321079052,92.84584325676725,59.63425687848374,4.224516081919372
WH-NO-3,2023-12-20,Northeast,5152,258.03800277764753,83.62562264204405,70.96927438288725,91.32029501288626,2.6215201749869523
WH-NO-3,2023-12-08,Northeast,4772,152.36539919702608,94.3876864879141,96.30718281307712,39.63821434158593,2.060982322951492
WH-NO-2,2023-06-09,Northeast,6490,172.33100194839582,89.70708124788365,89.47906299362262,35.541234548825884,2.3392844965916204
WH-SO-5,2023-12-04,Southeast,3317,251.64407464396993,95.0696712003207,89.57257760361395,82.32122523404705,3.4421843112096764
WH-SO-5,2024-01-15,Southeast,4550,212.9591484323196,99.08809883999199,90.05174876480567,76.98992002340242,2.429085073544126
WH-MI-5,2023-08-22,Midwest,4381,148.35526557350397,95.22494635307109,97.6112991927092,85.49231883298162,2.105309282368707
WH-MI-1,2024-03-24,Midwest,7154,235.11410683639207,89.00592729959818,75.72872838697482,71.35998946291488,1.5894331031172961
WH-NO-1,2024-04-06,Northeast,7471,165.26969446990756,99.7475353043734,98.31107260547107,85.69667448047225,4.296688519864855
WH-NO-4,2023-01-24,Northeast,6294,110.61935859451484,93.82209847982898,93.140288201336,78.95845703794751,3.4328536196542285
WH-NO-4,2023-09-20,Northeast,3983,182.0669904849999,97.22195908733359,92.22616211371665,88.59234929926052,2.905507764239707
WH-MI-5,2024-09-15,Midwest,3282,152.86850077024638,98.65015470464556,94.6671327964422,72.36387539051798,4.450795964007972
WH-MI-3,2024-06-22,Midwest,6568,143.27196528285077,99.43450443997897,96.66412248438876,63.76829840165678,3.5437360594310943
WH-NO-2,2024-08-20,Northeast,5030,214.28601748707058,99.68932139085794,87.45525873960578,59.72782435156315,2.6905085399963355
WH-SO-2,2024-07-11,Southeast,5312,112.42225604722907,99.15381539788027,83.90277206754094,28.298801867712424,1.8575570093012939
WH-SO-1,2023-11-02,Southeast,2966,215.9064559569724,95.98018270213811,92.38659446078448,85.71610807169623,3.1106772227978188
WH-SO-4,2023-09-11,Southeast,3708,171.02016197599534,99.66195686233321,96.8029104383617,65.09206313420425,1.6843543628383393
WH-NO-3,2024-06-04,Northeast,5933,201.47738999714414,95.04145067641792,86.2866780927081,83.64680787970096,4.32601301024808
WH-WE-5,2024-11-22,West,4926,157.57486147062053,99.49287007288267,90.60133390706503,85.40089491754311,2.4078271988304323
WH-MI-4,2024-04-18,Midwest,6103,191.7228955904566,97.56674081838038,95.81385528867338,80.40996260142622,1.853913400935332
WH-WE-5,2023-01-07,West,5096,193.5794967458281,95.72366394996791,86.44671352995232,70.15362712305377,1.9205634899034978
WH-NO-5,2023-11-17,Northeast,4237,140.59804931969492,97.34255919644464,95.53699391770081,71.40531367057832,3.898977626167128
WH-NO-3,2024-01-26,Northeast,3525,199.40099488931122,96.4986270235513,91.80926697259744,65.03397492657662,1.7093145801719989
WH-SO-1,2024-08-01,Southeast,2748,207.20838294748546,98.83663529778774,86.72050016648382,72.76283118830372,3.0853043679768026
WH-SO-2,2023-03-31,Southeast,9284,168.43678523701138,94.69302498681273,86.43225567478045,95.85498681796282,2.6012289206403345
WH-SO-3,2024-11-07,Southeast,5041,123.62174215003888,98.90723722678902,85.83454385697821,63.66896096774531,3.168714321698619
WH-MI-1,2023-01-01,Midwest,5504,231.46744725551335,99.99008758703849,70.35589038759917,83.35688235444074,3.8824756443746926
WH-SO-4,2023-04-05,Southeast,5313,136.9970958952548,99.36839850312505,80.88075772995177,46.9689728950395,3.0074795868107804
WH-MI-2,2023-03-23,Midwest,10644,230.13277007080214,92.63818437221583,95.18923500817452,70.08525098606589,4.257767610183027
WH-NO-2,2024-09-05,Northeast,3594,215.8228833930061,95.75509288779045,85.44099974097166,47.4428997169856,3.3598153829542525
WH-NO-4,2023-08-01,Northeast,5217,174.86203351788413,84.96897681556649,90.58266486171243,67.12057619001676,2.998628753026602
WH-SO-4,2023-04-26,Southeast,6127,256.98961277692706,97.58460120189324,83.28322170683514,84.66975644845353,1.6913893982362134
WH-WE-3,2023-03-25,West,7761,154.69332360189802,88.28135192432698,89.30360731372413,59.450208849336406,2.166967073697538
WH-NO-1,2024-10-06,Northeast,6500,267.6956489889344,96.06357355744001,85.56557174465644,60.38847552217387,2.8702276282225534
WH-NO-3,2024-07-19,Northeast,3406,266.31523378173716,98.63905196316512,68.98880657677647,86.57030008141786,3.255637768301375
WH-WE-5,2024-02-10,West,5849,216.471239946518,97.69430127697093,82.34576960456596,84.03899186244543,1.5463282901329092
WH-MI-5,2023-10-04,Midwest,2522,275.2141346860966,99.49026319622607,88.3438302685644,60.6464216727155,3.154753546417688
WH-SO-4,2024-09-17,Southeast,3931,235.54894485216587,95.44756866041766,97.79146185658108,39.66398218226981,3.029409721839736
WH-SO-2,2023-12-08,Southeast,6520,218.35616213614315,96.71303031466425,67.80123138105552,45.616041501929814,3.6483654627322215
WH-MI-4,2024-05-22,Midwest,6402,307.7189712580269,99.46965538212292,97.0986957159721,69.55431636615693,1.6334850238692509
WH-SO-3,2023-08-08,Southeast,4343,174.7862184096888,97.03858710346455,88.93014619423354,71.08245583455567,3.7064895487692624
WH-SO-2,2024-01-11,Southeast,3123,256.43228066720417,96.63012203843134,92.48957017548632,50.93402127849625,2.055180589997404
WH-SO-4,2023-09-06,Southeast,3674,165.2879436571789,97.53000728256612,96.0028789846772,32.197271136593635,2.1180097104735296
WH-WE-4,2023-10-04,West,4107,257.26425913764905,94.39473937190613,89.35435650589481,78.99992548863074,2.8676069107862747
WH-NO-1,2024-04-05,Northeast,7367,152.95154880731067,96.69406886500539,81.28041477826872,74.11388104066492,1.561853246249573
WH-MI-4,2024-07-18,Midwest,3599,202.45506082306383,97.99395337799504,98.77485525680672,62.24752738474153,3.817669507931641
WH-NO-5,2023-07-17,Northeast,5255,164.00217189571143,99.48617439249446,93.07163546998119,61.84630454882555,3.3163852221009433
WH-SO-2,2024-07-15,Southeast,3747,184.92566546004184,98.05633089100733,77.5847163052005,26.787922339791255,3.2858521071970115
WH-WE-3,2023-06-01,West,3677,178.00442359080316,87.54284251878613,70.97035714531289,76.09877200530607,2.729029474647672
WH-MI-3,2023-08-05,Midwest,4943,301.12025065297405,99.92183158485346,94.4500324229651,51.085280910372376,1.7076054372900118
WH-WE-5,2024-08-06,West,2103,148.48114158934044,97.59328699993709,81.524021414736,38.85946309589548,3.0075577483139595
WH-MI-5,2024-02-01,Midwest,5587,268.17871943664755,88.20441121812999,97.35455474073437,73.05884180242134,4.070961739855934
WH-MI-2,2023-01-01,Midwest,5581,213.74274853437052,95.23560761174944,72.88547938093717,55.49909818534383,1.603319099874577
WH-SO-2,2024-01-23,Southeast,1607,205.72246919979779,86.90073336530433,75.00236710419449,60.9354084887248,2.214735652883677
WH-SO-4,2024-08-28,Southeast,3479,186.46056542988094,92.23473108966121,93.75537973547675,75.29854118724928,3.5621786105283118
WH-NO-3,2023-01-02,Northeast,6882,163.56554534206523,97.66064418346538,84.18926401826945,54.99801233425018,3.8090720196772536
WH-NO-4,2024-02-18,Northeast,4479,228.31202838847338,85.70673663352211,82.64332256724936,53.980969856149194,4.049896220294794
WH-NO-3,2023-06-04,Northeast,7918,230.60531401779514,91.10519777721551,89.30884184567593,46.65079078762508,3.0168733065074234
WH-SO-1,2024-12-28,Southeast,6279,192.59500938276008,99.97621838085217,88.51672555896167,59.773323448476354,2.2886098631678684
WH-WE-1,2023-07-18,West,2613,205.8059152016934,99.10293844684853,94.25309296447392,67.8560251119254,1.7887306051085976
WH-NO-4,2024-10-02,Northeast,3940,159.56679299669193,99.140670265271,76.4262238409218,72.08083064609171,4.450203223523851
WH-NO-1,2023-05-02,Northeast,8353,217.42662577886304,89.7020588435726,93.06646001893813,56.922804879758516,3.857331563608934
WH-SO-3,2023-05-03,Southeast,7580,201.34289082246806,92.39923646844372,95.75610251280136,47.69596892984692,4.192457942293664
WH-NO-3,2024-02-28,Northeast,5066,183.04047893666723,96.77029437570933,86.75802758109366,72.36347976606311,3.586352867513217
WH-SO-3,2023-09-02,Southeast,4042,217.22659451823048,97.12381339144669,91.6384359601258,36.69156170536051,3.9177176567382497
WH-MI-2,2024-10-03,Midwest,3269,189.45866526874516,97.98976358185172,99.56530367519896,69.19087809027074,4.424161795713679
WH-MI-4,2024-12-08,Midwest,5391,200.53788160635318,95.33987040655184,96.60692823154848,57.551825873265194,4.2359402543374145
WH-SO-4,2023-05-27,Southeast,5619,177.5117631387914,90.71327838097137,94.36606399696517,38.07606340139713,4.316375692294169
WH-NO-5,2024-08-04,Northeast,5814,219.8623698539832,92.8021437635785,81.50148084540828,81.89770714708425,3.9886313994787006
WH-MI-3,2024-05-08,Midwest,5329,235.58230403484467,92.12997974678528,90.36410664519558,69.59414567215718,1.887871747483592
WH-WE-1,2023-08-02,West,4956,210.59856062225617,93.42963314209281,92.03081154149648,77.71146049450398,3.3176845177412355
WH-MI-1,2024-05-08,Midwest,6038,164.69699905730383,99.2737491206404,97.98045675040127,50.52271945763898,1.642404911475408
WH-MI-3,2024-04-25,Midwest,5520,194.85370817138823,87.19124341461206,95.61430934426008,76.18962823272902,3.441197275649035
WH-MI-3,2023-02-10,Midwest,5202,138.60371699860843,90.24501501921299,92.25836898430559,76.4290082536974,2.690880189660686
WH-MI-5,2023-09-12,Midwest,2932,133.00051738918333,96.489459574556,96.27009198984844,70.23802259360639,2.0308866369575935
WH-SO-5,2024-11-04,Southeast,5563,182.2247294264646,98.51215245453548,78.85329796293831,73.03037837839699,3.4330781734240734
WH-NO-5,2024-09-03,Northeast,4017,203.26168776438845,87.84126636104624,91.64272779469884,46.2750974123381,3.7264223169199995
WH-SO-5,2024-02-19,Southeast,4878,148.28171289662876,91.09972632856974,85.34073975904415,91.4711705624374,4.272467000130844
WH-SO-4,2023-01-27,Southeast,10772,171.87591793087623,92.94343513540326,76.38113458313805,77.17036359090612,3.2848901410609987
WH-SO-1,2023-05-14,Southeast,6005,154.8094644061062,99.5549852645925,97.10368270111036,37.082993292801866,1.7545295558826852
WH-SO-1,2023-07-25,Southeast,5373,180.8894004650108,99.79103959682149,92.51682200254511,70.81022678022167,3.426017086674673
WH-SO-1,2024-09-25,Southeast,4461,233.87270584420736,93.94824632847937,95.33198670645218,59.589765394870106,4.125642668019369
WH-WE-4,2024-07-01,West,4623,181.1981704196946,91.80106187570442,98.24070338817764,90.35063209810228,2.0909415211098246
WH-SO-5,2023-04-21,Southeast,7620,187.83050065833382,98.32987203378387,84.4837276790989,70.51055260201063,2.431396966255485
WH-WE-1,2024-06-25,West,5079,196.59806109576326,95.23881754722862,84.71263235173559,59.778826634130134,4.424358891823694
WH-NO-2,2023-04-06,Northeast,3691,265.3394975999042,96.07721790342941,86.30472866830516,53.10554157536531,1.689561185340701
WH-NO-3,2024-11-19,Northeast,2951,223.9553559679701,99.0494661972759,92.63704402274378,55.96614835055167,2.870671542616918
WH-SO-1,2023-03-04,Southeast,8105,224.24491472567914,95.22577465499711,72.78013210083674,34.189796057073586,1.675154697507436
WH-SO-1,2023-10-30,Southeast,4894,242.42296386963457,99.78183278067443,80.58599445718049,71.29135600502305,4.393632507801943
WH-SO-3,2024-11-23,Southeast,6700,123.90909477015313,98.97019605326642,88.69687965864814,52.76628769494835,2.4638451249612614
WH-WE-1,2023-10-24,West,5250,109.36743779076582,95.59661911928306,81.00075882967703,76.5751675540146,2.5651820630665876
WH-NO-2,2024-01-18,Northeast,7782,204.70217180156163,91.71062926828817,82.79357029742843,53.334945914823095,1.5432778060274621
WH-WE-2,2023-01-07,West,5755,137.8223671461025,97.13827832421093,81.99133092678164,54.681682605595974,3.766884719874584
WH-SO-2,2024-06-21,Southeast,6214,163.55610643143865,95.41237522154977,92.61485258135575,46.83427870510229,1.951434247740641
WH-NO-5,2023-09-01,Northeast,2299,175.71678374958327,99.92937718021186,91.8993034950896,75.63865078635621,3.152551554784514
WH-MI-1,2023-09-01,Midwest,3455,198.9294909480499,86.319011747758,98.42347977739993,77.33099418670476,2.155742777934772
WH-NO-2,2023-10-31,Northeast,2870,140.35551916291098,92.57134205060265,83.03600089233075,86.36005163402601,2.985747570460476
WH-SO-4,2023-03-01,Southeast,8542,215.2089830626105,98.24983036803202,96.37987091068791,31.58604834942325,3.0532148929530267
WH-SO-4,2023-02-06,Southeast,4571,241.48240585592637,93.08351670391598,88.01292612761168,37.27180194278571,1.6721977938263173
WH-WE-4,2024-03-28,West,8575,109.2122533491986,97.66814251721601,83.29021523918848,38.18114492962208,3.8791664637720706
WH-WE-5,2023-01-07,West,5057,75.57426979445971,98.89036762093464,91.25865112392515,70.90158001904766,3.664796087494248
WH-WE-5,2024-06-06,West,5835,221.4009456609563,87.56689051595113,96.2361769066102,34.64791248639054,1.9448321539238895
WH-NO-4,2023-08-29,Northeast,3602,215.71920535755734,91.2568372861286,77.73325523901582,57.17188618040344,1.6328709459966446
WH-NO-4,2024-11-17,Northeast,5934,281.9474548998363,86.09142914381708,80.91535355993332,53.36792487291069,1.9259373699728772
WH-WE-4,2023-07-08,West,3813,296.9527319450668,95.98752758510985,88.75885189030652,74.94885231875793,1.687786431505581
WH-SO-1,2024-03-29,Southeast,8390,255.23309263282223,95.89349064858958,96.79832731497264,70.36497730678353,4.499266860231495
WH-NO-4,2024-12-22,Northeast,5527,246.5963065464072,99.90796486544335,86.48084171454232,84.38417716388066,2.016511977461349
WH-NO-2,2024-05-19,Northeast,8786,158.78995713274952,95.06965651387328,88.79746234503845,58.012766097635804,2.033053004300165
WH-SO-1,2024-10-11,Southeast,4625,197.84014192949738,94.80737722298868,93.98154954826215,78.72115841057877,1.5305276523305833
WH-NO-4,2024-09-26,Northeast,4172,200.0561533947677,87.7357951871642,91.02858269123838,66.01461607384425,3.1390879922451336
WH-WE-3,2024-06-19,West,7252,228.14543909497615,96.61400007574589,97.32567760705973,80.67074900820282,3.9401134455477345
WH-MI-2,2023-11-07,Midwest,3737,121.98527367670384,73.79954417388228,92.49092563534424,63.17633265868766,2.582815641603245
WH-SO-5,2024-11-09,Southeast,5346,188.1283627041811,96.07305166614123,88.5070834682837,72.92371064557013,2.850568053674181
WH-NO-1,2023-04-21,Northeast,4020,127.63642816238101,98.61687891537623,95.46425770870957,76.9846107263448,2.928988836337542
WH-SO-2,2023-01-29,Southeast,5952,203.63818878715247,96.55080606390156,93.13838150828165,79.65863535588258,2.4761156388168915
WH-WE-5,2024-02-17,West,7808,226.37779767950857,89.73555635786002,93.24600443880774,63.63962619443664,3.554636987454129
WH-MI-2,2024-12-25,Midwest,6974,209.8591355990133,94.88443835023345,85.04363519945073,50.934070310922266,2.082959600646127
WH-SO-5,2023-04-30,Southeast,4061,305.79983183524155,99.88826666286968,94.9394498780233,80.68211437597357,2.1470058717303893
WH-WE-1,2023-07-24,West,3665,169.65800960400162,98.70021355133399,88.25941434997236,50.82523945676625,3.9315034458729636
WH-SO-5,2024-05-02,Southeast,5100,205.77180724660542,93.09467873117532,79.3808430156399,47.06746637483088,1.8956571588984061
WH-WE-1,2023-07-08,West,4997,83.08425062363996,96.9022769520295,94.83059594049341,74.61209137995664,3.7725175782138893
WH-WE-4,2024-02-06,West,2389,252.2316703142804,93.52413701755927,92.37891672677102,43.035334792171206,4.4526695688451206
WH-NO-2,2024-10-11,Northeast,3343,106.8343186890279,99.63121542613851,93.22533844744136,81.98389103137644,3.3055295830208298
WH-WE-5,2023-02-18,West,8222,150.0096852176057,96.44104632233339,87.64197391860833,85.02688178332683,4.141809411027117
WH-WE-4,2024-01-13,West,3768,228.8358753448884,93.74098175195475,79.78559563422108,42.871479146404404,3.7381916964596797
WH-MI-2,2024-10-16,Midwest,4991,287.0463705535267,95.81818613922432,97.54046096484007,76.70270829710516,4.331880044952955
WH-WE-3,2024-08-11,West,6542,167.6562954212853,88.0212216194095,80.84927511822602,84.60498449595254,1.6494123543338493
WH-SO-4,2024-05-24,Southeast,6320,161.654471316163,97.41517532868028,91.67307806589662,47.34627441284653,3.5647079280490335
WH-SO-2,2024-07-17,Southeast,5788,234.4313177981241,94.2968026232694,87.40802389987307,76.36818989979116,3.4659421703824638
WH-NO-4,2023-04-25,Northeast,9371,327.96544686094654,99.18219315621862,94.99653970448925,63.233768096950186,2.6793233663061886
WH-WE-5,2024-07-16,West,6088,251.64753615181485,99.82256711951212,77.26226451997653,68.92367977030105,2.7004125240476844
WH-SO-5,2023-07-31,Southeast,1017,209.4446797002115,98.80808701351927,88.3145893682458,45.51682555789006,3.5239972847655983
WH-SO-4,2023-06-04,Southeast,5113,107.2241752195517,91.29394754130226,96.25602945862637,73.6153046878144,1.8546125415427936
WH-WE-2,2024-07-08,West,1825,159.4598481243844,97.08055164387787,88.25566426368032,74.3940025900699,1.7746896958072709
WH-NO-1,2024-05-16,Northeast,6409,259.07171124228313,96.06749807731441,83.64788850550394,32.50223851791274,3.529385654656737
WH-WE-1,2023-02-03,West,5063,148.7063035434022,98.15844625105842,89.08255692131111,73.63064585964804,2.7475341283075623
WH-WE-4,2023-09-03,West,4307,128.75776922417975,92.86724261613864,97.46249503216175,75.50094025779573,1.8043732010649558
WH-NO-3,2024-10-23,Northeast,4501,177.42431453628566,98.25185374750099,82.02397725425094,70.6091504067567,3.2935387167080448
WH-NO-4,2024-08-19,Northeast,4313,220.726223464039,93.32360995505228,87.20316321244276,36.341749478072565,2.5767897211726183
WH-SO-2,2024-05-07,Southeast,5747,213.89990514042324,87.99459273377394,94.6033675141938,64.79583529517264,2.2634695790409882
WH-MI-3,2023-10-02,Midwest,1729,249.74512774428666,98.3420406391661,86.56683978163088,87.85224480600026,1.550336878311116
WH-MI-4,2023-09-18,Midwest,4621,160.41126124160456,88.22818309443804,93.27055337503634,43.87519899120438,1.784021247280982
WH-NO-1,2024-09-15,Northeast,2525,170.99039624319153,91.34107506743614,93.90038916097568,85.0997594615235,2.644739930829984
WH-MI-1,2023-01-10,Midwest,3788,204.1978957011344,98.94168213537195,93.45342040408828,86.32775200384873,2.729907954373136
WH-NO-2,2023-10-08,Northeast,2378,184.4807736373111,96.75284447021076,84.84654955663854,46.971780758988984,2.8532034362451526
WH-WE-2,2023-09-27,West,4887,224.3524096554698,90.98074453411328,90.40389679681302,54.75869331682488,2.182298846647382
WH-WE-1,2024-05-28,West,3462,196.41418999318722,99.11198040544967,93.6367150637061,77.66110887772291,1.6192904998461062
WH-SO-4,2024-08-22,Southeast,2868,164.16228039270084,90.84962406747222,87.17251763385833,68.1282306850118,4.029600202570489
WH-SO-3,2023-04-04,Southeast,7075,153.8316618525932,87.9986656996785,94.2978596666033,71.00542023691774,3.5465035412121635
WH-SO-5,2023-08-29,Southeast,4664,207.72388538798677,98.57645838911287,92.37285053525163,58.55664639169108,2.7488721144724626
WH-NO-1,2023-10-16,Northeast,2052,136.0676153273315,91.80495617248764,89.67221785486224,70.6939967719741,4.130491061213627
WH-SO-1,2024-09-27,Southeast,3899,143.7914027921979,97.45819123115248,92.14765280864928,87.63197030124323,1.8220759376295748
WH-NO-4,2024-09-29,Northeast,4516,-6.527043061092627,94.05484717922063,85.44088039903059,88.40596098467182,2.5469984023941095
WH-MI-3,2024-06-21,Midwest,7013,265.57419144844044,89.68605368449637,89.81512539739886,75.80519779964743,3.9891664372399953
WH-NO-5,2023-02-28,Northeast,7358,252.39437060651917,82.64546589385073,96.27624233641947,72.80085813219537,1.756845026722214
WH-NO-2,2023-01-04,Northeast,500,241.84530915776125,99.55669113262176,79.9816385087869,79.92006496247927,4.109521503467812
WH-SO-1,2023-10-25,Southeast,3112,159.54251394581019,96.91320871802101,89.44243838062111,77.59353000561543,2.5511974416881404
WH-SO-3,2023-07-29,Southeast,4227,184.7534523490407,90.05843166017331,92.81506525349812,59.07907305768778,3.7233690225956226
WH-SO-1,2023-01-24,Southeast,5179,252.01032906624886,99.207589531818,93.07629528589146,78.12630561909693,1.7269815624502314
WH-WE-5,2023-04-23,West,6932,196.62912367704337,85.35024427492785,87.53616114736064,51.95443172107262,2.6747562904443347
WH-MI-1,2024-02-29,Midwest,4481,298.8544434516537,99.28342477487641,95.86814974096507,45.35116659284082,4.174532069070414
WH-NO-3,2024-12-05,Northeast,4987,175.06783812918513,93.30333022405125,90.98841836349197,43.46233123114001,4.226401738323786
WH-SO-1,2024-04-30,Southeast,4559,95.18988788431577,85.7087777268723,96.10532470867545,71.43079766957928,4.190267335667437
WH-SO-5,2023-08-04,Southeast,3763,166.2730947267177,96.28235186448127,97.89418882304895,81.30710793700906,3.793325128698023
WH-NO-3,2023-06-22,Northeast,4622,273.841151639715,99.19406184138207,95.59538413246929,35.51955174830381,1.949963821360644
WH-WE-5,2023-10-13,West,3790,190.80894770354456,93.4749814448971,82.45676088696473,90.4581598213009,2.6762546137913485
WH-SO-5,2023-10-25,Southeast,5041,231.92630507655542,92.90839519269956,89.74355713382903,58.67488496957627,1.5968089024671506
WH-NO-2,2024-05-21,Northeast,3653,235.46576281059805,98.05646315303156,72.74940854857908,78.13829907016758,3.8134023971405675
WH-NO-4,2024-04-22,Northeast,5130,258.36755668053377,99.91522486908954,92.16125171985942,32.10917539602141,2.0052141865069824
WH-SO-1,2024-05-04,Southeast,8655,205.00763295674454,92.52201070517334,91.46197858650383,74.12559140811817,3.0967214085060837
WH-NO-4,2023-11-02,Northeast,3253,192.6660174212096,94.12766274204,93.49757830897809,45.257656113568885,3.8620837753157935
WH-NO-2,2023-03-16,Northeast,7062,231.86993339018704,95.49746215441701,77.8249879080504,66.8867924097836,3.6500035876999433
WH-SO-2,2024-03-22,Southeast,5757,247.72828652179388,89.04071243520258,85.9451457420491,90.9794509083936,2.9723472376106312
WH-NO-1,2024-04-10,Northeast,657,101.20490459270574,98.84009736001018,87.87942824572987,67.87947339626422,3.3395648942847926
WH-MI-1,2023-09-13,Midwest,2201,219.54518875633866,99.08894139506286,87.16603666173756,49.92606300264544,2.0016700659846856
WH-SO-2,2023-01-29,Southeast,7330,231.44073013957686,86.24923724990906,91.95648237367836,55.22079157157369,3.816456165620343
WH-SO-3,2023-10-10,Southeast,2552,145.81966612646426,98.76427693174011,77.88202553095083,64.2948355192239,2.5115430980336466
WH-SO-1,2023-04-01,Southeast,9189,150.98764925103436,99.37646576893435,93.62561900883088,62.073317052202384,3.818374438660443
WH-NO-1,2024-08-15,Northeast,3963,95.62383215506196,98.53022339183691,97.94388077006094,72.52636324317385,4.3987403815124875
WH-NO-5,2024-09-19,Northeast,3688,225.50599343916986,97.62214410716817,87.49240050705866,79.97163091390081,3.258993096389549
WH-SO-3,2023-09-08,Southeast,3434,119.3618728970385,87.79919642330191,97.30975319216937,74.04747040742558,4.407027934975969
WH-MI-4,2023-09-25,Midwest,2652,181.1827753120107,91.85940151216487,93.330933345111,44.99756974840661,3.5488908278568148
WH-SO-3,2024-07-11,Southeast,2220,236.6945739639449,97.70495036852508,94.51031220884724,58.472053123880826,1.6419064458962147
WH-MI-3,2023-06-18,Midwest,6082,194.42615838318366,98.87689807331047,94.27036255312832,63.00510467997542,3.038707595396743
WH-SO-5,2023-07-27,Southeast,3860,245.04409611188873,90.75766701797349,88.2218734761456,67.20356724655433,3.5975207852641087
WH-NO-3,2023-02-02,Northeast,4171,198.0966716693599,98.22974340724942,89.17072239512305,67.91163137086946,3.9431681081522925
WH-SO-1,2023-06-28,Southeast,6844,212.72540571514585,96.33092803024581,88.81465354969981,75.56097648689011,3.250976976349689
WH-WE-1,2024-05-11,West,6651,196.43586055128097,93.90699125385237,96.8902320146308,50.99301231840716,4.478903263515263
WH-SO-2,2024-03-17,Southeast,7061,220.19625847017363,96.62204385569608,94.64032536697144,61.839754507338704,4.043196397717041
WH-NO-5,2024-04-26,Northeast,6405,250.8756697930347,98.82442863813561,93.85293439099351,57.82078056773455,2.131128211013451
WH-NO-5,2024-12-19,Northeast,5053,141.6266992171727,99.20859620037632,88.15117999139733,38.180335757414,3.363793597120698
WH-NO-4,2024-09-09,Northeast,3504,247.7419065297336,97.80834916765582,85.43078014471853,83.46361140131356,3.474254002706382
WH-NO-1,2023-12-13,Northeast,5370,158.27051264321955,99.07114635671181,93.54059253972657,67.62384168590253,3.141625275624471
WH-MI-3,2024-03-31,Midwest,4567,189.10518895293967,98.17282156930095,72.91421242890964,87.05378385550027,2.316910322955614
WH-NO-3,2023-08-11,Northeast,3348,231.26278097995856,98.86807792340694,95.27381181614322,91.49232625184744,4.213638608750806
WH-SO-3,2023-03-11,Southeast,5425,234.06132645314275,86.21646632253105,80.84528848057066,54.09039089915646,2.6217413079880023
WH-NO-4,2024-07-07,Northeast,4690,168.65673811380418,89.89824077742897,91.0773991753641,78.8061025709086,2.7734779266170255
WH-NO-3,2024-04-21,Northeast,3907,129.69226206704994,99.45662051625378,77.94248555878447,71.1198750600985,2.822838486803432
WH-SO-5,2024-01-31,Southeast,6775,200.96740668735995,93.40450638214487,73.78319724901803,81.52320642117985,3.56984000538601
WH-WE-2,2023-08-07,West,3586,250.66040564774175,91.95640437927541,97.03685962397799,72.72132609366723,2.157800530304103
WH-WE-4,2024-10-27,West,3312,236.7912232290211,91.43961284027442,90.94606964946372,79.492554961807,2.0478670130823065
WH-SO-3,2023-09-24,Southeast,2958,116.17841809954591,90.26487844539616,90.02501114573462,58.012059531267255,3.6123309550091536
WH-WE-4,2024-10-16,West,4117,236.54955920106156,88.34871212150888,93.46327913680412,64.22435321174684,1.746239785765477
WH-MI-2,2024-06-30,Midwest,4957,206.17816329491131,85.10690020083267,88.40936388400156,61.67491540284414,3.7231286212229024
WH-NO-3,2023-04-23,Northeast,6730,161.23504440842117,91.71952857727885,75.72168110440639,67.36964376510163,2.617486465663533
WH-NO-1,2023-06-07,Northeast,3611,271.14413748144386,97.15895834514622,86.74758820480437,88.92009237997827,3.1257384993640525
WH-NO-3,2023-09-20,Northeast,3558,180.40652289552844,97.55426803803543,93.73897381295994,23.305634421165784,4.090925163407499
WH-SO-1,2024-09-05,Southeast,4298,163.38258644936857,99.60014130130801,86.47772688487343,46.57218776301322,1.6094278196865286
WH-NO-2,2024-11-22,Northeast,2389,293.20190122183214,93.12267755597283,92.85915871883878,80.40843729708182,3.9344533406643545
WH-SO-5,2023-10-01,Southeast,4381,218.89221614878826,92.58860022972155,87.44327792543051,77.87915747051687,4.329991449069365
WH-MI-2,2023-07-17,Midwest,5050,173.49041962574552,97.71618817429587,88.16352263189073,79.85922873524038,3.849170089641271
WH-SO-3,2024-02-04,Southeast,3632,269.35732760084124,98.34972830504198,85.75014744427335,32.24046724270075,3.6893542172113127
WH-NO-4,2024-03-27,Northeast,8802,158.99225329138608,93.98962314333387,89.57209686124617,79.83744019527116,2.122591688052739
WH-SO-3,2023-02-26,Southeast,5510,140.90801075788465,89.14575863983471,87.6005504499275,69.25483849122118,3.4979567364077013
WH-NO-1,2024-02-10,Northeast,3931,146.36265859685204,99.45359690947276,91.05161735613417,68.61334921779937,2.256679195633204
WH-SO-3,2023-08-07,Southeast,3860,178.21828128325325,99.96009098010566,89.69159264770977,49.00343966673401,2.385579460838164
WH-SO-4,2023-06-21,Southeast,6094,242.04456973437257,99.7129064238469,81.60797880547057,84.02747414229393,2.0626277962879414
WH-SO-2,2023-01-17,Southeast,5565,306.34696405141244,97.09125688907555,86.61590664947722,68.62888979289161,1.7091014520440382
WH-MI-4,2024-02-03,Midwest,5759,319.1613062643456,93.91075139069834,93.72643894460272,81.92671219066156,2.5810383515220368
WH-SO-3,2024-06-14,Southeast,7585,133.03059432821888,99.33748360887385,96.11311776940882,55.02434642022003,2.1060609834001145
WH-WE-4,2023-03-04,West,7513,255.7545790391904,99.83397096758192,88.18361934186984,59.18917548529558,3.554526197876518
WH-SO-5,2023-12-02,Southeast,3078,155.01145753824258,92.09290081889401,95.47938490068385,74.05311113585273,4.135358275512344
WH-SO-1,2024-04-18,Southeast,6411,299.56627493696055,95.2209276922243,96.0804313228474,53.03408492082159,3.5641243104172435
WH-SO-3,2023-05-15,Southeast,6065,191.53166802141325,98.78283061639881,83.935519869863,70.97435449447642,2.848871416463297
WH-NO-3,2023-07-24,Northeast,4827,163.9526760204282,97.33208699956741,89.23692395094176,23.693626190302496,3.2901878643577502
WH-NO-2,2023-10-28,Northeast,1810,198.25937847574158,97.23912027202857,75.64870456740337,87.76713441213734,3.3866220895700185
WH-NO-2,2024-08-05,Northeast,4981,172.76740487427975,96.80738340134975,84.71736694902908,48.07345522043906,3.7448387784486954
WH-SO-4,2023-03-26,Southeast,8306,242.74152251751738,98.58893104007763,95.88780555804564,50.969124379600764,3.8102390160320714
WH-NO-4,2024-02-05,Northeast,7893,244.0330947471378,97.90054051835389,93.50915943639605,59.56780659822199,4.0867705567062025
WH-NO-5,2023-05-22,Northeast,7942,260.77387589795273,95.5086712372877,95.68385785144228,66.77582549428985,1.5410983112032104
WH-MI-4,2023-12-14,Midwest,4276,119.85127261631614,96.38095408767995,93.7639221235883,21.8729188183934,4.289350006411587
WH-NO-4,2023-12-17,Northeast,4948,203.02471421283911,93.97757704890834,96.98592940601348,82.72935034618213,2.5243340036490194
WH-WE-2,2024-11-15,West,6448,117.63776391181719,92.57564095861026,84.69195210211006,88.18651255590088,2.6683153684792082
WH-NO-5,2024-02-05,Northeast,7364,221.9860860955405,96.56477434467317,93.05371168117895,58.58058288525044,4.4911046114180815
WH-SO-3,2024-12-06,Southeast,5348,297.9152951330941,98.14043903398301,86.0235706147749,77.56209979285379,4.1146984512702485
WH-WE-5,2023-04-25,West,7886,207.38746108163073,94.7879457530925,55.202952098684534,87.52515382440254,3.1330487928755826
WH-MI-3,2023-09-25,Midwest,4930,134.41421483406242,94.75763423036636,95.13019498660535,65.45209674847744,2.619742457811179
WH-MI-1,2023-11-20,Midwest,3965,177.02883514211783,87.74698061026749,74.9599406993851,50.918197323138926,2.172591337798677
WH-NO-5,2023-06-03,Northeast,4865,223.70459063820883,98.98892232494852,87.61136452517115,75.59191878191162,1.6213700586010802
WH-SO-5,2024-04-17,Southeast,5273,118.86106861911037,91.7766647025084,85.97599921275777,32.2887820397511,3.4454232670268707
WH-NO-4,2024-01-23,Northeast,7420,328.0100674842204,92.98503389165062,94.86197095193536,66.59802684984122,4.196382270927506
WH-NO-3,2023-04-29,Northeast,6622,199.56093225092806,99.06443028998957,97.34319906335736,78.90984939323145,4.017009008668303
WH-WE-1,2023-09-11,West,2541,159.28498276238767,93.0375477733699,81.67549679607289,69.18921961825781,4.3834650691936545
WH-SO-4,2023-06-04,Southeast,6645,178.0774415029377,96.87590961489055,88.40354383067674,68.35082757263109,2.8423936283712052
WH-SO-1,2024-05-02,Southeast,5315,226.2380536442229,96.30553308125242,84.41752467237552,30.026289243271993,4.076205060770652
WH-SO-3,2023-08-30,Southeast,2156,196.64578995525517,91.1782789453492,92.44214009083039,43.634981207099216,3.2636062728995574
WH-NO-3,2023-07-14,Northeast,3214,279.4198318678184,95.24133306063646,71.64877622415239,58.621248249521955,2.577733737456316
WH-MI-4,2024-02-15,Midwest,2742,147.50155167884344,93.6836792918499,70.82380996217515,80.17760290475624,1.8551801404926427
WH-NO-1,2024-02-12,Northeast,3341,152.42542905826156,95.20625574169173,84.88368068560317,93.07629947479845,1.9071509201380614
WH-NO-1,2023-07-04,Northeast,5467,224.35676205583528,98.1643266335889,80.81408334294224,64.5871678966238,1.9713480323525114
WH-SO-4,2023-12-01,Southeast,5320,231.6179758708848,99.36508846439175,69.58616428145574,83.38884697970873,3.138274878962701
WH-MI-4,2023-08-03,Midwest,3998,158.51098348274678,72.62307736134005,95.97990882756572,39.19852918644421,1.6082420077831165
WH-NO-1,2023-04-12,Northeast,3248,170.19466399769254,97.62560490183735,87.55018787159707,71.65925737495095,2.144649596228067
WH-NO-4,2023-05-05,Northeast,8035,230.72427570065915,96.41054938916582,78.87993068500018,67.3999310116567,4.410634899454222
WH-NO-3,2024-08-11,Northeast,5344,216.71283191261415,90.94872335680235,95.66370263346894,44.83501131602847,4.277686873250458
WH-NO-2,2024-11-03,Northeast,4062,234.11890032347674,99.53871778970026,87.40592116574862,84.32545272962449,1.7669264654340469
WH-WE-5,2024-02-27,West,7314,170.39674838943364,99.48170809807031,87.11027116420719,85.76461439983214,2.2317600667415003
WH-WE-5,2023-04-18,West,6751,201.40904977829356,98.44381757281042,90.21914505338387,81.05865471349792,2.8025172375383485
WH-NO-5,2024-11-11,Northeast,5386,169.09562584356377,91.97744519869875,97.49243971842576,73.29987216295078,1.920985741023713
WH-WE-5,2023-08-17,West,5082,293.61843743544483,96.30585708194775,94.79229075507371,70.2424546708026,3.129373274092938
WH-NO-4,2023-11-01,Northeast,3834,118.26387527375016,98.25234786580114,93.16884048514088,47.596096810053005,1.9899595646365866
WH-NO-1,2024-10-03,Northeast,4610,114.22083541577518,91.25066740507198,80.13801474162983,69.4909026883242,2.2141247301704885
WH-SO-4,2024-02-13,Southeast,5993,155.05032961405288,95.44005217696638,99.30421271861152,81.71622690210137,3.3569360788221987
WH-SO-4,2023-02-09,Southeast,3482,188.56198374512027,98.2387133197621,82.25303522521136,20.808130661765983,4.042310242356454
WH-MI-4,2024-06-03,Midwest,6348,230.32112824092843,96.03960914136773,93.82969964232498,69.60818526567148,2.2072678689429392
WH-SO-4,2024-10-03,Southeast,2780,175.07731233128277,96.74009619809199,91.85912616015393,72.35258755494289,1.6225327231700657
WH-WE-2,2023-02-21,West,9205,233.72028610928487,81.31911135406021,77.97143764789826,74.45562427315332,1.9415377697136362
WH-NO-5,2024-05-10,Northeast,8330,259.48715841391765,96.16456278936163,86.27376386363856,46.382633274268024,2.1502072919917015
WH-MI-2,2023-10-09,Midwest,2654,284.6968511147937,99.30163504972045,84.80600914720685,66.00951450779434,2.421926850918543
WH-SO-3,2024-01-03,Southeast,6109,225.15471248099675,97.64557552553222,96.83900797165789,41.14662859856036,2.6873618609120555
WH-WE-2,2024-06-17,West,5590,170.71699557303882,98.78783598027381,77.14763924878552,79.16921964517644,4.017435229005839
WH-NO-1,2023-02-08,Northeast,4446,130.08377117297744,82.80622704303096,95.61003806995916,61.335301850006374,2.609430679945227
WH-SO-2,2024-11-21,Southeast,4630,178.0574756221431,98.51661897142048,97.17805775473299,80.32861755734712,3.5792832077778978
WH-MI-2,2023-10-10,Midwest,4144,209.38927650175543,99.28269658109386,90.03158100866912,46.39082163515566,4.149597949839146
WH-SO-5,2024-02-23,Southeast,8600,177.84523574800224,86.66399072392143,82.42571223304589,40.11428088247996,3.841034473547108
WH-NO-2,2024-03-21,Northeast,6358,242.68758243137486,98.16218539239084,99.07328501941677,78.23022583441912,2.1382968699509552
WH-NO-5,2024-06-03,Northeast,3172,266.8743884537988,98.4580661216259,92.26291562318517,74.91966041389611,3.499313704860021
WH-NO-4,2024-12-09,Northeast,4963,194.95493827908294,86.69808954836766,90.53397255254086,86.48508326690147,2.8407866513462317
WH-WE-4,2024-12-19,West,4543,141.89200625222136,96.9836427681279,92.64956982040133,40.95310487923167,1.5205607663607317
WH-WE-3,2023-09-06,West,4411,210.38401750171977,95.36150746858358,76.17968588859249,78.57356395827428,4.408189149869697
WH-SO-2,2024-12-01,Southeast,4306,141.23575196267964,93.88211566247551,86.55162831525055,66.71162767104887,4.321465486830493
WH-SO-5,2024-06-11,Southeast,3860,81.17672950814283,96.75403309807021,81.91555867308612,72.56095654232199,3.981011590666833
WH-SO-5,2024-12-05,Southeast,4385,142.8956538090341,92.16495964643568,99.09249060608941,69.30535873621292,1.5171639840284987
WH-MI-4,2024-12-18,Midwest,6570,148.86559937585073,95.4357191940151,88.75976350113068,60.14441796684441,2.012340312504307
WH-MI-5,2023-03-09,Midwest,5862,183.9963118812846,92.1510432080694,86.94158618703374,53.481847267659354,3.45190428309835
WH-SO-1,2024-03-31,Southeast,6964,169.28834901836672,88.77363782981718,89.82224700195694,68.17398585223556,3.6000362395772685
WH-WE-1,2023-03-24,West,9078,148.25406782687188,98.20020273344471,92.21772433615801,80.83742528242435,2.7636702590268616
WH-MI-4,2024-08-11,Midwest,3178,175.716711535829,93.80612295819797,78.76423665453774,86.01693453039874,2.858774589647569
WH-NO-5,2023-09-21,Northeast,5258,167.72370803456323,98.63184963222139,93.44988161910491,72.89969872000198,4.409608041132091
WH-SO-5,2024-10-26,Southeast,3345,185.31194801915808,89.5561965211123,82.31232755454091,76.54868802977707,3.1523030184461787
WH-WE-5,2024-05-12,West,4579,303.8194633503025,98.57435462247133,99.62905764685308,71.26160164561925,2.474262782763695
WH-SO-2,2024-02-26,Southeast,9265,225.07843044384575,98.02205030247005,87.7626097520915,69.33794319393328,2.164524012433596
WH-MI-3,2024-08-04,Midwest,5247,199.08287056112553,83.6659369535691,97.63860762391015,37.170727146696564,2.4983271777466003
WH-WE-4,2024-02-18,West,9270,209.44462430620644,97.6944320717012,92.71915368350648,86.37478054225808,3.2262554139447586
WH-MI-5,2023-04-01,Midwest,9240,126.52947098842172,96.22931425293822,97.41128656781515,40.03931263250637,2.7303271968851512
WH-NO-3,2024-01-18,Northeast,3717,153.61335866656654,97.55547580415738,92.37038846639174,51.618507714233495,2.841300269903199
WH-NO-1,2023-08-18,Northeast,3752,159.58717947152493,97.03299326156728,87.35434811178958,66.79369326882183,4.4761762987657185
WH-WE-3,2024-05-03,West,7079,94.52189391158407,93.97993537069044,91.27599401435818,64.56377345922883,4.21476112485012
WH-NO-4,2024-05-10,Northeast,9328,226.04707992727253,95.24584421777679,74.3175048185952,61.32188894551041,3.626507357284725
WH-NO-3,2023-05-29,Northeast,877,197.84967955788522,98.10005702483852,85.45644329587554,74.69759384564169,2.349928854951508
WH-SO-2,2024-05-28,Southeast,9104,180.85854988570804,98.5355667681122,71.03160732571267,68.6891771478511,4.385720827259899
WH-MI-3,2023-01-26,Midwest,7508,196.04776498684905,99.9906174923492,84.31430893847237,54.27762832567811,3.4718649469220866
WH-SO-5,2024-08-30,Southeast,4730,188.448687220073,90.86295013110424,83.96756488296369,71.9156632551644,2.669664318783604
WH-WE-1,2023-02-07,West,8035,185.10157855820898,98.08523484648478,95.52672811347415,87.13023250415792,1.5419074702611422
WH-SO-5,2023-01-05,Southeast,4196,290.4679930108461,97.58656745115813,95.04206794011446,76.41800335840882,2.710048943797241
WH-WE-1,2023-01-01,West,5852,259.4988280465451,94.39045340430759,93.8476432344885,79.98095409177795,2.444377359989372
WH-SO-1,2023-02-14,Southeast,3089,175.43152124651314,92.87264206840156,64.74518804596924,80.72782335730125,1.9636959956279902
WH-NO-4,2023-10-16,Northeast,2413,220.8741933487119,98.4438330021323,88.80432183526847,39.18460708297008,1.6246182157968723
WH-SO-4,2024-06-22,Southeast,6183,108.11550479309392,91.84135972445414,96.2779263754993,41.327221869182814,2.1491026692763926
WH-SO-1,2024-11-12,Southeast,2018,208.92517329140728,99.96826746672504,86.44247011061489,70.96809583757143,2.643285975446224
WH-NO-5,2023-02-27,Northeast,7079,223.34677075976043,96.28468970945315,79.50761030943173,66.01906239122593,3.822852997046252
WH-NO-5,2024-04-20,Northeast,6216,217.10573164080893,95.3820426913047,87.68960077088772,82.81450439943026,2.8784779609871447
WH-SO-5,2024-08-27,Southeast,3127,160.47825394968606,95.64322427365825,93.0889055314796,71.10332429071758,3.3785281628098534
WH-SO-4,2024-01-10,Southeast,8079,289.2341583455182,82.53535958235022,80.60874208640831,80.25688680171174,2.3675500762398496
WH-NO-1,2024-11-29,Northeast,3674,183.7496328504709,97.5145847164696,78.01258234349253,78.44141343520761,3.1843735497810277
WH-NO-5,2024-01-10,Northeast,8331,249.70045334614045,95.33619074644503,71.00539624158266,74.28194976768289,1.7955481090489347
WH-WE-3,2024-05-20,West,8725,202.60173721472643,99.93867221314595,72.30288264151515,70.95015757642045,3.7209194885004617
WH-NO-5,2023-11-14,Northeast,3280,126.60723590898796,96.91868136285684,92.53971418795032,80.32621380488546,2.4309974657790248
WH-NO-5,2023-03-18,Northeast,5963,334.00146955318303,99.9127834809493,89.35523862177118,58.331696318916684,3.4530456449142886
WH-NO-4,2023-03-23,Northeast,11275,133.65022574964775,93.44888491316054,89.93362966922129,54.14738205312659,4.278593350237962
WH-WE-2,2023-03-19,West,5979,232.1396277946356,86.32345962144112,91.20127186204918,55.150542647588864,2.8899316151886167
WH-MI-2,2024-09-06,Midwest,4351,204.40652320922592,97.1465095471569,96.41506736591744,70.24849763771076,4.390575119968084
WH-SO-4,2024-08-22,Southeast,3583,205.53989960840536,90.13874842422273,89.17123317374687,38.86553066361941,1.63081239741616
WH-SO-2,2023-03-18,Southeast,1102,204.4292088369126,92.4374381066684,90.75504169227858,13.043282457430921,2.3788319268214937
WH-WE-3,2024-02-03,West,5974,188.14768938054513,92.72231872588979,89.3382400266587,93.94614109336986,3.167975036245572
WH-SO-3,2023-07-07,Southeast,5256,272.50524307053314,99.80799202170053,87.84642325868214,63.608401628019685,2.8198105652450374
WH-MI-1,2023-06-28,Midwest,4413,139.88116155373208,86.60893928638274,78.01036504015426,57.44841127915227,2.2154376628193986
WH-SO-3,2023-05-10,Southeast,3316,152.81097064029427,99.51690114824939,97.34067413578018,75.45207152349177,4.318892159596418
WH-SO-2,2024-07-02,Southeast,3469,139.97058448629934,98.33887625228463,78.46187180375689,43.17569482289523,2.2065071610013214
WH-WE-5,2023-10-17,West,3905,143.81176812452176,90.04006759828657,92.71109844520537,81.6260656526539,1.6757995905238494
WH-MI-4,2024-10-29,Midwest,5188,202.74155316390463,99.3110919157085,72.41877389684352,81.32912502483086,3.1238842219908642
WH-SO-1,2023-07-15,Southeast,6335,183.26544423334155,93.86898999565828,94.67082370887297,77.00505815176415,2.5917704542551308
WH-WE-2,2023-04-06,West,5672,199.3392795269749,97.93768510323454,83.37117584587475,86.3598614056307,2.3201943741907467
WH-MI-4,2023-08-30,Midwest,2768,172.92743593603677,91.74571293666715,87.56605831244106,75.12025715243288,3.5354445862970425
WH-NO-5,2023-06-12,Northeast,5771,237.06577381939672,97.53021430610467,84.83122451424825,75.09211073744297,3.740662340017703
WH-MI-2,2023-11-12,Midwest,4798,169.15377722764018,98.96866182478095,97.69889247736943,49.5199544342662,1.982255732840044
WH-WE-3,2023-05-18,West,6194,183.8285042183688,96.29636519846758,89.14601509219676,73.55933126139269,3.118982506761393
WH-SO-3,2024-03-20,Southeast,6219,242.56904243724568,98.62044599263507,81.59172817504002,74.80397609593655,3.9168480642508214
WH-MI-2,2023-08-12,Midwest,3025,226.1940398245585,93.88720467990545,92.87686656606189,40.363160132104184,3.046247598044557
WH-SO-3,2024-11-20,Southeast,4206,143.2760017466261,95.55090636459545,90.35055229763505,64.53902618725057,4.274124687415457
WH-WE-2,2024-11-30,West,3103,166.98579512549554,86.05489540570531,86.4047548202259,85.01519444896022,3.339717507187978
WH-SO-1,2024-11-02,Southeast,3994,132.82378483135633,90.82421278664641,78.54964084484978,88.36286549692058,3.294026815761735
WH-SO-1,2023-09-02,Southeast,1627,201.4605558839718,88.37450193119673,79.38644578176076,53.76782793606165,3.3517407387541365
WH-SO-4,2024-08-19,Southeast,2358,165.01002164991138,95.38897827001148,76.39449718392503,69.0523545711911,2.602956472677795
WH-NO-3,2024-12-24,Northeast,6073,159.49949067250378,98.73438236187727,90.13750356839456,34.06726749024537,4.053848940614576
WH-NO-3,2023-08-29,Northeast,4110,207.35894947396926,99.9568818163748,91.47008937153822,75.73913338403754,2.494184343415176
WH-NO-3,2023-11-07,Northeast,3866,96.74698061784972,86.05726990483234,77.26571087539263,68.87369857050274,4.149448642253535
WH-NO-1,2023-12-01,Northeast,2853,185.4818792242216,95.64298667178527,80.22553944913145,64.42813539171543,3.51493920789643
WH-SO-2,2023-08-04,Southeast,5849,146.40828850847527,96.43290323484693,97.0961706185191,81.79565815208682,1.8100555545434056
WH-NO-4,2024-07-25,Northeast,5810,112.19654916260211,99.0902946172879,85.96263899001674,64.02575640152665,3.85923112243731
WH-MI-1,2023-02-22,Midwest,5549,214.67129146003873,97.50951268367598,92.75800466482687,58.61404820317156,1.583459003860416
WH-WE-3,2023-09-15,West,3442,144.45583833252007,98.02907610050303,93.33974054383918,68.15383830000248,2.311018241310669
WH-WE-1,2023-10-02,West,4683,225.15390930665384,97.88653649910805,90.35910217807486,77.82310920568113,2.2805107865668743
WH-SO-3,2024-01-09,Southeast,6342,216.30306849869737,96.79844258246854,83.66089410724769,87.381949485932,1.700503890274198
WH-WE-3,2023-10-24,West,2427,193.06054944181494,99.22246390621869,92.08910915681045,74.41900904558632,3.9597314735907596
WH-MI-2,2024-12-11,Midwest,2616,154.40584881862333,97.79705375999075,94.66877770362137,85.34305329562663,1.6869513806426757
WH-WE-3,2024-09-14,West,5809,178.91874918535905,95.75469876095296,84.38561005346168,73.06639519990186,4.408865054616111
WH-NO-4,2023-05-21,Northeast,6213,211.9360344540305,96.28402656842485,84.72194130541014,73.05747251886015,2.6165077057386084
WH-NO-1,2024-08-12,Northeast,2605,310.34764305594473,96.32157636565624,94.2308874327854,72.29579946244064,3.2785857311322113
WH-SO-5,2023-03-11,Southeast,6184,207.3071905046531,99.99737841013585,74.24624311495522,56.01708895407674,3.7042608840141815
WH-NO-5,2023-11-09,Northeast,4221,237.14492965113848,97.15319842354157,92.94534209878361,45.14371473313416,2.334001423226577
WH-NO-5,2023-08-06,Northeast,5392,149.00898507003419,99.75354708516902,89.3286847632682,52.3538990405364,4.453090023259735
WH-SO-4,2023-07-25,Southeast,3005,180.0423893500287,95.42579138681015,88.58603824434348,62.770723258636394,4.440966872232078
WH-NO-3,2023-07-13,Northeast,5867,202.90927736249222,92.48753842629856,88.29014300471015,73.21498979385532,4.155950125032073
WH-MI-4,2024-02-14,Midwest,5527,294.3994471551747,97.44924463575134,81.17032119405033,83.17323024386786,2.293759215321984
WH-WE-5,2023-09-06,West,4616,244.62237373246228,88.80492685204452,89.44222999676464,83.23894248044232,1.6941990202998716
WH-SO-1,2023-08-27,Southeast,4215,159.24800030083077,98.2176022404342,91.14325368694878,73.92383761622239,1.7451092203798206
WH-WE-2,2023-07-16,West,4089,197.59503703820658,95.5116345552313,84.64253000767378,46.799223096948616,2.4883863163569773
WH-SO-2,2023-08-26,Southeast,1905,202.03326826892132,98.07733173226819,92.56190719449351,60.48630395223585,2.062301157772033
WH-MI-2,2023-09-21,Midwest,2731,284.3206238676461,96.95326735075716,84.59485654201544,81.5355936177547,2.606927909310434
WH-NO-5,2024-07-27,Northeast,4707,242.38392442454708,97.50674044607804,84.32537042757028,65.8796200749422,2.0340742918582535
WH-NO-3,2024-10-17,Northeast,2009,118.46577673768556,89.86998356059016,93.52946586910979,77.76993386030263,4.127497675800419
WH-NO-1,2024-12-26,Northeast,5996,184.99419060367993,96.9280530136133,93.1776245057995,45.207799786979955,4.4340970434055365
WH-SO-5,2024-08-13,Southeast,4891,115.30704669529355,94.689891294483,93.44668591883523,70.8584735774694,4.078421595331795
WH-MI-3,2024-12-06,Midwest,7000,206.80082642083678,95.62287605215539,92.22365369666889,36.016544975759906,2.7701852894200947
WH-SO-4,2023-07-24,Southeast,4296,158.95807294251,99.65701761329497,71.90365078634612,41.86362695889067,2.5085930843412143
WH-NO-3,2023-03-22,Northeast,2905,111.84590370736703,99.19781949005376,96.49695277123979,66.62743436077821,2.388879489655698
WH-MI-5,2023-03-21,Midwest,5678,235.1685988614066,96.33287314798484,89.26309415407069,51.85975525729628,2.884785683078673
WH-WE-2,2024-04-20,West,6300,214.83518427382603,92.05837999031884,90.37403655093229,48.5116030790242,2.329522391208103
WH-NO-1,2023-03-10,Northeast,6425,285.90485250281495,97.19428276780711,93.19706989696674,75.28693301600394,1.656914352614417
WH-MI-4,2023-06-29,Midwest,3579,105.88556020116951,99.74853751332152,77.38799701529906,48.55611330429584,4.077033384086143
WH-NO-5,2024-09-09,Northeast,4114,192.10209799953006,90.48421665480795,88.14481227304768,81.19760555196325,1.8027660793133555
WH-NO-2,2023-06-20,Northeast,6532,200.44592246166405,93.22619118579152,76.36266900347009,59.832130758276335,1.6065292666837951
WH-WE-4,2024-12-11,West,4982,159.26459641989413,99.73856652614529,94.02091126089113,44.521377565123395,3.4174602916018735
WH-NO-3,2023-12-23,Northeast,4769,216.6033773804071,98.43870628008389,79.41218061097038,28.406232647486046,2.153777250364045
WH-NO-3,2023-06-16,Northeast,4297,139.01234427387732,83.58582774450167,88.18672200616025,79.4600735711051,1.9402933870863155
WH-SO-5,2023-04-18,Southeast,8950,135.32828730370005,90.87091084765589,91.13252759582933,42.60065878350854,1.5035551758312833
WH-WE-3,2023-07-06,West,2740,109.8972970033153,95.4158243745604,79.94747470758792,78.94429651548491,2.901004070243133
WH-SO-2,2023-11-17,Southeast,4944,183.15085373091762,98.50343439940494,93.35412202706421,57.72097761045436,2.2974765277110025
WH-NO-3,2024-05-20,Northeast,4493,201.48707298158408,89.68923805832593,78.15280420670484,76.27181746620492,1.5634480887373798
WH-NO-5,2024-05-31,Northeast,7265,185.28483999128986,91.71512221498766,89.44311454397045,66.69322121568709,2.774040735899947
WH-SO-1,2023-02-10,Southeast,7111,215.91646757188457,90.66700225796842,84.36431481935782,56.05090621845933,3.6946497617743645
WH-WE-2,2024-08-21,West,4981,175.7175461877082,92.61067307117449,85.02842750114976,66.920631588016,4.281893096963412
WH-NO-1,2024-06-20,Northeast,8644,155.50736895825125,98.38421611849513,80.22230530434291,62.88733626575146,4.325150445371911
WH-MI-2,2023-06-29,Midwest,3342,173.3722479083631,98.24921078470304,77.35923050541683,72.13472020013482,4.420439492538084
WH-NO-4,2023-04-30,Northeast,7866,180.50789725913785,95.67231404734869,87.65478904015926,60.70491426172197,3.779422010842738
WH-NO-1,2024-05-16,Northeast,6018,207.43741555814833,96.09020641591262,92.98868410447554,54.04494213532001,2.336262248829147
WH-MI-4,2024-08-24,Midwest,2222,188.9859649317315,94.5102663725925,85.24060462201261,69.38035164736132,2.472402147716645
WH-NO-3,2023-07-25,Northeast,5916,203.80396092235003,94.82739628611007,80.43373878686324,55.404443333015074,4.082294225861534
WH-WE-3,2023-06-30,West,3780,175.4171475419018,98.29098049359193,85.60133418491355,91.47472432662522,3.201115759764517
WH-SO-4,2024-06-06,Southeast,4505,210.20780017114703,96.85480678973602,90.08786627819093,74.78944778958275,3.6052075438360105
WH-SO-3,2023-10-05,Southeast,2341,224.56131323689624,99.52423606551139,92.61921620812046,52.46816140820803,2.3994179663520088
WH-WE-2,2024-02-18,West,5827,166.44630308482053,93.31854572279622,88.30336797250482,90.12021155537983,3.0899816597950083
WH-SO-5,2023-11-26,Southeast,1031,166.6870365618244,97.95554596853555,89.86495189813081,44.381166164169514,4.20771824119006
WH-NO-5,2023-07-22,Northeast,4098,291.0184104862068,97.8536232057056,81.3487079987966,71.94428100732485,3.8479791605065077
WH-MI-5,2024-09-21,Midwest,4861,258.4040577718669,98.42992283752727,66.1661270643707,44.994646673444365,3.514425204517511
WH-SO-3,2024-06-23,Southeast,6177,206.6511385216782,98.31470089153395,92.22161776751898,93.83687318949869,4.358950194902689
WH-NO-4,2024-11-22,Northeast,4146,278.21630391334253,95.6384921524749,87.90151754940968,52.81768548605202,1.6446734343863603
WH-SO-5,2023-01-09,Southeast,4651,214.9267284806915,99.3679693259378,90.05773043499646,79.09510704899486,2.619162499621446
WH-NO-2,2023-01-29,Northeast,4856,140.84796334055932,98.24404507830039,87.20512775680605,79.31971096580955,3.0492678540230584
WH-SO-4,2024-03-28,Southeast,11063,172.93823596656935,93.48632006513084,83.6591212693809,78.86270262184259,1.6728280152620116
WH-SO-3,2023-09-27,Southeast,5217,160.45188580404144,99.28968552024213,93.33286358776824,74.81099336114593,1.5573076179216825
WH-SO-2,2024-11-21,Southeast,6347,231.1931223274437,96.86242574587766,67.30097280863721,69.43395353589881,2.7941530169996
WH-NO-2,2024-05-18,Northeast,7622,224.06207221807972,99.7833966292206,87.07272152557363,75.80350765777062,3.5601653335163856
WH-WE-1,2024-12-08,West,3326,210.07426769713857,98.16460578877172,85.81222950579863,68.92963453906492,2.977141628917316
WH-WE-1,2023-06-29,West,7662,265.2836758085902,92.45425888899398,94.50117493430315,61.28906719793208,1.6732823784847393
WH-NO-2,2023-03-15,Northeast,6371,225.93677875006452,94.59885101680575,92.11531019259054,90.24895914105423,1.6969447266457478
WH-SO-3,2024-07-16,Southeast,3073,216.13302811430512,83.68621330495768,93.78326113742564,64.24549530226862,1.8417570819297535
WH-SO-2,2023-08-22,Southeast,3652,247.57130092484226,89.1581745467825,90.92300454878296,63.08677646372829,1.6964554397239813
WH-MI-1,2023-04-30,Midwest,5169,239.21715151669616,85.0749707796942,90.20857521715455,68.28276999038096,3.3497028043081394
WH-SO-2,2024-01-24,Southeast,7318,144.89579246228107,96.71718369321016,86.18149531890343,73.9841348327968,4.212814727951984
WH-NO-4,2024-08-05,Northeast,6791,142.623749443551,97.49587313410566,95.52870043963692,75.4160016059751,2.65176827199595
WH-MI-5,2024-12-25,Midwest,4068,234.30757930032425,99.7660212200045,92.6667940365435,62.96756882414228,3.057864596334319
WH-MI-4,2024-03-09,Midwest,8262,169.27513152743862,98.08414096848963,89.81230639359158,56.97023997273642,4.202342826222489
WH-MI-4,2024-12-10,Midwest,5486,192.27543795923583,98.71152484491354,87.08753590442755,75.86604089681653,4.36787490664773
WH-NO-2,2023-03-05,Northeast,7592,174.31074221226424,91.18397233403363,75.27010983284028,78.90428972110682,2.175363399050272
WH-SO-1,2024-02-13,Southeast,6954,238.3256259369753,82.36299688161405,85.97852244123992,62.831403502477954,2.338213809824828
WH-NO-3,2023-01-29,Northeast,9671,172.40748086745714,95.46604965981848,90.59568561740322,60.186097925739766,2.1737464204032966
WH-WE-1,2023-01-17,West,6195,194.54299924593485,97.37430031839628,90.56371971599476,73.31650840785795,3.8922770406267837
WH-NO-1,2024-04-20,Northeast,10399,146.34367591544222,87.29143220706418,98.17214120822558,71.84211836022317,1.6447131798610175
WH-NO-4,2024-09-10,Northeast,4436,122.22050040275327,83.78935734195588,96.21955998432445,65.18686012340741,2.4807931599416593
WH-SO-4,2023-04-05,Southeast,4036,195.14459701149198,97.23119991702085,67.12723745790949,44.36072673930312,2.927052783919139
WH-NO-3,2024-12-30,Northeast,4282,194.8938438020387,99.45868665904042,91.5259830864602,71.65004883982725,2.1273403562660818
WH-MI-1,2023-12-06,Midwest,3781,106.58071671961716,99.88177078122825,89.74757065670453,75.52235356720605,2.7319894401882654
WH-SO-3,2024-03-02,Southeast,6153,252.53510048403035,94.71157834876472,98.86258722453532,57.14642718335917,2.237742988272882
WH-SO-5,2024-07-24,Southeast,3605,169.88880148368605,98.40325783610778,85.50058324292567,78.51766134451962,2.076935156384911
WH-WE-2,2024-12-20,West,3842,155.8223903534172,98.73528951371875,86.52872012701128,68.20829393005275,1.8740299859435088
WH-NO-2,2024-03-28,Northeast,9245,123.22210479655294,95.46249191605229,78.68259086451242,63.967515608158074,3.4551306698503574
WH-NO-3,2024-05-07,Northeast,8643,161.39510951310203,98.26132811913205,93.61151750226104,44.718725991825096,3.0181340724672854
WH-NO-1,2024-08-08,Northeast,3526,180.45601433468138,98.9799772100437,94.40767717412888,88.51663789831142,3.411520913318452
WH-NO-3,2024-11-07,Northeast,5553,98.82952770193279,99.0073189188571,88.531215188828,63.0814955987031,2.2170046375689885
WH-NO-5,2024-04-03,Northeast,7539,126.7525128708019,94.5132635605195,81.48945026173604,42.887509531850505,2.1631401271807618
WH-WE-5,2024-03-18,West,5354,195.84426711531654,98.47323046996233,96.33065824776992,41.77805151625327,3.1552737107506643
WH-WE-4,2023-06-09,West,7702,277.53698421967675,98.26359924705349,87.1865917677785,65.19594442468876,1.6020935916685168
WH-NO-4,2023-04-03,Northeast,3410,134.01350394144626,98.02769350433195,96.18444561960898,58.71808922755184,3.525039979522463
WH-NO-2,2023-06-15,Northeast,5255,233.44596942106384,93.21502280520824,86.15673531780278,68.55106152503072,3.320167629645403
WH-NO-1,2023-05-21,Northeast,5720,211.20947821559093,97.32708750486294,82.56881915106975,84.81435480873415,1.9298396181866686
WH-NO-3,2023-12-16,Northeast,3033,245.7138182941504,92.87354349680822,91.71722196528184,51.779702703076694,2.199919118973623
WH-NO-2,2023-05-23,Northeast,2575,263.851344287255,93.74936172566271,92.5192853158627,60.19965518552065,1.9878336291950545
WH-SO-3,2023-11-05,Southeast,6386,172.65011642991024,94.29807152331371,90.16805063174941,46.89882772243855,4.479764214545563
WH-SO-3,2023-11-11,Southeast,3286,278.667711398287,97.99426340586996,91.2677297699411,66.80263118775046,3.2158755540147856
WH-NO-4,2024-05-01,Northeast,9542,293.3719323653009,98.59783284793191,95.91701490471452,64.05403992651743,2.8417719098503413
WH-SO-5,2024-11-01,Southeast,6150,188.03663624839658,98.46128932813679,83.03591526060455,66.96837847804822,1.8450773247941967
WH-SO-3,2024-10-13,Southeast,2951,206.58951983104984,98.64602529039648,81.30381996378685,69.98149703015488,2.1558704019366397
WH-SO-2,2024-08-25,Southeast,3740,172.45427170848492,90.85749685042576,94.97523963078075,71.6770937720671,2.716411001272422
WH-SO-1,2023-09-07,Southeast,2302,244.3311591161022,94.29336132480599,62.65187433974283,82.39895072010073,3.266848145785105
WH-NO-2,2023-04-10,Northeast,8209,205.18504420533688,97.20483687409292,85.41312329960307,65.36364079683045,2.5801394366021286
WH-MI-4,2023-06-16,Midwest,6843,179.35169434486903,93.66298330982518,82.08490936352872,81.2412583907688,2.3164195430115035
WH-WE-2,2023-08-20,West,5303,184.80732482262766,98.7684217709045,86.31217374536342,77.35157676143818,1.9999033540753839
WH-SO-2,2023-08-04,Southeast,2694,307.63766034846253,97.73122423837106,85.72985705363861,67.9443059384426,2.8040656599886695
WH-NO-4,2023-07-18,Northeast,2501,190.3581192526634,90.50183375024227,90.63807436908056,57.24350600623998,3.4790412679607394
WH-SO-3,2024-03-06,Southeast,4787,191.83354212409253,94.23627954418674,97.79810601478773,51.452399730846096,2.7256229618065806
WH-NO-3,2023-07-20,Northeast,5239,228.20454526199393,99.44751354365408,78.45604637985406,77.62570336715613,4.460474116321428
WH-WE-1,2024-12-28,West,8024,217.2453885620961,92.13798674198429,88.78228742191861,64.78202125979902,1.7089975171997405
WH-SO-1,2023-11-23,Southeast,3558,216.15260882756058,99.82677443098193,85.0110223111759,74.42376942801985,4.176885381317067
WH-NO-1,2023-03-14,Northeast,6532,164.3443665851515,97.08035980881247,94.67752374590826,61.28591342852769,2.4134076632332278
WH-SO-5,2024-03-17,Southeast,9224,204.85397111909325,97.02628845822183,92.36011423718945,75.91943101398522,3.9042212839015376
WH-WE-5,2024-11-07,West,3854,162.3864256049488,94.82714830517399,97.25201206006669,42.07225064392082,3.6716147877674317
WH-NO-4,2023-09-25,Northeast,3687,124.24392017941615,99.11681184371457,91.78661493637446,54.578937165738985,2.7698118690994216
WH-SO-5,2023-02-16,Southeast,7169,160.0473735930099,94.7815386659611,91.77109919882403,64.8755883871141,1.9466188765774848
WH-SO-3,2023-12-05,Southeast,2970,170.54630498989542,96.82917252642726,92.24602167332307,86.09423186815778,3.0431463069975875
WH-MI-4,2024-12-14,Midwest,4957,171.17513353779344,96.73839692773713,75.65803151395113,80.22040815398658,4.028608926516556
WH-NO-1,2024-11-11,Northeast,3854,219.99431924517958,99.05418448610594,93.20484801259144,54.740042442797,3.0519577170115157
WH-WE-1,2024-10-28,West,5071,224.43530330611227,93.98273741603505,93.62334240704605,59.8896293416341,3.9855968995612265
WH-SO-2,2023-03-23,Southeast,5728,144.6674068278964,92.73699380355356,97.86305025447466,73.1082455156122,2.296709471553683
WH-SO-3,2023-11-05,Southeast,3334,200.21707981611473,95.8356048250926,94.6757872853768,66.39776218248166,3.5013401172535707
WH-MI-1,2023-01-30,Midwest,5670,201.37095511121387,95.23469587187881,86.98333703606885,65.91554873996687,4.463133616191644
WH-WE-4,2023-12-03,West,3917,142.263282042702,94.4273033913442,82.21292617453145,71.87614472029189,1.8492743225970403
WH-NO-3,2024-08-11,Northeast,3679,120.44946879137049,96.19793126189721,69.99488397805672,58.17249458374848,3.359548765547414
WH-MI-2,2024-07-13,Midwest,4951,189.04545291855086,85.67823227534532,93.34139563287887,56.72156878890284,2.1535834133784846
WH-NO-4,2024-03-04,Northeast,6515,231.3914604554631,90.87173355072915,95.66206157211332,73.92145332958636,2.8548413271446704
WH-NO-2,2023-07-18,Northeast,6356,111.97264280594636,98.92817074273795,77.04317420797261,89.34229575747096,3.652986668850883
WH-NO-1,2024-03-30,Northeast,9939,210.67109747547423,95.63026920701824,95.90368871353134,60.45195063938138,3.161606790417238
WH-NO-2,2023-09-13,Northeast,3439,244.93482864821735,95.42075669983528,83.75946653153002,68.00273526111533,1.9715665227655914
WH-SO-1,2024-08-20,Southeast,4883,129.51242457149147,87.48235433248524,87.94269613129674,65.49086926734779,3.4855388165274936
WH-SO-4,2023-08-11,Southeast,628,122.44538385577553,99.31174207791969,88.71745577183418,53.61114318560123,2.984996157672132
WH-NO-2,2024-11-07,Northeast,5410,188.4434442042613,93.80512584799789,96.38385521661766,80.75152493344794,3.8972092866103076
WH-NO-1,2023-05-18,Northeast,5268,193.51760689144731,91.52322951081493,90.13431082716824,72.52485511103053,3.4693285798363593
WH-SO-3,2023-06-18,Southeast,6721,188.67254040176607,97.86132658286256,79.31950515448142,61.28682566048921,3.4582721253020257
WH-MI-1,2024-08-16,Midwest,3380,139.75471677151245,97.99058102048178,92.87763226978207,56.702710979710645,3.616149945236836
WH-SO-5,2023-02-20,Southeast,8192,160.30048505724542,98.23270792874087,94.77851332492048,90.66615381969456,3.471102788631672
WH-NO-5,2023-05-26,Northeast,5839,170.9819673785539,87.34016454109651,95.61168286792238,66.1279267358924,2.383543363854959
WH-NO-1,2023-05-27,Northeast,5279,217.52206763028417,95.96799556797481,91.75323540722404,70.50036213532724,4.038018165080317
WH-NO-5,2024-10-17,Northeast,2930,267.2460498281189,94.75203675938785,91.75162393805508,65.09736205813796,2.9493949903359904
WH-SO-4,2023-04-01,Southeast,6348,223.79717788050442,99.21329498720922,92.87259088445732,63.35342756551871,2.5524820264218793
WH-WE-4,2023-11-29,West,500,242.93421801142082,95.23110342611199,85.7129005446902,72.8893232421739,4.473772015694839
WH-NO-3,2023-04-16,Northeast,6064,247.5077050401504,97.27296750316259,98.04077702368147,53.44327400566316,4.363348022495539
WH-WE-1,2024-01-26,West,7638,218.79160542403167,99.8460936458284,93.10234419552675,68.29945499419414,2.265680135874827
WH-MI-2,2023-08-17,Midwest,4706,249.53038886681387,92.99480960046432,83.66574799339386,67.85430204556971,2.259846524976912
WH-MI-4,2024-09-23,Midwest,3456,251.6896478239571,99.72427293193023,73.89519394290829,82.36766235085312,3.019744395105404
WH-NO-3,2023-07-10,Northeast,1783,200.99494667110366,85.08314855154534,99.01381825259622,72.47227739814639,1.9519150155884502
WH-MI-5,2024-06-03,Midwest,8776,238.92249041256082,91.27714267486378,98.77929136531613,70.20966814332144,2.742918763820938
WH-SO-3,2023-08-17,Southeast,2439,195.49312863924408,98.96792639361075,96.0992184984825,74.1167142523436,1.9051189128941313
WH-NO-1,2024-09-08,Northeast,4206,204.0423980321176,96.69894555518407,91.49880389028196,84.37173074233867,3.854501982031261
WH-NO-3,2024-04-13,Northeast,7299,181.33204125356136,98.02646255722503,85.75560544059394,40.14001809037825,4.354771812841112
WH-NO-1,2023-05-10,Northeast,4651,205.81243844348904,99.63720428971692,94.18497465547263,58.26196782562256,1.5497182364983817
WH-SO-1,2023-12-19,Southeast,6566,263.49868604396704,82.44033378329945,84.46929976439831,59.631263516033584,1.7746773387428671
WH-MI-3,2023-12-25,Midwest,5789,166.5735559940482,96.70801723299047,86.0578455160814,45.37637091873897,3.436597934161827
WH-NO-5,2023-09-27,Northeast,3094,223.58266008729223,92.96160201480564,94.23079957460529,65.20282907066552,4.1953555173933985
WH-SO-1,2023-03-02,Southeast,5859,241.39165532761143,95.75735943774319,94.70986609801116,80.47790944148454,4.280547988545649
WH-SO-5,2024-04-19,Southeast,8497,220.14475336440142,97.02646565198695,80.67879123744862,81.28407681793418,1.5831357659388288
WH-MI-5,2024-02-24,Midwest,3707,277.1348978411978,99.72902647606398,88.57687022713546,64.30947662523702,2.422491643684484
WH-WE-4,2024-03-11,West,6680,256.1291470716656,94.68326271855875,83.7073655142856,31.117989761050325,2.449453653902063
WH-SO-4,2024-01-19,Southeast,8970,223.1260709108635,99.52723978786555,86.87367407533569,54.98286860538435,3.5283692877166732
WH-SO-1,2023-11-25,Southeast,2817,258.34410218754937,97.17133395737041,82.16954049957744,69.76483336652161,4.089475640932799
WH-SO-1,2023-02-17,Southeast,6344,141.47260371630125,97.07496961762028,89.2111845339994,50.19166477504091,3.291021283989454
WH-NO-1,2023-07-11,Northeast,4187,135.047596102728,91.67430588224312,77.15676691132326,66.78170136271599,4.245031121028943
WH-WE-3,2024-07-05,West,5636,218.20082435469763,93.65997623713056,94.69630393248872,58.28338036926573,1.7206742175260055
WH-SO-2,2023-03-14,Southeast,10225,212.81230561240824,98.86199578803141,67.09929271657464,66.29138758035117,1.6582928288649335
WH-SO-1,2023-02-10,Southeast,6863,275.4709833612862,94.71504263969562,85.37866138352199,77.77999035034429,1.6445343117553084
WH-NO-2,2024-06-16,Northeast,3486,222.83576615506024,89.02612365684203,78.15289094959137,46.841551283409146,4.203761958675805
WH-SO-3,2024-05-23,Southeast,4801,183.75024308883764,92.29814862745268,90.53260521023437,90.96093893083946,3.4309067879573263
WH-NO-2,2024-09-23,Northeast,2890,148.17483230108897,98.64436126532286,91.65925155005142,63.047988671982736,3.1155660924611226
WH-NO-4,2024-12-17,Northeast,4790,222.73311044656035,99.87998584981335,60.986085735001836,65.4620080453956,4.22042935678102
WH-NO-1,2024-07-31,Northeast,6574,157.30112377332705,97.30578009753458,83.94956928214948,47.51783233227852,1.5402199260557001
WH-SO-4,2023-08-25,Southeast,2673,169.9937283228168,99.7449441827629,95.75178845806059,52.22632841390008,3.5751122231644494
WH-SO-2,2023-06-11,Southeast,4455,206.4194870961793,82.64600113488406,85.7512105174979,87.06601352947918,3.7160128324623143
WH-MI-2,2023-08-21,Midwest,4330,175.11356009583974,96.07876763773453,91.26675234704555,85.22069429145452,1.5535751227153312
WH-NO-3,2023-08-26,Northeast,3439,245.90729846212332,93.34173719229693,79.80270646977931,85.71262965876667,2.99321430627484
WH-SO-4,2023-12-17,Southeast,7950,187.78003367650948,99.23562474232742,97.20077109627317,65.3330082546324,3.846740659706657
WH-NO-3,2023-05-31,Northeast,5027,187.64716998650331,96.63916700096004,95.97216974236314,73.71021965775265,3.338325945515507
WH-SO-3,2023-10-01,Southeast,3968,163.14528834737132,90.89196684721779,98.1052323627026,84.44569499454111,2.9180096780873788
WH-NO-3,2023-12-12,Northeast,4530,188.32991487754055,99.50001776477541,94.31864465295742,59.837510679167885,1.7821460594113638
WH-MI-3,2023-04-18,Midwest,6026,186.16964326530268,97.42603944538445,93.32353046131553,76.37080241010396,2.4527837134214083
WH-NO-5,2024-09-25,Northeast,1941,193.55941846193437,88.40981015376705,92.05443537970285,74.45198112661241,2.013323950560595
WH-NO-5,2024-06-16,Northeast,6560,257.7023162840742,97.9440316509522,74.97135919260658,69.18336695376736,3.918888678034855
WH-WE-5,2024-03-03,West,9533,233.15022598803338,96.96376388545725,94.99509690295392,57.35232919648002,1.7056111950550983
WH-SO-1,2023-12-05,Southeast,2579,221.9902718631275,95.35499737341314,98.8902125952283,71.66237540099377,2.1663925094683325
WH-NO-5,2024-12-02,Northeast,4617,270.76799459172855,92.06595154396656,97.07174258998185,72.14615834292039,1.5823929457908894
WH-WE-1,2023-01-26,West,5708,262.22521920212716,97.7861720621494,85.6923814280252,60.21518794601759,3.761610238439748
WH-MI-2,2024-12-08,Midwest,4352,288.95401914015235,98.47139326539452,92.14008510786876,65.13800680659398,3.361418155794538
WH-SO-3,2023-06-14,Southeast,5975,246.88360333892211,90.60277260601741,94.96330803572273,45.324852953256375,1.7823173414741555
WH-MI-2,2023-12-10,Midwest,5009,202.2465993146201,87.79342084109774,82.0438637740094,74.25827227407639,2.1812393382723028
WH-SO-1,2023-09-23,Southeast,3104,198.93041806467338,99.43130678496578,88.4330057807681,72.42817377572757,3.3229245545821016
WH-SO-2,2024-09-08,Southeast,3360,230.52921946282623,97.4078204854582,85.88547146619145,65.0453712231392,3.370267441609917
WH-SO-3,2023-11-18,Southeast,4374,284.5803103847122,96.27915545585763,90.67725336807364,27.185905636294855,3.968141576749736
WH-SO-2,2024-04-26,Southeast,7062,184.98791946452516,99.44221901838621,68.0949368382672,66.12453476229683,2.26990016523337
WH-SO-2,2023-04-17,Southeast,4017,282.15175705689967,91.23354699397444,87.47437357805183,78.02166515589542,4.364367408134512
WH-NO-3,2024-09-17,Northeast,3871,179.10304379938833,93.76850267167083,87.60806369791464,65.71002647305582,3.281678725274646
WH-NO-1,2024-03-22,Northeast,8902,283.9628823374453,98.45856631063776,80.95763791578199,61.73708625445404,2.4518792772972304
WH-NO-5,2024-12-20,Northeast,6522,197.90615175580385,95.79424099215113,83.58581557466066,88.21982056669955,3.7682565490529547
WH-MI-2,2024-10-04,Midwest,3876,158.32003556170102,95.53046243628427,88.40903577283045,72.77652383033603,1.788016338370311
WH-MI-1,2024-08-08,Midwest,3961,289.6493430531161,99.28013640798328,73.04337138671042,69.66453400098341,3.4017095961469903
WH-MI-3,2024-01-27,Midwest,4723,288.6883304724751,99.01459791161946,84.27344557164382,85.63691893003849,2.4013054963554645
WH-NO-1,2024-05-16,Northeast,6943,276.71509374654147,93.08761746586656,93.2548014019538,81.32579441047578,3.345806696210383
WH-NO-5,2024-06-26,Northeast,6690,218.81043951582174,99.12565567050574,82.33640394137821,46.31398378263761,2.8614538935174965
WH-MI-5,2023-07-02,Midwest,3966,164.16592227849324,98.06388543976541,91.27454378193724,63.549507927812996,2.5605028413123687
WH-NO-2,2023-09-22,Northeast,1089,209.7244895888854,93.9051772990999,89.92218865682435,87.38885058053556,3.1997177495152287
WH-SO-3,2023-06-10,Southeast,4283,161.47523533040075,96.7984444983501,94.08951672786118,56.963493909710564,1.666169436368849
WH-WE-4,2024-03-24,West,8695,156.35632296065558,99.4585923897066,98.34088676124838,77.73309903663296,1.9098844387524416
WH-MI-4,2023-10-21,Midwest,2568,213.8548447149883,89.77816695751893,95.73178895699898,48.20329692703938,1.5559590497698144
WH-WE-4,2024-05-20,West,2503,162.91251176877398,99.76337057501556,88.38436200718029,66.05315901512864,4.343818695032359
WH-WE-4,2023-10-09,West,2680,335.6227789319421,98.59691478744423,91.4784356203662,60.25578712460353,3.660279221268642
WH-WE-2,2023-07-25,West,1068,193.2916811378516,87.1352531252752,96.9303116588375,44.970814794928515,4.317998714574891
WH-MI-4,2024-03-28,Midwest,9045,151.31907025641905,93.5086977377477,82.0245976441839,66.1186540138231,2.954219185649727
WH-MI-5,2024-03-14,Midwest,5471,221.37818634505422,95.96925698120441,87.55988927619399,45.26215634717599,4.0911605361476
WH-MI-1,2023-11-15,Midwest,1938,174.86986598527417,96.7039827860404,90.87357352546499,84.7875666260387,3.226511354177741
WH-SO-4,2023-05-26,Southeast,4918,163.88332745577128,99.6857061549905,80.37441262851863,70.2495596849149,3.0671817810699173
WH-NO-5,2023-10-15,Northeast,1308,277.876360472693,98.3473745425312,74.8687393139012,75.20284818282649,1.831257333844794
WH-MI-3,2024-06-30,Midwest,6095,228.11302595108515,98.75499779403538,90.48352598382353,72.09900396099546,3.282192404529063
WH-MI-4,2024-11-03,Midwest,2143,260.3750536937097,82.28838616483603,96.38217510832031,85.19121444856916,4.226034332227594
WH-NO-2,2023-06-02,Northeast,6896,184.44688973492956,98.21688175743289,87.62713270862633,81.16237411355645,3.1198098258939972
WH-SO-2,2023-01-13,Southeast,4054,157.82673031051817,87.0913218912571,79.98836941569762,68.32639318781622,3.127321331334791
WH-NO-4,2024-11-15,Northeast,5140,211.36256550241808,93.34852215022613,82.406387302933,85.70990945491103,2.9057995175197475
WH-SO-5,2024-10-28,Southeast,6259,201.11472180879926,91.56422452066968,98.90264613662923,84.66244301559938,2.1142666172817575
WH-NO-4,2024-11-03,Northeast,2631,224.44508086592126,99.35208740264333,83.4612051667569,39.39374476904809,1.521877793481363
WH-NO-2,2023-10-11,Northeast,4502,166.04101774686134,97.71379500897174,88.72127044615289,75.83847822398518,3.3636792225816983
WH-NO-3,2023-04-10,Northeast,5156,110.12908866107318,96.84528289608323,88.27233808882127,73.86183702133266,4.1892566215620946
WH-MI-1,2024-02-17,Midwest,7554,233.4716062314504,98.5361826145017,96.06470610225912,61.888244225298436,3.18534482177066
WH-NO-4,2024-03-09,Northeast,6150,188.62221113498114,96.72149014590006,93.95422705382505,74.31028128810848,3.472671913636832
WH-NO-1,2023-08-24,Northeast,4273,198.45726319963111,95.89984046168371,94.42534541187963,90.42854838789776,3.0306733473203145
WH-NO-2,2024-02-09,Northeast,9500,236.94194914554728,99.58331780326002,85.09132706556254,79.18513945401912,4.305097615421069
WH-SO-1,2023-10-28,Southeast,2400,247.70046733838768,87.4208386557072,69.04179984861652,18.360085714275883,1.6097927719033673
WH-NO-4,2023-01-29,Northeast,8694,263.191196856749,92.76307189104244,74.9870776042181,76.63927822761941,2.1495691290638828
WH-NO-3,2024-10-23,Northeast,3303,204.7281453538755,99.7299178682512,95.25412229358096,35.68235446818867,1.6784767024078047
WH-SO-3,2024-10-25,Southeast,3347,267.1232744406347,90.82668019994237,94.96301358123853,88.03786138359463,1.6214390730152188
WH-MI-2,2023-05-17,Midwest,2693,219.74070537753477,96.67089132292746,70.77137927728161,38.343158540027744,2.4175030694686885
WH-NO-1,2024-02-21,Northeast,3250,308.42618707986037,96.84893632901682,79.8525290626123,73.47160662270964,3.911585807845137
WH-NO-4,2024-06-19,Northeast,6922,170.73342518175284,96.47337696099565,86.7835373213095,67.24461547110569,2.9562630988952714
WH-WE-3,2024-09-05,West,4383,92.51349210424904,95.6722771046879,86.85067696694134,49.128145199174526,4.286125763871201
WH-SO-2,2023-06-01,Southeast,5955,204.03445922775634,95.95170519194906,96.62578812563004,62.70082424651455,3.934934732189133
WH-WE-4,2024-05-06,West,5899,187.3169709709765,88.51418252751812,96.00107172817812,75.48492851540952,3.7761593808421656
WH-SO-1,2023-08-15,Southeast,4036,152.6864516537912,90.8014333136068,93.52192797698822,71.6995127314449,4.071504989126237
WH-SO-5,2024-06-16,Southeast,7472,184.57295152921654,99.76515122298713,87.71245641083506,46.06190752105112,3.8705724325048707
WH-WE-5,2023-10-24,West,3303,268.69321260405025,98.6451737435952,82.67652256333152,79.99910721662874,3.8489869511492163
WH-NO-4,2024-08-30,Northeast,3972,161.92720564798083,90.00572694341874,91.33456266114248,59.009849530888616,3.52854903313625
WH-SO-3,2023-12-25,Southeast,6596,200.79301377558414,74.68042978946593,85.89506434909073,55.67383409082169,4.218935882468466
WH-NO-4,2023-05-05,Northeast,7449,213.1013866422743,95.87907145005697,95.40863276212531,66.82730862889368,2.5779325442743968
WH-WE-3,2024-07-12,West,3662,265.33298656237224,98.59085617184907,73.55351529081031,63.75334221395433,4.30217869744255
WH-SO-5,2024-02-24,Southeast,6068,232.96872292469493,96.46996470384389,77.24932465091364,89.41274550363208,4.295873848423743
WH-NO-4,2024-07-17,Northeast,5448,174.14076387733493,96.89770312610855,90.95090125522358,88.27720684363742,2.8733714652677476
WH-NO-4,2024-02-28,Northeast,5613,186.00562167697785,95.7032835735759,98.16552971197949,59.91132697631959,4.288590541944247
WH-NO-4,2024-04-20,Northeast,3992,181.83017209281996,99.69154998450368,75.86116495394936,72.20920127218938,2.0072789015979824
WH-SO-3,2024-01-24,Southeast,6420,221.13906333165443,95.94181323956545,96.60520279687587,76.62961357545255,3.5745313934782086
WH-SO-5,2023-09-04,Southeast,2448,112.792812826542,98.95004693763563,75.34620642248055,54.35535607784975,2.893259547579235
WH-SO-4,2023-08-15,Southeast,865,124.98886224722948,99.05067072140751,92.8896151126414,86.91777097308021,4.248993257559116
WH-SO-4,2024-09-17,Southeast,1964,203.41127507946263,99.73140421452705,68.91746880534669,43.91094387797443,4.000966520634309
WH-WE-4,2024-12-23,West,2167,241.06446767757444,99.47983741844277,53.33962925274931,81.93253120149002,1.987996670006071
WH-WE-5,2024-06-14,West,6670,114.3382371414148,99.96618859666,94.43189346760373,33.39029730282785,4.337642264785506
WH-MI-5,2024-12-20,Midwest,1545,156.27911578243913,97.80426760705501,70.13212593779244,61.97982000186363,4.366699836042426
WH-WE-4,2023-09-26,West,2521,149.14649940178603,98.18918727699997,89.93504095935691,65.73991484094317,3.97543474740731
WH-SO-2,2024-07-03,Southeast,5506,247.61006510430013,94.32384499710999,95.09662423972513,84.13603498141731,4.215347814324282
WH-NO-4,2023-03-16,Northeast,4350,154.14388844144312,98.1795704453561,84.0601537893847,53.38946086015147,1.7181827501364513
WH-SO-5,2023-03-26,Southeast,12400,60.77985429036198,98.09779857958014,96.55918551936763,82.7898099439222,2.6078523302078302
WH-MI-3,2024-07-21,Midwest,7772,209.4030485995662,91.11818441757326,94.5005810312583,50.55192303564138,4.27000712611747
WH-SO-4,2024-05-25,Southeast,6948,275.13912426313885,87.60415187187309,98.44945703943063,69.43028481544891,1.9685928650605764
WH-NO-4,2023-03-05,Northeast,5914,164.4965357253488,95.31292948701817,97.78799817714048,93.99799907982313,4.1834887968435
WH-SO-3,2023-08-25,Southeast,3732,178.4462488002266,85.03762184156197,73.3403603471165,86.15172965320765,2.1947214243992708
WH-WE-3,2024-12-03,West,4353,206.9301243498728,90.84372963824582,87.10467337607113,72.94054764936023,2.238521421238738
WH-SO-3,2024-07-28,Southeast,3991,315.3073480831938,96.02667092333718,89.57889883546726,67.18300666542883,3.9148871630818554
WH-NO-5,2024-04-02,Northeast,4527,199.240270162684,99.04215120161139,83.80152511624698,86.32662995912817,4.346042456124259
WH-SO-1,2024-11-28,Southeast,4199,195.1120528459655,88.73482933758135,83.89267953412487,62.50860182060366,4.410048907569168
WH-NO-2,2024-11-30,Northeast,4964,281.1433093399591,99.38575703752306,79.80034445236231,50.266106969680116,2.3435465552032455
WH-NO-4,2023-05-15,Northeast,6291,225.09139698263047,99.95943099190062,86.93240540502606,83.84417778519206,2.1211805253860967
WH-MI-4,2023-09-12,Midwest,4377,291.9549587148566,85.09921831790177,96.41422019157773,57.46264463567417,4.182054786560828
WH-WE-2,2024-10-10,West,4654,179.7253308569249,99.41364039474531,92.14540688237942,84.39347310769124,1.9988429933336096
WH-NO-2,2024-09-25,Northeast,3292,199.175010263576,92.39586312786065,88.45802334455153,87.24530388417887,2.378703496722103
WH-WE-3,2024-06-29,West,4766,236.05670516435487,99.75271143643432,95.29680904261983,55.981335376432185,2.2596272742446315
WH-MI-1,2023-07-25,Midwest,5020,216.08776510461493,94.302958691121,98.41696210961001,57.58068089761703,3.5551016195841325
WH-SO-5,2023-11-17,Southeast,5245,186.39523801562993,99.99607220750676,81.60556869959903,39.345374996105406,2.238741302921884
WH-SO-2,2024-11-01,Southeast,4225,248.31288441040454,98.85292576073205,91.47720791886076,82.92857704341688,3.2108926224750634
WH-NO-3,2024-03-29,Northeast,7387,274.6607821186393,92.61602302813925,75.25943111421743,79.39509268922822,3.0192556426424297
WH-SO-3,2024-10-19,Southeast,1206,147.9454997410368,95.56582783965429,89.01030156098287,77.75564559869065,2.288847352774796
WH-MI-4,2024-06-16,Midwest,5735,205.60564889974927,95.41025699219104,84.9277713584532,32.991905728868474,3.964602199481483
WH-WE-5,2024-08-26,West,3914,133.2487794054898,98.75517284168299,78.66645283772634,53.128288648791525,3.4773219837960174
WH-WE-5,2023-12-23,West,5203,153.95214337247697,86.17520603088161,98.64802124153083,72.30038284261452,3.143680222414014
WH-NO-3,2023-12-14,Northeast,3798,191.98872829064968,99.53527658871889,95.50855677283855,88.48114680249121,1.9735957005149278
WH-SO-4,2023-07-11,Southeast,5304,213.1045968912373,92.93139124210603,91.71956175595739,56.08161624606522,3.5722540860951004
WH-NO-2,2024-04-24,Northeast,6356,158.39834228892755,95.9142315759999,74.23447318587304,78.68316670740735,4.281239563776941
WH-NO-1,2024-03-15,Northeast,5973,222.87252435586157,96.29372837930286,82.87897433307897,16.477630350354687,3.874782045197108
WH-SO-1,2024-11-10,Southeast,5275,142.89292387640853,98.17178711446405,90.62381980192357,32.80340524775559,3.166239088863574
WH-NO-2,2023-08-16,Northeast,4790,281.77383145661474,97.94159854976691,89.94795402337715,72.03389286456526,1.9693778373733086
WH-MI-4,2024-01-09,Midwest,4917,317.8589328244419,95.84296954525755,94.77272700392541,54.64402509119927,2.5240876546885973
WH-NO-5,2024-09-30,Northeast,3652,211.69236634624335,86.54318386228768,87.42047633873953,73.05922658970381,2.8776531776904
WH-NO-2,2023-07-19,Northeast,4281,114.70612330222214,98.08458145034496,96.29056556734895,91.83853902233714,2.9421112560623524
WH-NO-2,2024-10-25,Northeast,4665,131.24248699788333,99.8808007935134,78.68455591756037,54.98488943679809,2.262041545849156
WH-WE-2,2024-05-01,West,5630,209.78566872136676,98.80120073065264,79.5198830048744,74.29085519300851,2.6310451502250896
WH-NO-4,2023-07-27,Northeast,4722,263.35386193659167,99.43861655367618,77.80884130180245,86.76788938601217,2.53741813786285
WH-SO-3,2024-11-12,Southeast,6125,174.95188092260068,98.62302322522196,92.8413297458883,83.96145042724403,1.7376802679866268
WH-NO-2,2024-01-13,Northeast,6636,169.28785461594478,95.14324964586925,87.94731479837175,52.38301975723496,4.178590268408017
WH-SO-1,2024-11-06,Southeast,4124,75.85802755771316,90.46413293096728,90.05656058387036,69.73292867454307,4.375458197624861
WH-SO-4,2024-05-24,Southeast,1100,146.4084648124617,91.09295318418339,72.40409026571018,89.47811196625025,1.5987406786009568
WH-SO-5,2024-10-02,Southeast,1954,267.2067532486274,98.16915914472642,77.58931908485171,60.11854291887685,3.718740793525084
WH-SO-5,2023-09-30,Southeast,3414,170.71195457340187,89.15134952655691,94.70097199650142,78.17888501401119,4.27401482202361
WH-NO-5,2024-01-02,Northeast,5311,150.4356117995778,92.55120812460012,86.3428577220904,55.31825916211795,1.8336070663535917
WH-WE-3,2024-07-25,West,3823,251.56741348737486,99.79724918798729,92.86960823023286,61.772780509738325,3.0819678475299592
WH-SO-3,2024-09-14,Southeast,3292,279.4299676695507,96.91248115839312,79.73769824964126,54.81433208189439,4.325251224536672
WH-MI-2,2023-07-07,Midwest,3740,157.35807960926212,93.68405750330786,91.62990179286166,41.14486880137562,2.2612507335905256
WH-NO-1,2024-09-20,Northeast,4942,99.87481828114784,92.71441088574063,80.68890304263822,27.12097434466889,3.4166646746239806
WH-MI-5,2023-11-03,Midwest,4723,148.96697351487273,98.21069936667034,84.66212838522567,88.28003518665881,3.753087262744319
WH-WE-3,2024-02-15,West,5655,248.62191864060716,98.16466534509448,91.27222311012942,84.22941206197675,1.713381258147475
WH-SO-3,2023-01-02,Southeast,4429,212.47024953116744,99.88874406989521,92.91710903194873,50.89575061783511,2.267077621672338
WH-NO-1,2024-03-05,Northeast,6490,207.97758052158542,97.17275666781391,81.98128954737999,83.85897913618172,2.4712219900150076
WH-MI-3,2023-01-10,Midwest,4510,243.52996678330612,98.70789405996196,87.53771195572536,76.60185981604403,1.6821044387833242
WH-SO-5,2023-05-10,Southeast,6892,198.85858932237346,99.65742494838143,86.7493298067959,80.77260536982175,4.242829389412356
WH-NO-2,2023-04-22,Northeast,5079,255.42213713441677,90.28283732741801,91.82875647370108,52.40950287485664,1.9916771599613772
WH-WE-5,2023-08-15,West,2812,224.4661139972372,98.78692752893153,90.2847829125565,60.84334416418095,3.3896522318370814
WH-SO-5,2023-08-02,Southeast,3497,253.1494336514045,98.65694182568102,98.35237183449775,78.70618627148852,2.5466714220928797
WH-NO-5,2023-11-17,Northeast,2769,233.21021010353596,97.16270148216725,55.38037510748217,64.61439329888843,1.7101377735788175
WH-WE-1,2024-06-11,West,2062,179.8166198778799,99.48572292748908,86.76637886150391,55.04864239816708,3.968037010756527
WH-MI-4,2024-09-28,Midwest,6952,194.90859030387975,95.03273655095401,81.74651549782095,66.89938126520767,3.7301252721718865
WH-SO-5,2024-10-30,Southeast,2759,282.61676542985913,84.3093527069431,93.40351276750204,70.64881659302645,2.304301864114137
WH-NO-3,2023-06-20,Northeast,5325,204.38086915733325,99.56648621476934,87.05034687578109,78.540646008223,3.009792137114972
WH-NO-2,2023-07-02,Northeast,3610,246.57533688678544,91.7176345125308,92.32869099100768,64.03059992588298,3.312408245114367
WH-MI-3,2024-06-28,Midwest,5051,165.44273419536094,94.38824709297862,86.42326942323099,50.328812163401516,4.389211180600145
WH-WE-5,2024-01-17,West,6693,215.4345937617148,93.36306304292951,92.78682075659714,81.56062842520907,4.311647678184093
WH-NO-2,2024-02-09,Northeast,8243,188.4963458922838,99.48156899030465,94.08514900791735,42.74166273050014,2.3860237712950365
WH-SO-1,2024-02-20,Southeast,5425,159.71973892886143,98.35423836720494,94.54371261979625,43.9894955579598,2.414876557865567
WH-NO-5,2023-05-04,Northeast,8084,234.4773867208925,94.18546261918304,95.54156771043529,73.72277702126753,3.7149783494489057
WH-NO-3,2024-11-18,Northeast,3226,138.60015680869145,89.982910494691,95.75642765343959,48.94187611541778,4.4441732255869955
WH-NO-5,2023-12-18,Northeast,5186,237.46821604503822,96.56804047061988,90.47506494011458,77.2994303060042,3.209824476664311
WH-NO-4,2023-07-06,Northeast,3435,139.20570739953394,99.30883964644076,93.38284641128561,79.43177668322409,3.172430508487153
WH-MI-5,2024-03-08,Midwest,3340,261.93436367171216,91.8998517869257,91.90357823655424,47.62938164015733,3.8090454045276125
WH-NO-4,2024-08-04,Northeast,5707,226.04839404125266,94.70926492619499,88.61056204286506,72.01054469524095,3.7873719574715423
WH-SO-1,2023-03-20,Southeast,8620,218.036727745911,83.82925402834552,92.46812062147627,70.9618768896767,2.742159313100369
WH-NO-3,2024-02-29,Northeast,7069,148.54659323501073,96.71295984409352,68.94016754566589,74.51179865675455,2.1699235590703263
WH-NO-5,2024-06-22,Northeast,5838,253.50607410882753,97.17488874951961,94.75621376778567,58.77536852133814,2.926584591288181
WH-SO-3,2024-06-16,Southeast,7796,230.9805158010791,89.47032330226786,94.15461155913071,51.23035321353003,2.236579565542736
WH-NO-2,2024-07-17,Northeast,4463,250.77006952840017,97.56522802895904,95.39095014803087,70.49019120448582,1.8187644950760355
WH-SO-1,2023-11-04,Southeast,2664,183.48805641963537,99.82599863649806,95.73726536540221,64.87415593703605,3.1574655626887758
WH-SO-3,2023-11-24,Southeast,4294,275.8124160127011,98.34152839729113,95.56913341408467,60.65796760604199,4.475979030345599
WH-MI-4,2024-02-14,Midwest,2987,198.44968890268783,97.15673639150685,88.3221297202341,78.63449699768535,2.80138439080335
WH-SO-3,2024-04-20,Southeast,4717,184.29199541892777,98.83770713221831,96.77259508777857,77.82596925276715,4.485289157714204
WH-NO-2,2023-01-17,Northeast,4627,136.5624552379176,98.27672615822841,83.18603749242371,80.25518825753886,3.077105813639427
WH-WE-5,2024-10-12,West,3241,258.69859318137844,95.1353536478872,90.1348816992678,71.28449991310073,2.092700982320206
WH-NO-1,2023-09-17,Northeast,3070,183.6747702211962,87.07782845414206,95.80646684909607,82.59158259397296,1.962186458072959
WH-NO-4,2024-11-13,Northeast,3588,299.70046912216094,98.22109342986805,98.80352276243208,81.79845234702996,3.2204057975236973
WH-MI-2,2024-06-20,Midwest,5671,178.88217846315808,98.78485583567983,81.54878273558515,65.03947428100022,2.886801676800032
WH-SO-2,2024-05-19,Southeast,8397,96.90566832261788,99.27849423532092,85.10035317621796,62.661227439372965,2.1878330361857516
WH-NO-3,2024-12-08,Northeast,3345,178.5261864166391,96.42674675363374,85.79812653367107,25.97043668661462,3.437634844101912
WH-WE-4,2024-02-11,West,3315,269.60990446025227,96.29673091429342,78.40728537284778,61.66459119976818,2.0765442602507944
WH-SO-5,2023-02-08,Southeast,3706,179.79872845436083,99.58736278274819,98.60780346524888,35.5231278707492,2.379368204387568
WH-SO-3,2024-03-04,Southeast,3544,290.33181588194003,99.6185642811413,83.36291953990066,56.85139458154249,4.418081876129422
WH-NO-4,2023-10-23,Northeast,1896,270.83665809416743,98.56645492928833,85.91686327474842,83.99876326890711,4.453945557956699
WH-SO-5,2023-05-02,Southeast,7245,229.89656381246755,99.9149314311688,96.4134485153616,86.48988792645186,2.8077144860820216
WH-MI-5,2024-11-02,Midwest,2692,131.3009216718604,96.84366232427894,77.91244588823105,55.24549774604232,1.8798403014196254
WH-MI-1,2024-12-02,Midwest,3878,289.70673866724235,97.65550948983321,82.22229968274772,68.93667079441737,2.8345338139888234
WH-SO-5,2024-07-21,Southeast,7325,217.89786660879375,86.56983181326859,96.75020230071917,50.238831101170355,2.2101248063432886
WH-MI-3,2023-08-06,Midwest,4262,169.34178734908966,96.99659706535085,94.96581532909451,56.99387926716316,3.003057136802332
WH-SO-1,2023-02-14,Southeast,9141,156.21995986097616,96.70047233794655,84.13550400435759,54.63246916603464,1.643222102697785
WH-NO-1,2024-08-16,Northeast,4602,246.69385448071367,94.39536202070478,90.0949839234648,80.63800269276273,1.680726906173601
WH-SO-3,2023-06-08,Southeast,3750,168.42236116467626,95.13892487231116,63.24992391156097,74.28456665358554,3.3205833041330273
WH-MI-5,2024-09-30,Midwest,4549,218.70848752290692,96.68823840066045,97.93359106236925,81.58258593113678,3.3427435554614995
WH-SO-5,2023-07-14,Southeast,4238,143.10904115211372,93.22629260227076,96.65068915882716,66.53045244719094,2.8414253358404435
WH-SO-2,2023-08-22,Southeast,3489,287.80549002620586,99.31754776396865,87.00031120078403,35.7871215422234,2.816780016059505
WH-NO-2,2024-04-03,Northeast,7441,233.9228986025704,97.38074112747455,88.24566522485067,52.18693739519979,3.978328129450073
WH-WE-5,2024-04-14,West,5883,177.45978247103332,99.48279874387802,80.68037972603325,50.931773698567774,2.2648924903845638
WH-NO-5,2023-12-12,Northeast,4612,85.65363722195983,97.15399422359535,84.92567100124054,62.28654620021139,2.1825415247157243
WH-NO-5,2023-12-21,Northeast,5443,316.6933101517669,95.86866280939216,65.77885172704417,64.34466684276683,4.0628661975854525
WH-SO-4,2024-04-10,Southeast,6010,130.76710337141435,86.89763341621999,93.32214986728884,75.6554797210145,2.858997884316641
WH-MI-2,2024-04-08,Midwest,9131,230.01148450137697,98.95866447869727,83.96737393697742,84.54336991849135,2.2867646090608096
WH-NO-3,2023-07-25,Northeast,5795,164.90715923290634,94.52241509326453,96.55571346549058,69.1245859998529,2.1096774142695
WH-NO-4,2024-04-27,Northeast,7258,134.10760384834072,95.50253115607349,93.2093073550864,54.042875705831385,2.1754667845905185
WH-NO-2,2024-10-06,Northeast,3564,152.76386912268657,94.22165619279973,79.02882254416778,79.34091949598114,4.20870329414962
WH-NO-5,2023-03-31,Northeast,6688,134.24844952638426,98.06850930437172,96.44259988013626,70.15382238592417,4.472006117258253
WH-WE-5,2024-05-27,West,6553,225.1636675930058,95.77595055776744,92.96775417365558,70.35082676722814,3.8542693933072245
WH-MI-2,2024-08-25,Midwest,3817,202.65595885989524,99.71441015258036,87.13690051889643,74.70090110892588,1.7459697644564474
WH-NO-5,2024-03-27,Northeast,3142,207.2933302025766,99.52768442654599,84.4327585459434,85.59199570497955,1.884978483181484
WH-SO-4,2024-08-06,Southeast,4929,153.05132963305505,98.4761847198336,82.62640056459043,79.84548039475732,2.821708130542877
WH-NO-5,2024-11-10,Northeast,4574,158.04317207285845,98.04746456520593,96.63813260851023,67.45368065353364,1.873581999165817
WH-WE-2,2023-08-17,West,3192,203.6164509221538,97.53972397760569,85.59418769996728,73.76223065920564,2.3052062289972017
WH-NO-1,2023-04-27,Northeast,6908,168.19108024752228,97.04928503007288,88.84417006462867,52.199450981011,2.9509235912435616
WH-WE-3,2023-12-23,West,4422,213.53129525730523,94.21952986757813,92.33025785613388,78.60364450105403,2.481712127696515
WH-SO-2,2023-12-01,Southeast,5467,297.09800364626176,99.60316455968236,98.25972340299255,68.81790367010574,2.321223380191345
WH-SO-1,2024-08-07,Southeast,4705,213.12704551274967,87.08235808265896,80.68094884081324,32.610086276016276,1.6307509191413838
WH-MI-2,2024-01-31,Midwest,3939,155.20991286569927,92.10082200080409,99.81414324351299,63.07533657494887,1.5922699326836542
WH-SO-5,2024-09-03,Southeast,2810,226.90161696122973,95.65488224656148,90.61287702992689,71.30366972158642,4.439125585805328
WH-MI-1,2023-08-10,Midwest,5068,205.16672122256267,97.86473680538013,92.81640612583345,63.55614790543067,2.0763509860724
WH-NO-2,2024-07-16,Northeast,2883,140.27520302984414,95.96798012047455,73.57592767326076,58.902144626125164,4.219897630338725
WH-WE-5,2023-02-09,West,7829,213.29191342435297,95.0310026086601,80.9950309274608,80.68152386859624,2.2715609449070806
WH-NO-3,2023-08-31,Northeast,3697,132.1759984525245,97.12975224506748,93.91043004855952,85.10863019281715,3.7899917530551654
WH-SO-3,2023-02-28,Southeast,9353,209.01442561995898,92.13371057830216,96.63243259129835,71.09779593018449,3.6797532715130923
WH-SO-2,2024-02-04,Southeast,3459,203.4193892167337,95.454138739144,91.21820691131694,87.07187721867273,1.5209847652995998
WH-NO-1,2023-10-04,Northeast,3249,182.96702238802652,93.30432811443995,89.63508998299267,78.85497240331719,3.5511462343049205
WH-SO-1,2023-12-30,Southeast,5508,175.80791808636388,92.18656357083064,92.43657545043847,60.47531573470676,1.5271121374945889
WH-SO-2,2023-01-24,Southeast,2643,196.31733793108444,86.93117043066707,92.44909869933461,37.24564167746326,3.3629077757596453
WH-SO-2,2024-09-23,Southeast,2369,178.39281734838016,99.87329453848312,73.99324339880987,71.01579837618797,3.0859005980285605
WH-MI-1,2024-01-03,Midwest,4571,253.98983797473107,98.1722031173741,83.54255567963122,42.077169660002916,3.6376028732097847
WH-NO-3,2023-05-13,Northeast,4856,145.10722957355622,96.61714513174358,98.84443637656912,42.18351488694289,2.7771288438114823
WH-NO-2,2024-07-07,Northeast,3927,209.53432586011712,97.57151732718013,91.83469299284856,49.55912246854292,3.6867180739596113
WH-SO-1,2023-06-02,Southeast,5136,117.74920662804229,91.28722883137236,92.86776458215772,78.89767762555182,1.6422281275569874
WH-NO-1,2024-05-21,Northeast,6665,196.674839374096,98.06715320347628,97.69674872521111,69.06605116817951,4.022105211595736
WH-NO-1,2024-11-14,Northeast,3863,182.90316567122977,96.57942464983844,83.53150720120294,60.234687507718576,1.6654607766150598
WH-NO-4,2024-01-03,Northeast,8101,113.90488387303462,93.5101250192357,87.66220897423388,60.12768333476478,3.582931294734421
WH-WE-2,2024-12-26,West,6036,197.3388786057874,91.99953383323373,90.47815264717734,61.796463131684774,3.6183885985810686
WH-SO-3,2024-01-23,Southeast,8455,256.62474274290554,88.09001698807509,83.07821531373543,63.54663622145553,2.924606446421628
WH-MI-2,2024-10-15,Midwest,4352,286.9217725657089,88.02738217676719,97.79222738407893,85.03519490048357,3.4570224224593713
WH-NO-1,2024-07-14,Northeast,6365,96.20402364510623,99.56436689799399,91.12488053911646,57.912544709819066,4.3975154466838084
WH-NO-1,2023-12-12,Northeast,5098,218.72176048596342,92.66858947659489,88.47992955171888,83.58507905284964,3.209596133253015
WH-SO-4,2024-05-31,Southeast,4042,282.7720515596847,89.98494890787502,81.65104401606024,48.97099837147431,3.3129387921427367
WH-NO-4,2023-01-13,Northeast,3793,212.61729349896365,94.13346857439745,85.8083833433514,80.22310382002216,3.6784166421255
WH-NO-1,2023-02-25,Northeast,7215,168.61737583020928,95.40796335134348,92.98383644571298,56.573924968479275,3.9496299738105254
WH-NO-4,2024-05-20,Northeast,6443,112.10744659864802,99.35285854533676,79.22639846114947,63.1754862431704,4.305850952714972
WH-MI-4,2024-05-07,Midwest,6443,262.14283277072497,88.82756565565691,85.08659350224359,64.12519138889819,1.695211887241896
WH-NO-1,2023-01-19,Northeast,3819,170.36841610484757,99.0484703937013,90.12654483485842,44.25494373452064,4.2035504550385046
WH-WE-3,2023-06-06,West,5919,194.5075417805024,93.78986766900756,80.97313551372724,41.51901342762866,1.9531691515970335
WH-NO-4,2023-08-04,Northeast,2905,292.3421401161068,89.80738862990565,84.44941486877714,72.42149254937668,2.9189511191457487
WH-WE-2,2023-12-28,West,4154,223.50376356149062,89.0617560877447,93.852815090934,69.71728474012345,1.8406119933612617
WH-SO-1,2024-03-27,Southeast,3890,116.18475263301045,95.84146571735162,95.45509740422528,77.08354990212183,2.8603603792033723
WH-NO-3,2023-12-30,Northeast,5965,213.30336112269836,96.63271257321531,91.04316281787379,79.2384839051152,3.779797155163984
WH-SO-2,2023-12-09,Southeast,4887,186.10316753247054,96.32888628423119,90.50956744687402,56.20785406444336,2.461774183812647
WH-SO-4,2024-09-24,Southeast,2925,221.31109525248573,99.90727297827513,92.97580428706294,77.36849751723453,2.1733653835663045
WH-MI-3,2023-12-30,Midwest,3746,199.22532680223748,86.40242660671282,79.26289955924756,74.97660985268934,1.9516986828233294
WH-NO-5,2023-01-03,Northeast,6831,159.6998775059214,98.75241721778649,73.13495717420967,66.59390676057649,2.2157100689266938
WH-NO-1,2023-09-01,Northeast,4321,159.0295270550768,79.54354655468902,91.27145683150395,64.14551789641233,3.6536893102805914
WH-WE-2,2024-01-14,West,7183,101.33970233182693,87.5515878340895,85.01440070895035,57.85652625893637,2.389964071706668
WH-NO-1,2024-12-07,Northeast,6175,221.48439729002015,87.47797427861843,87.11843233167787,77.72188490818753,1.966726071197232
WH-NO-2,2024-01-04,Northeast,7430,157.09209453277438,90.95843662292484,92.05662689868784,78.51152701101375,3.3873804213148158
WH-SO-4,2023-05-09,Southeast,5496,200.5737804814686,98.37095637918843,84.70810571968622,65.35266547601057,2.6201272754272944
WH-NO-5,2024-03-20,Northeast,6695,176.87185327205563,91.57630357513297,84.2001043760911,93.54747997712066,4.425579699516147
WH-WE-4,2024-01-04,West,7236,231.84258559378674,99.22824973820387,85.1443138140907,55.62237624974083,3.4001088135173534
WH-WE-5,2023-05-11,West,5091,270.1304498017289,96.57189013986384,94.7079887996771,51.74267147460942,1.6614046509421727
WH-WE-1,2024-10-18,West,3418,181.077742412672,96.57393001464914,71.13665790687924,45.97626110589842,1.5219112624407218
WH-SO-2,2023-03-12,Southeast,5825,211.68391873175221,91.9334893882241,92.00709987848799,64.6359106024713,4.215765765644689
WH-WE-3,2023-08-11,West,3465,180.39864980302906,89.96764216299205,82.80191601073209,32.058850886981105,1.961449914689321
WH-SO-1,2023-03-22,Southeast,7266,135.131370079796,99.10295988091045,74.2696736892135,73.22544422020002,2.3363832785773515
WH-MI-2,2023-05-29,Midwest,5282,201.16094904475926,99.6650463227576,83.69496612282268,89.26091465892834,4.124344734477324
WH-SO-2,2024-03-28,Southeast,6639,189.06569113521655,92.47184783013995,88.7235528264547,56.04699168041648,4.162085431111669
WH-WE-1,2024-09-23,West,3525,156.85693943085246,88.56676856156342,89.28314114492788,69.19888338361814,2.268907319130354
WH-SO-1,2023-11-19,Southeast,5828,200.79143250279577,96.86845837697403,96.47101582272268,70.59331970461872,3.97679594927784
WH-NO-4,2024-11-24,Northeast,2904,290.5206778857796,94.99218924088498,94.23148406871957,74.00540617762331,4.228520931097975
WH-SO-2,2023-02-03,Southeast,8062,198.88285511289624,98.58122255950437,73.31611435343135,81.77086622424449,3.3854375976443962
WH-NO-1,2023-10-30,Northeast,3958,163.2521133257428,99.21988379124089,87.22999124846079,35.8636457453512,3.08567994243911
WH-NO-1,2023-05-07,Northeast,6337,125.81301326363882,95.60717762744876,76.04136843370799,59.05378996231073,4.366635427687651
WH-SO-2,2024-02-08,Southeast,2183,239.93071977785692,87.89388373538421,90.94698814027204,61.182714956457396,4.496551549218822
WH-SO-2,2023-10-11,Southeast,2425,196.3100435965364,97.04931453651123,72.19418329183395,66.81371869785299,2.022081123842168
WH-SO-4,2023-11-09,Southeast,3351,268.495063730337,87.40758655465831,95.46408820620569,59.36791830626132,1.5651649857067755
WH-WE-4,2023-06-05,West,3863,275.814193685284,98.50193641478843,88.20006931875672,74.96962252269103,4.08297182132086
WH-MI-2,2024-11-24,Midwest,4032,178.95890021938055,99.71880968948335,94.73608795085302,76.35164582408017,4.431812028525879
WH-NO-4,2024-12-30,Northeast,4773,184.17287033364306,86.1961566991915,96.13567889173707,83.84573955019046,2.217199999701942
WH-MI-2,2023-02-17,Midwest,4797,191.70313278022445,98.08174457747067,96.8080544146414,46.023666366107676,3.297726670234219
WH-SO-4,2023-07-04,Southeast,3181,237.14259825734067,97.41214834323532,86.61466107635123,58.226685918242424,4.014148420151124
WH-SO-4,2023-12-21,Southeast,7883,202.8792185747933,98.99181698292199,96.49740091049665,77.48893018019707,3.803147242399006
WH-NO-2,2024-03-29,Northeast,4053,205.99715508186526,95.23724390705902,83.77838294660712,89.2656085364401,3.765169287017679
WH-MI-1,2024-10-30,Midwest,3498,259.29744615136093,80.25478645647794,90.61949992906689,84.8939866720244,2.589155048978544
WH-NO-3,2023-06-02,Northeast,8186,173.9121572511632,86.37291294915251,80.7851873892945,87.14992633520706,2.4005984540723975
WH-MI-5,2023-05-26,Midwest,6557,179.8683500068226,90.12334005086703,96.80133971484918,74.77124695378947,2.346749846744341
WH-NO-2,2023-03-06,Northeast,5581,241.52729267669764,97.64634632082551,89.75219455837968,51.721370108708754,1.6938472908569318
WH-NO-5,2024-02-23,Northeast,6619,172.64177236724214,99.33089414751372,77.23747974579149,29.850516219892487,3.1466246776344824
WH-SO-5,2023-07-10,Southeast,5449,144.47027196929318,95.45383893106465,91.16712864099163,52.367557443556834,2.0542583248273476
WH-MI-3,2023-01-09,Midwest,5078,209.50946482636084,97.75221190416818,82.86645900379455,69.58911152005905,1.6913396918954373
WH-MI-1,2023-06-11,Midwest,2943,243.09245470621445,94.66737766332753,86.71939903995802,79.99212378591692,4.487594277797591
WH-SO-1,2024-11-06,Southeast,3264,242.08356592150508,99.63588939809345,98.11474578047938,79.24595874217604,2.555554236572598
WH-SO-1,2024-09-26,Southeast,2028,175.66268326095968,98.35990701282492,86.37252837661988,38.0504112305237,2.8551743887883902
WH-MI-2,2023-03-10,Midwest,7233,268.73184169219365,96.56337824610847,87.84811385304157,88.52747905739642,3.2421994438853416
WH-WE-2,2024-08-14,West,3746,126.9588438994864,92.91624635508097,86.70413923259606,83.7308396426077,4.3906056941507074
WH-WE-5,2024-07-16,West,6674,248.64085786769505,95.63919562929283,90.8786624016319,72.94891312410627,2.176006721487652
WH-NO-4,2023-04-12,Northeast,6835,185.72058640581088,99.22920524574623,98.25803275913523,78.22937042457563,1.6524543653940398
WH-WE-4,2024-05-24,West,5279,253.53226829058895,95.05667510891152,83.0388675015457,65.26965687933046,1.7436677881932674
WH-NO-3,2024-10-05,Northeast,4088,207.2357338151134,91.46833874893127,84.4701452470639,73.02676553785321,3.856950654935216
WH-SO-2,2024-03-15,Southeast,7110,163.06977089584916,97.75514570599026,85.1490732524453,76.79855895967438,2.5731469028356044
WH-MI-3,2023-12-13,Midwest,6563,132.0529156528454,98.02222406148128,86.22077685109613,36.91751427167033,4.094942386250793
WH-WE-1,2024-10-10,West,4025,175.87194856466442,94.8338536613154,89.1479483816644,49.003497480776595,2.15986409176765
WH-SO-5,2023-06-11,Southeast,5794,156.05535518045065,98.69638436378825,96.09054188859943,60.52122511882061,1.9389343036240168
WH-NO-2,2023-01-11,Northeast,7844,211.27738365760678,98.55446224999761,96.61568818236215,69.27666026610004,2.0274897058885823
WH-MI-2,2023-06-08,Midwest,7103,180.76772229403318,99.55462947344763,94.63677545821845,67.0099194097883,2.402891363733635
WH-SO-5,2024-06-10,Southeast,2931,216.29019914996684,92.16952579431641,94.1260227345109,57.43278309829475,2.838588407583709
WH-NO-3,2024-09-01,Northeast,3331,247.55166825593446,98.69038496546396,73.99232030339111,67.72841773381978,3.0032282351882245
WH-MI-3,2024-09-09,Midwest,3637,181.42942780402637,98.67703842048026,78.39659112875493,83.5401438798952,1.7007589843472646
WH-SO-5,2023-12-27,Southeast,5727,251.12389296819214,97.45719132919058,97.84986195574751,62.41179784656807,1.5505583495380875
WH-NO-1,2024-08-31,Northeast,3488,168.06333044778674,95.26524948638509,78.67918062277569,69.5161374316959,2.3010574823633547
WH-NO-3,2023-08-19,Northeast,3700,278.21747759870595,91.78567776532337,86.98828010858915,82.52865566898167,2.0888619393142642
WH-NO-2,2024-08-02,Northeast,3387,183.79851335615385,86.48029350789164,85.54946992214025,93.89470743877763,2.092453038979723
WH-SO-2,2024-08-28,Southeast,3585,119.09895159096959,97.41445669131352,88.03493818547743,65.21763954539207,3.79089956801325
WH-SO-4,2023-04-03,Southeast,4893,216.3023654004588,89.35431733001002,90.51371196062841,64.86750460151927,3.5360275387933457
WH-NO-5,2023-04-29,Northeast,5429,275.5114857912213,99.09889333157125,90.35686457050407,59.809837038451484,4.184506258886851
WH-NO-4,2023-01-26,Northeast,8671,274.3724087393078,99.90593599377725,81.74923502866932,68.54187498101471,1.9043990152957528
WH-WE-1,2023-11-16,West,3938,204.95748557734996,99.72172916540086,96.66371673301329,76.46236892142085,1.8306789130535681
WH-SO-3,2023-10-19,Southeast,3677,257.8001444773124,98.26483793225263,87.49849395937801,85.29471209876579,2.093408040775233
WH-WE-4,2024-04-22,West,7307,135.61218407657304,97.82450872090912,90.28535052216449,62.96899109053938,1.7184461861546212
WH-SO-4,2023-12-16,Southeast,3301,165.95554358548844,93.96160934412518,82.55589269226431,52.374226373783486,2.7743452856475614
WH-MI-1,2024-09-27,Midwest,3586,212.50893781122252,94.8722240535724,96.09051481023569,57.194627425369625,4.294854511155048
WH-WE-4,2024-12-04,West,4579,263.3136601874467,93.15146756287903,85.84538899420104,58.20077420510458,4.450352117214903
WH-NO-1,2024-03-12,Northeast,3274,169.81009979287148,99.4351915063654,80.04068384840829,47.990437924535755,2.5348578809494136
WH-SO-2,2024-01-29,Southeast,3797,212.8104940438957,92.69547680260546,95.22037008685467,58.099952532987295,3.853848117523019
WH-NO-3,2024-05-30,Northeast,7007,157.05183472288377,93.4310699633957,89.70946880112874,49.494406713129976,3.9990693090749985
WH-NO-3,2024-05-25,Northeast,5487,179.4512216723132,90.85274887244368,89.69119839550407,56.4646348308979,3.654590836003752
WH-MI-1,2024-08-20,Midwest,2854,175.1663792985626,85.85727527871033,75.17436617670316,67.79521989961191,4.113235617335175
WH-WE-3,2024-12-14,West,2765,171.26432153953792,96.71036308643863,95.07912915018214,68.63968897623417,3.150859099892653
WH-SO-4,2024-03-04,Southeast,4699,178.9554354570352,97.24383149188729,92.94495178642049,55.12779278190983,2.5745201885631297
WH-WE-1,2024-04-21,West,11725,253.9687776900396,94.46677432608948,85.72158701947615,64.78887355087922,2.1595950547830713
WH-NO-4,2024-09-27,Northeast,2647,226.65713709145587,98.75217631053643,90.54615445174163,53.11292590385172,1.6631964849465675
WH-WE-1,2023-09-18,West,1014,222.15905860014854,91.37763657090149,95.10669138064955,75.04536344991001,1.8065125570393752
WH-SO-1,2023-07-08,Southeast,5785,158.648899908836,96.60473610701722,88.97454385056169,58.281203461118416,2.0102615878845564
WH-MI-4,2023-10-02,Midwest,6239,184.48511753692446,86.78131695973794,94.43157008580556,85.23053332709665,3.1695718126124217
WH-NO-3,2023-10-09,Northeast,2780,207.7505586285855,99.58913078743282,96.19439944287348,68.33220065419772,2.6619253029470498
WH-SO-2,2023-11-19,Southeast,3103,138.6755114962987,88.59439612507919,76.27490813306926,83.2353334647239,3.1660885446846336
WH-SO-3,2023-01-16,Southeast,4884,211.58582415820075,91.51690380634356,78.90545129613947,48.372808589263556,2.036115751548409
WH-NO-5,2024-08-20,Northeast,4242,184.20886171295328,94.3605722256543,76.61211775161692,83.85739105360773,1.8003686057258292
WH-WE-3,2024-02-17,West,8489,211.4217823784204,94.86272363173671,94.75868323235605,87.27403131259881,3.9983532268124065
WH-SO-1,2023-11-08,Southeast,3909,248.92317524943593,99.2035355622985,88.66534073431937,55.10656602508928,4.4445045782583295
WH-SO-1,2023-12-07,Southeast,4105,226.82067404919212,97.55704293689479,82.92225662650296,78.19497252870237,2.1756604866178333
WH-SO-3,2024-04-22,Southeast,4896,144.657928760473,97.49771589128208,77.73852428594223,75.53931431693142,2.2484039495170767
WH-WE-4,2023-05-12,West,5105,238.66878424861537,99.11386566687806,87.77173140785014,77.90927765800222,3.6023154523643526
WH-NO-2,2023-08-18,Northeast,4876,259.7210307891883,92.45916058394556,89.96182323365916,66.85809432916459,1.5413522172672343
WH-SO-1,2024-04-14,Southeast,10740,212.91477580776703,96.93257504526045,75.82169747100843,67.82536308875135,4.2865902957416875
WH-SO-5,2023-06-19,Southeast,5146,195.24344015964414,98.8211678609269,88.31464814021948,61.86014025042796,2.435956831262317
WH-SO-2,2023-08-26,Southeast,3345,172.96062580362104,94.19656751825923,80.50074527818192,74.61927171354051,3.936788366361775
WH-MI-5,2023-03-06,Midwest,7267,230.90744143562955,90.39435677326527,94.5331383110225,67.56311960928684,4.286336416842024
WH-NO-5,2023-08-26,Northeast,4458,210.56477315234483,99.36307632215026,87.82288723526356,41.75930703788424,4.331096408778725
WH-NO-2,2024-05-18,Northeast,7246,236.46496434089454,97.4677174660355,88.19989526347666,82.14071582366545,4.382963345917762
WH-NO-5,2023-03-19,Northeast,7103,210.80891352476968,87.15746986980713,97.89768070775841,91.36513738283554,3.5566449049683095
WH-SO-2,2023-04-10,Southeast,9278,267.14697071185896,97.2928802151998,89.07121269061315,72.54676106277282,2.095529093295001
WH-NO-3,2023-09-26,Northeast,3105,258.00377806308575,97.0264047816616,96.1714648012681,62.38795256885534,2.958045436964506
WH-SO-3,2023-11-12,Southeast,4024,168.07268611996253,99.17792349742086,90.55623457826069,44.35185638329215,1.9172643554465199
WH-SO-3,2024-06-07,Southeast,5841,183.32847376341235,97.02177737474793,83.62708239929175,75.01073129135203,2.0458847412025096
WH-SO-3,2024-12-13,Southeast,6938,211.87541006549586,98.21221112469115,86.5629394794194,73.4980325438128,1.87237802967862
WH-SO-2,2024-12-17,Southeast,5265,254.96941566786342,95.69559127871233,87.17879588073441,43.73042732093838,3.687817825371636
WH-NO-2,2023-10-24,Northeast,4806,149.51311655092593,98.8770068991259,72.80251906739814,61.529603786774786,3.8093888709738986
WH-SO-4,2024-11-01,Southeast,3413,173.74312730736742,98.26390592792109,89.41920311928224,55.53477176262284,3.2206311079033663
WH-NO-5,2023-07-10,Northeast,3541,263.7270730631858,93.51556492104511,73.24888459115753,41.32228667589597,4.047340822279874
WH-SO-3,2023-07-10,Southeast,3959,287.00873900108263,99.56790883652495,78.08789933090155,57.36894514888444,3.9664947313716192
WH-MI-4,2023-10-05,Midwest,2616,245.18112843777257,97.69269874429905,73.1141134261189,57.36480221393067,2.5533760302841566
WH-MI-1,2024-05-18,Midwest,4197,164.9934163853091,94.14822468354944,90.43769504308749,79.99311995022782,2.818276448345703
WH-SO-2,2023-10-05,Southeast,3105,172.61723481668912,94.71549695166381,89.15428259827969,56.03314796664228,4.386921025659175
WH-SO-1,2024-11-24,Southeast,4079,160.02244401607615,99.34964346484547,84.29977503212899,69.06937503162986,3.5699316586111154
WH-NO-1,2023-01-08,Northeast,4919,287.7287084573821,98.58218579666061,89.41886534787156,50.31934811512732,3.7254102942687917
WH-SO-4,2023-06-06,Southeast,5916,259.4936082903975,96.85264485360359,94.3291454296829,81.15373933697079,4.481117630482872
WH-NO-1,2024-01-06,Northeast,4824,281.82154365688444,98.21616484425843,91.82790745463653,73.53314725593981,2.3334303835136376
WH-NO-2,2024-02-27,Northeast,6564,134.4324174568224,96.42233971690743,78.36806742688542,79.20968381615725,2.265236865872987
WH-NO-4,2024-07-28,Northeast,3751,178.89736707464394,91.60743540896881,95.4256480148279,52.83580072436113,2.0410788008917145
WH-MI-2,2024-11-26,Midwest,6694,123.03184513756669,99.635397973624,91.14462339414457,75.12014593311028,2.9282872087381215
WH-NO-2,2023-06-12,Northeast,6988,138.30091234054962,97.89537674797688,91.50105437724804,40.12772746088195,2.5875609015939887
WH-MI-5,2023-04-18,Midwest,3938,215.1005433457413,93.56922425090069,95.44536894057869,46.16628944761783,1.7749796769382389
WH-SO-1,2024-05-28,Southeast,4277,126.54631115971287,91.31123260979157,96.75182838585884,58.59958918077864,3.9388394530043813
WH-SO-4,2024-01-02,Southeast,6875,254.8544254172488,92.99398132303432,82.76440313711139,77.38564799420597,4.363517438241239
WH-NO-5,2024-10-24,Northeast,1766,207.55153304258326,93.66570941425807,86.87984584653728,73.41971320402673,3.220790736315549
WH-SO-2,2023-06-20,Southeast,8664,105.32487912319316,91.69296088542784,92.87741969194559,66.405896362905,1.6151040907684404
WH-SO-5,2024-07-23,Southeast,3730,255.69485902402204,94.84582572490707,85.23417385597591,80.26920480091343,2.4978305935598044
WH-SO-4,2023-01-28,Southeast,4867,280.3926259124087,96.57248312329295,73.49595432743132,55.02179623594202,4.151188789587087
WH-SO-1,2023-10-26,Southeast,3647,295.7562026307968,97.84481781708337,75.8180342369534,36.50756235821853,2.123060592817737
WH-NO-2,2024-06-23,Northeast,5557,237.2618218874868,99.87119190020758,88.6198439739332,54.745393934011474,3.6772103866963266
WH-NO-5,2023-04-14,Northeast,4918,100.6688848286852,87.43005479683293,84.19769172323834,82.99280578850421,4.248296109931637
WH-NO-1,2024-05-02,Northeast,5671,248.05941169332004,94.29567749528309,85.60664402143448,51.6000272521421,4.451403834460479
WH-MI-4,2023-09-05,Midwest,3231,190.21846480523837,84.40522549079562,56.538772247173256,73.85829836191564,2.875323652690482
WH-MI-1,2023-06-25,Midwest,5949,140.85523786195063,97.13321601075742,68.93908909821278,91.19359605758278,3.6037234865174375
WH-NO-3,2024-01-20,Northeast,9418,262.38068083504083,93.78238150716717,96.77601945734565,70.54123228559173,4.208869207381893
WH-SO-2,2024-01-08,Southeast,4176,180.6558530063492,96.18159413989883,89.54194863507293,46.23318720180947,3.900465704614531
WH-NO-4,2024-05-21,Northeast,3207,298.1849375908762,86.96477033118506,84.08815784850316,76.42784916796492,3.1080064056372843
WH-WE-3,2023-01-04,West,5242,238.07306263379303,97.93964263237329,81.73600902889629,56.77754213965831,4.216964772483812
WH-WE-2,2024-05-24,West,5428,164.07966351495162,92.47541271062502,87.1842078083372,49.90650070080478,3.3612608583070682
WH-MI-1,2024-12-24,Midwest,3408,247.4828027140415,98.4181508274417,97.09141236571631,45.8886963976898,3.702670270263109
WH-NO-1,2024-04-19,Northeast,4474,69.66303290851937,99.21601151779271,95.4854526709169,70.01494903255178,4.341849468528717
WH-NO-3,2023-04-12,Northeast,6885,211.80078640037098,90.62669826392893,86.18951807990234,72.50721977236023,3.5518685125745786
WH-NO-5,2023-11-02,Northeast,3403,255.42972801228652,90.85264552617741,72.05117187294577,56.276483346952624,4.12697228518501
WH-WE-2,2024-04-04,West,5785,216.95790023387866,94.94827594145724,91.53050827296502,79.94296258048146,3.402531949734856
WH-NO-1,2023-09-29,Northeast,4914,179.60156256521665,91.32054716698318,75.51631478787607,83.87857478264716,3.472943642963158
WH-MI-3,2023-04-28,Midwest,5913,281.8218200503568,98.91367485723353,93.85889743542965,86.44116705738163,3.377854287285396
WH-SO-3,2024-09-05,Southeast,2519,168.30962182551013,97.92600533571395,80.1220047350677,80.43290261895513,2.386530531125742
WH-NO-2,2024-10-20,Northeast,4071,299.9060138309106,91.02112753343533,90.47133132366041,54.561383514163175,3.2085617798913235
WH-MI-3,2024-12-20,Midwest,3808,226.50664534124996,99.54039278102856,95.69284303450979,42.87460563089951,4.128257773084986
WH-SO-2,2023-05-03,Southeast,4940,246.47348378849023,78.62609224609088,95.23838528049062,86.8266028851161,2.6657537638976576
WH-MI-4,2024-02-17,Midwest,9519,163.74992239355834,96.98972338127597,75.42696220247652,66.45931826570101,4.355703316026224
WH-NO-2,2023-10-01,Northeast,2759,234.33669408269336,98.51860197180703,84.07995741000308,74.36089442586584,3.622869757980636
WH-NO-2,2024-06-14,Northeast,6808,79.84471600687446,94.87300099755808,84.85072181235861,75.07509642908953,1.8671824527077119
WH-WE-5,2023-10-28,West,2613,224.36418798789975,94.63906334034378,89.47089832013985,75.65745670381324,3.385785772767043
WH-WE-5,2024-12-01,West,4205,257.7516949921324,98.86385448726267,88.56725883274187,83.65334261132618,4.336335256088724
WH-NO-3,2023-05-13,Northeast,2610,160.98032378689592,99.48960662151742,84.36323087282719,98.92777475946522,2.3566297101517644
WH-NO-5,2024-03-25,Northeast,5303,175.52209260187885,92.67025788394292,84.99261532924511,39.241313667598604,3.825369724624804
WH-NO-5,2024-11-20,Northeast,5273,189.5396548672647,95.20862531898936,92.90826274963095,60.61219139262756,4.046968939883756
WH-WE-4,2023-10-14,West,5228,215.70196863344066,91.4236277728367,65.0250281307369,77.03950451747052,4.2683895086680135
WH-SO-4,2023-12-24,Southeast,3858,158.10035388955652,92.46379433928233,79.9887728530133,88.58193496243358,2.4950294162840514
WH-WE-3,2024-07-30,West,3805,168.4373086891747,98.6483519142348,61.89293751143033,43.49370518638849,3.265235781282695
WH-WE-1,2023-02-06,West,10267,141.65654323380488,94.18062401949024,96.2615162419337,73.58331950265362,3.62702082609032
WH-WE-1,2023-05-14,West,3361,142.601226690984,95.94807784920675,89.03572818200152,68.94175744871542,3.4099897015009377
WH-SO-5,2023-08-21,Southeast,3162,140.3454512820541,93.30012584824901,92.86570753799387,66.31479338600535,1.9489391529294857
WH-MI-2,2024-12-22,Midwest,4834,118.1598942129151,89.40575775146623,86.14524877118927,60.9032260702476,1.625541222042323
WH-WE-2,2024-03-18,West,8177,104.03858184554659,99.32127049366301,95.24896472240127,46.23383326418037,3.6483121065442647
WH-NO-4,2024-06-27,Northeast,3427,232.22166238085606,94.21903351667069,87.28522512419362,85.24229479610835,2.919582893455358
WH-SO-4,2023-01-24,Southeast,6341,203.82908542727483,83.5584387334781,96.5027943999881,66.68711059834732,4.420780036691086
WH-NO-2,2023-06-23,Northeast,3615,184.75456079911575,92.81730678629808,94.30044092328004,67.74400430728453,2.826590149154965
WH-SO-2,2023-11-24,Southeast,4236,236.93538112558474,99.41604231248628,78.79522112966971,80.35320198578194,3.17836583708801
WH-NO-1,2024-02-24,Northeast,5529,228.16087452688612,96.10026105762444,98.15606203081575,69.79782086144193,2.2029054158414816
WH-WE-5,2023-04-28,West,8152,214.12952503320037,97.32042546334789,95.8473174337777,58.98247215914269,3.1706008645073047
WH-SO-3,2024-11-11,Southeast,4177,231.7124143279659,99.68689570963622,87.93427486599023,90.61081379474233,2.4406140647541994
WH-SO-1,2024-07-07,Southeast,5834,263.80001600747335,96.9366123437428,93.26460090409012,79.60653165613276,2.963465293516378
WH-SO-2,2024-01-06,Southeast,3375,166.6388028522938,98.88530752410223,92.05045860020142,61.76873426891664,3.9348001416929286
WH-WE-1,2023-08-17,West,5025,175.00561998523042,95.62402223742559,96.07973347097385,59.888639157836124,2.296644546609497
WH-NO-1,2024-03-12,Northeast,3472,211.40282036369086,99.73643476132565,80.69349035970275,82.3845648566693,3.8858200012028505
WH-SO-1,2024-12-12,Southeast,4162,177.4729143899756,99.56830275758118,79.09008023720048,94.63974118178307,1.9386323237103982
WH-SO-5,2023-03-23,Southeast,2417,244.08539555055285,95.6123930865734,96.27796267245735,79.7725253017189,1.9597125363227104
WH-NO-4,2023-05-02,Northeast,5813,214.60868755364456,98.0600586817708,91.36207685730358,78.04521886503852,1.583656110059637
WH-SO-4,2024-08-25,Southeast,5763,285.5653011170067,84.48449393674305,77.968937504925,76.31946636887183,1.7046287266378113
WH-NO-1,2024-04-11,Northeast,7516,173.48257464332053,83.91252872914042,98.1000665643169,83.26695587505745,2.39538785313617
WH-NO-4,2024-08-15,Northeast,3783,144.89050781689892,96.03016813450522,91.77898064179921,48.16993201598325,2.486861198101956
WH-SO-1,2023-12-22,Southeast,4560,206.44387603728916,99.94269978950398,79.09372323585796,80.78679405297068,1.8234881881809186
WH-SO-1,2024-06-06,Southeast,7222,210.04002034698362,85.50048971809551,94.94352520711011,81.30806232859844,1.9878997341373117
WH-MI-4,2023-04-05,Midwest,7410,205.31835395382058,87.85935015897275,92.17037067984921,75.55555565647451,2.258327607327145
WH-MI-2,2024-04-22,Midwest,5536,158.5248694863412,98.69677998059726,93.46170363179404,72.0877843775163,3.4423247243111543
WH-NO-2,2024-07-06,Northeast,6726,136.97347876756558,95.02505308199231,91.02843740511332,61.173955167515444,1.5037053451064977
WH-WE-3,2023-01-26,West,6767,256.57045117881484,98.09441277421412,90.0188924589529,62.83469821921535,1.6481592800870368
WH-WE-3,2023-12-13,West,4457,188.0124218708681,96.6475797296112,91.54046500760863,84.89079035682053,1.92084139108953
WH-MI-2,2023-10-17,Midwest,2540,183.92246615119254,94.97786814571619,75.44524866877217,41.49915509792601,3.910949036516724
WH-MI-3,2023-02-26,Midwest,3744,194.75831672325077,92.27661883653968,92.30226546752033,73.44802420829318,2.269052524475364
WH-NO-5,2023-11-17,Northeast,3919,148.78372904796532,96.78299052829084,81.61781246677336,82.46092336128564,2.0208388715999805
WH-WE-1,2023-03-23,West,4794,160.02950552983964,99.67901653391328,93.12147763343428,68.53802920760305,2.422072283988116
WH-SO-5,2024-09-13,Southeast,3499,202.04047593927794,92.76886351249864,94.34180295712412,57.16755727001751,4.056218115412067
WH-WE-3,2023-02-23,West,7019,249.76317127824956,93.88299280334775,98.27340162034966,82.87887657229021,4.3879691865279
WH-SO-3,2023-06-08,Southeast,5292,115.94427334567237,99.71922424421665,82.78706255958923,68.27558857790878,1.8595175011092953
WH-WE-4,2024-11-07,West,4265,215.51002635028652,97.5260374026382,87.49303788805499,79.06047686676774,3.6553985049899893
WH-NO-4,2024-06-23,Northeast,4520,256.08319474384086,98.37572411847663,80.51181983109798,67.470911032649,3.2759631057006
WH-SO-1,2024-11-29,Southeast,1368,192.49416398119877,97.00204080002747,96.96995258878944,86.26951151352709,2.5793478549132183
WH-WE-4,2023-01-13,West,4726,163.4315710788251,98.40864247453119,88.43843381409417,70.24742939841212,3.607433385599198
WH-WE-3,2024-07-19,West,4653,205.7542419547303,97.6370641868042,94.5972630718805,56.286970107230836,4.441338585492854
WH-SO-1,2024-03-01,Southeast,6433,181.29112155552644,98.4917036794854,78.75899975194785,54.47901445069646,2.5986317033997373
WH-SO-1,2023-08-20,Southeast,4302,105.5830000037331,97.58729415454535,80.92122206334665,69.85530927175752,2.6520832577994646
WH-MI-4,2023-06-14,Midwest,7465,228.04294574063985,97.71479687848499,93.56969262966425,52.05963705484973,4.2749208350963706
WH-WE-3,2023-02-18,West,4481,248.979912943668,83.13389227697434,95.99242499607527,60.66846424798362,2.6996959289819116
WH-NO-4,2024-02-16,Northeast,6693,224.02125278910486,98.09686997576799,91.80486286014421,67.00315782531537,2.2681332812387005
WH-SO-5,2023-06-19,Southeast,9636,168.96726132439497,93.42414889026416,96.54719155434506,65.20341796219246,2.8056401024877307
WH-NO-1,2024-01-31,Northeast,5275,272.4503198391695,98.27336833097395,92.41369925715173,84.31761197856139,4.053304550197501
WH-WE-2,2024-01-21,West,7609,280.75792631488144,96.92290714251816,63.991374707117565,60.031541788319764,4.280792643058238
WH-SO-1,2024-02-17,Southeast,6479,218.79761982928483,95.18208235363092,92.7492297612643,77.32845227853626,2.627224914840382
WH-SO-3,2023-10-23,Southeast,2431,165.7225857174143,98.5800694933815,89.88811888340456,78.54103013150598,4.332937767988605
WH-SO-4,2023-06-25,Southeast,5690,143.45593209674513,97.56051221351775,71.19676129783778,68.87343196397934,1.535343112221475
WH-NO-4,2024-03-15,Northeast,5533,160.19195520813372,89.66005118503794,97.98895814695602,84.03948591517864,3.2916024504511694
WH-NO-1,2023-05-21,Northeast,5452,193.78792127779838,93.9159688060938,80.11075556864765,90.40542802424386,3.173266279684361
WH-MI-4,2023-08-10,Midwest,2934,108.25650662135654,96.43881336283009,98.54882521628663,53.65510023474219,1.8665758472678595
WH-SO-2,2024-03-30,Southeast,702,283.59377988839344,96.6404547754855,83.94621846624685,39.1484739965689,2.5970695895276505
WH-WE-5,2023-11-03,West,2667,263.3695745561251,95.0503650388972,69.08937251461681,69.89480842412647,1.962617509443672
WH-NO-5,2023-12-07,Northeast,5704,210.437705009094,94.11322427779066,97.56314517447149,81.94039473503308,2.7103616460798152
WH-SO-5,2023-07-01,Southeast,3044,159.4715879454487,94.15082045001571,85.03691059996916,58.0526632642449,3.0521235318888813
WH-MI-4,2023-06-29,Midwest,5220,226.8255143094711,98.3016767440736,90.31399333885159,80.37911252185813,4.299774016749385
WH-WE-3,2023-03-12,West,6001,275.24470740864365,90.13527952316134,64.22820086950779,35.58277112477079,2.7221895543056727
WH-SO-2,2024-11-12,Southeast,4845,221.03275530149813,87.30315854434896,91.87402085809502,68.96734516116096,2.4724154488079417
WH-SO-2,2024-11-11,Southeast,3311,210.28905083967624,95.5758883307418,99.51566808654827,67.23993917939919,4.0426773677781895
WH-MI-4,2023-10-24,Midwest,2991,196.50912585166967,99.7546935916516,79.00501090016131,74.38413301397416,1.9033939230079013
WH-NO-3,2024-06-19,Northeast,6235,262.3241362592719,99.26666933035168,86.05124058051048,79.88491733495327,2.9551399700715986
WH-WE-2,2024-05-16,West,5098,252.41344010609748,90.36663714623107,76.25888776528078,62.85113144006749,4.25856661894129
WH-SO-1,2024-12-04,Southeast,6495,146.2287645935914,94.55588688190183,93.18007781906879,61.552280350598124,3.801846716412098
WH-MI-2,2024-10-05,Midwest,4535,196.3143788770141,97.12338793231736,79.75427262947758,77.89387922754993,3.347571722979455
WH-MI-2,2023-09-02,Midwest,5118,204.19404257399438,99.43160538224414,94.15718014020717,67.11291225261185,3.059408925401798
WH-SO-2,2023-12-16,Southeast,5239,150.81923067936702,99.59393606326987,94.72602044210683,58.39204903230354,3.73650784135382
WH-WE-2,2023-10-09,West,3847,229.68423923299184,95.86230847121386,96.54659729912383,68.40380644307147,3.859419555661537
WH-MI-3,2023-03-16,Midwest,5144,152.51496511796984,95.47709162238871,94.73918551339936,66.57240457289072,2.2713986197091236
WH-MI-1,2024-07-15,Midwest,4918,289.68667731930213,99.5682903390642,90.47160854016528,37.624502643129496,2.2929326093660363
WH-SO-1,2024-06-12,Southeast,6939,161.76122710040374,92.13256583220601,74.79865832229845,49.74723088909694,2.774656325466463
WH-NO-3,2024-02-14,Northeast,4977,162.37394910994203,99.56215893278568,91.83227156674296,48.49647277205541,1.753947467990717
WH-NO-3,2023-01-18,Northeast,6868,165.05290400710047,98.51804227209142,91.37163378576552,71.70382278763148,2.4797767382536366
WH-MI-3,2024-04-01,Midwest,6327,305.7348674234122,91.97464654593287,97.9881658532977,55.311460521653885,3.1707366907779857
WH-SO-4,2024-08-18,Southeast,2616,183.49853030027907,87.58189273351827,90.13627760331372,81.90924041500853,1.7567800158409463
WH-NO-2,2024-09-11,Northeast,3776,171.86079599638876,94.39184991296796,93.50615671019305,84.86209828631586,3.16829850318292
WH-WE-4,2024-09-15,West,2651,167.36746433203868,96.45407500596406,80.51119625160985,69.53963455340201,2.182196287197609
WH-SO-1,2024-05-10,Southeast,11334,206.17101684031874,98.34085338345731,90.01321628834573,58.5048039078256,4.38813016836795
WH-WE-3,2024-06-02,West,4901,281.18816034345525,93.81063435369595,81.593792227575,56.87703784693908,1.8169060461518973
WH-NO-5,2024-04-17,Northeast,6370,216.26521647562265,94.53350368246633,49.6029623505986,69.96781477033224,2.820987239739617
WH-WE-1,2024-04-01,West,5658,270.1533731875384,80.92441976722591,96.34612366987184,73.57652450681387,4.350941868423723
WH-SO-3,2024-01-11,Southeast,7517,222.9166615476162,88.90832035816504,92.06681736371519,28.09193971084601,4.304016371399769
WH-MI-5,2023-01-28,Midwest,1798,236.85344795017062,79.44437606608413,97.76221969341019,55.473468965534856,3.299481323092514
WH-MI-2,2024-10-29,Midwest,5594,200.99019792780518,85.92910205361105,83.38766634505743,84.12753642556862,4.2307301196831295
WH-MI-2,2023-09-26,Midwest,3155,170.04850699887365,95.6184560871141,86.20311021073329,75.93119963973894,3.1735781359355864
WH-WE-1,2023-03-20,West,7907,217.78971351268603,98.66216997425828,93.81494035495741,74.78936636823855,2.660743134198609
WH-NO-3,2023-09-22,Northeast,4323,170.42582939178925,89.11092964318226,81.93847800968634,66.41188771451766,3.6560187871548995
WH-WE-1,2023-01-25,West,5721,222.48380528096288,95.80046765659075,84.21259194026831,54.83196484718738,3.1540557640296663
WH-NO-5,2023-11-10,Northeast,4655,227.16642210719175,98.46656236643531,86.60477363406007,68.8814425002324,4.126498533019598
WH-SO-5,2023-08-19,Southeast,4887,273.19611687143515,97.34956239850987,90.03249055054313,52.58256176945169,2.462006230685705
WH-MI-2,2023-07-17,Midwest,4610,196.8178338419055,99.34850727433368,92.37933343702448,81.4413064013508,3.2633919090880394
WH-SO-5,2024-07-15,Southeast,4302,229.1079532858476,99.36109188749542,95.33878349826146,68.49060179634084,3.6883595058736214
WH-SO-3,2023-02-28,Southeast,6478,293.65887940305856,96.37564061735591,88.01761164255011,82.25289356953645,1.8525757331621
WH-SO-4,2024-12-24,Southeast,7635,210.40580102202068,98.24619056975813,75.37150895953599,45.222839214948266,4.489185532964621
WH-SO-4,2023-01-06,Southeast,6033,200.48777801768827,95.24882740782974,88.55348938642602,71.2903353416953,3.3722613694877883
WH-WE-2,2024-02-16,West,5043,271.9101404499087,99.98677026644981,84.19525256791366,89.58647591263934,1.8370215376480936
WH-SO-1,2023-08-23,Southeast,4303,159.64158052314937,99.04615597922322,93.53511785447417,52.35956949640962,2.4848718955896043
WH-WE-2,2024-10-06,West,2565,318.5805297266766,98.75693393347265,98.78521911693727,64.1981111125173,2.2470883953115632
WH-SO-4,2024-12-16,Southeast,2468,180.02106905303526,91.13329949063179,96.55376104920718,85.97544633650634,2.1402682811065397
WH-WE-4,2023-10-05,West,3007,157.17273453316704,86.35165078250704,92.66345115301775,74.36365584606008,2.7185785556180306
WH-NO-3,2024-10-12,Northeast,1842,219.6806345462891,97.47547844646601,87.49790692845147,47.84284546413179,4.359189758606817
WH-NO-2,2023-12-26,Northeast,3013,180.41361346933735,95.29924566423466,71.68199169125488,55.339361409255474,1.6091122382263099
WH-NO-2,2023-04-21,Northeast,6109,150.3322877342864,97.31762786470189,89.35724558332943,94.25734448275009,3.6147322856304402
WH-SO-4,2023-03-09,Southeast,10703,235.57290163852278,92.59572916238591,84.9807621921705,71.52713767814657,1.742626783050877
WH-WE-5,2023-11-26,West,5012,221.3040308584121,95.70361153899572,94.53689618142775,46.086562513645866,3.5524796092245716
WH-MI-4,2023-12-08,Midwest,4549,281.9382161741505,93.24660398404482,74.60853900022828,66.34984904586959,3.0739954092899593
WH-SO-5,2023-12-09,Southeast,3728,216.5614604941335,99.98566662591857,95.74205038158854,90.3319160968416,3.387924603707002
WH-NO-1,2024-03-05,Northeast,5811,170.8958868710574,93.69984345798905,87.02370439232749,76.80074008976241,3.796273040465767
WH-MI-5,2024-04-28,Midwest,6855,154.0058524531303,94.4485334465297,85.68599667070667,75.25417871065098,2.939859057571003
WH-MI-5,2024-08-08,Midwest,4905,264.79793419533564,99.02829372045385,93.89021332219434,87.83210397088277,3.956194860229963
WH-NO-1,2024-10-24,Northeast,3372,118.23343312042333,96.65009833782834,84.65288140598824,62.31738559598875,2.7064891477442607
WH-MI-1,2023-10-28,Midwest,3233,190.9473840628865,84.2134075747043,89.78458426019128,73.94524894807368,2.1658696805323667
WH-SO-4,2024-06-22,Southeast,8185,203.46196216735817,98.53204398100702,83.67995921792225,64.51718059724381,3.4851881611414255
WH-WE-5,2024-07-24,West,6156,151.22087006558908,97.1574296541649,96.07814782772748,64.57011186026658,3.419349967290147
WH-MI-5,2023-02-09,Midwest,9452,216.29773210308582,88.48419734050492,93.91806988763628,60.76423529897921,1.665692322465732
WH-NO-4,2023-05-31,Northeast,5276,224.3640078817367,96.21435606285584,86.78348197650378,70.51714803694658,3.384388836855913
WH-MI-3,2024-05-06,Midwest,6505,185.623277805212,95.54932282480043,95.8790747554931,54.07588376238207,1.7601604951544747
WH-WE-3,2023-11-12,West,4697,201.1673068203267,98.851830409202,89.90349355957595,62.12015620498994,2.390490362283193
WH-NO-2,2024-10-04,Northeast,3339,254.86561784245444,91.48030791388032,89.6013081376817,62.76332650603498,3.574973951702489
WH-SO-3,2024-06-19,Southeast,5144,140.37966468294462,98.95259466206305,94.57217037627122,55.050579273967045,2.295454092331161
WH-MI-5,2023-06-01,Midwest,7776,125.38548783195768,98.57425506113145,97.00408780974745,87.78172526497362,4.183662926374966
WH-SO-3,2024-07-19,Southeast,4752,141.1624383575157,92.28121931407969,75.90377705123605,70.95756612479805,2.13826700995663
WH-NO-1,2024-11-27,Northeast,5031,233.56451754974842,97.9726971812397,95.908155379319,60.37910279706764,3.8880309226691594
WH-MI-3,2023-06-09,Midwest,8447,185.58494174006827,88.36549017891146,97.06214493199491,78.12765453876061,4.043068576583911
WH-SO-3,2023-03-09,Southeast,6267,121.85170330350034,90.8113315430188,90.49660041587788,77.01578584776419,1.7392954496303403
WH-SO-3,2023-04-21,Southeast,6681,195.3600530283091,96.30620561558662,94.58910686017636,69.72473676104765,1.739120457644332
WH-NO-5,2023-02-16,Northeast,6942,133.96805115918153,99.1261851467095,91.25723895839121,84.84585459776589,4.447209047239177
WH-NO-5,2023-09-25,Northeast,3711,228.79492840712524,93.40472257521871,87.68281221568867,61.70112431471351,1.663039726732032
WH-MI-3,2024-02-15,Midwest,5864,105.13004801724468,99.66103499470647,88.81268999610828,66.27500105792392,2.147006970326948
WH-WE-3,2023-11-19,West,5359,153.83439687236702,96.97151200333246,90.7696124860582,65.09528299002126,3.844877813989589
WH-WE-3,2024-08-24,West,3414,155.95670220406376,97.29683353977212,87.89746139795423,57.524927997510346,3.1034349484594626
WH-SO-5,2023-03-17,Southeast,3088,130.92661444617312,98.40184407447448,99.53980232769035,71.2748505631866,1.5088579694441273
WH-SO-2,2024-11-25,Southeast,4450,228.49771879332303,97.64827520816463,98.20364504648764,69.6502792608699,1.6985962790199827
WH-SO-5,2023-02-04,Southeast,7919,289.3036523363096,98.72049738894097,81.09034743933775,77.97975332454308,1.6477031973432446
WH-SO-3,2023-11-17,Southeast,4648,165.6051264794742,86.29716588626435,92.60198817012164,80.31284688705242,4.221877441834524
WH-NO-3,2024-03-30,Northeast,6983,166.6636884319296,96.47899787527116,93.0597796169607,86.17740257436954,1.6728851441060386
WH-NO-2,2024-01-03,Northeast,3233,253.35393572636545,96.93209054676619,83.18334365541722,62.308747820799915,3.9632641325710365
WH-SO-3,2023-08-18,Southeast,1112,125.10194356593539,98.91396711713944,98.40202450646845,56.58582824830549,3.1566739075550605
WH-NO-2,2024-11-12,Northeast,4032,84.32862640517004,92.00659922959305,91.3182009533269,89.25662361771491,2.1490894588538714
WH-MI-1,2024-04-17,Midwest,9536,257.6340348520421,95.54926802670477,97.80004106049907,81.44248070771792,3.2145000164231683
WH-NO-3,2023-08-07,Northeast,4747,166.48854848765146,94.34222961382453,93.72199360424275,50.89784439011963,2.7499497564386006
WH-NO-3,2024-04-17,Northeast,10196,178.74921422003914,92.0267709808253,92.75081185956819,88.38893912786578,3.220652293558676
WH-NO-4,2023-01-05,Northeast,2935,152.644749064723,99.28014535529157,92.44565804882332,85.22016079785155,1.9426319145083066
WH-MI-4,2023-07-22,Midwest,2131,177.13832101241638,93.80608391715577,93.44041063211962,78.51674212890035,2.2040080014145977
WH-NO-4,2024-11-04,Northeast,3951,187.78541285268025,96.8200627232397,85.36852986010761,94.34229251258824,1.950655163131962
WH-WE-2,2023-06-14,West,5235,184.67632296466832,88.60346553802393,81.60964817545245,49.93055638092654,3.190986123007046
WH-WE-4,2024-08-12,West,6818,190.51469920180799,88.47958202661569,87.70883995095396,63.759992229659225,4.410005475305954
WH-NO-1,2023-06-16,Northeast,6941,240.8800313277553,96.63822074640021,99.04933249986414,65.83502881334778,4.026724387407347
WH-SO-3,2023-03-01,Southeast,6362,249.02167657655258,98.42884415008889,73.42965278819214,70.7453603065585,3.95436415491118
WH-SO-4,2024-05-03,Southeast,9305,151.30505539496855,99.6294364597207,97.96904849223195,74.86984201478646,1.810322503275453
WH-SO-3,2023-03-22,Southeast,2510,156.47765025887935,98.33303315131724,90.16707178436165,80.7851645664113,3.2541193228113183
WH-MI-5,2024-09-15,Midwest,3829,243.8656370422185,94.41452182505769,91.43226240576439,91.68473473236335,2.623019533935912
WH-NO-5,2023-08-19,Northeast,3439,240.7622648773937,99.92925178041796,96.57077666062247,70.59176759331372,3.7599405438941123
WH-NO-5,2024-12-23,Northeast,6096,129.50176429301146,96.77029552193746,73.7038960639032,45.07615222896562,3.041276155485429
WH-SO-5,2024-02-09,Southeast,7735,177.93404665245535,95.11697684379622,85.03501886562248,55.941998668290275,4.353059198784566
WH-SO-1,2024-03-21,Southeast,5842,154.25175382250094,98.62365754183121,97.89089885344974,73.48935558597127,4.035255779921636
WH-MI-4,2023-02-01,Midwest,4144,224.04737258360188,92.35189657634244,91.35063403165331,62.27746079152921,2.7180526737141277
WH-SO-4,2024-05-06,Southeast,4226,184.5319973686601,96.14293086570446,93.86699357990949,78.9808802024167,2.6550902591152905
WH-NO-4,2023-10-18,Northeast,2183,223.76738580845478,94.8385782965894,88.88784314952468,69.25230093317727,2.7523885691267718
WH-MI-2,2024-11-07,Midwest,5001,203.0165319792856,89.7516793239435,87.85471074795525,64.33287291734085,2.0332812441891197
WH-NO-2,2024-02-26,Northeast,5622,178.18048498972354,99.96404040810506,97.27688906277483,86.35627227235008,4.083899845521185
WH-WE-4,2023-04-24,West,7400,184.63662337380688,90.77582439678604,95.84606626072865,61.04447202841631,1.8970199701738082
WH-SO-4,2024-02-16,Southeast,5753,202.99631866191692,95.91588429346925,91.26294290870437,68.51652693007314,2.713063919736207
WH-NO-3,2024-06-04,Northeast,5870,214.35528608746552,85.9872268062008,96.14203004873127,53.35361890253007,1.8403402936434605
WH-NO-3,2024-08-18,Northeast,5271,263.5407114348543,98.82956612680792,84.06000376003207,79.52386706701871,2.95222349359115
WH-SO-1,2024-06-06,Southeast,6886,169.65726933714245,90.0173809045246,78.59282006708013,49.85497716401313,3.0617022417879585
WH-NO-1,2023-05-29,Northeast,4775,184.92848214581042,99.50888405100766,92.06561330583374,36.39717574514146,3.479693050731085
WH-NO-5,2023-06-26,Northeast,4376,251.5259143131915,92.38680601546216,81.6221046211344,69.28487247819028,3.4423504628846717
WH-SO-4,2023-08-31,Southeast,4374,230.26442797773,90.79650121939837,95.54701502862429,78.21518096237324,2.0816394470230146
WH-MI-1,2023-05-27,Midwest,5108,218.87755582347773,89.2814967569949,97.29031230521792,81.59874008114828,2.5509879721574826
WH-SO-2,2024-09-08,Southeast,2947,200.49118249755819,97.13364782968888,92.58027284018993,68.21878344912191,3.955825061519892
WH-SO-1,2024-09-17,Southeast,5090,157.98686492181875,81.13927199499274,77.06955254475979,90.8326235517016,3.192765023368321
WH-WE-1,2023-08-28,West,2565,167.25804353276862,98.3083161518062,92.29216084867642,87.1472224241042,4.030613230601481
WH-NO-5,2023-09-23,Northeast,3013,138.01055436879736,92.19858918408872,87.36344438459652,61.563263851857506,1.9417690443502325
WH-NO-4,2024-04-01,Northeast,4703,150.5529105076976,93.72193639812039,84.41999281831113,44.46554825230574,4.359268174243201
WH-SO-4,2024-05-21,Southeast,2588,139.4193317852015,92.96614379294054,89.4601520040487,77.01943166033611,3.8314010437038366
WH-SO-2,2023-12-18,Southeast,3340,245.68774098267446,91.92936256178466,86.99332932183636,72.94713804203799,1.7961754178965141
WH-NO-1,2023-08-24,Northeast,4072,193.56187120565448,97.10673651737804,90.90220122787392,46.24578751945607,3.594477818192281
WH-MI-5,2023-11-09,Midwest,5335,139.4510250076498,93.01128773406067,90.52160848676867,44.41791432186679,2.838533293294125
WH-SO-5,2024-05-01,Southeast,2791,287.38964227831787,88.87171826900293,82.36717841677323,67.90068702852021,2.874727700304426
WH-WE-4,2023-12-01,West,6758,248.4166460094521,90.61595688977924,90.61147194661574,49.80615195985665,4.4259465532986235
WH-MI-2,2024-01-12,Midwest,4423,155.55855094815658,84.4433270065548,84.02197751442564,72.14484521142916,2.9481509618150152
WH-NO-4,2024-11-06,Northeast,4375,153.4110763249144,98.27534697678121,84.66138689414929,81.5212402423496,2.183090191122283
WH-NO-4,2024-03-28,Northeast,9217,203.99574249609293,95.89708715610658,79.79303644217497,79.57256864686588,4.243373745587512
WH-MI-4,2024-07-23,Midwest,5009,207.87345155803962,95.51531598430878,97.41498821460645,72.33473915540557,3.0040578586069353
WH-NO-1,2024-11-07,Northeast,1358,223.63847556527244,89.09579838800819,88.010113243801,69.94679909954951,3.572690679945828
WH-MI-4,2023-10-05,Midwest,4166,150.54271323764928,90.69115012902567,91.52012110099358,79.3819538963161,3.9579369043710235
WH-SO-1,2024-08-04,Southeast,3443,286.16223984324944,96.20067440399171,93.1363800633654,52.50587886278664,2.3277856594749244
WH-WE-4,2024-03-31,West,4660,298.3084967474192,98.68242923806083,92.45109251988958,72.33423864959195,1.787130547030428
WH-NO-2,2023-11-09,Northeast,2911,93.9252420075633,96.95174808930234,95.56113862469746,75.29063502808697,2.2120874302045443
WH-SO-2,2023-04-27,Southeast,4339,163.50917995154163,96.12692550785293,84.69761532932006,71.71532351677531,3.525460414452996
WH-MI-3,2024-10-13,Midwest,3799,145.33900174670433,99.32103643975708,91.78718595978802,68.7418767346617,4.03548265830389
WH-SO-1,2023-06-10,Southeast,2479,269.42303621878074,90.86478377341291,93.9294445080708,89.35914029042326,3.3705443660274805
WH-WE-1,2023-01-24,West,4771,192.5278686411189,89.83389995506141,89.55458458114408,73.88397407402408,2.2966598224716006
WH-SO-1,2023-02-01,Southeast,5001,181.43947561195475,99.1433449169294,86.18222230416652,69.22744040534894,1.8149470148248157
WH-NO-4,2024-12-08,Northeast,3386,201.21599040776127,98.0942527243662,95.98992429885152,85.72883383500884,3.1760925159362428
WH-WE-3,2024-08-04,West,3662,283.6787009601221,93.97921100360222,80.46667761128899,47.71301712023228,3.130148583878948
WH-MI-5,2023-08-22,Midwest,2589,245.93488905656613,91.3821028571163,91.8900414552205,57.39979917248426,1.870177559469197
WH-MI-3,2024-09-18,Midwest,1497,95.54656848078098,96.4015722299768,96.97212348196726,65.96658098815162,2.503065443059187
WH-SO-2,2024-06-30,Southeast,7179,188.9347953688312,99.13906621816342,95.49781786942326,74.68940700932745,3.4596489617570554
WH-MI-4,2024-04-27,Midwest,8525,254.29792168564114,91.7297708681887,91.43426116127574,67.68607383986847,3.527617422659072
WH-MI-4,2023-06-07,Midwest,1894,171.14989355807216,95.97922609875081,91.92275944572326,45.4385713480092,4.067812288293625
WH-NO-1,2024-04-22,Northeast,7663,228.4416481520566,91.43270760639597,75.0271491198426,62.11819031250697,1.5696090940963812
WH-NO-2,2023-05-10,Northeast,10044,249.80994551727196,93.9081126408395,88.27976315430587,74.32537327427737,3.251927039834055
WH-SO-2,2023-08-06,Southeast,6160,185.55105142701404,97.82003712067393,73.94908483821354,68.02664045326777,2.946755190130323
WH-WE-2,2024-09-22,West,1731,241.05131520466054,92.83024696487855,96.77803115316394,51.50995874667772,2.0943924162673158
WH-MI-5,2023-02-28,Midwest,5614,132.9394439803199,87.88550005918503,88.21164843301091,58.30257294502369,1.5065358098983048
WH-WE-5,2024-08-15,West,3610,372.8454065720133,89.30161484743611,93.19524464930262,70.05988872094983,4.459674250751471
WH-NO-1,2024-06-25,Northeast,5645,221.0852007080468,94.60268278794636,94.5644115301788,44.75374327327755,1.7883228917471068
WH-NO-5,2024-08-23,Northeast,2763,167.9080998336686,93.19909675719018,88.98186283792097,65.84465953771243,2.770454591593011
WH-MI-3,2024-12-23,Midwest,3974,202.29260767758416,95.7679405368235,95.10888976090637,71.27213127276579,1.663841464252875
WH-SO-1,2023-02-14,Southeast,9194,253.4969979050905,80.63317719501278,96.36298952285824,40.689953264949494,3.1857650606446137
WH-SO-4,2024-06-24,Southeast,7653,194.6552567915314,97.16301860097632,92.7221122081437,52.215258206236406,4.065695781434073
WH-NO-5,2024-08-14,Northeast,4955,217.42550238949545,97.06780590920758,85.35112192758025,78.03727022108932,2.614547492606627
WH-WE-1,2024-01-06,West,7618,197.63493225732105,96.07677696052471,96.7385671553771,63.92131970156958,3.512554729672222
WH-NO-5,2024-05-05,Northeast,6315,194.39462883653985,96.89653128036684,95.94474335886356,88.32509142590614,4.47589039707875
WH-SO-2,2023-03-02,Southeast,3154,230.8056215890527,97.41537011977923,91.3795812023111,52.43414805871378,2.1179326557792155
WH-MI-3,2023-03-08,Midwest,8243,202.06466150972688,95.39383492307306,96.3078017021825,81.18228010634881,1.9784944705915255
WH-SO-4,2024-10-26,Southeast,2052,187.29938405985368,98.0232467336064,81.89174895348526,76.71707769719761,3.6855577525950025
WH-MI-1,2023-03-05,Midwest,5331,195.7524839747079,86.35848110215927,91.78631514406305,51.43972972474637,3.1984970875521315
WH-MI-3,2023-04-06,Midwest,6423,203.1812838819872,98.72605294257757,95.22190230178438,66.71467217952883,2.937180239369376
WH-NO-3,2023-12-20,Northeast,4641,152.09097409840768,73.38713538881805,86.62159104115528,49.08520923805542,2.660519378114048
WH-SO-3,2023-12-21,Southeast,6598,251.52114905491553,98.05871581653108,94.96154437017114,74.56379653922328,3.481739746077014
WH-MI-5,2024-12-26,Midwest,3101,269.4382084874792,97.52548444472626,97.78792838560874,47.683627219380156,1.8309395277584475
WH-SO-5,2024-12-19,Southeast,6445,249.98746002993065,88.28906968676003,98.39216071022095,75.62726116593565,2.3533120654798214
WH-WE-5,2024-11-19,West,4562,224.77528570774172,87.76531326904279,93.29811349035833,54.907122998043945,3.000910427654108
WH-MI-2,2023-08-25,Midwest,2182,257.16200540618576,90.43596862665242,66.96268853292828,56.42811474795435,3.3740391359147504
WH-WE-1,2024-02-13,West,7732,237.72281882365343,95.53965602032375,74.9419490102263,88.15284688303169,2.741033664692288
WH-WE-2,2023-04-18,West,4428,247.40175601743982,96.40811907074233,84.39475081192899,54.65102053172921,4.173242064048342
WH-WE-4,2024-01-11,West,4938,142.71227167074358,95.57025883899432,88.31913379295361,55.46203685582463,2.347382758626305
WH-NO-4,2023-09-17,Northeast,3374,243.4101594960483,98.96651839880364,92.9551110650951,75.04750020663542,3.3780067453297744
WH-NO-2,2023-07-20,Northeast,5597,160.45412557807782,97.66356864869992,91.9511447451404,65.49239715885015,3.1682881812557047
WH-WE-3,2024-06-13,West,11086,190.135350572391,90.4030173437706,85.88423079725703,70.19511902663538,4.132247624313592
WH-SO-4,2023-08-29,Southeast,4745,279.19285338442563,97.69562252731178,90.71518303265177,88.64167495932868,2.632001672014843
WH-NO-2,2024-03-29,Northeast,3459,165.30718266048805,97.86377018564308,77.99139888646303,40.041692165579384,3.264219206147756
WH-SO-3,2024-05-16,Southeast,5193,153.1147850955928,96.2431232747703,84.99382576942098,76.00183332539288,1.7632474584294233
WH-MI-2,2023-01-03,Midwest,4931,227.14319378463838,97.22021961554483,94.25736957986051,57.75810364729328,2.417317556877255
WH-NO-1,2023-12-02,Northeast,3756,175.24140605655901,93.5266711744391,88.1079090881208,87.15527245595945,2.4064899711530505
WH-MI-2,2023-06-10,Midwest,7242,229.3406148172897,99.67570039166883,79.39404583301098,53.82487401047624,2.0713691903055236
WH-MI-1,2024-07-26,Midwest,3885,241.04229423748663,98.35154931914306,90.68871027917031,38.233712370462406,3.287471492909092
WH-SO-1,2024-07-25,Southeast,4935,68.84926167328246,98.47689414591105,86.33700264446153,71.68457361936376,3.469575094432904
WH-MI-2,2023-04-03,Midwest,6004,200.5139078498145,99.89280453452245,98.83024793928584,67.98574513686137,3.881055514895169
WH-WE-4,2024-09-26,West,3363,228.61020790965694,97.59729637090877,80.81836138066254,22.58584375690084,4.300044879295602
WH-MI-3,2023-07-02,Midwest,4650,230.41844316337642,99.69607375596068,88.80167260246058,66.05126237592116,2.586219574072687
WH-WE-1,2024-05-15,West,6803,291.0436989309511,98.27356658829012,92.11368054488092,41.055799762789654,4.304582918596612
WH-NO-2,2024-01-13,Northeast,6772,141.89582238115213,78.04130506518942,81.8897512490202,55.967503449757736,2.4650062483338164
WH-WE-2,2023-07-13,West,1686,204.0275026210582,97.0036055031013,87.73866046706004,64.69219450159562,2.3419676714771454
WH-NO-4,2024-07-22,Northeast,3162,253.56207058863194,88.97728510403981,90.16437813024716,49.774017849344084,3.433449648771941
WH-SO-4,2024-10-22,Southeast,4063,190.86255738085467,93.02160134215113,97.1880644473299,55.486135673323226,3.930682508291662
WH-SO-3,2023-05-29,Southeast,6769,104.35917601639757,89.95474130398917,85.26032602969987,56.396202258982086,2.9287044778828544
WH-NO-2,2024-07-25,Northeast,4833,243.96882577546927,99.32322746902737,78.11121101252867,33.97605401449938,3.283516633460263
WH-SO-4,2024-09-28,Southeast,4962,99.29805831444402,90.82021463845948,89.20654914631324,41.16911979302863,3.4355409689193035
WH-NO-3,2023-03-17,Northeast,6690,211.8698198636639,99.28947556915656,80.74983030234246,61.92013492780588,2.552319820101185
WH-SO-1,2024-11-29,Southeast,5221,175.9118362921181,96.59414442755516,95.87458089465771,58.689299399695095,1.8449038452318565
WH-SO-4,2023-05-20,Southeast,5196,175.02207172241964,99.73707580232481,81.79626010736013,82.74745167426383,2.2415652692772197
WH-NO-1,2024-02-29,Northeast,5644,182.37288806397032,96.91347898433456,94.2464387485159,63.51026959591238,4.265614814551229
WH-MI-4,2023-04-15,Midwest,5558,301.80592056155797,99.8599590597082,85.29112615326298,50.655882576114294,2.326282158147166
WH-SO-1,2023-06-21,Southeast,4527,270.5572362089706,99.77036029765208,99.28354060001332,28.62972072507818,2.152289721757889
WH-NO-5,2023-02-11,Northeast,6493,165.45669534850322,99.88552910053592,87.29062122102658,49.68788184625612,2.405339088265283
WH-MI-4,2024-01-14,Midwest,6119,255.3097243303629,96.39154799863148,93.16340461210297,54.635145297579946,2.7818285220158763
WH-NO-1,2023-03-24,Northeast,5162,243.47095625654654,92.11180064727719,87.30633264864906,86.69513655001452,2.374391552937343
WH-SO-2,2023-03-17,Southeast,7307,225.02972668357546,99.25782837929509,82.58660927276958,69.64753404271762,1.590328964313001
WH-WE-2,2023-01-14,West,7288,236.87380978548273,97.71507309433987,79.50347248062607,86.17006868595793,2.149782585579847
WH-WE-3,2024-04-18,West,6947,246.1258772414597,99.61978124270222,94.51391084821151,53.64813667349719,2.1575945360885216
WH-SO-3,2024-05-06,Southeast,3238,110.20373285996932,99.69818997931873,98.68227447222581,81.99495409934757,2.0145283388876964
WH-NO-4,2023-11-29,Northeast,4547,203.27625781481407,96.94190852357755,79.25886738011525,81.5152757519724,4.023543701355199
WH-WE-3,2024-06-21,West,7059,242.16076961769204,99.78334743514273,91.4082482657818,75.9078200900382,3.9789393700739604
WH-SO-4,2024-04-03,Southeast,6873,225.41662369069235,85.95436999927591,93.9308950755737,85.58165720582231,1.6176982175400068
WH-SO-5,2024-05-27,Southeast,5644,174.11800503541872,97.74827735023828,85.84041922839165,52.376201247601706,2.4813999598078023
WH-SO-2,2023-03-03,Southeast,5528,266.4402696887575,97.11972248074642,94.76722304594053,55.04472300660315,3.1414189215429893
WH-NO-2,2023-02-10,Northeast,7935,234.6269578225015,93.79836463556633,88.62185263245496,54.42157040867175,2.237289735340344
WH-NO-1,2023-10-27,Northeast,4552,257.5700900458655,99.57262443919154,67.66217517533232,65.93876754567334,2.7349407360041607
WH-SO-1,2024-09-21,Southeast,2932,242.78078488590316,98.93726198529367,78.88751618588357,70.40530124603652,3.621411507055205
WH-NO-2,2023-09-27,Northeast,3418,385.8564149410173,99.49288688424818,88.53965317018583,60.80194490918542,2.5499347935194825
WH-NO-2,2024-12-29,Northeast,6696,271.2071445398906,95.30191957557118,82.34323029634943,69.44327798255237,4.4404199831374
WH-NO-3,2023-04-08,Northeast,7287,167.70262380253598,94.98268156157768,94.58224313087081,63.968505794448625,1.5952800432859828
WH-MI-4,2024-09-16,Midwest,3399,202.74832739430414,95.19703521495892,96.54943609572106,45.03277206519273,1.6542374219992135
WH-SO-3,2023-06-18,Southeast,6789,221.99185928275628,85.47565853544245,89.49551650045547,52.20955590461135,3.9643450878888293
WH-NO-5,2024-12-07,Northeast,5527,218.01946638017475,99.93173156725948,88.58216110714142,68.28436880735357,2.552597635969348
WH-NO-4,2023-08-20,Northeast,3667,148.61087811287612,99.83097217969302,94.27071002043292,59.26327538117781,3.8296601555499814
WH-WE-2,2024-10-06,West,500,205.85841988832246,95.04479809486979,82.38413919087681,52.824103726190195,4.346517535678438
WH-WE-5,2024-12-19,West,6466,223.2212421100424,95.79551258818093,97.22961565756438,52.6015973497596,3.2359620827600724
WH-SO-3,2023-03-07,Southeast,6903,213.7530154243194,87.76560736196816,78.61717005378756,61.461414010732355,1.6445301700159067
WH-SO-3,2023-02-08,Southeast,5601,281.72896420273804,95.92924961472369,85.30164027971966,88.07259343603594,3.545977872542653
WH-WE-4,2024-04-21,West,7760,256.0842485887094,88.96983677556395,79.30602502753071,45.75142299410209,3.928251631199845
WH-SO-1,2024-05-16,Southeast,4152,185.42213635425145,97.11959979296935,91.74457207100423,86.71405328197642,2.207315219347041
WH-SO-1,2024-11-04,Southeast,4147,236.54876742269283,93.41392632954734,92.48556128019668,70.33201410624588,3.1803310918135077
WH-MI-5,2024-10-06,Midwest,3005,203.1032619791499,92.55466068752996,89.82535847621533,67.17239512119303,3.7993499354777813
WH-NO-4,2023-04-22,Northeast,6916,188.40968069061202,98.93845413537899,93.38753414702722,44.399775143120024,4.263995191773153
WH-NO-4,2023-07-07,Northeast,3532,82.40355898173381,98.8493396216753,96.2428137767764,44.37883153974012,2.4894938672612854
WH-MI-5,2024-11-27,Midwest,3079,193.12133610720042,91.7528375481981,94.28343911596448,27.18452160366262,2.078647554470717
WH-SO-4,2024-10-26,Southeast,4934,208.56139829116154,95.83966504610198,80.45831765937676,45.250959984937474,1.7269440794255733
WH-NO-2,2023-08-05,Northeast,5154,105.05673971340111,96.74355031485733,67.65837186239818,73.41840172664776,1.8242942785065228
WH-SO-2,2024-11-29,Southeast,3358,145.7024915779065,98.12097215702379,97.69665187891465,35.77190440556535,3.656191154350442
WH-SO-4,2024-03-21,Southeast,8277,180.073465247715,97.23736502961285,93.77178003928556,80.1064732547608,2.8157292267993093
WH-WE-2,2024-08-05,West,2620,214.90700951404457,87.04044951711225,96.86533658205616,67.76185197020894,1.5431237620818694
WH-MI-4,2023-02-12,Midwest,11436,218.02764953223559,94.66194852173855,92.95626249709088,72.44267375896052,1.7009320052513766
WH-NO-3,2023-09-21,Northeast,2754,137.3796426706988,71.79243113530504,92.91290052832977,77.59927489486097,3.258849595248064
WH-SO-2,2024-02-20,Southeast,8076,173.81416020278937,98.387270362511,93.95072567551762,64.2735895153015,2.3560905501847667
WH-MI-4,2024-09-01,Midwest,4684,206.89769135726536,96.70561182530946,83.28520421724951,66.58981873863871,4.297541868386943
WH-NO-1,2024-11-06,Northeast,2274,239.71699477504126,91.33127638075638,87.65969098634243,61.87740329220534,3.625621071203245
WH-SO-1,2023-10-02,Southeast,2807,179.1222314652714,90.95120776218683,95.37867947078803,87.82402648422524,1.582625986610207
WH-NO-5,2024-02-02,Northeast,7283,162.2805379627913,98.84627117658708,91.07130957891387,59.769945573738084,3.872848968818802
WH-SO-4,2023-03-31,Southeast,5924,215.82080302715502,93.63324516374053,89.94852722916116,47.535003825378226,2.203403637223509
WH-MI-3,2024-09-13,Midwest,2169,262.0715687751269,96.74246188262438,95.616909288637,65.20685606555483,3.1684043716020174
WH-NO-1,2023-07-31,Northeast,4835,244.00491740762774,98.60293018637194,82.19863839691038,51.566191661936465,2.3124994867742528
WH-MI-2,2023-05-24,Midwest,6559,224.40932471471433,90.76794042686898,98.1963852356187,67.33845522835196,2.1514625102194977
WH-SO-2,2023-06-08,Southeast,6033,191.35423767901534,77.30135972939978,81.53694357553157,69.02557212438913,2.587347815294058
WH-WE-2,2024-06-03,West,5636,174.07248890119354,98.41706527619131,94.30392217171139,76.93135025120286,3.4955957408706784
WH-WE-4,2024-08-07,West,3435,169.4697024997498,94.73387569769724,99.03009354428451,70.54960541257725,4.041683823316755
WH-NO-2,2024-06-27,Northeast,4084,210.32573318094646,94.99427044746672,88.32457541970355,65.97308629213497,3.129109376595178
WH-SO-3,2024-12-26,Southeast,4460,250.88055063666266,90.31880619639293,82.21826985308003,61.34634501417365,4.071525230554733
WH-MI-3,2023-05-25,Midwest,6321,154.26671537857385,99.01287916729771,76.41110741350093,60.49281754432766,2.7196997177457574
WH-NO-4,2024-07-21,Northeast,5758,295.29863016797344,99.91488565003313,94.53711861380518,74.52598499066467,2.3291579082078115
WH-NO-5,2024-12-01,Northeast,5105,227.65480355770126,98.78125707359608,92.30961950076097,69.71710200363708,4.073056715934302
WH-SO-3,2023-06-03,Southeast,5339,210.10436258736468,97.45156709495576,93.40608035122482,54.16542100458116,1.6731088715704048
WH-WE-5,2024-05-11,West,6495,180.93295104440475,99.59276208292619,90.05464222107219,55.32332651137031,2.075115415460928
WH-WE-3,2024-08-10,West,5782,178.04781070101026,84.27333844218781,95.55903779203324,54.52749308254716,2.455616232596887
WH-NO-5,2024-08-03,Northeast,3469,100.95791463563256,99.70666304131983,91.24596128106114,65.64650611623682,2.911161938059528
WH-NO-3,2024-12-19,Northeast,6198,254.7665666781201,98.76294946146177,86.71424066606545,76.08514113739513,3.008452702536455
WH-NO-5,2024-10-17,Northeast,2052,197.5110885893865,96.52801688492407,78.5198597240901,80.24779951590352,2.8461689670795707
WH-WE-3,2024-10-26,West,1994,201.719777610782,92.24456784961517,84.04855922411441,74.66250211085361,4.379228893845279
WH-WE-3,2024-03-24,West,7111,194.83238678460717,76.12206584756026,94.10999956762159,47.72381839298628,3.6159256602578345
WH-WE-5,2023-05-07,West,7425,95.90314783373061,99.76168335831059,94.39085799554341,66.7802328610684,2.9820150293993812
WH-WE-3,2024-04-14,West,7083,225.36764988772035,93.20239493500337,85.023096838585,52.04641455028371,3.134727241908354
WH-NO-5,2024-04-23,Northeast,4599,228.46000125547152,95.73840971684521,93.23572567437934,78.03997754141268,4.451294079889925
WH-SO-2,2023-02-09,Southeast,3325,202.12304178668523,99.76102023213289,82.89638241879761,58.88438769173568,1.8164223175222096
WH-SO-2,2024-02-28,Southeast,9208,178.02200815406246,99.77587861434223,88.82917539030393,49.75256305777741,3.21937126845542
WH-SO-1,2023-02-17,Southeast,4300,237.30613041988855,96.23992115989768,85.11475270889089,55.64024869556048,2.7496276642648736
WH-NO-1,2024-03-31,Northeast,7270,228.80402058020138,81.90718391512236,93.11497352613797,61.54772054579468,2.4191046421939606
WH-NO-5,2023-09-23,Northeast,1524,219.421230581045,99.90666380292511,91.54699012585166,61.528597764292236,2.014702452139989
WH-SO-2,2023-07-11,Southeast,4793,224.01517717064672,99.13874023630385,85.89437985920453,48.66713305801923,3.2236862446053403
WH-SO-2,2023-09-30,Southeast,3885,234.82153762476813,97.2047919412129,90.0473390094618,73.8951701372607,2.9502981693576773
WH-MI-4,2023-02-15,Midwest,8192,178.00543881699974,89.57930527539169,77.59739891033533,61.96226040143448,4.478403386695306
WH-SO-5,2024-10-25,Southeast,4025,249.49213381735228,93.9915246616723,91.4852997659071,69.95975934696335,4.464770601280801
WH-MI-5,2024-11-10,Midwest,3331,216.5751230442565,99.16110391758231,91.53986708846817,50.923026364024146,3.933086441842429
WH-NO-4,2024-01-30,Northeast,6285,272.8565035194818,97.69812719139152,79.76377341285863,62.33004420964401,1.9292251038954107
WH-SO-5,2024-07-12,Southeast,4666,249.01517235550418,89.6932502182913,74.94553662523465,58.57806998846505,3.846290256675961
WH-SO-2,2024-06-23,Southeast,5927,175.8183668864718,83.45440346319528,87.10400120045988,74.27377399885695,1.7543723840170662
WH-SO-3,2023-10-15,Southeast,4953,172.95483228899283,98.16483070857814,89.8427692887331,76.46066804912462,2.0900211642772786
WH-NO-1,2023-07-24,Northeast,2206,160.760055373741,98.58944735917726,87.90961655085229,74.92417746526608,1.765017778605162
WH-SO-2,2023-09-19,Southeast,2851,120.62527999447504,99.22528762273569,87.52995897388132,73.46364910957249,3.9889522126706676
WH-SO-4,2023-08-16,Southeast,3082,242.41844812775832,99.84942753616531,78.31112874034297,43.38268316286394,3.971063191170033
WH-MI-5,2024-10-22,Midwest,3561,221.58532684277964,96.98776792738055,90.74236091748811,67.01128134051207,2.8281479860438434
WH-WE-3,2024-07-29,West,4447,116.18933178101514,98.56863106528169,87.19478117465552,51.49017553097406,3.826353165882659
WH-MI-3,2024-07-25,Midwest,3445,256.1352427144012,96.25626974305372,91.16454717117101,69.65801133576474,2.068346380902825
WH-MI-3,2024-11-18,Midwest,3479,207.93784613806812,95.1430190800282,76.00413431452779,32.98174989894164,3.184549778091785
WH-WE-5,2023-04-07,West,5345,101.64946648721013,98.89174305212799,78.24092639548822,54.18413712458202,1.897405239011916
WH-SO-5,2024-05-26,Southeast,7532,223.97526291369627,97.36376418265613,84.51438326709729,61.92833409518642,2.819607739646635
WH-SO-3,2024-09-29,Southeast,5797,240.4373190608385,90.06987413049536,95.88206418793138,67.28849742333432,1.8265578376631582
WH-WE-1,2023-02-09,West,7352,160.24905323566915,94.81766784375334,77.79903910327468,54.916859298280265,2.3455900119231328
WH-NO-5,2024-06-09,Northeast,6863,223.6367468517355,98.55809114347609,93.9210921177554,49.29552494887703,1.961508424020983
WH-MI-4,2023-08-16,Midwest,4029,201.99478530658854,97.8500544893312,78.36211228368113,67.07092462819837,3.469343858417819
WH-NO-2,2023-05-22,Northeast,6218,142.96526445095395,97.21313298782907,96.79259636845151,85.3673655483349,3.4895474385481196
WH-WE-3,2024-08-14,West,3998,200.1877725473461,97.4779357064718,87.79837723757402,63.846249303645564,2.7654125923229196
WH-SO-3,2024-05-27,Southeast,7732,226.9610512904219,95.71813020581602,90.93911419276114,86.55008711442835,3.3822254646686494
WH-SO-1,2024-09-16,Southeast,3406,154.79863894980994,96.60764482403128,94.52915849882501,69.53472353357478,4.372872868360798
WH-MI-1,2024-11-15,Midwest,3822,164.40574112382467,94.52238182085595,97.22429738862097,83.6427288041091,1.644496509339036
WH-NO-4,2024-10-14,Northeast,4561,244.75590675175954,98.68033557461034,95.57533975474809,33.95761238953485,4.274732884866893
WH-SO-5,2023-08-04,Southeast,3769,240.05890946036686,92.42928823873086,81.31369324877178,91.52731380184784,4.0605410815998875
WH-SO-5,2024-06-30,Southeast,3416,254.37528101148493,99.92404103989499,96.29809867386719,38.98718472592488,3.051472462581068
WH-NO-1,2024-01-20,Northeast,7087,197.69100879948743,95.57392801573256,94.66573426568155,52.61681814231387,1.9353141835102556
WH-WE-4,2024-09-11,West,3402,301.7259668355315,92.77736935608529,87.00398040037712,59.90115554447307,4.488547588662264
WH-MI-1,2023-02-13,Midwest,7236,270.69766788508645,94.73060697934125,91.05849364219746,82.15404878947261,2.594510206727363
WH-NO-5,2024-08-08,Northeast,4999,139.95594341902847,99.6697618125556,80.12408971204846,61.12393513115991,1.5513024058704326
WH-WE-4,2024-04-20,West,9225,254.14541058796476,94.32572393893129,92.29777873074283,94.25758019330648,2.5770957411900817
WH-SO-1,2024-01-08,Southeast,4923,246.35122000073676,94.0492685242283,97.82706246221522,50.63476016593209,4.0018091656124755
WH-NO-4,2023-02-23,Northeast,8763,281.0231414750914,96.35864136589045,83.19833433343695,79.83076726646631,3.0263082359907365
WH-WE-3,2024-07-07,West,5110,248.0711104293883,99.06548741490117,88.99218665637802,54.86485396269284,1.7561690716341012
WH-NO-1,2024-12-12,Northeast,5201,170.58691184965383,99.42892904647562,94.18521484241802,82.74317756436538,3.9120171712128418
WH-NO-5,2023-07-04,Northeast,2056,200.70923695472356,87.9233517359994,84.95823467757691,78.28300404337122,3.858217283987481
WH-SO-2,2023-11-10,Southeast,4297,236.62760468988668,94.76645755792802,95.76290246658452,71.82004080531762,3.5127668001800543
WH-NO-1,2024-10-03,Northeast,2680,163.44301819079675,92.1456095768749,83.81825676238363,38.23540379904403,1.5213601220127013
WH-NO-5,2024-02-09,Northeast,8281,169.17674405119834,81.6260726722661,84.46610685377927,78.85558908740163,2.9282500858622704
WH-SO-1,2023-12-20,Southeast,3424,221.1669391054488,98.7994764698098,96.92629122208986,84.56496357793586,3.392044126959249
WH-SO-1,2023-08-29,Southeast,3254,178.53423991576895,85.6141393185937,70.67715918531543,81.43804408331889,4.223655053435111
WH-SO-1,2024-08-19,Southeast,5194,211.418391394276,98.65457470885126,88.49078591872164,42.57930118957024,1.5082631152410786
WH-SO-1,2023-06-11,Southeast,4893,269.18592406962347,99.23571318316579,85.27899036799944,54.5932641591105,1.9296382344620433
WH-NO-4,2023-10-18,Northeast,3175,167.8966939784436,89.1359657172803,87.82290941352367,55.41051345456536,1.9886982382894196
WH-MI-2,2024-12-01,Midwest,3301,152.53820548356086,91.29041481379731,84.17306605400313,57.12821274595332,2.945163763290398
WH-SO-4,2024-11-08,Southeast,2437,190.04643127927085,98.75788759576953,93.38470456533632,65.75019433703868,2.346951527048166
WH-WE-2,2023-07-10,West,1808,202.40049675473531,99.38505315980794,65.06886977800961,88.78039086323822,4.218896859983779
WH-NO-3,2024-08-02,Northeast,3333,166.85183193691805,99.20842385744066,93.77909388383496,64.42367067605886,2.356407533488026
WH-NO-2,2023-10-14,Northeast,2645,147.966032343482,92.07536059868339,80.5026939965869,56.38524532331185,2.223854833134715
WH-WE-4,2024-12-28,West,6293,219.19604067479023,87.18977969228276,84.06821476041742,35.456817558315166,4.263078124640011
WH-WE-4,2024-06-24,West,6660,150.59757827710956,84.95603445890545,89.48224733082532,55.264112726160896,2.0027883697536053
WH-SO-1,2023-02-13,Southeast,2719,234.67253059399707,97.71179856611528,83.26400793295107,58.496033158157914,2.7725942861987436
WH-NO-4,2023-12-03,Northeast,3804,145.35034381079848,94.47899582174921,85.3002974572823,63.44128391337781,3.5739549404250246
WH-SO-2,2023-01-08,Southeast,4448,183.78092700211107,94.7198659775981,87.07105987987444,37.86400250802467,2.3453086015293394
WH-MI-4,2023-05-24,Midwest,8833,178.03374317687096,96.50576170907851,84.10620040877778,81.04278395510438,1.9370486975049808
WH-SO-5,2023-04-10,Southeast,2482,173.94309267066657,98.8913200810189,93.63153707196736,79.66224441241694,3.415188697349566
WH-SO-5,2024-05-10,Southeast,5168,122.28499208974635,90.50380231491413,89.93616439654998,78.29433458837414,4.473007735104108
WH-SO-1,2024-03-16,Southeast,8528,189.13348299673368,97.15599250336386,93.62327520376041,71.60140777081635,2.4528291648058076
WH-WE-3,2023-05-03,West,6497,200.9313610363615,79.38631197525379,87.48799195253746,37.46672403714277,2.3085769192176806
WH-SO-1,2024-11-16,Southeast,3843,243.6947967029752,95.29917762840199,83.95978454560135,69.80242396126846,2.6613136787752714
WH-MI-2,2024-10-03,Midwest,3291,168.65140401721555,94.74921182218834,90.00683377634954,78.05669283311455,2.019145576549617
WH-WE-4,2024-11-10,West,1236,245.99865437663126,98.57336548991317,83.47572366294683,79.58777563945264,3.484855549818362
WH-SO-2,2024-02-22,Southeast,4363,194.36313175516477,91.70863287902942,93.8648106052467,81.13961463425606,4.180833349252034
WH-MI-1,2023-02-23,Midwest,4981,274.2830130539967,91.48126992000383,94.10373073800375,48.01403241664649,1.8790390018326264
WH-SO-2,2024-10-17,Southeast,2542,140.52200980243518,95.90987089333922,84.70609637268053,43.37451514930354,4.464893086865455
WH-MI-3,2024-01-03,Midwest,6503,269.43595465205726,88.83069624642798,91.55909543883412,49.05606234661971,4.485472832218264
WH-NO-5,2023-10-18,Northeast,4228,237.61436608908224,99.27179453094057,90.88769479527939,46.74845815903107,2.868497697263372
WH-SO-3,2024-12-10,Southeast,5912,149.2660625704533,94.86832561510671,91.00516773751714,85.4971234567193,1.9256284042525351
WH-NO-2,2024-02-11,Northeast,4522,225.19517835789347,98.26399098354764,91.47990665945886,50.394002518597624,2.085695596492086
WH-NO-5,2024-10-28,Northeast,3613,181.64518483647632,99.06454923427364,87.31233197276002,82.81386167303346,3.9878360381384756
WH-NO-4,2024-10-19,Northeast,4230,213.6319540130206,97.94024686026702,76.855076718002,79.25088962317909,2.067132967661445
WH-MI-4,2024-06-24,Midwest,4352,242.75674457965553,97.58135983851548,78.73377912771107,51.373431847931926,2.883798335537172
WH-SO-3,2024-11-30,Southeast,4422,256.58114188019374,95.90470840935436,94.59300258020082,68.41971337318303,4.45212618371579
WH-NO-2,2024-05-06,Northeast,5742,256.42274400428346,94.05540368039999,84.60321327036277,85.60967050202399,4.391802871945675
WH-WE-1,2024-07-20,West,4322,247.25847190082695,96.94090457434037,76.4327714913631,72.12648142232304,2.11852550346242
WH-SO-1,2024-10-20,Southeast,6277,256.92222536165093,94.84839131681227,96.64022548825822,73.32179732556577,1.506714366529107
WH-SO-4,2023-04-19,Southeast,6648,174.7321042724163,87.95385660196729,98.002859765167,42.75295534136287,2.272442262987678
WH-MI-3,2023-03-07,Midwest,5961,221.5692779368831,94.3116633703712,95.45734917536623,40.80245297194839,2.2648249659650754
WH-NO-5,2023-11-23,Northeast,3043,186.35447617442625,98.54077129398962,94.97511819382987,42.54546783218444,4.428378879467856
WH-SO-2,2024-01-04,Southeast,8366,171.3398779192774,97.46143241123984,80.13169208846608,64.26586837661958,1.5996004096860141
WH-MI-5,2024-03-22,Midwest,6682,193.55539321343826,98.4492711408159,95.17170901578046,93.04851735317683,4.3252808551978905
WH-NO-2,2024-03-21,Northeast,6581,114.93092418501114,99.5179526567427,94.82276974126285,84.44987494032713,3.978624066835372
WH-SO-4,2023-01-21,Southeast,8616,171.2859480553796,96.49619518633303,79.66095315318607,80.56715590887407,2.7630214571831777
WH-SO-1,2024-07-12,Southeast,4668,149.27533273248494,95.8245532498405,86.86380111411924,72.66505007101941,3.7437360399885082
WH-MI-5,2023-11-22,Midwest,4505,216.98726009667,85.14675521095069,80.5172036343301,68.06832048662216,1.950915976824874
WH-SO-2,2023-03-03,Southeast,4066,168.2236454521882,91.91715801988245,89.14885006853707,85.78159521340403,3.471676466204019
WH-SO-2,2024-04-04,Southeast,10230,275.60849051073126,95.06101813421967,82.80115899247828,67.13113344117863,3.4683935806103934
WH-NO-2,2024-03-09,Northeast,4003,229.11878329748666,95.25356831396523,74.86262144248276,67.37267686755062,1.5224503444520114
WH-SO-2,2023-03-06,Southeast,4344,144.48188319258907,99.37637611544889,95.20561984595504,77.04737839122684,2.945369619229612
WH-SO-3,2023-10-13,Southeast,3024,233.5068722682235,98.100379915066,82.72790083588337,92.20966903051956,1.6670122132977143
WH-SO-1,2023-01-02,Southeast,6504,231.05610002270876,92.45093358833547,95.64348677603118,78.24624175421961,2.16623478155325
WH-SO-3,2024-07-20,Southeast,5481,253.67393752417314,99.99251142132334,91.48373657542992,61.20883690928864,2.6456868088430747
WH-MI-2,2024-09-06,Midwest,3403,140.43496340876771,98.7621520923316,75.19569066603951,75.90817585005169,3.804058923161953
WH-WE-3,2023-04-07,West,8483,206.93929118335018,98.02618820127515,58.600100227845076,54.97402287030657,3.713224455395679
WH-SO-5,2023-11-03,Southeast,2449,204.72024891734762,98.67025726898203,77.44853616233395,80.60151443614846,2.0845026902808654
WH-SO-2,2023-04-03,Southeast,8449,307.75717721278363,99.27150196137524,94.89794718422222,72.94817977258391,2.737866249451821
WH-NO-3,2023-11-27,Northeast,4885,232.4224904432375,97.47282464796652,79.65750446754974,43.796617217829294,2.8122191832211034
WH-WE-5,2023-02-09,West,7751,148.96347889146844,98.9311098136183,70.60478915688698,31.299819186371565,3.9268018545137617
WH-NO-1,2024-09-15,Northeast,4072,193.23804746095703,92.1958373888745,67.6166593322081,65.40604616778013,4.438177024065816
WH-SO-5,2023-09-14,Southeast,4089,281.7755610082166,83.86460979130025,65.8355563899997,73.2709033798823,3.3352742521189063
WH-SO-1,2024-05-22,Southeast,6765,150.34623294194645,98.0205725257407,96.23720575089732,83.70875481999191,2.0821364176794575
WH-WE-5,2023-01-17,West,6584,155.02684186603744,93.26618770866153,93.58843473165415,46.72268627272516,3.015553917284958
WH-SO-4,2023-12-15,Southeast,4781,165.89095926544715,97.50532409930993,91.84961250706557,92.51107586361373,3.4221110491608986
WH-SO-3,2024-04-11,Southeast,7326,164.7354348039569,97.46382306533685,98.38170104951682,81.30973786446862,2.503295587685729
WH-NO-2,2023-12-12,Northeast,2625,233.5197164403113,99.99120473737787,85.10093556448444,83.49455623460786,3.6855231777237902
WH-SO-1,2024-12-03,Southeast,3414,188.77275697191487,99.63635167927602,97.27735557831036,66.43740891866395,3.9752186028147696
WH-WE-3,2024-07-16,West,7730,198.54754756996817,91.60166647986533,93.21879362551276,55.21883483000296,2.554568437259219
WH-SO-3,2024-09-04,Southeast,5300,126.29407302044075,99.2391603165985,89.24859630431403,64.71007129952568,2.722200399972896
WH-SO-5,2023-05-17,Southeast,6082,331.4193475660097,94.90820321720538,84.21527035913435,53.83276941322055,2.0157565222197396
WH-SO-5,2023-06-16,Southeast,4279,149.3544979868161,94.44914304652067,79.54703800531045,76.67941552604725,4.282148289658249
WH-NO-4,2024-08-17,Northeast,4257,218.9651030019347,93.23559058337855,91.01725250579717,69.31298242306268,2.8724927864490706
WH-SO-3,2023-11-28,Southeast,5523,183.49409145081694,98.15765053358014,93.3254743355495,75.10164136496846,3.093410704355303
WH-SO-3,2024-08-24,Southeast,4417,194.3750125390816,98.88543199200515,92.39168106850025,54.234155167711194,4.138463699500892
WH-WE-2,2023-02-28,West,8720,201.45133106366015,99.91921932102593,91.63573437876487,84.71648192858979,1.5064318600939774
WH-SO-3,2023-08-05,Southeast,4524,187.09935044362106,99.6714382060318,87.68891325182815,82.9423640407881,1.8499213244094967
WH-NO-4,2024-01-24,Northeast,5447,176.59786086741627,92.27362406665367,85.70109081620232,86.0219631436731,2.3461736665049444
WH-NO-5,2023-10-07,Northeast,2822,185.72941910778923,99.08814887903836,95.05335519141204,61.35063129644045,4.102113094662528
WH-NO-2,2024-06-03,Northeast,2379,287.5272753044022,97.21014415682671,94.19282609185959,61.9984175589694,2.1241848476375345
WH-WE-4,2024-04-06,West,7641,196.6253453200307,97.7723359907621,86.54040506605605,88.44128611620738,2.153475213260096
WH-MI-1,2024-02-27,Midwest,7513,205.32725183328878,98.19769431585468,91.49274026301883,66.3017590351641,3.602081641608876
WH-MI-1,2023-01-31,Midwest,6069,255.95506402945983,94.36465283149592,65.94208999006497,52.578743544706,2.5374359853314488
WH-NO-2,2023-08-18,Northeast,2890,191.48863511788238,86.88891692786589,85.44015975187445,51.699169266307344,3.8494887109246116
WH-SO-2,2024-07-12,Southeast,3621,179.93326805437198,99.70822792153477,78.14908865207693,63.783768027988586,1.6237393216224136
WH-WE-2,2023-05-06,West,5474,181.7500304237112,95.07005791568413,90.88870637263254,22.594514125068528,4.078108483884771
WH-SO-3,2024-08-02,Southeast,4911,209.7876228221958,99.12433770435662,78.50387548219821,44.28294723164004,2.856664331581809
WH-NO-5,2023-02-25,Northeast,5357,198.92827646886147,97.99583726549835,80.56294042687063,77.35753827228244,1.8040524862261325
WH-MI-2,2023-05-18,Midwest,7996,164.4441527889179,92.13632663014614,86.11828161617329,97.75463705295091,4.26893813363283
WH-WE-4,2023-05-22,West,2880,183.6350037938375,94.36979849218191,84.78989840358602,60.17250316916968,3.5708671975481323
WH-SO-1,2023-10-17,Southeast,2551,202.49317521964525,97.26899998394103,93.83098011083624,88.19268170268896,2.7990032757524705
WH-SO-2,2023-10-30,Southeast,3689,146.60625847752053,97.07347958705334,93.0421340989647,83.72634837237918,2.072399685801586
WH-SO-4,2023-07-04,Southeast,4449,183.15745915274798,99.72078023054424,99.24506354301322,81.20466363635396,1.8596653258226803
WH-MI-4,2024-06-28,Midwest,4513,169.89159880358346,99.79232137656284,88.13304962272974,87.02551021168962,2.7799189040812173
WH-NO-1,2024-07-05,Northeast,1747,172.68943227248332,89.32110127947449,95.91523777674242,41.710825328421464,3.347298259915393
WH-NO-4,2024-01-10,Northeast,5969,254.31045989328243,91.34346453826052,69.83344673709541,88.90062010056455,2.663036703189827
WH-NO-4,2024-04-20,Northeast,7511,280.8060587364484,98.58666447130527,91.85565781670203,68.4253360708216,2.7948851160213386
WH-NO-2,2023-10-18,Northeast,5592,246.61574089002949,99.04123294103245,89.7164048650396,59.03471824686963,4.364813545750346
WH-SO-4,2024-11-22,Southeast,4465,251.36784194515155,95.9518529239727,97.2775975635996,59.47424877811351,4.095741042524577
WH-SO-5,2024-08-17,Southeast,3054,199.31484584239183,96.3747820621733,80.1484234556949,69.2992717648431,2.069510420231306
WH-MI-2,2024-12-24,Midwest,3068,169.9975192181305,91.50006714331053,88.76125525872276,72.49531376769579,3.207887644833553
WH-SO-1,2023-08-21,Southeast,4202,193.75230445249647,81.31206371318653,79.89113518430302,80.72048813350442,3.6537143098352862
WH-NO-5,2024-05-22,Northeast,5339,181.56559647169638,99.49468737196,92.13913812867006,73.73608516060067,2.870149078476543
WH-MI-3,2024-03-17,Midwest,5444,191.66764328204474,89.98425615399977,92.92216704528536,56.73468348731424,1.7080181288495782
WH-SO-1,2023-08-15,Southeast,5434,169.22159903662816,97.8216037969795,86.7137886423342,88.1355592210753,1.7180478838468844
WH-WE-3,2023-08-24,West,4641,333.3992027575535,96.42709416496861,80.67991358767792,60.74874516815451,3.6098265590987384
WH-NO-2,2024-03-01,Northeast,8112,179.29115900626306,96.66589613683558,88.19181099443948,61.89930120513664,4.233786108638814
WH-NO-2,2024-11-09,Northeast,2859,243.79063595133886,96.88090237741011,83.60353443088354,73.49470471127192,3.052097873378519
WH-MI-5,2024-01-25,Midwest,4187,163.9369078493548,93.77464545624848,78.9218251092954,78.60048507684644,1.7633431433368218
WH-SO-1,2024-11-11,Southeast,2996,141.54265093260457,99.64525776431533,86.27455536914832,79.44105049363222,3.2882612529239865
WH-SO-4,2024-10-05,Southeast,2716,167.70677687028646,95.05463629794264,81.42264464396732,88.59112711240662,4.014470068793905
WH-NO-4,2024-04-12,Northeast,4549,246.99784716926274,98.84792019646142,98.23130385556331,71.65717645456559,1.7793084180646321
WH-NO-2,2024-12-04,Northeast,4064,147.79516531762607,99.26399054944261,77.74004192892625,59.001401888132456,2.31757722931535
WH-MI-3,2024-12-27,Midwest,6784,193.1317962515984,96.05545518180904,91.93890051769075,54.42633117267845,3.707941697305974
WH-SO-5,2023-12-31,Southeast,4925,269.86362092357297,90.60282620743119,91.50153741135027,76.29214618781712,3.82135112039565
WH-WE-3,2023-08-29,West,3402,187.76775941680626,98.31651309196002,90.34288757026204,55.511603628408594,3.3070757714349677
WH-SO-4,2024-08-01,Southeast,3123,211.2317367919641,99.82052489400417,91.53535992381575,79.98066219500807,1.5772456665499484
WH-WE-3,2024-09-22,West,4211,191.84942251800402,86.66956055294081,96.68738630141387,60.669682122007984,2.470452593567279
WH-NO-2,2023-11-09,Northeast,2133,210.84571219704628,97.74554559384295,88.19936925438839,78.51056061183529,2.4019055583220985
WH-WE-1,2024-08-02,West,2909,184.62597395923913,99.09222959220317,89.97348540851017,37.20357909362963,2.4181262257949663
WH-NO-3,2024-11-06,Northeast,3477,79.75471361454574,97.26527224830932,96.90064244820414,69.47536463486125,1.608311790379139
WH-NO-2,2024-11-27,Northeast,3440,111.21230661294504,99.77886476753892,89.60340564735566,67.57630587365327,1.7071550059141734
WH-NO-2,2024-08-17,Northeast,5249,165.4403002551474,97.23478046381602,94.88205388506162,72.50108245998135,3.836784309006739
WH-NO-5,2023-04-01,Northeast,6251,234.02256454687958,95.80547523841106,95.67931775547557,71.71436041632083,2.1849253059655664
WH-NO-1,2024-05-01,Northeast,6707,245.67248511274119,93.52776625260933,80.22466839844827,81.03863589035572,3.7239643625351726
WH-MI-1,2023-01-04,Midwest,6935,114.22398989124012,98.48443537901188,57.496737332711334,88.57459037214699,2.2083275948292345
WH-SO-2,2024-03-14,Southeast,4459,347.6679415719874,96.6621681981848,80.87119661468857,76.34574774214326,2.3437278902486844
WH-SO-5,2024-08-28,Southeast,5335,186.87511710590954,94.15829062309015,89.54912678266079,71.09825561828022,2.4664967222866276
WH-SO-1,2024-12-23,Southeast,6424,198.65029250381968,87.05844598094036,82.51353943831361,68.76175932385863,1.8175449155159211
WH-MI-5,2024-08-03,Midwest,1412,213.40179907554412,86.45928244255362,94.49476529084153,61.78205138250635,2.6828146427866626
WH-SO-1,2023-06-28,Southeast,5316,194.96720988328528,97.17668858459122,83.95898620895069,76.77273300302551,2.5502049975307743
WH-WE-4,2023-01-17,West,6257,216.28850695963172,89.17494497995611,86.3705035295926,59.798919115311875,4.2832065568443305
WH-MI-4,2023-07-07,Midwest,5875,122.5678238046199,98.59694037029001,96.51772573640449,36.23831069239415,3.009893847832268
WH-NO-5,2024-10-17,Northeast,4519,257.076131589994,96.81505243098925,81.48377093407146,51.96853363504138,4.393308330356449
WH-NO-3,2023-02-05,Northeast,6354,230.49343321377313,92.38316506272075,65.0050434505049,60.77214278627389,2.5470782325188477
WH-NO-3,2023-07-26,Northeast,5883,247.3498756434725,93.50808241584382,93.75565561051793,71.7192535311858,2.875557987826369
WH-NO-1,2024-05-22,Northeast,7421,159.54508437319487,98.40062779410687,96.33109480516823,64.09600464345007,2.473474850723591
WH-MI-1,2024-04-28,Midwest,9562,150.91596102391043,93.79807638837828,79.43928890258384,62.29073721693074,3.61185410024851
WH-WE-3,2023-09-05,West,2381,118.64733852587676,98.94051216879701,68.16709376103466,75.41851431945254,2.3376560288112094
WH-NO-4,2024-05-26,Northeast,6738,251.88535623043398,95.37108028970603,86.13354069160236,56.882981233391575,3.6671439026219526
WH-SO-3,2024-10-30,Southeast,4264,254.8298161606856,98.72539065907559,84.89969590318418,59.62765407087862,2.8366431990929923
WH-SO-2,2023-05-08,Southeast,10150,233.1661990580672,95.1817377864723,54.26115197596737,80.56458289956358,2.590516102237636
WH-MI-4,2023-07-04,Midwest,4501,175.90817870903933,90.67139649597559,97.78746052335501,70.16504190283776,2.0971444953048297
WH-MI-1,2024-09-27,Midwest,4315,214.80858425111563,95.55249250936603,83.63037961616612,54.10885313696412,4.2678869232371905
WH-SO-2,2023-03-03,Southeast,5837,197.0105881253064,96.93875143222911,82.93141485384686,26.353522766410965,2.730015883140843
WH-NO-3,2024-10-07,Northeast,3144,245.90639438590173,96.33672327824205,95.238180211382,66.19967854604772,3.0649265088573046
WH-WE-5,2024-07-26,West,5925,253.59440163385668,93.70133263675963,91.31212148038115,66.05510038490182,3.403976665681129
WH-SO-5,2024-10-24,Southeast,2807,268.2852929896688,89.40705128411702,91.45365736015364,57.38314668356337,2.1438191878070736
WH-NO-2,2023-01-16,Northeast,7558,214.03817561382454,99.28044726371762,90.26496200428338,64.63878268633121,4.484183653951978
WH-SO-2,2024-08-02,Southeast,3607,242.37110600285496,99.21870552961803,82.36371340371804,77.67471153856849,3.4403291128286844
WH-WE-4,2023-01-17,West,3284,223.16689347743153,98.70333742535811,92.70999259764959,93.83356758871865,2.656927302979973
WH-SO-1,2024-04-27,Southeast,4602,197.16479375942023,99.59694909492825,96.16687524935436,62.14971432259691,2.5025063354212684
WH-SO-5,2023-07-28,Southeast,3640,234.00084008587206,98.92941108774146,89.18829732478699,77.93424079173055,3.058002676832073
WH-NO-5,2024-07-06,Northeast,4735,87.20209821222863,83.01141188872455,87.87118369108782,51.376531962988516,2.5578385134067845
WH-NO-2,2023-12-18,Northeast,5164,236.5207294043841,91.71462098149058,86.68065117818509,37.983783992757765,3.149636633605937
WH-MI-4,2024-07-12,Midwest,4304,285.6331378477863,98.04456709650859,97.6463795128118,73.18437707504178,1.653981205232043
WH-MI-5,2024-07-31,Midwest,5838,221.09344360083716,93.0873618308315,96.33746603031948,60.491360612145684,2.1801331321412514
WH-NO-4,2024-01-08,Northeast,7012,279.800583342763,99.49988055745445,94.07870875521982,89.14374280376609,1.7113950556009647
WH-WE-4,2023-11-28,West,5512,139.59717231301275,96.82685867483418,88.75800759120042,77.59140854348784,2.5350373840521083
WH-NO-1,2024-06-20,Northeast,4409,311.4994203005686,98.38959651030275,93.45263739980078,72.46959992544835,4.0224729340259735
WH-WE-3,2023-04-20,West,4577,228.9567183747393,97.9307608561183,92.74205179105748,65.86907665804299,2.74017520523294
WH-SO-3,2024-08-09,Southeast,4014,129.4732413252367,93.63662465700718,80.27139958743626,67.53839668952628,3.5768087888609954
WH-SO-2,2023-03-04,Southeast,4847,92.49314411516842,83.64765677257,88.80981772784648,59.61335240568986,1.8599312725342108
WH-WE-2,2024-10-13,West,5045,255.84660831806096,96.7666209822989,94.6449880803775,62.53228121624574,2.8100143640607134
WH-SO-1,2023-03-24,Southeast,8126,196.10622891835536,97.83742972190102,90.2251935337991,76.10343633406008,2.9614949650726223
WH-MI-1,2024-11-27,Midwest,5150,199.71834300268742,95.91966113468249,86.63403220706061,55.78825186873346,2.1463931065272064
WH-NO-5,2024-05-15,Northeast,10959,164.06124023967826,98.85310947953684,94.04877613578732,66.79705778902087,4.322827741583318
WH-MI-2,2024-02-20,Midwest,7778,308.7459374749136,99.35751155792141,90.53040573271659,60.907165653979675,2.5988993745501032
WH-SO-3,2023-10-10,Southeast,2997,229.27385075421194,89.55490544310075,98.51103110336528,70.26974621993996,4.063287826864167
WH-SO-5,2023-11-02,Southeast,2397,175.31938693969954,97.87001687985143,90.98408977726865,65.25483664201475,3.43509641371713
WH-WE-2,2023-02-06,West,6878,199.3375730408975,96.02123509371853,91.18751083839173,58.563334534825614,4.363874077711647
WH-WE-3,2023-06-21,West,8525,231.81536602050787,89.81315919878541,87.19149980780088,43.145195318777844,2.226948526477731
WH-MI-5,2023-07-31,Midwest,5918,114.75192447580386,97.00614049281577,76.33579963891395,49.66840923695374,4.072371883240978
WH-WE-3,2024-10-23,West,2894,156.18922106616816,92.45511410875918,81.95130228373463,70.49033563329111,4.089445912609888
WH-NO-1,2024-09-11,Northeast,2763,182.09787801893972,94.59201790506425,93.01337191030716,70.32780178355354,3.4420454937691267
WH-MI-3,2024-04-26,Midwest,6070,249.7120983377489,90.88673263586671,81.62900158548925,76.19008750551434,2.200908464195864
WH-MI-4,2024-03-21,Midwest,5989,196.34582377725556,98.85256121892643,92.91467844949072,83.1673504726848,3.8138130056055966
WH-MI-5,2024-11-12,Midwest,6122,204.82991940992662,99.9726565773121,92.83493843003664,75.82311898915599,2.7310120622235963
WH-NO-1,2024-09-28,Northeast,4925,220.2355582067778,99.64289891446604,86.23208802672113,79.65332123662297,4.12300930737553
WH-SO-5,2023-07-03,Southeast,7583,209.90712776487462,89.99656629989164,63.528595195999294,69.9889416063262,1.8923361881687544
WH-MI-3,2023-08-01,Midwest,3980,138.4832621564518,95.02029646071813,98.48563043141021,64.5924256134698,3.7679730483137517
WH-NO-3,2023-02-21,Northeast,4923,205.37697694913035,97.33527731941372,79.34584133128394,91.19141828425666,3.489940172294129
WH-MI-5,2023-11-23,Midwest,1560,237.5985328058477,88.49956587513762,89.57591725471863,50.97640324409387,3.849531813293229
WH-NO-3,2023-07-30,Northeast,6194,197.6132760000775,98.24688566901798,93.4144625103381,42.616785485136326,2.2260340719576983
WH-NO-2,2024-08-03,Northeast,3856,260.25914634205526,99.76093787568541,91.42856584117257,84.28151909818621,1.5380640181473741
WH-MI-3,2024-03-11,Midwest,6144,189.52472123325202,96.86260494344096,83.01020598975111,60.08050694288071,2.8200295127714465
WH-SO-5,2023-12-04,Southeast,5010,220.0251577022356,95.53940651358195,96.01146020685084,75.5960599496299,3.877394130395884
WH-NO-3,2023-08-20,Northeast,3864,204.80703431056946,99.47997867661303,96.42190750210018,91.0503356683065,3.2797398114882066
WH-MI-1,2024-11-22,Midwest,917,254.96403888442322,98.89201389520733,85.01009329275188,76.46720458849765,2.274595891873514
WH-WE-1,2023-06-09,West,7689,108.13235076248719,90.62263725694886,90.9215930959663,60.56958402866998,1.71577728781609
WH-NO-3,2023-10-23,Northeast,4431,186.61725819789055,94.55449688731376,93.77162193028525,83.86578866483698,3.68390967156001
WH-NO-5,2023-05-21,Northeast,5081,157.79217269501933,99.55316639450328,92.45429241422241,50.663532658579655,2.535675506135096
WH-NO-2,2024-06-25,Northeast,7269,244.59187705136875,93.897372579589,75.04136865966235,40.616739036711095,1.5248046131886557
WH-MI-2,2024-05-26,Midwest,3137,242.13172210800434,99.26461146973017,92.42581438397039,64.95879855608375,1.9027712011425497
WH-SO-1,2024-03-31,Southeast,7916,173.06453161929858,88.19955595657959,72.53029724767785,53.40428381722908,4.10189036501977
WH-SO-2,2024-04-06,Southeast,5968,243.91479957541532,98.05271474359655,91.43812536723476,50.234791517396694,2.4881624691237785
WH-SO-2,2024-09-27,Southeast,4356,196.22580636162587,99.77279211079025,80.09906807028261,78.64381335960358,2.323054778228722
WH-WE-4,2024-07-24,West,1142,172.7858780783071,87.18230740801776,96.1840647597141,80.32133338358565,1.7969456050153874
WH-SO-4,2023-10-17,Southeast,3412,192.89246656577555,95.17571267382728,92.94764236681674,83.37160115474884,4.056511585126568
WH-SO-2,2024-05-28,Southeast,5048,189.4441979423662,92.23691785609961,84.70114025203459,88.96135707675721,2.917097809069629
WH-NO-1,2024-12-06,Northeast,3092,218.3566951655972,95.81538117324097,82.54072172019691,64.47467343138297,3.105060915592409
WH-NO-2,2023-10-28,Northeast,3870,110.2292893380154,99.37970255743689,87.81327255911381,76.508137672803,1.6838386647394372
WH-MI-4,2023-05-27,Midwest,6598,172.8643174272757,97.42991882206891,68.50277962918,63.38459575962343,4.36741744550333
WH-MI-3,2024-04-19,Midwest,6105,115.64018462240514,99.61497717869186,91.4825667992917,55.450230540943664,4.4996655088112725
WH-NO-5,2024-03-15,Northeast,6966,261.74293468210277,98.94386654315129,91.00895179328118,84.38468191900877,2.698595909152908
WH-NO-5,2023-07-26,Northeast,4356,255.72418772681945,99.45507774996919,98.50692897029774,75.88127502531499,3.0132397132082915
WH-WE-4,2023-01-10,West,3745,162.70882918474817,99.27108437148485,95.93094661801344,78.06451364061088,1.9736986183857752
WH-WE-5,2024-03-22,West,4908,187.1714639087699,96.83342486882367,88.79562720584863,84.27453815007784,3.2805336485986705
WH-WE-3,2023-11-21,West,3849,221.3318862087303,95.82115579462813,92.10811296186664,93.68128496704735,2.2100462917675423
WH-MI-1,2023-10-24,Midwest,4463,194.47721984760307,69.33005733140052,79.06846151218976,33.72984557314228,4.040153856513964
WH-MI-1,2024-02-08,Midwest,5998,275.48203112741186,99.62081823158411,97.30913042671388,84.60671469409259,4.173039571865557
WH-SO-1,2023-12-19,Southeast,5344,186.17676729766407,88.3707846276907,80.31647972919353,67.06217564223176,4.272655957924087
WH-NO-4,2023-10-22,Northeast,3059,159.96207643007284,88.64568179230744,85.37227202434238,60.50596553066122,2.4692923641382754
WH-NO-2,2024-10-28,Northeast,4622,175.04168496173534,95.71801136753618,96.93795203792504,80.32029270179426,1.6443448650006265
WH-MI-4,2023-11-19,Midwest,3531,216.9955993560364,97.81891902649839,87.09716138751477,50.296832685932415,3.5796307160811174
WH-WE-2,2023-12-22,West,5275,225.1652527277105,97.54930012308964,98.93460122824666,45.64108558870119,4.1644121227666755
WH-NO-5,2024-12-11,Northeast,4240,167.95263509173208,97.51163605945958,67.88400717384863,72.99029939548458,4.362934292881525
WH-SO-5,2023-08-18,Southeast,5252,194.47693211902444,99.94033126103562,78.98597572966924,81.10242483933226,2.7876912201640716
WH-MI-3,2024-05-13,Midwest,10371,231.43040541029598,95.32989703337034,77.24260584663666,72.11401256770499,3.1260780428709904
WH-WE-1,2024-10-29,West,5290,241.04770354478694,99.91677939020009,86.57380821547594,78.1823687219358,2.6014948617654783
WH-SO-1,2024-09-26,Southeast,2909,167.52899080200234,97.02458943476593,91.55747156503892,29.082888736263868,4.475080111054771
WH-NO-4,2024-06-07,Northeast,2074,237.53390280927368,97.5029844958471,93.44205341631454,80.70458975194119,3.1412412929520936
WH-SO-3,2024-06-11,Southeast,8682,235.3629747945405,95.54654758827563,75.80002536645458,77.89269336258414,2.4087487841942528
WH-WE-5,2024-01-02,West,3742,229.0862142640054,98.40141340144794,97.43824365745373,50.192435134835414,3.707588913991255
WH-NO-4,2023-10-09,Northeast,3468,214.06379321575756,92.17172992770709,92.30488204485077,57.915482726815156,2.6115644227494643
WH-MI-2,2023-03-18,Midwest,3894,137.2188208835849,88.59356434546989,92.40406089539262,61.36631094722345,3.7237049858744573
WH-NO-5,2024-11-17,Northeast,3224,219.3137678265374,91.54079621816804,92.81821385981875,70.55914193711965,4.354108780989273
WH-NO-1,2023-05-01,Northeast,4674,118.89875425898249,87.75550497997806,83.49451579608184,86.72377160110435,4.146702535647187
WH-SO-2,2023-06-09,Southeast,10431,234.21925933668433,94.87421727112289,79.3118428828532,41.19892285099401,3.740000585459612
WH-NO-2,2023-09-14,Northeast,3671,161.3700824137699,99.90363952622798,78.960885799417,62.40082820191246,2.725461791223976
WH-NO-2,2023-09-21,Northeast,2309,178.33777143979535,87.28843474309441,93.6110168533321,63.732184988473946,4.180681066041184
WH-WE-1,2023-07-20,West,4021,99.64550344025199,92.19233827318418,97.85374413906662,54.300597318171604,3.684689279117278
WH-SO-5,2023-10-28,Southeast,2880,215.95946619964292,93.6346733040077,86.60378320272201,72.97853336981584,2.8905184449746986
WH-MI-1,2024-10-16,Midwest,4521,285.44045931216,99.68767837073588,87.1661105196288,60.6188732858521,2.9028304594759815
WH-WE-4,2024-10-09,West,2979,158.5322968970893,99.82315453811302,97.09810980748318,91.06330006303794,1.6309569362953025
WH-SO-2,2023-03-10,Southeast,7526,248.73954142514214,95.21321562178059,70.74211777362358,49.15556485883626,2.1359420166764016
WH-SO-3,2024-10-12,Southeast,3912,256.41071581177596,91.44370044490032,95.6748297984327,69.0325247364871,3.029342862044214
WH-WE-2,2023-02-17,West,6619,251.53715717566902,96.11155455022458,89.73805791956617,72.97143433300157,3.331384453082876
WH-NO-3,2024-07-22,Northeast,5121,175.92887754406163,88.15462250026609,77.57463098584478,48.336195447673326,1.8504606809669588
WH-SO-1,2024-03-13,Southeast,9600,232.32563722116612,98.38952352662083,81.1134663168267,70.82361241345251,3.626582598271096
WH-SO-2,2024-04-06,Southeast,7038,223.20275234969816,99.28099140253163,92.45971796319456,82.1777364666923,4.141646440964884
WH-WE-1,2023-01-25,West,4393,268.8627394484965,90.66687493598732,96.21780297271933,54.70666193886037,2.6625837127857865
WH-SO-4,2023-09-22,Southeast,3918,125.12099875486277,91.9026504952483,95.33360701018258,28.392122951443195,2.1697738667374105
WH-WE-2,2023-03-11,West,8042,86.53938565846502,95.86743056739118,92.72726154185901,58.35006942455423,3.2812682892744434
WH-NO-5,2024-07-30,Northeast,3969,177.80398759910378,93.17864714921261,85.81166041775019,79.27914055532375,1.9603264948290966
WH-WE-4,2024-10-09,West,2707,211.31586993789256,93.24657007128803,95.22520836882416,32.97519516302453,4.234567306595855
WH-MI-1,2023-04-17,Midwest,6391,163.51474414545743,98.55421392874291,81.25897016884575,65.86999240814427,3.7421622404134
WH-NO-4,2024-04-20,Northeast,5641,119.64651939440522,97.13028385220171,93.35315104783051,87.41805700528256,4.164257018461815
WH-SO-4,2023-06-28,Southeast,4102,112.967193726016,97.91340920320563,90.71916418285608,58.96566444284843,4.4431172061872655
WH-WE-2,2024-08-12,West,3030,219.17531862616096,98.01290648092413,80.2706137604385,41.52980401690912,4.127025514004947
WH-SO-3,2023-02-01,Southeast,8136,198.23478106986872,99.09911607947166,89.64324452242401,50.62184198564898,2.0501371493267158
WH-NO-4,2023-07-17,Northeast,2430,146.00679326681086,98.40343203242281,94.70979712975523,6.20149812284538,1.824984604572468
WH-MI-3,2024-09-07,Midwest,4102,238.44696109114335,96.44278433670543,95.3795171835503,82.97077281151113,3.535915084752571
WH-NO-5,2023-07-12,Northeast,5071,178.57927182503246,99.60742395203377,94.02202771773958,58.161975135642464,2.9936021135134285
WH-NO-1,2024-01-14,Northeast,6120,223.38584821252587,95.61622897559654,78.82759750118751,40.13341939168505,3.6157514176467886
WH-MI-2,2023-07-20,Midwest,3852,129.1230947748262,94.61971368104685,68.13550447788926,89.59420708779214,1.5205098738321046
WH-SO-1,2023-10-21,Southeast,2381,164.82885277011025,95.25763186988877,76.77471386268729,80.04825513936696,1.9484650678301558
WH-NO-5,2024-04-30,Northeast,5231,177.20477864840848,87.26704355679813,90.099685789813,39.465861158262996,3.3563673789671036
WH-NO-4,2023-06-14,Northeast,3598,224.39474348209978,99.8358051770084,76.75360950591069,75.57562426093331,3.3421174386300945
WH-SO-5,2023-09-05,Southeast,4035,309.12849791960883,97.75493058497905,74.41648620407032,40.322419069358816,1.67460497321975
WH-NO-3,2024-09-06,Northeast,2227,276.3265141515219,96.40210190088426,97.91365493069169,65.60459706500464,2.113066028868447
WH-SO-1,2024-05-14,Southeast,6971,158.23684272844173,98.75025178884792,96.66111539657483,75.74183277963401,3.287190729878113
WH-SO-4,2024-03-22,Southeast,3417,209.9180819719128,96.52799698632887,90.08033513196925,71.55289755211433,2.7874589517763
WH-WE-3,2024-10-06,West,3816,106.10378941306938,97.05394706742717,92.9174710497888,51.402404628683186,2.4403726033033806
WH-NO-5,2023-02-04,Northeast,7825,309.4563876297911,99.48412297255334,71.02485613587282,55.01039019648633,2.6112326295032617
WH-SO-5,2023-06-26,Southeast,2716,127.3032035130499,94.62362918537843,98.79389650457522,89.44112920591745,3.924006720013038
WH-SO-1,2023-09-12,Southeast,3373,263.05394169458856,90.79154012458073,84.22851331527698,35.998213384033285,3.5513766713192556
WH-WE-2,2024-07-11,West,5575,199.79850882104685,97.20644702728501,78.10611251283309,81.9149701837393,2.0522258356284357
WH-SO-5,2024-10-22,Southeast,952,209.22952973983678,85.71249387242824,87.39576443141642,59.4891421515389,2.801698541506482
WH-NO-5,2024-05-24,Northeast,6129,268.6752404596358,99.39426224068251,89.5709205565286,81.72007414398905,4.440186819156809
WH-SO-2,2023-12-12,Southeast,6616,290.9728011199254,98.83589731222841,86.09242981486884,58.48687832417381,3.385817676299702
WH-SO-3,2023-11-28,Southeast,5877,245.89083744876962,89.55259211299226,93.50323261729474,91.84462932538531,2.837755120595054
WH-SO-4,2024-09-20,Southeast,3403,266.9413226282544,94.9114263341394,90.9226790330675,70.95031004057053,2.458054490434802
WH-SO-3,2023-11-11,Southeast,2760,145.51281541745635,92.78902031375249,96.40452406992725,78.98710450823401,3.3365501492269423
WH-NO-2,2023-01-03,Northeast,5029,253.1776906241888,99.25398870799552,89.37450415191236,72.85951399585564,3.789314411156987
WH-MI-3,2024-05-05,Midwest,8171,227.20555000234265,92.53526853873288,88.27986192241968,48.63865130494318,2.404574196354917
WH-NO-4,2024-08-27,Northeast,2693,208.7238930869975,96.41143874549111,97.42105533027186,84.31075570998128,4.05256373815349
WH-WE-2,2024-02-28,West,10311,106.22785868978568,72.81179214835547,97.5782645154461,90.79966825918795,1.7981761919970385
WH-SO-2,2024-03-09,Southeast,7671,204.76898378079912,99.72140350584965,92.703914186351,75.3381750000509,2.5411531904893487
WH-MI-1,2023-12-28,Midwest,6875,218.18059845076255,99.85981753871587,93.11884135184076,71.69896419352733,1.6562588388967696
WH-SO-5,2024-10-04,Southeast,3622,258.10602861492237,93.78765394567611,94.69597952381949,70.39852570139175,2.6317947130117725
WH-MI-1,2024-01-04,Midwest,3930,123.53292703454913,88.73427787583103,85.35800543107092,54.592520675397196,2.491406976592346
WH-SO-3,2023-08-09,Southeast,3005,265.0652016260493,91.29666816946788,85.97881667059323,52.33886100938873,4.398369687320031
WH-NO-4,2024-06-16,Northeast,4154,176.68870455565428,86.66236446542254,82.42343457455009,52.00223321185044,1.8379159520051382
WH-MI-1,2023-11-07,Midwest,2501,159.01592119648726,90.17303287573074,91.8336502894836,54.44888964112285,3.785220321439193
WH-WE-3,2023-07-11,West,2843,182.87917094162984,98.92391483528277,76.66587855850493,59.50053768466535,2.5727963561476255
WH-SO-2,2023-02-28,Southeast,8716,285.92856704004043,98.28376118791479,91.94411377502688,77.48783676738637,2.640655267359361
WH-WE-4,2023-07-02,West,4757,220.76380310320565,85.37718484885626,90.76390132876065,53.27806117683036,2.8604277533705833
WH-SO-5,2024-05-09,Southeast,5958,284.23568469715616,92.45203951834539,87.06635616977584,76.84358052901233,1.7271704480428496
WH-SO-3,2023-04-13,Southeast,6283,215.46929269073829,89.00683928800743,78.22110976911313,58.8253681747038,2.7301575413218173
WH-SO-3,2023-11-29,Southeast,2110,268.9640864661168,91.83519098873808,79.41916640330574,77.50392747860678,1.9641210334048735
WH-WE-1,2023-07-08,West,5978,190.1403845037329,99.71579593297496,86.47644212269725,75.65644858712889,1.8186297356225685
WH-NO-5,2023-01-06,Northeast,4037,239.95378766181665,97.82086818976522,92.68780944904032,68.42476137102028,3.71748080663949
WH-NO-3,2024-08-12,Northeast,3001,141.84157502485704,91.58565755830176,98.59291589965399,52.350724110607636,2.5758580792781287
WH-SO-1,2023-06-28,Southeast,4947,123.3507665970541,93.56825506135604,85.17912616189203,60.89388319248997,4.0779650516205095
WH-MI-2,2024-06-16,Midwest,5488,152.42017539202283,93.20978350086632,80.40183421308899,84.0374489605074,4.416998718502599
WH-MI-1,2024-08-29,Midwest,3740,351.3759187829097,94.65263054340149,86.77752094615798,55.34463503053744,2.82171074773388
WH-SO-5,2024-10-22,Southeast,3522,233.2715692732946,95.21754622051174,91.42989140235343,59.60877063770288,3.049018177874818
WH-SO-5,2024-04-09,Southeast,5427,242.9630667307315,97.13302807620916,98.93505755962147,70.40278181528225,2.948352393576249
WH-WE-1,2023-09-24,West,4350,247.7196307443608,96.94493533493007,93.96331020749658,69.28905143103478,1.5613405760475967
WH-WE-1,2023-02-27,West,4005,218.32841575038884,94.93635605671336,91.78651475349912,70.70993722418683,2.5072488241963646
WH-NO-2,2023-11-16,Northeast,5196,109.19562018749967,84.97957669354105,83.64499120521496,40.5069996391639,2.3325291277064015
WH-MI-5,2024-12-16,Midwest,6290,218.98947999150036,96.75035521304672,95.5520392549816,58.61483451696863,3.9772552406289456
WH-NO-3,2023-01-30,Northeast,7258,279.03286963745154,94.36301811171572,96.3692652784222,81.5974651064323,3.170735068606879
WH-NO-2,2024-03-24,Northeast,12608,219.05125748824338,95.17224021802858,97.27503598550126,70.06378033683811,2.604254159079248
WH-WE-3,2024-05-31,West,4482,245.2436557858552,93.52772770042225,90.55378635794776,47.734156153395915,2.7288099523429037
WH-NO-1,2023-04-17,Northeast,4462,274.48701401043996,99.3312794740897,88.69141428107046,76.941609613386,4.256910405552785
WH-WE-1,2023-04-25,West,5743,242.49783687069402,97.72233670983381,80.85086742509988,88.5001242697,1.808993942898098
WH-NO-2,2024-01-11,Northeast,6050,228.73948926545836,99.83311222242877,93.22809455093515,73.91233795472503,3.5606791475729644
WH-NO-2,2024-03-28,Northeast,8606,162.67169130051246,94.32132645168488,94.48007630073742,79.62376166874232,1.602341899723033
WH-SO-3,2023-08-06,Southeast,3379,201.91696457412493,96.84312184005806,83.14156714541822,56.95859879187136,3.5429426049538315
WH-WE-3,2023-04-28,West,7127,183.94473069091345,97.59481166353137,99.1801264278815,59.00335619036849,3.7632657975735304
WH-SO-5,2024-05-28,Southeast,4384,118.91643124139598,98.4080675404307,87.54741637065553,52.28561892475964,3.631419883049813
WH-NO-1,2024-08-24,Northeast,1954,281.52699561126735,96.63952044903522,81.32235696482903,68.20150612537171,2.868859842418767
WH-MI-2,2023-10-08,Midwest,2073,123.14774741985856,91.93243971077253,86.64567002969844,53.33519248796518,3.4120101918277266
WH-WE-3,2023-05-22,West,6816,239.99568545321029,95.24161058153481,81.80033152194545,85.43670244806476,3.0061762614126843
WH-NO-1,2023-03-24,Northeast,3464,220.29402801237663,94.65552620857225,85.22470025722222,69.43873162191727,2.017142279318243
WH-NO-3,2023-06-20,Northeast,3714,163.24873529932256,97.69099105122501,87.75467873884824,67.64575308446372,4.404643578420226
WH-NO-5,2023-11-25,Northeast,2866,214.6207883139832,79.70040617889616,97.7146078764026,81.86047536295514,4.210219533878306
WH-SO-5,2023-10-07,Southeast,2210,215.7458212566181,99.66391120778466,98.42897993343668,79.60890277966996,2.166572939478388
WH-WE-2,2023-04-28,West,4621,308.8102619771437,98.96786208132794,86.1565256254912,57.684424502924394,2.160803350496502
WH-NO-4,2023-01-19,Northeast,6314,186.53727082099556,97.25035341874924,86.81931008961409,67.69447708377912,4.013580714904403
WH-WE-2,2024-07-24,West,5746,161.12435858723424,97.03566947590991,90.97511500738611,67.26546915552143,2.6445758247815583
WH-NO-1,2024-12-22,Northeast,3404,198.4847590341894,98.87027697640343,92.52348136097237,53.45056498821673,1.5607401969151617
WH-SO-1,2023-09-09,Southeast,1909,289.977683725984,89.64514463559247,96.08462134512823,73.92641180877413,3.719847202348017
WH-NO-4,2024-10-01,Northeast,4353,206.06371456526065,92.0132120162902,93.60602991047115,62.19560177382837,1.9110771840455056
WH-NO-2,2024-10-22,Northeast,3993,149.03703045064572,99.82862839089657,79.32921656476509,74.11066381901425,2.7973296547441615
WH-NO-5,2024-04-10,Northeast,6848,212.14281908578548,94.48418942240248,81.33045839373047,92.95294051736454,3.872075758656928
WH-WE-3,2023-09-30,West,3677,195.4875045295154,96.13727725808377,80.71004210563467,83.17850699860912,2.0267980858853205
WH-SO-1,2024-05-10,Southeast,6219,170.20047819378905,92.4351058104766,95.47262371695535,71.51175386904843,1.9663616131665518
WH-NO-5,2023-12-24,Northeast,5077,143.4590656888916,99.64052353394885,85.94864624621742,84.83814227155105,3.2806199147840043
WH-NO-5,2023-10-28,Northeast,5206,195.22665482578435,99.67925478446648,87.11176298300684,67.61944066231482,1.6010035187689744
WH-MI-1,2023-01-16,Midwest,3373,152.7748730073448,99.40952088115651,87.80099009441614,90.73595503064982,4.074140815276704
WH-SO-2,2023-02-05,Southeast,2607,196.4366561078848,95.30505938374046,86.46500763812419,63.10015575077793,2.348703568603896
WH-NO-2,2024-01-31,Northeast,5852,167.03922890537496,99.7401129909582,84.96781137585853,54.355152321302654,3.1628466467370115
WH-WE-4,2023-01-05,West,3120,156.66791159626928,97.43990665861855,80.73441096872412,69.88088275419562,3.077336819673898
WH-NO-1,2023-08-03,Northeast,5318,208.37518239798632,99.83499155847257,85.30580234680671,43.071738755363675,3.2070791884948555
WH-WE-2,2023-04-06,West,5913,125.29260839915707,94.47448137859524,79.57981585160057,44.50614091259269,2.4486245294345554
WH-NO-1,2024-10-10,Northeast,2522,172.1333006621526,86.80708358039827,96.18896351076583,80.26600971913422,3.4492265617207787
WH-SO-1,2024-02-14,Southeast,6882,193.21936596152847,93.51848953771267,88.50631774838492,63.14307100080306,4.104733875493338
WH-SO-2,2024-08-15,Southeast,2275,196.78468340109288,86.43536664293836,90.63495465612857,62.845376680805074,3.0093623300023578
WH-SO-4,2024-01-20,Southeast,6922,186.28898139564868,91.76224268664114,92.56172720292514,64.27129885676428,4.401043913233874
WH-MI-3,2024-04-25,Midwest,7167,199.00147598997046,98.63206246909388,89.00737282699797,74.91421128238596,3.1608075093091603
WH-SO-5,2024-03-10,Southeast,5483,266.96786429503777,92.09725339710185,82.57295781039645,80.39155550268316,3.689406683378394
WH-WE-1,2024-11-07,West,4527,266.11933293419344,98.75092520178512,94.70696609994177,87.67527904483768,2.971221708902677
WH-WE-5,2024-02-09,West,5685,214.4892223835534,91.4499360073525,77.40529195615512,58.011056208889556,2.4427159948079913
WH-SO-5,2023-12-28,Southeast,8435,161.13164374522677,99.62698405247458,89.79561065182337,75.49787970233042,3.9082270036808975
WH-NO-4,2023-10-13,Northeast,3796,232.7452768701489,98.765385107945,86.31293113446581,66.77842771832543,3.177915405874245
WH-MI-3,2024-10-26,Midwest,3530,222.54125631023186,99.10900157229584,89.55664980112329,63.01618481609537,3.685717331495915
WH-NO-2,2024-03-03,Northeast,7787,150.17299773247893,92.5892901748276,94.97012393698364,46.417464593791195,2.2310796492092657
WH-MI-2,2024-10-03,Midwest,1423,130.3602137491509,99.26311206948228,91.09517808671787,76.15285309412354,3.8314980075551683
WH-NO-2,2023-10-27,Northeast,3998,141.44427952062148,96.92531371374727,98.85071792347708,53.26543007884096,3.150611038717739
WH-NO-4,2023-07-18,Northeast,6236,183.66427226428695,98.68509810658345,80.364543737654,62.49617817927376,3.291486671985176
WH-NO-4,2024-02-12,Northeast,7626,292.7071896473764,89.55881185526508,80.83488942698234,66.82792438357656,4.367445800065028
WH-NO-5,2023-05-27,Northeast,8890,134.4872425096887,93.42231868867485,93.44397261869408,66.5966257181265,1.7065922670606142
WH-WE-2,2023-09-04,West,3479,224.05192208210775,99.04249932835818,87.62154394607919,90.05355831957161,1.6009176852448568
WH-SO-2,2023-06-17,Southeast,4819,171.06522365124476,95.184951335767,67.69299057721368,79.85844370653231,1.9737205892780536
WH-SO-5,2024-07-31,Southeast,3623,156.40157984577652,92.1201683135921,93.5408156808963,44.88083794329052,3.745713367055236
WH-MI-1,2023-10-07,Midwest,3990,243.3926892916526,95.10056192515857,84.38089268477684,82.16561788261238,3.9287573591692215
WH-WE-3,2023-09-04,West,5183,232.70494708398394,90.34055076000475,85.93997426382406,78.01578422285344,1.522824439528165
WH-SO-4,2023-04-12,Southeast,2594,194.55488713983274,97.44778773918638,93.91973306415166,51.68342788341679,2.5572381888907136
WH-SO-5,2024-09-21,Southeast,4607,187.2576697846016,85.35851095612685,89.85497929886623,66.190186587219,4.432872957687751
WH-SO-1,2024-05-19,Southeast,9275,101.11128909970263,92.12017306855287,92.79465753484789,82.98859336727146,2.9410389333317335
WH-SO-4,2023-02-07,Southeast,886,244.0448475668606,93.68151000152729,83.14389333891326,89.52261839951802,3.001782483449448
WH-WE-3,2024-09-26,West,4377,274.5225202116284,98.16428318203097,95.7766312550041,67.09243345473223,3.0022832926669234
WH-SO-4,2024-02-18,Southeast,5751,238.37663573986683,92.64281519597485,97.5030103852761,64.6100987434759,3.4629433128166447
WH-SO-2,2024-07-15,Southeast,5368,137.5164120374641,89.01172232314205,81.6045608637646,42.531854917447816,3.337790247883001
WH-SO-1,2023-08-07,Southeast,3763,194.22623781267353,99.02030336851087,86.4891059833551,38.26202075591829,4.250132314981558
WH-WE-1,2023-05-09,West,4714,168.78959499495673,98.796488948185,86.6944169259423,86.94413714660388,2.3886133114559738
WH-NO-1,2024-12-04,Northeast,4672,228.5269348124202,97.08043251730342,85.00403159611598,70.8057523567576,3.5057587549982916
WH-NO-2,2024-06-04,Northeast,2929,60.460028961444436,95.76399348953235,68.96187722557418,64.06560198842875,1.8674016507570772
WH-NO-3,2024-10-04,Northeast,4003,232.39188631361924,96.90235017837155,97.4855532250554,58.000412431942394,1.8221762261357495
WH-SO-1,2023-05-28,Southeast,8391,165.99292713063272,95.6461199472459,89.27542459778184,67.3573620276637,2.6524743543786102
WH-WE-5,2023-03-07,West,4977,75.74782317615988,95.19244320837376,85.47859038185325,69.97938707547787,2.083334878978339
WH-WE-2,2024-12-22,West,3892,197.2616327104498,97.83540497841521,94.79213745357816,58.96763314100245,2.3204159998197507
WH-NO-5,2023-07-02,Northeast,2827,167.68276114121716,93.55647607333736,94.68919236395394,76.65152561825313,2.1054708996969858
WH-SO-4,2024-02-29,Southeast,5385,187.75103190107978,89.49611402645392,87.79929052581682,23.85981549087191,1.8485083785649632
WH-SO-5,2024-06-30,Southeast,3759,252.33424327040353,96.06012758571964,96.02997105730826,46.522370206896845,2.870020731234709
WH-NO-3,2024-12-16,Northeast,3054,212.4491701732617,98.60703346973946,89.74218373683394,68.43935483002258,2.1417453189323274
WH-MI-4,2024-10-22,Midwest,3970,186.47924117631302,96.15048611891343,87.66778786833689,49.758667528386766,1.7498015620871104
WH-SO-3,2024-02-13,Southeast,7575,133.04122600502672,98.73982107999788,98.0686651000508,77.9666707631342,4.347439921889217
WH-SO-5,2024-04-12,Southeast,5819,315.99760199969404,99.72462001457038,89.30423910111935,70.60807640205705,2.2229661916360888
WH-NO-5,2023-09-03,Northeast,2463,232.77970997470294,97.79150544918697,99.64860407165678,55.221611403765905,2.264937743293766
WH-WE-2,2023-12-01,West,4531,146.54779674507031,99.9183563447426,85.45029701552056,64.36689105448458,4.285557846655591
WH-NO-4,2024-05-10,Northeast,7141,170.47854924310033,93.11474443088962,91.62917069787403,40.0674949494473,3.8864097381678926
WH-WE-5,2023-07-23,West,4971,179.1028359385119,98.58632754702793,76.96045725352332,80.25968965253017,1.5914714314766871
WH-WE-2,2023-04-29,West,3631,192.32663799744435,98.84139773032517,80.95515724059231,34.298539580843496,3.606225785536364
WH-SO-4,2023-05-12,Southeast,5302,202.1904719180335,91.42918766131763,90.22432073886387,58.95535271078042,2.2012028010221236
WH-WE-2,2024-09-03,West,3679,267.14878025181133,98.73521553922716,76.74506698522941,52.84614766861042,3.3710590584857063
WH-SO-5,2024-10-08,Southeast,4214,265.57243806135546,94.02641250583491,88.41771714889806,85.17950376416768,1.624048835479941
WH-SO-3,2024-08-23,Southeast,4067,150.7944013522401,95.94649562310849,84.15712832004407,77.77226875038907,4.406644252216994
WH-MI-4,2024-08-19,Midwest,3961,221.36273990414867,96.761960896695,90.96058178509588,64.84818785109658,3.7051702056124767
WH-NO-1,2024-04-17,Northeast,5314,136.62325942905017,98.0314163035983,93.90672253093956,46.503997879909136,1.780378626793188
WH-WE-3,2023-12-10,West,5490,245.51822572219595,98.70813229039442,96.78234339975845,66.25316646687037,1.710567348627364
WH-NO-4,2024-01-04,Northeast,4093,183.2699059408746,96.52118335375361,95.42158079020734,74.7505366718458,2.7058160628301158
WH-SO-2,2023-08-16,Southeast,5846,177.1811835182062,85.29901556875957,86.94441417532202,74.74913351430096,4.299127900047285
WH-WE-1,2023-04-21,West,6945,252.5712669656513,99.58749799999435,78.82676599561658,76.17257033753219,2.3877183533965685
WH-NO-3,2024-01-23,Northeast,6619,164.98511096118472,99.21469337962255,72.39034972894395,44.762683360308664,2.0647643433232217
WH-SO-4,2024-09-19,Southeast,1423,192.73700632368644,99.73986316333112,60.810861444866305,68.45805796690996,2.3043201768422525
WH-WE-2,2023-01-27,West,3923,172.6036334666638,91.85673711505989,90.59723393390851,64.41767219056884,4.104590892284508
WH-NO-2,2024-07-14,Northeast,3823,235.67587790374603,91.78579335365401,88.2903350302002,63.30416538592829,2.065975116089494
WH-MI-5,2024-08-09,Midwest,2587,211.44615810873142,98.25682057954708,77.24765739659765,65.05261324779572,4.060435632165403
WH-WE-3,2024-03-26,West,7415,208.2488076266951,88.19034505191367,86.63026955095589,64.62185127419887,3.333357504764009
WH-WE-1,2023-12-21,West,7813,226.57428219144927,92.24843190619708,92.7335238965768,21.80834359578439,2.1445766939182724
WH-WE-1,2024-01-29,West,6675,233.78450730446036,96.04157309646907,82.28949576650774,70.27265430415349,1.9555335843765325
WH-NO-2,2024-04-10,Northeast,7278,198.35855191697271,89.79793284356612,93.95878023541103,58.36893919312992,2.4714018230521386
WH-SO-1,2023-07-08,Southeast,6613,109.46554799566337,87.79016284296183,98.54622773544354,89.66013724220282,4.38829437808067
WH-MI-3,2024-07-27,Midwest,3671,153.46356915796227,95.84462313355179,71.59462300026253,92.6362962732772,4.121636505047883
WH-WE-5,2023-08-07,West,5977,191.7696945637738,99.82755613988883,92.14800682140996,73.89511615588624,3.7212389234410317
WH-SO-3,2024-01-11,Southeast,3941,79.1366104477973,98.81266385613688,90.27470988420153,85.99385270677054,2.9425818860192425
WH-WE-5,2023-03-02,West,7237,240.28395257271345,99.78974610182368,79.56177197173669,57.31229619932664,2.8840968753050165
WH-WE-2,2023-01-26,West,5406,194.8680108967867,90.91322587228582,84.77937180301149,40.62063102685322,3.1905544899878353
WH-SO-1,2023-01-29,Southeast,6737,229.41006642992585,99.22582690617267,97.72968361958596,62.67862094292417,3.974598767738292
WH-NO-4,2023-02-24,Northeast,6984,197.47700253548032,79.03147216032735,88.6764804077621,16.391987440293907,3.25644219412498
WH-SO-4,2024-02-12,Southeast,6445,142.96603968635753,99.83167144270408,79.45435657804481,57.413039638053576,4.03711968752226
WH-WE-3,2024-03-21,West,5907,157.9473384418914,97.66145701508695,93.35148939094519,41.070360691003785,3.9850285252329845
WH-NO-2,2023-01-30,Northeast,5624,189.7150194201268,82.1264299522895,85.54285500592745,35.470958308006736,2.3430193045958
WH-MI-2,2024-05-09,Midwest,4896,202.7122953489764,90.59937636998944,84.72784090677432,63.37383842045683,4.365850739498905
WH-MI-5,2024-06-25,Midwest,3911,120.26319116281387,99.90940645480059,94.5153717098683,28.8690883416238,4.448146974624811
WH-SO-4,2023-01-29,Southeast,5164,202.24503246111968,93.62870985905958,85.4896615568585,72.95200366321238,3.9424804532721893
WH-NO-2,2024-10-08,Northeast,4404,178.47619866415445,97.19478565542911,93.51456411717727,82.58157078922692,2.1743210935227326
WH-NO-1,2024-08-15,Northeast,4160,179.41510391192372,77.86832970543455,92.18815541377,63.51485983312227,2.0155415387434132
WH-SO-1,2024-04-08,Southeast,5896,215.47853041722732,97.33386738967152,76.43243431812837,91.94869478161645,4.354197746368216
WH-NO-5,2024-03-25,Northeast,6148,267.9587442138135,97.85738715794795,93.50541610696813,64.53836026554077,1.896154538514125
WH-SO-5,2023-11-17,Southeast,3149,173.27185194456067,99.29680509114046,73.55646337139412,73.27590683459675,4.251163671378483
WH-SO-4,2023-03-06,Southeast,6130,189.18658282102172,93.82168720305953,94.94560985498039,55.67835687182024,2.700172558894824
WH-WE-2,2024-08-19,West,3317,245.23140490902887,96.35578086670584,91.65726896983598,61.61285843009918,4.149718311179004
WH-SO-3,2024-12-27,Southeast,5590,216.10735524545217,99.38240851530871,81.38376627171051,65.54787173101715,3.457708469238188
WH-SO-3,2024-04-10,Southeast,8509,179.8691837824934,99.55870897312869,63.5733915540516,62.536211894763646,3.498338631386308
WH-WE-4,2024-04-18,West,4371,203.32198016465378,88.3378175843183,96.03732222849962,50.47049505710749,2.831293440370372
WH-SO-4,2024-12-11,Southeast,4599,158.13636910135517,94.8612843605534,93.86541895228594,68.79821919520398,2.129691186586577
WH-NO-2,2023-08-28,Northeast,3837,149.3680422155142,89.13704765063567,93.39742624210302,81.82859261294048,4.468190184056647
WH-NO-2,2024-05-27,Northeast,7354,82.5792056440668,95.34901525776382,92.1999234988552,64.02815022471636,3.340319579259907
WH-NO-2,2023-11-09,Northeast,4723,150.998264049287,96.15336558009898,83.04794522361652,50.76720460777512,4.2158542406537025
WH-NO-1,2023-05-26,Northeast,5998,226.18105577737015,98.68178615996914,85.49722822021822,88.94021350170246,2.432053953732945
WH-NO-1,2024-03-04,Northeast,7119,131.62945442752437,98.90717817955024,93.25258873445615,75.9683476184566,1.641290741554592
WH-MI-4,2023-05-23,Midwest,3461,186.92257069000536,95.55938231319608,91.94476089738093,70.24144936798581,4.090115097474001
WH-MI-1,2023-03-19,Midwest,8233,190.72575898665397,90.06187700909219,71.44995129777455,76.63900830856454,3.0291075276802966
WH-SO-1,2023-04-20,Southeast,6395,203.80997767330638,96.85918231705504,97.35473757862198,61.245192425932416,1.8159830035028413
WH-MI-5,2023-09-07,Midwest,2625,256.4369234302156,98.36418829373412,97.03260818345774,54.8816346628829,3.327964776140842
WH-MI-1,2023-09-08,Midwest,1407,164.17730938130347,95.62650331614189,86.53074933702092,60.35386107219656,1.5538042021624094
WH-NO-5,2024-05-24,Northeast,4137,259.6574523364939,92.91596608926812,95.28858638523478,42.24503235037956,3.7179140595600186
WH-MI-5,2024-03-29,Midwest,6594,188.36347055579185,99.9672297058146,75.14720606399636,70.2057528943628,3.1901852664707153
WH-SO-1,2024-12-17,Southeast,3240,205.70390282373805,88.88626265111903,61.827763843344684,84.73979252538582,2.3191642804354853
WH-SO-1,2023-06-23,Southeast,3744,122.46873226153167,96.11087968980814,92.06843001644012,78.85217926056072,2.092506993910613
WH-SO-5,2023-01-27,Southeast,7967,175.04569848780733,85.63286819542661,91.39290677182336,49.067230062697476,2.992413295947651
WH-MI-5,2024-05-14,Midwest,6840,190.61273365592743,96.96789116981806,76.03425246696608,70.57314498096883,3.9132688001424243
WH-SO-5,2023-02-07,Southeast,6995,154.3371609548996,97.27141572849703,98.48470282885721,80.63716790796244,4.1418382829551845
WH-MI-5,2024-12-14,Midwest,4605,143.42176852598976,98.84948375758643,96.21434975316153,51.97770589386798,1.944286413502151
WH-NO-5,2024-08-27,Northeast,3863,155.8016333765766,98.59718575546249,88.93138896464772,94.46791966530557,1.628057042564713
WH-SO-3,2024-05-05,Southeast,6894,216.83708272675997,83.29215631239997,93.91452337212806,82.71125862129092,3.917684398685267
WH-SO-5,2024-08-19,Southeast,3602,210.8116210834766,95.26770780698185,83.28815312700486,55.62767440393611,2.2005541781903086
WH-NO-5,2023-07-27,Northeast,3776,144.11337862767118,99.69207322227969,76.83040948622045,84.13131722839576,4.3625956255944285
WH-SO-4,2023-10-30,Southeast,5008,238.93594156366697,98.53583547136651,61.81685764436291,58.447647364985635,2.353822541379614
WH-WE-1,2023-09-08,West,4964,221.87268487582986,88.45315151738085,91.60599989650406,69.9809343657148,3.0088497419189446
WH-NO-3,2023-06-23,Northeast,7692,256.8224415038602,96.91736491882777,90.78069076318286,59.56130870317614,2.954608334864559
WH-SO-5,2023-01-09,Southeast,3598,164.57726363264288,99.58376219982489,77.13812581000971,87.31992134195501,2.493174256259885
WH-SO-3,2023-01-14,Southeast,8156,312.3125674206834,99.5826639346887,80.99682819397822,80.80262721269321,2.9171260461592334
WH-NO-1,2023-03-10,Northeast,4074,213.59328277128554,97.65788900367951,90.6883564889878,54.95610258948612,2.3328802456794193
WH-NO-2,2023-05-22,Northeast,8627,167.58653415238211,82.25317379246835,87.85828805013735,73.79156320944557,3.249248017877653
WH-NO-5,2024-01-19,Northeast,5749,169.6866973689776,96.55534740340424,88.56418109526936,86.50778482164624,3.6034286711412316
WH-WE-4,2024-01-25,West,6421,214.50106697117067,92.46891379915645,86.40427992079474,58.87407159434181,1.777388122783654
WH-WE-4,2023-07-11,West,5046,216.7270767292789,88.45232137883127,86.11218487992336,60.39920856028328,3.4274342662294788
WH-NO-3,2024-04-28,Northeast,11424,224.6843066744122,95.59279402996623,78.43794368412313,59.61950010313588,2.484004098078878
WH-NO-3,2024-07-03,Northeast,4832,276.3180723379286,93.35685114571736,93.57066185345708,86.0381734466611,4.327302924576948
WH-MI-1,2023-02-23,Midwest,4278,264.29370077648394,98.4751739183238,90.05379817906551,39.34774550671946,2.562474750333503
WH-NO-1,2024-06-04,Northeast,5974,137.80516716269562,98.81342676309555,89.7631175911327,85.4017884661408,2.5289377823427355
WH-MI-2,2024-02-25,Midwest,5468,192.97053866270525,99.02523623156709,92.03255962337668,44.392995561779635,2.130400754591779
WH-NO-3,2023-10-11,Northeast,4988,201.27104067596076,99.56093659724365,94.01584089429463,59.1573798251484,2.197006632016731
WH-MI-2,2024-08-27,Midwest,4497,151.7650416253027,77.18367798407483,93.97968867328187,54.97062128652006,1.557052992651489
WH-SO-3,2023-03-02,Southeast,5426,189.26525926465774,98.32672857893922,88.40795700665859,54.96769090659897,3.2826125776583828
WH-SO-2,2023-11-27,Southeast,6261,220.79366284689462,92.26760482555672,98.39324885552674,81.47108897857007,3.692288709656156
WH-WE-2,2023-04-27,West,7077,304.40298796971757,91.30776091033091,93.1071746319301,58.354008881705575,1.7166256055921454
WH-SO-1,2023-09-23,Southeast,4923,186.0040304343429,93.77912262143468,88.06013406646744,40.46420542213397,2.8829783174185044
WH-NO-3,2024-12-01,Northeast,5858,189.40045019176247,98.58617225463696,86.33480968525578,52.2128557226224,2.756816705831695
WH-SO-2,2024-09-24,Southeast,3906,196.4737332853897,99.31505664590019,91.56167780537245,88.27950891867387,1.9343708653639524
WH-SO-3,2024-12-01,Southeast,1433,217.96208813118685,99.2155015125475,81.3747870652317,70.92154469844866,1.840807533253992
WH-MI-2,2024-01-17,Midwest,3745,243.91858310557961,98.98870656221058,87.74061312481184,84.54029444102792,3.1169544427897544
WH-SO-2,2024-03-17,Southeast,2536,251.42806341444737,93.17077005584075,84.81300683819059,63.64873482473345,3.699677520366707
WH-NO-3,2024-12-12,Northeast,7235,159.90030005734752,92.84963641984085,86.5400961909097,70.21278557178768,3.2120157491862256
WH-MI-3,2023-12-20,Midwest,4859,294.3542686855462,98.1389617908054,94.22578805224478,47.42780815461854,2.2565077510477196
WH-MI-2,2023-04-16,Midwest,5006,163.0898866930903,97.53217891320757,91.90890662543264,65.9255053462442,3.4244463275063675
WH-NO-3,2024-02-01,Northeast,8193,225.18869528179596,82.78874969497525,63.3032846767958,43.94954858839781,2.458244673414855
WH-WE-2,2023-06-24,West,5048,227.12504177017433,95.33868020807942,84.35201948759074,35.30608082685504,2.7280335023460855
WH-NO-2,2023-05-01,Northeast,6980,241.28639417683496,95.03902899496366,91.10178510200714,37.2945055033103,3.941065525512428
WH-NO-3,2023-01-13,Northeast,4421,162.42091306204856,95.05427695489983,92.41230974203216,65.79344859892751,1.9400733565454702
WH-NO-2,2024-11-18,Northeast,3810,144.6830435878357,97.47273319065398,94.14822837270722,96.84866850608019,2.7331630285481956
WH-NO-1,2024-08-11,Northeast,2987,267.99630342591445,99.97251009967628,97.22302749618471,60.56484790454064,3.399504368086217
WH-NO-1,2023-09-26,Northeast,2733,174.25941499033223,95.1671203220485,98.7372311922875,88.77746946529687,4.222221570203837
WH-SO-5,2023-11-27,Southeast,5817,88.63692850929164,98.418939550256,90.64487001792594,46.422677365815964,3.0199107411406936
WH-SO-1,2024-07-14,Southeast,6425,278.1753767607739,99.24269502377501,84.83280656677921,74.1188631915425,3.521293217839679
WH-NO-2,2023-01-07,Northeast,4304,182.133543674203,92.17607866381165,93.56995222148913,82.89208200329729,2.804733547620766
WH-NO-3,2024-02-01,Northeast,7956,191.5736277700159,94.17881957593924,82.55313273593082,55.74790968207153,3.0867968080933936
WH-NO-1,2024-04-15,Northeast,9294,218.70159832238429,98.49653821150895,80.8829455433948,60.36961076132533,2.506897062864634
WH-WE-1,2024-06-14,West,5931,260.23761763411665,97.32582032404927,92.91310235267358,33.96874326007045,3.5639808387178054
WH-MI-2,2023-02-06,Midwest,8512,126.91505121358563,95.19210175546283,84.02601446478315,68.7705006604515,1.5347625385824544
WH-SO-4,2024-06-10,Southeast,4246,175.8081982723752,98.83103082715007,98.05711171374836,78.4588551341497,1.8358104704576617
WH-NO-4,2024-07-03,Northeast,5081,176.75248964528882,99.27745457970674,94.58177631279428,51.05406402150109,3.2692175053505332
WH-MI-2,2023-10-16,Midwest,4603,293.99292612321733,97.47029582898016,93.01118350508224,71.38748980155192,2.2138130497644433
WH-SO-1,2023-01-04,Southeast,5408,198.89749267733345,85.5428845612718,92.94313141220704,82.18561714414496,3.737527062123627
WH-NO-1,2023-03-05,Northeast,8103,266.2364217755404,93.81965715173705,79.60831322323918,78.21435043757137,3.992158258168563
WH-NO-1,2024-04-23,Northeast,4337,145.03589145643286,97.63655532044862,88.69005270536829,39.51733749271851,3.2497090604051584
WH-WE-2,2024-09-23,West,2267,170.59070887931267,87.36023500542748,90.27657432292379,82.37889766973284,3.5163770864833905
WH-NO-2,2024-09-01,Northeast,4339,181.65059953794207,99.27788322388992,89.82427664845956,32.49490449225925,3.5208331154968477
WH-WE-1,2024-02-26,West,8009,163.5362446104635,97.16148999669191,88.30011300616385,60.732761739742344,4.374026367149663
WH-NO-5,2024-12-21,Northeast,3548,93.89398937116252,86.23554836051831,65.9702270958983,73.22600207719856,2.239463981209374
WH-MI-5,2024-06-28,Midwest,2293,147.71053826083548,89.1577639830087,90.08533542519974,76.30996198083898,4.255652579273772
WH-NO-3,2024-05-18,Northeast,8106,204.96730346412758,98.05757813344862,95.70050087532047,87.97783802166957,4.082687345565228
WH-WE-3,2024-05-06,West,5121,205.20616226571246,99.20451796958464,91.85414575247034,62.10071300211485,3.3264753036098655
WH-WE-1,2023-01-30,West,6791,182.04043869764166,97.50413530592012,85.05913216803881,88.90812799373396,2.7292485165162597
WH-SO-3,2023-08-09,Southeast,3142,174.13635535132883,96.13988841835094,87.71705454313187,73.88368415284329,3.7469783657576836
WH-NO-1,2023-04-19,Northeast,6176,217.1191290483991,94.16117042617897,93.50912745936832,67.5057220093426,3.482104516883602
WH-NO-4,2024-09-21,Northeast,3183,232.44690378580412,88.13500168802598,98.69459645134472,78.7913603151701,3.6573107303588914
WH-WE-3,2024-09-12,West,3632,181.65503617641502,96.40546814500205,94.93524958939936,63.93385198309699,1.7160187646693046
WH-NO-1,2024-08-03,Northeast,4661,192.08402712151695,96.05879978885281,90.56930123807281,78.79989872612069,1.8164263086072105
WH-NO-2,2023-11-09,Northeast,3916,259.59913855982825,97.6845251914649,90.7072186674377,55.944049810733645,4.497798328877293
WH-SO-5,2024-05-24,Southeast,5490,164.67601370262088,91.59204519621743,93.86358033991971,52.94172769223198,2.8852992994954563
WH-SO-1,2023-10-18,Southeast,3063,158.7311477856773,95.93534699355637,79.86184828270969,71.97390621686989,3.0695383873961433
WH-NO-5,2024-05-02,Northeast,6277,276.8635772234451,86.77895384101205,89.9912609835482,82.4012937764847,2.723089743169783
WH-WE-2,2023-03-09,West,3461,238.7036806668373,99.17449254558503,83.05275326921263,70.62218263731077,2.260326316036297
WH-NO-5,2023-05-24,Northeast,8830,171.55346096523937,95.81712186367048,86.63358595258661,78.51789649072438,4.2500048216695685
WH-NO-3,2023-05-20,Northeast,6983,245.05246406775785,97.34675920288545,96.23352658626224,67.87602085729756,3.102481633666782
WH-SO-5,2023-06-29,Southeast,6984,250.9845545086529,95.52757927639605,97.7147476814537,82.09112600275816,2.0341375922454454
WH-NO-2,2024-08-15,Northeast,3523,205.6356162734933,86.17665758293764,94.76552962923951,84.09215912111266,3.0993895311229873
WH-SO-5,2023-09-22,Southeast,4356,266.52392572859526,92.92333181902877,84.99379395793456,70.9062008119494,4.274829175901479
WH-MI-2,2023-07-15,Midwest,3344,158.4225484614635,94.83788475373277,85.94080530863602,50.003705899956266,3.321365747670956
WH-SO-5,2023-04-06,Southeast,6537,180.85567835662897,98.94973959530631,92.43484809856658,57.49675771734313,2.941547822921368
WH-NO-4,2024-05-12,Northeast,5165,237.0344950160657,95.58279873738097,92.01799936610497,52.76612137084725,1.959948529508154
WH-NO-1,2023-04-13,Northeast,6317,325.30627793739677,97.6745981199892,81.12741483606229,38.59926551701027,2.112462673359241
WH-NO-4,2024-08-06,Northeast,3420,97.76722384179024,85.25053642138501,95.51378182416924,77.88915501658067,1.821205626001035
WH-NO-3,2023-08-24,Northeast,2872,282.8716621784308,99.25253098075366,85.96171001380173,62.08382234564558,3.1872937322127672
WH-NO-1,2023-02-28,Northeast,7107,256.5256855428212,89.25250724451679,94.71465665366661,50.89774691488065,1.7806442130986322
WH-SO-2,2024-02-16,Southeast,9263,129.46358462188596,99.15572047604545,82.79329258671763,88.68803718853039,2.5299424418380436
WH-NO-5,2024-03-20,Northeast,10586,200.747826667656,98.47251000015154,92.75432113581908,37.28092603334229,1.557536268515824
WH-NO-4,2023-05-12,Northeast,2872,213.41555541328606,99.85114972553554,87.13377586562538,67.67983006710743,1.7566952966841016
WH-MI-1,2024-11-10,Midwest,4180,158.8424834417774,91.73517936829533,73.40471675562144,72.52035300707722,1.7904133103053095
WH-NO-4,2024-06-25,Northeast,4006,185.7443197154509,97.71168308490408,93.69325071881943,66.11330312532253,4.008399831071353
WH-WE-1,2024-04-01,West,10287,208.8688516832899,98.33987487870628,90.52401645125774,49.88644678692257,1.5536103800025947
WH-NO-1,2024-12-30,Northeast,5650,135.51435474791072,92.77710821584887,89.71070233795513,58.33177396085557,3.398211089061339
WH-MI-4,2023-02-14,Midwest,5822,211.91620273920182,88.51730316822017,92.48099440118051,83.42736620224332,3.5148663823422974
WH-SO-2,2023-03-24,Southeast,5672,242.7826905460098,89.3404196548,94.47739879582613,61.45060987834468,3.7811627397280954
WH-NO-2,2023-07-01,Northeast,7431,131.12919489036707,95.65637203233715,95.4150328757708,88.17398536095595,1.930321212221492
WH-NO-3,2024-03-31,Northeast,5786,242.56887339695405,93.58025654968742,93.2288996530371,67.09855999268811,2.4411501194737246
WH-SO-2,2023-09-04,Southeast,4465,308.6854049694027,93.89714707761289,70.57473148428662,70.038444197887,2.809062469666517
WH-SO-3,2023-01-24,Southeast,5124,115.08766095540877,99.1319554161563,86.81669634050446,69.3035584692993,2.6856227226914937
WH-NO-2,2023-03-28,Northeast,7541,223.35144449878868,92.35943395426548,94.61174195865203,74.51251414835045,4.301182430671709
WH-SO-2,2023-05-11,Southeast,4779,225.6234736847879,92.89326543340903,88.50530629887491,87.95316615574843,4.200382206272964
WH-WE-4,2024-05-01,West,764,150.26642961908982,99.47957665018846,85.26411555155865,63.79396076604373,3.1331321695879595
WH-NO-4,2024-12-13,Northeast,5333,210.36608652951276,99.16391308336736,64.69196300497472,26.97256262645935,3.4563862589637573
WH-MI-4,2023-01-08,Midwest,5273,228.34546595291656,90.60994207166175,80.07818817152156,73.05671504453424,2.188952434247454
WH-SO-4,2024-11-11,Southeast,4258,218.98030525824285,98.60421742751365,91.97897075320138,80.842440608329,2.318389602341421
WH-NO-5,2023-03-29,Northeast,9054,217.71945784391144,96.05658450686803,78.31038410044413,76.29357243966297,1.5286224419482606
WH-WE-2,2023-05-30,West,7743,292.83031130287026,98.14751507279223,77.39948159989612,77.31161538102309,1.8973692216981783
WH-WE-2,2023-05-12,West,7495,106.6662177804575,81.51869036919653,96.61196113244927,63.44523937446437,4.134204599514146
WH-NO-2,2024-03-08,Northeast,7577,135.7381508901695,94.42324773796295,59.54164478286307,60.458948819989104,3.5193992717327913
WH-MI-1,2023-08-07,Midwest,4327,234.81454745832252,95.57385760300944,80.64535374370242,47.80290798158796,2.7632727203115985
WH-NO-5,2023-06-08,Northeast,6874,264.65025822604923,97.57870567988294,92.67643863629121,91.85056238540797,3.4011928774262947
WH-SO-4,2023-03-06,Southeast,6506,229.74232362470008,97.62052524096518,78.06924647225738,67.79321964902067,3.143440754876319
WH-NO-1,2023-01-12,Northeast,2426,152.55947801692795,98.04062747320576,95.86471367966475,91.64447738155347,3.8745308982801796
WH-SO-2,2023-06-03,Southeast,9237,190.56336502974568,91.48471822832008,94.19999844567766,34.51200651685601,3.2493697671237136
WH-WE-1,2023-06-24,West,500,139.89266953949945,90.92524882757513,75.2588330078208,69.40662058133573,2.1153445720152186
WH-MI-5,2023-10-24,Midwest,5205,135.2554665981607,97.59350188794124,92.28442413963919,84.05310778131822,1.8624733240007925
WH-NO-2,2024-09-24,Northeast,3055,234.13790199753268,99.20126609565719,91.64590438321648,88.83257931099293,4.440349962608986
WH-WE-2,2024-06-01,West,8733,193.87701352020386,94.45354606954511,95.69729832809814,67.92639763279227,4.285844464278831
WH-NO-1,2024-08-21,Northeast,5276,270.23994670649734,95.63838346076876,95.61819269949231,49.02349219783429,4.139383442808166
WH-WE-2,2024-09-20,West,1500,243.63881852510153,96.94937123227062,89.30808090544376,67.34021704254313,1.5325852298678557
WH-WE-2,2024-03-08,West,5084,207.74587444790657,98.56859218419942,78.05416131387706,80.17430549892127,2.9034884500496236
WH-MI-2,2023-04-27,Midwest,5069,267.55877085166037,99.07301506834418,84.96857093931077,87.1593961164485,3.320191223879023
WH-NO-3,2024-11-04,Northeast,1743,175.11804791222488,99.9400940517801,93.60005047473753,75.64399791797814,3.5626791563311238
WH-WE-2,2024-06-25,West,4752,202.3894627963436,93.05057117424359,99.75296915327043,72.54548857700047,1.5329634216834847
WH-SO-1,2024-12-14,Southeast,5033,165.03565534113514,94.0655025068649,82.53396516975066,84.28044135059038,4.034634078251653
WH-MI-3,2023-05-06,Midwest,2918,130.7968855239509,96.47519284212552,92.09648064829749,57.196047339601755,3.40486964521253
WH-MI-5,2023-04-26,Midwest,7394,139.49573670569262,95.75514301933339,81.068709988237,58.410599083827385,2.5680970902440103
WH-NO-4,2024-12-18,Northeast,6741,192.8593701645476,95.35884084844275,92.6180956148389,62.035126928651806,2.420095068970114
WH-NO-1,2024-10-29,Northeast,2796,228.95999638261492,98.94377650385381,84.85610394939171,70.18814222331274,1.5629921866087784
WH-SO-5,2023-01-01,Southeast,5556,267.4716339392665,99.21826862590727,85.64087402749935,79.9158323191247,2.4213076836861482
WH-SO-3,2023-02-01,Southeast,7991,171.3707555638101,99.99872157308883,92.59095176772738,87.6923209865472,2.5356130505607037
WH-WE-4,2024-06-15,West,5501,209.62452742763233,96.0572941708752,88.90623526619767,82.47581416103864,3.1870558277243792
WH-SO-1,2023-07-15,Southeast,4746,230.05951710452786,98.28203175772812,95.7918135064637,67.51133443072924,4.084487056378263
WH-SO-1,2023-11-13,Southeast,4240,188.57751292308916,93.07775792972546,94.29046329880713,74.30746847195621,2.917068100242662
WH-WE-3,2024-09-09,West,3316,140.44510243403806,95.39667315985508,86.88425175312133,69.07431344270954,3.6697793365058424
WH-SO-3,2024-05-30,Southeast,5247,314.74907451728143,95.56668676709207,86.504269868734,67.43687848248182,3.467745192785161
WH-SO-1,2024-09-09,Southeast,2258,216.08695722510055,98.4431792479631,88.63510054129233,66.78887786371305,1.9305490060776558
WH-MI-2,2023-09-13,Midwest,3769,148.7071078500013,95.4743624060033,85.76866254878314,71.64107624014122,3.534917060269611
WH-WE-5,2024-07-14,West,3528,139.41678562487087,96.3677912005493,94.45865995123839,83.63387805868769,2.905131313133757
WH-NO-4,2024-05-22,Northeast,4689,195.43295198243476,88.0358930315342,91.23932888341379,51.195069647926104,2.109635423024235
WH-MI-5,2023-04-10,Midwest,6931,150.13458035899598,97.51239386776133,91.45841847125436,44.27458146811877,2.2083237451435083
WH-MI-2,2023-07-27,Midwest,4206,175.8811881874327,94.85382579171771,94.63757395221919,87.65770371451809,3.558372452604935
WH-MI-4,2023-10-27,Midwest,3740,206.78385736141072,99.47782363049063,87.59528791233126,62.829473878632754,1.7445996747932604
WH-NO-5,2023-08-31,Northeast,2361,184.5336510850676,97.49166334281303,93.52922651583083,77.0530542460176,3.7024069584924018
WH-NO-4,2023-01-02,Northeast,6697,188.01263339364465,98.90612992004392,90.83176546123832,95.96158718143165,1.955793226659855
WH-NO-3,2023-05-07,Northeast,4811,148.04731910197586,91.49785629230273,85.46963740828296,65.63204509158119,2.0005005635840645
WH-SO-5,2023-10-26,Southeast,2704,248.63028596542733,98.09841637871848,92.3076481760569,84.27415552104013,3.479527146061587
WH-WE-2,2024-12-08,West,3696,219.32229928489366,87.82001434163845,95.38863927519614,79.2923856605382,2.766804630962143
WH-MI-1,2023-11-19,Midwest,3697,215.72041161842012,97.80507022339063,93.41513132466666,55.437645759334956,3.8984220366334608
WH-SO-5,2024-02-26,Southeast,9000,153.56446408778564,96.27247171322396,90.17887832140924,55.87947435667544,1.6975375627292886
WH-SO-5,2023-12-28,Southeast,6588,139.9726714904915,99.29689728231662,70.25253373189526,86.61599586590972,1.6542862207140248
WH-NO-5,2023-10-22,Northeast,4679,232.03680914555926,96.29342138262524,88.28142313537657,74.0097954773447,3.7317057680414742
WH-MI-3,2024-08-20,Midwest,5015,181.2230375232302,90.77918650273884,93.1715885863548,88.24473807145648,2.7152060968496308
WH-SO-2,2024-09-04,Southeast,4950,298.20322634216063,88.34827991432451,85.4812356061323,54.64144289915224,1.9927686165106744
WH-SO-5,2024-03-25,Southeast,5674,234.8058878707261,99.39011147565735,91.50847131546192,88.86317073578529,2.7552487561695687
WH-WE-3,2023-01-03,West,5368,182.50512617745085,92.96878028952666,86.48262766562905,79.24710578669865,2.573250474252673
WH-NO-1,2024-08-17,Northeast,3310,226.97705762619097,96.71529785030853,94.56844491773508,48.824205389821884,2.1013434498070636
WH-SO-4,2023-07-18,Southeast,5443,171.92237446624395,93.939357200152,91.71988139973925,73.0080542577609,2.034045366697428
WH-MI-2,2023-01-30,Midwest,4488,180.58043581187482,95.60947894622875,96.47607502564294,49.71291790526441,2.075991598484355
WH-SO-5,2024-11-25,Southeast,4255,297.05450056212436,96.09629658980374,88.92659967714194,72.16237165219364,2.595567392557961
WH-MI-5,2024-12-18,Midwest,4302,100.02603454346036,95.96679621209054,80.30434438306916,55.079309071290574,1.7685644090944623
WH-NO-1,2024-11-10,Northeast,4361,223.17754506705248,99.81552156865737,89.90267244424064,63.48536166147809,2.5096939477727016
WH-SO-1,2023-05-09,Southeast,6811,209.5350188248437,96.82241985750582,82.97639545250209,43.24019558493398,3.6106838939970562
WH-NO-4,2023-01-06,Northeast,6153,193.92594683548288,96.88142299201284,93.02612952659675,49.47882877499418,3.702349636563641
WH-NO-3,2023-01-16,Northeast,5323,147.11146725961154,97.11319809267297,90.70623563764393,66.2964698521358,2.2656839492228213
WH-NO-1,2023-12-20,Northeast,4215,237.31547266544817,95.70673042968232,87.76609981790594,81.00584640814661,1.9063315881670144
WH-SO-3,2024-03-31,Southeast,3965,186.8701176833446,98.28734571253523,81.57245769946904,87.06509905044555,2.831988467788176
WH-SO-1,2024-09-12,Southeast,2206,183.57574854535451,97.56453165392277,93.54225699198783,56.269818009967565,2.8031575747910655
WH-SO-4,2024-07-20,Southeast,3540,228.26314864580755,99.60232825707145,91.46895289158611,74.34270143957745,2.34797199777
WH-SO-1,2024-07-15,Southeast,7670,271.67959816139614,97.26377180872987,89.83202690490653,38.475239863456586,3.6366555910930574
WH-WE-1,2023-09-25,West,3729,177.20544938395062,99.29664686984174,77.62910254480326,40.68949961720964,2.688594206558468
WH-WE-3,2023-07-27,West,2779,207.44258217020777,93.91532337572673,93.43544537489502,45.68932302702919,2.214506191552398
WH-SO-2,2024-10-04,Southeast,3726,171.32017747550455,98.23918361798101,90.00268967204188,69.2468939563109,3.074474627540452
WH-WE-5,2024-06-15,West,4336,243.67252975448096,97.84657647042235,93.2685538742435,69.8581996528166,4.096235045752276
WH-SO-1,2023-05-08,Southeast,7713,182.26763626248393,97.31498160382976,92.59931248482506,56.09538591050616,3.4256862173362252
WH-SO-3,2024-01-24,Southeast,7055,143.81527272409437,98.74314720551064,96.3959507220284,80.32700272139394,4.065963267959704
WH-SO-5,2023-05-23,Southeast,7542,76.7115267364459,99.2906638748428,94.79426388174555,72.56569086969145,2.3892743016073608
WH-SO-3,2023-02-01,Southeast,4424,196.6097466399293,90.43888986380625,91.42365364995091,55.50128090147957,1.8519470557047022
WH-SO-2,2024-03-19,Southeast,5309,152.4706745138827,99.6491482340223,81.85368808524684,91.31448347885696,2.5039344531445984
WH-NO-3,2024-07-31,Northeast,5506,227.3260683869428,97.0273227675974,97.85359643167028,65.27866137154913,3.7313858554406867
WH-NO-3,2024-04-17,Northeast,4685,202.15820449956865,99.53733976789138,97.16750416893582,43.17368720160056,2.622490845735964
WH-NO-5,2023-04-25,Northeast,7206,164.5015787317506,98.57852686057164,92.04836355664237,63.0454888125826,2.204416586037575
WH-WE-2,2024-12-06,West,5062,136.78179369327492,98.64701176192648,89.85038758734021,55.2521407722292,1.5187903928385735
WH-SO-3,2024-12-26,Southeast,5665,169.41584301420858,99.0573558524553,88.54680800170941,51.52977243177439,2.0468743142567667
WH-WE-3,2024-09-28,West,3083,174.32941242977407,91.21344379597596,82.89599528176474,53.51764842104617,1.594586984605527
WH-MI-3,2024-10-22,Midwest,5173,302.0686319374528,99.29240808860285,75.54727332020035,65.4598552962005,2.4217375391188103
WH-MI-1,2023-10-30,Midwest,6234,259.33757761588987,99.96265046899603,93.95803015801683,47.48309179114864,2.9681387022093775
WH-WE-4,2024-02-10,West,6151,223.41631872048868,96.26836967774285,89.44602850042428,76.70517526853938,4.0718305752223145
WH-NO-4,2023-07-21,Northeast,4129,184.76313744534718,96.57746636804802,85.77421550802549,64.08583645612435,3.887402856723647
WH-MI-3,2023-01-20,Midwest,6176,244.13961967434656,89.29452972260994,92.28121760599828,83.23487006692082,1.8368044467153952
WH-SO-1,2024-12-20,Southeast,3482,231.06869352997293,92.40133906921885,57.320208479656856,72.07633911838572,3.700673074790833
WH-MI-3,2023-11-27,Midwest,5435,222.88041736005133,94.29723461231174,98.15316332679575,72.03410854543834,3.3883019811808044
WH-WE-5,2023-06-04,West,4167,279.19964904527615,99.68072969158544,86.32820054898893,90.25537062930611,3.1681462168356895
WH-WE-5,2023-08-27,West,3031,185.64640968986836,98.99626287755378,84.9423071483574,73.04636603329392,3.3476688139726267
WH-SO-4,2024-08-27,Southeast,3283,201.34019333952241,94.87858844039968,87.81975487900367,65.7730187500169,1.7528245231048596
WH-SO-4,2023-06-14,Southeast,6076,148.78029138286507,98.70075184696513,80.07948194454318,90.44536142140845,4.082782307354017
WH-SO-2,2023-03-06,Southeast,5985,224.51694596821596,93.88567699263851,92.08873287007364,73.7777180849048,2.5570589890246835
WH-SO-2,2023-01-24,Southeast,2010,268.17836173936075,99.59400698464486,90.09287428745235,51.38109612292533,3.1245887386102247
WH-SO-5,2024-03-18,Southeast,4482,266.39375180027093,97.42424449931916,90.61895565863355,84.35918531110306,3.0783564288418295
WH-MI-4,2023-12-27,Midwest,8104,237.77399998674534,96.94719236231548,94.86819925453058,65.24469155119628,3.0567120821324587
WH-NO-4,2023-01-22,Northeast,3471,196.61089284370692,98.21251968294405,69.55132748636899,27.87699041102847,3.786753998336147
WH-SO-1,2024-08-03,Southeast,3431,169.4897197913524,89.11785923620353,86.56954184127166,82.31528654918037,4.084877822047714
WH-NO-1,2023-01-27,Northeast,9841,256.62453824189987,97.10768250204947,98.1660872966892,62.90642137520543,2.139427859926988
WH-WE-2,2024-08-04,West,3043,213.7962271173789,93.65856237151459,72.2359449775755,73.17027558038343,4.017286360624029
WH-SO-3,2023-10-15,Southeast,1979,273.82574774892805,95.51263495704254,85.1075169699843,49.442743586168405,2.1400458679053536
WH-WE-3,2023-04-19,West,4798,107.59204913529848,96.66038146329711,87.93368358138792,65.14079327522316,2.6604222891434683
WH-NO-3,2024-05-04,Northeast,5579,255.37898369046582,87.62009471248689,95.93048317501679,60.76645589180022,2.9820523032706316
WH-NO-1,2023-12-09,Northeast,2731,252.6476369735511,97.39347749186254,90.56399060964938,92.60579975660926,2.2747956080634166
WH-NO-5,2023-07-23,Northeast,7035,217.46911888143129,98.98832093093651,71.89499141556438,69.12702844452593,3.8435157674997846
WH-NO-4,2023-12-23,Northeast,5252,160.80779377187636,93.80299277416592,90.61458485192048,73.77117826388476,4.040043424688525
WH-NO-2,2023-06-12,Northeast,5413,159.6195428706615,95.30414894909244,83.51428693527969,57.140607063582905,2.6716278591814593
WH-WE-1,2024-03-06,West,6481,190.7613579005822,82.34493154818502,85.67213994825575,44.250704105435254,3.845797463838964
WH-MI-2,2024-01-07,Midwest,6113,186.43278278697727,99.86298243346712,92.86503264620603,83.58230844596812,1.5221586743793087
WH-SO-1,2024-01-03,Southeast,6146,132.89974156678988,97.4355555864831,88.54526395474909,58.63998238461172,4.470063934501587
WH-MI-4,2024-07-02,Midwest,2338,181.8266914933136,99.19293028054757,96.12611996957648,69.96443017286997,3.103300212563799
WH-NO-2,2023-05-31,Northeast,7808,184.7806869069382,99.65866572608836,83.40537532488635,77.71146245645487,4.1231264953191005
WH-SO-3,2024-09-18,Southeast,3442,229.30081733613633,98.28733349361177,87.16229979440713,76.72037210303318,1.6480755374443712
WH-SO-1,2023-10-10,Southeast,2734,186.7918496259814,97.25248769047562,95.64161146768967,58.36523821408311,3.5372674218405162
WH-WE-3,2024-11-21,West,6475,248.70836504542868,95.53496456343186,75.03094917757744,61.78712669442298,3.221009089452676
WH-NO-3,2023-01-24,Northeast,6945,290.72240878257554,94.00032512487887,97.5276254617802,79.60839774038146,2.115487704903424
WH-WE-2,2024-07-04,West,3777,157.7177241793291,91.4462457348148,86.38829804010561,83.93411565109162,4.267730120420989
WH-NO-4,2024-01-03,Northeast,5833,214.88863753831507,92.23206080577201,72.23837408244846,30.193600338328014,3.4970174819065143
WH-NO-4,2024-03-30,Northeast,7607,195.79459403771443,95.9758490225612,93.61581077355112,61.44462927348856,3.0829279491154864
WH-MI-3,2024-05-29,Midwest,3188,151.97937894532294,96.63573831918637,91.88441398531837,77.35095121385378,1.7514341147774735
WH-NO-3,2023-06-22,Northeast,8545,195.93438340749898,93.535911643649,79.85799018909196,73.84392698561841,2.9554387318215585
WH-SO-3,2023-09-09,Southeast,3270,204.203473706368,96.72925717967897,89.48306285681674,65.2115805143899,1.5297724707026266
WH-WE-3,2023-04-08,West,3805,227.87357793806012,98.11236629594667,68.15075715540057,41.61188248597756,4.414643242444832
WH-NO-1,2023-04-01,Northeast,5111,143.74446483618993,96.3575235597977,66.8282089699789,70.70355846305026,1.7557534964205506
WH-SO-2,2023-02-28,Southeast,4385,108.78645420660585,86.9488263485477,70.02527357537765,79.32227324012199,1.8624136666296396
WH-WE-3,2024-03-20,West,3737,222.41989316016307,99.17323529655545,74.67781068427975,65.73585770843926,2.6321473744942514
WH-MI-3,2023-03-31,Midwest,10167,216.46363335720727,98.36522883842485,93.4698077191429,55.63109577060194,1.81812610143077
WH-MI-3,2023-09-20,Midwest,3907,233.37260172331926,98.93829377378876,96.63316732638438,85.19714780778519,3.516753699935388
WH-WE-1,2023-11-23,West,3517,249.19712098543596,93.51463876300274,97.26571039089602,72.65324849463094,2.182352581038487
WH-NO-3,2024-12-07,Northeast,3135,128.181911642165,98.23127879199657,88.51697134395548,47.321310282758446,3.5256227628266297
WH-MI-5,2024-10-12,Midwest,3182,208.86414938459163,98.07596843512076,88.10714579775339,68.24408217672344,2.84618703580961
WH-SO-1,2024-11-23,Southeast,2585,251.50696144583694,82.71955707226144,96.40534255767285,58.84375165933348,1.5360285278419439
WH-NO-2,2023-06-16,Northeast,3947,189.2768714706502,96.87688733173123,88.54465281537423,59.030021540274966,2.1005647429246608
WH-NO-4,2023-06-18,Northeast,3507,205.6658911834515,99.24119644466266,91.62503849368603,71.46252578007152,1.6394521989186885
WH-NO-4,2024-12-30,Northeast,6753,241.0341349391775,97.87155059429786,80.72225821552223,67.80770665735135,4.42691158079265
WH-NO-4,2024-07-29,Northeast,5229,211.99409541991866,96.63045646627599,84.19837814584979,47.18939027415024,2.4092356604937146
WH-SO-3,2023-03-03,Southeast,3263,114.88322917780002,98.82619780273254,90.53815964455262,22.54661389286008,2.0003590317434554
WH-NO-1,2023-03-11,Northeast,4458,189.69834857334038,93.5000717778442,95.9350047598673,67.98071674159883,2.205099344833023
WH-NO-2,2024-01-25,Northeast,3789,145.47220277470976,95.7927563147336,88.585894656471,82.53840569042289,2.4422987490995136
WH-MI-4,2024-02-18,Midwest,4561,26.85324596209412,95.82695239075703,93.78408564632866,80.994683260396,1.5148620921498317
WH-SO-5,2024-06-24,Southeast,5464,243.21880167409853,92.60577554659372,89.99432831777716,75.76760434028576,1.773075366273876
WH-SO-5,2023-09-10,Southeast,4122,242.81773735890795,98.32394799909474,78.44111235973931,70.56031673893082,2.260348298839159
WH-NO-3,2024-08-12,Northeast,5915,251.69703975118506,93.51861706556882,98.75441396521119,55.18600446890446,2.2868641379976
WH-NO-3,2024-10-18,Northeast,2901,148.2035990841703,99.83775769339083,81.98101833750593,66.25090856496396,3.4684889087653588
WH-SO-2,2024-04-30,Southeast,4893,266.68589985941765,98.57389194542034,92.1966721547127,77.95214747737859,2.8067632639915656
WH-WE-5,2024-02-04,West,6808,267.2206900876726,97.26018208426615,91.77833370505849,59.66835927098037,3.0880773498317513
WH-SO-3,2024-05-21,Southeast,6454,206.83177201174146,97.16128924221489,86.70430776087015,91.71353863897042,1.917598054196961
WH-SO-5,2023-05-16,Southeast,5073,136.53513325322356,98.66916734670278,85.21229033766494,73.66294164663611,1.9182032049458533
WH-WE-4,2023-11-11,West,5665,320.4299181474421,94.48177432841128,92.53164794504788,65.25512987445252,3.848903946085163
WH-WE-1,2023-10-13,West,2494,212.603570352397,90.6438659224673,90.9151100994538,73.2568175345462,2.1035802878895957
WH-NO-4,2024-10-09,Northeast,3213,244.31503629074126,89.56323093372912,96.04688728267992,81.22762356786382,1.721246954220498
WH-WE-3,2024-06-07,West,5934,234.30380333123722,96.5433561962617,92.92805916633867,71.8115587363463,3.969921864478028
WH-SO-3,2024-07-16,Southeast,5449,140.67488458526503,91.00746312662864,83.63093785463937,80.07391970742196,2.2906718725199435
WH-SO-3,2023-12-13,Southeast,3998,201.54315287679768,98.78455526456655,98.32827178350318,65.94608896369355,3.801930221581549
WH-SO-3,2024-07-29,Southeast,5359,208.94290914603172,97.81993388984851,94.14457750607468,75.28721996101079,3.082432719706342
WH-MI-3,2024-08-06,Midwest,4890,221.02467408396888,99.50827128764294,92.17150450057147,42.871643209060615,3.5867262134881117
WH-NO-5,2024-03-06,Northeast,7488,180.15142064194356,97.61269938901124,90.86165887291185,50.53726620816038,2.9884565681253488
WH-WE-3,2023-08-23,West,4652,249.1316214074485,98.10049279215215,94.76738651218496,74.25012281544376,2.6763265961740776
WH-NO-5,2024-08-04,Northeast,3980,227.39675951250805,96.29324661215178,96.80435823043412,71.83047941695703,3.8338596576831545
WH-WE-4,2024-02-14,West,3085,206.13940483663822,98.14286531118887,92.38633713261247,82.07540579046228,1.6027295344148746
WH-MI-5,2024-02-20,Midwest,3484,186.30096612988157,99.57914891493938,98.95179873559155,83.11139843253265,3.796679173146449
WH-SO-1,2023-05-01,Southeast,4819,199.52228739125198,86.79403987490755,90.65833029188698,88.03122528783437,3.763670310133146
WH-WE-4,2024-12-08,West,3861,240.8453231106622,99.34681706454906,90.14609053148533,76.82520316258945,2.065534611922243
WH-NO-4,2023-03-22,Northeast,4922,282.5380167575926,95.58856677872687,96.23528113406643,58.06443057257324,3.330736979971879
WH-SO-2,2023-11-06,Southeast,3428,218.03795712524837,99.30330042544041,97.11355146829275,38.69026697245728,3.356797211599935
WH-NO-1,2023-07-23,Northeast,7077,160.4343200350952,95.87505350625338,83.12927979950217,67.76399165948712,3.4278719639466884
WH-MI-4,2023-06-01,Midwest,6022,182.41893786922384,80.49403062192854,89.87577529531683,86.08651967217524,3.2651165933170994
WH-NO-1,2024-11-13,Northeast,4143,172.17059932011645,95.56246942233533,94.41928124036224,85.84006584105842,4.2139438484622875
WH-SO-5,2023-09-04,Southeast,3954,223.34916535847975,93.10148531075896,83.6510783819295,53.335462300000046,1.7829442167122194
WH-NO-1,2023-09-13,Northeast,4365,230.9238403880522,99.54103662770703,96.99179649698381,57.87892046578402,3.0685050614781644
WH-NO-3,2024-08-13,Northeast,3919,132.41485144697575,93.31638835705898,92.88100712891584,80.59303016362445,4.077751093101391
WH-WE-2,2024-08-29,West,4102,138.8887562799454,96.75749441718018,95.43568524621865,68.66540030988185,2.7183618622995924
WH-SO-2,2024-09-08,Southeast,2727,152.2301655248625,98.02080185657694,89.699228698257,72.68769985291294,4.2209837016068885
WH-SO-5,2023-09-19,Southeast,4508,229.24487390481127,95.80387891594066,94.57327323552454,87.65722016574095,1.850384668608248
WH-NO-3,2024-02-07,Northeast,9481,256.98530409434204,95.31338809795147,94.40632321633247,89.68078691636804,2.6497959593624145
WH-NO-3,2023-08-26,Northeast,4402,242.1085519691561,96.29942442800142,92.20827722910232,76.05371210305599,3.21930163139299
WH-MI-3,2024-03-14,Midwest,8055,131.159800164153,81.10290745364776,92.88305976128754,62.51066136883938,3.749502016226317
WH-SO-1,2024-01-02,Southeast,5992,124.32773688267797,97.40580412772192,88.54461456821102,88.94283148114714,2.8701789428391575
WH-MI-4,2023-07-01,Midwest,6216,143.19856825761883,99.29199748243607,98.32561960870606,91.43374907785665,3.5142975007598594
WH-NO-2,2023-07-31,Northeast,4756,237.06066366932924,99.83377294993537,85.71629461274902,76.01168944040302,4.321364980591223
WH-SO-1,2024-06-28,Southeast,7137,49.247317374679824,80.92346239969064,98.24239675426129,51.903979677109504,4.339351485060519
WH-NO-1,2024-11-01,Northeast,3261,285.68267612277646,97.86842896224492,83.02747996134784,75.25004867993756,3.951741307368547
WH-NO-1,2023-07-29,Northeast,5115,178.60313893331522,98.97493931102652,98.64563446567162,69.32359161868561,4.394270865371349
WH-NO-3,2024-03-24,Northeast,9913,284.78255509814176,99.50129545501153,70.68411732938273,83.58943559510634,3.662198299970087
WH-WE-2,2023-11-15,West,5341,201.29621366857273,98.94679098666052,88.98906427774868,65.64207598898838,1.7478273272248686
WH-MI-4,2023-11-04,Midwest,2617,309.9392730870402,98.04120144725823,75.55660677684554,93.81265678310221,2.169421478108425
WH-NO-3,2023-09-10,Northeast,4406,244.5573295496901,96.42837909176224,89.24793512130992,59.13614133592313,3.950006985002258
WH-SO-1,2024-06-01,Southeast,4909,156.81387102250733,99.66092867016042,94.50067310312728,87.5859497358096,2.540072893509926
WH-SO-4,2024-05-06,Southeast,5631,140.30503632130018,96.30878695372374,89.22653853150048,73.09544652299765,2.1730784454335677
WH-SO-5,2024-05-20,Southeast,4153,267.8346278531915,99.05868539057697,92.61722492599105,64.47664171305621,3.7149271505058543
WH-NO-5,2024-08-08,Northeast,1661,200.27568791087378,97.53511790782281,86.46242772789526,53.9843331520179,4.026584669430182
WH-NO-1,2023-02-12,Northeast,6433,293.3977911349008,97.7705300192714,69.72299937497802,56.26095906953419,2.5292402173437982
WH-SO-5,2023-07-01,Southeast,5668,207.90226601801757,98.13629469692657,96.56388504049332,53.92280248041021,1.9064060186057237
WH-MI-3,2023-06-14,Midwest,7592,210.98675462528746,97.37088603403572,81.25668783744709,60.01316439665327,2.2378217235762
WH-SO-3,2023-10-06,Southeast,3042,193.63347099517043,98.81255034523589,93.50463638236798,62.07905085610764,3.421259974391071
WH-NO-3,2023-04-21,Northeast,7312,195.17341733761955,99.2176848577661,90.45063535968066,71.03057598242006,2.169898826965532
WH-SO-1,2024-06-21,Southeast,5838,255.2325776426442,99.08301525364742,86.53321915594886,73.1084345993858,1.9871258979209778
WH-NO-2,2023-12-15,Northeast,3273,234.88867379141155,85.99136254979027,89.3732384926623,59.09850998148295,2.7023346424345247
WH-MI-1,2023-07-11,Midwest,5172,232.27252487158495,88.85997448014804,87.31575543315866,76.57475058831707,1.8979431375648792
WH-NO-1,2023-04-19,Northeast,6991,215.0827848383865,89.99746889938662,81.08687136035338,75.53815855454042,2.7363749423546166
WH-NO-5,2023-10-25,Northeast,2879,253.6292507416658,95.4030589213751,90.91440329946028,55.748799478758684,4.271564497148309
WH-MI-5,2024-11-24,Midwest,4344,148.73105127471985,94.10412490372636,98.33603004494822,71.10575353580853,4.00690549917676
WH-SO-5,2023-07-29,Southeast,3872,244.3665323268205,92.45119301474396,96.49391495292139,68.71538568679337,2.548290538564496
WH-WE-4,2023-08-12,West,2798,149.6101489048674,93.76829014777998,77.28528636141444,48.625544135544516,4.10146132011568
WH-NO-1,2023-01-31,Northeast,6953,115.11214285865853,94.30988084368643,96.23582504110549,83.31281347110409,3.0128773653620833
WH-WE-2,2023-12-20,West,5962,213.76722398946984,97.55714264357496,96.20391097819306,55.82321727011951,2.4296911693371888
WH-SO-5,2023-12-08,Southeast,3181,276.8334061247633,92.15396690008284,94.92226543510911,86.79291117048923,1.7486166779017442
WH-WE-2,2023-07-18,West,5637,139.12254152574656,90.33869959047895,91.47171781919577,90.2923275841552,3.471411442733687
WH-SO-1,2023-01-15,Southeast,2352,148.94503909473508,92.90770779718555,90.60249236327473,81.16143915880704,1.8744688083550891
WH-SO-2,2023-10-22,Southeast,4025,195.54801266613833,97.84171013829578,94.8579192323901,96.9258394577737,2.4024915493232477
WH-SO-2,2023-05-20,Southeast,6232,188.04138422407962,99.70721645695451,61.39751102608015,67.82163971634063,3.3618416794487707
WH-NO-1,2023-10-07,Northeast,5240,242.9330299757181,95.30517528103385,83.21916267131519,84.83039426563475,2.6306247769624593
WH-MI-1,2023-07-16,Midwest,4775,267.80035246038995,90.3969000450182,91.7412946953952,48.36515079751032,2.5468517313579686
WH-MI-1,2024-05-11,Midwest,4931,163.16308788275677,94.7733378560315,98.40477774638221,86.46085358932213,1.689333376669209
WH-MI-4,2024-04-14,Midwest,8688,249.28932915969824,95.07036356526106,85.09005389505961,66.46994772946788,1.9611384041707294
WH-NO-2,2024-04-30,Northeast,6605,188.48864481843816,98.63886115454736,82.68882679190374,70.99076583858665,1.7785098268237856
WH-WE-1,2023-11-16,West,2931,240.84254486195937,93.03856033110236,81.91513639208921,61.51679153355046,3.340613885309104
WH-WE-4,2024-09-08,West,3692,261.5098314427848,99.86869514735422,76.06528691926728,66.507529080741,3.8490364400289967
WH-SO-3,2023-07-10,Southeast,4588,213.86892860520305,98.40234220190528,80.45594991501298,72.2609935547889,3.295956242663655
WH-NO-4,2024-09-08,Northeast,3996,213.9946318845371,89.14505841411246,83.82456659948149,75.99442711314475,2.5143162706939255
WH-WE-3,2023-07-01,West,8074,174.2722798087494,98.4094374634976,81.3359253683211,66.32552091604397,2.417230870065985
WH-WE-3,2023-12-21,West,6100,279.15125588221485,97.87456293184775,70.72178356601366,62.645185934929735,2.946987188802706
WH-SO-5,2023-09-10,Southeast,2833,153.84259501272615,96.4457130090721,91.72066797020027,75.0190632545001,2.253866454250992
WH-WE-3,2024-09-26,West,4467,206.23892611997735,87.89779541638634,87.50331147515419,79.19844775117313,4.3006758015924405
WH-SO-1,2023-08-05,Southeast,4550,244.6434746645777,91.5951267553888,81.34211174282558,71.32114410648879,1.5643014374976179
WH-WE-4,2023-07-03,West,4275,262.0504216162379,93.12301719199574,88.80240168272715,86.86135798409917,2.769748684416625
WH-MI-1,2023-01-04,Midwest,5219,153.22111722191462,96.2928352053576,88.96488284439916,46.135873005356,3.864281924669017
WH-NO-1,2024-05-23,Northeast,2950,285.87788985112377,99.57690690817942,90.96232892594934,62.50149680629812,2.9850399502656377
WH-NO-5,2023-06-18,Northeast,7279,188.1687531664667,92.57470293044008,75.28574600308029,69.39256510583621,1.775107385551195
WH-MI-2,2023-04-10,Midwest,7836,247.82542406378798,96.16430274404783,96.99059220268563,82.67353363226466,1.8281908544834162
WH-SO-3,2023-02-16,Southeast,6151,198.1025411282919,91.05864535870035,76.49000988883701,59.739173026409546,4.272450869351699
WH-SO-1,2023-11-21,Southeast,5132,154.45681736585004,90.76038174869382,93.08426077593882,54.65385818147135,4.187770869015965
WH-NO-1,2023-07-01,Northeast,4260,114.51128852554366,98.19470392716578,95.06615337950495,59.253513844920214,1.729519936598436
WH-NO-1,2024-01-29,Northeast,8348,168.74458700825775,99.11950219647795,94.76098289593588,49.54925789294615,1.9246599190777147
WH-NO-1,2023-09-16,Northeast,4212,272.2641967453537,91.83691886728671,87.10669446647772,32.36571232891376,2.9601781224711967
WH-SO-2,2023-05-31,Southeast,2796,204.17496246251346,91.91739260974622,89.62323530872096,71.87525796179614,3.9493739986768572
WH-NO-4,2023-07-16,Northeast,4068,181.91969738330633,94.00880267383393,98.03138526272052,48.416566674156705,4.197096498771636
WH-SO-4,2024-03-16,Southeast,6949,349.31913580368746,90.6748868729411,92.74815653309082,87.6438201665694,2.5443199461683657
WH-MI-2,2023-05-10,Midwest,6709,170.5609164554442,82.18781103567771,94.87030630931491,32.283177620892914,1.6572224888298017
WH-SO-2,2023-09-01,Southeast,4002,275.42796610929094,90.57695386766447,70.4909592119134,58.66443955653652,2.3408134511956824
WH-WE-4,2024-05-16,West,2989,190.3098829171833,86.68803807944884,97.68906692349881,31.436066040571024,2.0096709591739375
WH-SO-2,2023-09-29,Southeast,3214,121.5623145073926,96.59369396517846,97.60991337662286,49.99436443986665,2.9766972387442756
WH-NO-5,2023-07-15,Northeast,6521,243.88981650190797,90.05019490373034,94.91096362968317,67.13934983064306,2.800877877656278
WH-MI-1,2023-06-09,Midwest,4730,176.6287745781536,93.62100530790983,83.91216948358282,59.581463914635734,1.9748671210697624
WH-SO-4,2023-10-31,Southeast,4144,174.41692074882354,98.11445809852404,74.43237765711982,59.72542782009837,4.436529344837924
WH-NO-1,2024-12-27,Northeast,4316,135.7104639872384,98.07577797635463,98.4875108341039,87.1026493631885,3.542765311433296
WH-SO-2,2024-11-24,Southeast,5808,194.62472499536375,98.06586649773593,84.64408235481541,72.74477929213727,4.476255064213346
WH-SO-1,2023-04-09,Southeast,10213,164.49245577519895,91.51882721238496,84.62599979173649,79.47536316611489,3.635052311682852
WH-WE-1,2024-05-26,West,3372,142.5565393721429,99.66172708687128,91.68120942354055,72.41573309237003,2.1567390096351042
WH-SO-1,2023-02-11,Southeast,4794,233.0771676778756,98.63924609518062,93.76608648127393,77.64070216503256,4.15415051545335
WH-MI-3,2024-04-26,Midwest,5325,220.1499764486291,98.70265741895864,78.17584996876884,50.829236619423504,2.39667820615448
WH-SO-3,2023-10-21,Southeast,3054,214.3541600306552,93.18063445195801,92.26956412490313,58.52335660243357,4.012832113363109
WH-SO-5,2024-07-19,Southeast,6356,250.7691165445636,99.72118295139296,90.50169240091583,58.29856612992226,3.6066657829128195
WH-SO-5,2024-02-03,Southeast,7149,214.88354657388362,99.02634885383145,72.5653985935272,64.83587432635215,4.126824419253836
WH-NO-5,2023-10-07,Northeast,4079,189.42357998315111,92.96458337669434,73.38151174191611,56.03201101576191,3.31705782012234
WH-WE-1,2023-04-04,West,7207,196.05196464623205,97.1072081201022,92.89288122103284,82.45752074057205,3.646367553386879
WH-MI-1,2024-03-28,Midwest,6123,131.70235569446334,96.39341531908514,97.22500809187937,76.68171924237599,3.9308738693715792
WH-WE-2,2023-08-13,West,3778,176.55025355213726,98.97647847078098,87.08439773796401,77.66206088063193,3.297250879267527
WH-SO-4,2024-02-03,Southeast,7508,229.5177098781255,95.17656306982457,79.77351853054259,31.80137145915617,3.7087555885717425
WH-SO-5,2023-01-06,Southeast,5450,194.58678745634762,92.92494236739995,90.44728400233521,66.54452176916607,1.765173586548764
WH-WE-1,2023-04-06,West,6156,140.01208773468613,99.54482641389629,95.91615468313353,47.49156775081766,3.396643153568203
WH-NO-5,2024-11-04,Northeast,4441,284.2374751355634,97.72612964975347,93.33037667207314,80.48172019597325,3.7506699994106736
WH-SO-5,2023-07-04,Southeast,4784,247.74447648417046,93.61741921472482,80.60372011761528,76.39810647478605,2.298219665197289
WH-WE-5,2023-05-05,West,5949,121.82922093451512,90.79131773763086,94.78303997912697,89.4617299384048,1.6302818328549655
WH-WE-3,2024-11-17,West,1191,197.94681841384724,98.99192664524791,89.78796989975123,79.22032899956018,3.5088540876919723
WH-WE-2,2023-08-06,West,5231,300.90481650919895,94.17759095321918,82.51665246300851,79.93091847821165,1.9475935884574618
WH-WE-4,2024-10-06,West,3691,188.19378614690666,98.04962953674749,94.5892895278416,68.36053369296796,2.107499839608211
WH-NO-2,2023-04-30,Northeast,7778,157.693492115888,99.91243631665806,93.90562847892167,76.46146317098334,2.840554938094181
WH-SO-4,2024-07-02,Southeast,3705,278.85498406328975,99.97779688391925,92.25890855388388,72.74567050851188,2.11781801105559
WH-NO-3,2023-05-07,Northeast,7776,154.4099192058885,99.4456071111125,90.75040517386542,36.61454551884157,2.8472707781617315
WH-MI-4,2023-11-30,Midwest,4435,282.44163552562316,99.66071518561836,80.16528002097483,83.56728716581145,3.121407403729664
WH-SO-3,2024-09-11,Southeast,4236,213.70678072694352,96.32697241915703,85.96745077688972,89.07255657347658,4.298867236140355
WH-MI-5,2024-08-04,Midwest,4785,323.27657075719594,99.54100136147032,81.48162328894689,74.01744510964475,3.620984647433559
WH-MI-2,2023-01-21,Midwest,5923,196.99617929236308,95.95516367163282,93.30670772293499,58.742532753064495,2.435151610731233
WH-SO-1,2023-05-27,Southeast,4047,182.44343612626608,95.55857264643429,88.50183324615205,67.05531326650942,3.0779118205448555
WH-NO-4,2023-10-05,Northeast,3769,268.6861694925981,92.35126717073466,94.82093009915626,91.375480071315,2.1416300070299705
WH-WE-2,2024-11-05,West,2459,167.07910842322195,95.93221817997122,94.69370845467354,69.26823685214198,2.6457314381031267
WH-MI-4,2023-07-15,Midwest,5266,191.57599358355924,95.84693829684805,90.01005565941335,81.51024247628712,2.6505652991186537
WH-NO-5,2024-10-15,Northeast,4318,201.5849857017659,93.75610750952448,79.10321674572775,76.68719176624514,2.301722171815141
WH-WE-1,2023-11-03,West,4442,120.62966754640162,99.73973913047789,91.4194661832951,83.74318648798489,3.3619218034988796
WH-NO-4,2024-03-04,Northeast,7194,210.0229551309543,97.72614597431041,85.6824500063294,80.28816176152944,3.9955277097685142
WH-NO-3,2023-09-27,Northeast,3919,87.42183459280217,94.98574661481794,88.84867930396739,68.95690315527867,1.775833949038018
WH-SO-5,2023-05-27,Southeast,5257,205.26373174091768,87.01947929362235,90.35030555221583,39.629945750976354,2.6344663729279567
WH-NO-5,2024-03-19,Northeast,3428,269.9187414889517,94.20144664312961,75.83381191799063,58.382930398029885,2.3308313458849197
WH-NO-5,2024-05-23,Northeast,4303,219.06650267135748,94.84957080748755,84.31439008462989,54.48559382682997,1.640815619247158
WH-MI-4,2023-11-10,Midwest,4137,148.04597903904357,98.07468547625501,92.62047726099372,71.36028192997,1.5500418585712086
WH-NO-3,2023-08-08,Northeast,4810,289.87747548643455,92.91883353703182,89.75572180127011,67.36414411879264,2.4963408158831815
WH-NO-4,2023-08-30,Northeast,2600,255.1075860824804,91.60198720424704,90.19026774660725,64.666958030005,2.6235486006418514
WH-NO-5,2024-05-03,Northeast,6712,149.8287495842326,97.25164159435221,76.76436916075257,76.21329748109882,3.099304416828807
WH-WE-5,2024-10-03,West,3236,153.4482472504726,94.66944903809818,94.35041798150353,27.596295164826056,2.560446720474857
WH-SO-1,2023-11-29,Southeast,3880,199.8255567097302,99.50898543431865,81.99496767122461,33.28139206051548,2.82311176418532
WH-SO-5,2024-02-18,Southeast,4927,262.88471876794875,93.65327516405782,89.39975116273202,64.9038472478439,1.9672419565152126
WH-WE-4,2024-10-18,West,2650,157.97740940560044,97.56224116604055,81.89331749225569,78.40422747737617,2.5741187447909493
WH-NO-4,2024-06-11,Northeast,8594,203.39129261653645,99.10039549572956,89.06275921673755,78.27881248785488,3.7386204733683837
WH-SO-5,2023-06-17,Southeast,4690,239.87287292717133,97.7882131692282,84.37788686354394,50.26232195759146,4.4847349448242735
WH-MI-4,2023-01-08,Midwest,7474,183.58690807583818,86.59160502658077,93.86804279595663,44.76734412657029,3.1499030968284787
WH-NO-2,2024-11-27,Northeast,2434,145.74245254521298,99.83990407608715,92.14779889833983,71.65899517220625,2.4640671137064585
WH-NO-5,2024-07-12,Northeast,3766,168.75648205012246,83.98179680300109,96.82825744077076,62.30303046716259,3.2320771885736903
WH-NO-2,2024-07-12,Northeast,5256,141.91766075711928,99.41992730785365,88.53254170119236,29.760702436987994,3.78671521183247
WH-WE-2,2023-03-10,West,4677,159.71432889757915,96.41435529959095,80.87789875521273,68.71822599057231,2.364031604553544
WH-MI-3,2024-05-28,Midwest,4225,259.89359061626647,96.62055461905788,94.41963767499202,54.97334917008935,3.622471406351327
WH-NO-1,2023-10-31,Northeast,2816,180.98981617716635,95.38436908199724,84.06628782439323,45.49261212205924,1.7328248102501984
WH-WE-2,2024-06-26,West,7510,247.87463060020673,92.90448485223229,86.66916936201852,78.80276538199979,3.808295258017708
WH-MI-5,2024-07-20,Midwest,4114,175.65775171238673,98.11046227195973,93.2893478640761,73.88084786141606,2.2265741000830386
WH-MI-1,2024-06-20,Midwest,5144,132.8672341872127,97.43896062003374,93.3037075623003,48.36200346740041,2.8562105983413164
WH-WE-5,2023-08-27,West,3425,217.72936277150245,98.98071142231673,91.43475704287044,75.15590793268674,3.537471787091459
WH-NO-3,2024-04-17,Northeast,7492,183.30838777876536,93.9070886274674,94.55100805024206,47.28089929889394,2.449467941738235
WH-NO-1,2024-10-01,Northeast,4630,221.7313966461369,93.05726367855178,88.2710897441188,61.40117798966334,2.0666147392909875
WH-NO-5,2023-06-19,Northeast,3377,202.86892784334432,87.43502422214969,83.90053274075316,39.38799996488056,3.763757937206788
WH-NO-2,2023-08-08,Northeast,3459,221.8386906950023,93.21078720075943,91.06038035137503,72.76805532440288,3.580601576410154
WH-NO-3,2024-08-22,Northeast,3942,127.59368087458255,92.45058646773869,87.7622673971401,83.60801932037465,2.422086567046951
WH-NO-4,2023-04-07,Northeast,4884,186.50322301466935,94.65630620435623,92.15887579218467,42.970939877865064,2.112863008916235
WH-SO-1,2023-10-07,Southeast,2798,237.9905077693996,99.917666995195,98.90504044891078,72.20797075798767,3.8920695365063964
WH-WE-4,2023-11-09,West,500,164.48112629695112,94.2977927569838,97.87184894800257,52.229131465389436,2.8701730666281904
WH-MI-5,2024-09-04,Midwest,5374,180.2238060763238,94.05108988189824,92.23603213166885,55.6549195072518,2.9450646310503568
WH-NO-3,2023-02-01,Northeast,7579,228.53926035964085,94.15203327914429,83.71350143912584,69.72271727323027,1.5227558356522133
WH-SO-4,2024-08-29,Southeast,5161,284.02744060806384,98.39074150125165,84.49469004331861,71.46687418257014,2.905359339914299
WH-WE-1,2023-06-26,West,4866,210.05949875518246,91.86620765617744,91.62728206096047,69.87876079060443,2.2716508366496426
WH-SO-2,2023-08-06,Southeast,3350,177.40516217806345,96.61646929330591,84.14370695292611,88.5578924530912,2.9052911577604426
WH-MI-3,2024-10-29,Midwest,2620,232.84954459873433,97.61304032550149,97.04121811348048,80.3994223210912,1.8118597448314457
WH-MI-1,2024-08-06,Midwest,3842,146.73691441028453,99.14009118710419,90.00302178502497,80.78505674173763,4.347351877605881
WH-WE-3,2024-07-28,West,4399,137.65900583533656,89.92922813537211,98.72465477413664,87.02587038024258,3.189624692122155
WH-SO-1,2023-09-24,Southeast,2264,197.9303678137389,84.36866775624839,93.45760573669796,75.64947692898299,2.973242340723828
WH-SO-2,2023-03-02,Southeast,4548,155.15922572186807,96.06835700839183,94.16234399736129,48.74307122690492,4.042907057728897
WH-SO-1,2024-05-07,Southeast,4396,204.30343436199666,96.87574413711951,81.26117441944469,77.72656320768023,4.273534327229327
WH-NO-5,2023-12-03,Northeast,3780,155.8016990114011,98.83196055092192,80.84090401892837,67.60027718799293,2.270603088498887
WH-NO-2,2024-08-16,Northeast,4352,189.03575379090404,91.23521730209339,71.1880063172728,50.76165077655803,2.6522506080139694
WH-NO-5,2023-11-13,Northeast,5591,149.45880496463752,69.04041830056892,92.8950474941831,41.18750355148602,2.4249241520106963
WH-NO-3,2024-06-23,Northeast,5309,180.4170860120572,95.8725547728734,77.17425354506425,53.064638402452005,2.401448648151011
WH-WE-5,2023-11-21,West,2094,256.42156353127416,92.04719497773185,94.30084704134374,65.29575957643354,2.2975269274626324
WH-NO-5,2023-10-21,Northeast,4835,236.04732119707504,96.49614377877303,88.45721086471634,35.74742065561052,3.3396480514692315
WH-NO-3,2023-04-26,Northeast,8573,198.2734935230806,80.31191928946171,93.77797988341932,66.89515746760092,2.7315103207970446
WH-WE-3,2023-02-25,West,3322,220.75850274119844,97.78497423873354,90.51635397354141,76.1505284562181,3.6476726140343985
WH-MI-5,2023-10-17,Midwest,3980,250.97117800958293,99.56058827383387,77.68273570208764,69.86735373816785,1.9436333257243175
WH-NO-1,2024-06-05,Northeast,5925,183.22770859875916,93.07495780588891,86.1270586277323,93.87231799050167,1.5343326379845128
WH-NO-1,2024-03-04,Northeast,4601,168.30693755440294,98.13584027673636,92.36371544528403,83.67183956503975,1.5575609361196339
WH-SO-2,2024-12-05,Southeast,5894,292.5936928501027,79.70076576994212,82.67713458145715,74.7708772080804,2.9644848633773186
WH-MI-5,2023-09-22,Midwest,5266,319.15740412550576,94.63671242838035,92.49959060633184,65.97970889682544,2.3214753145652347
WH-NO-2,2023-01-12,Northeast,3158,177.7023168356804,99.53818827116882,92.5375193808009,38.0835476997723,3.517585779819963
WH-WE-2,2024-08-04,West,3180,93.45196631789679,93.9170378307731,79.9957690530594,68.51460025216005,3.3493097803721574
WH-SO-1,2023-04-05,Southeast,6423,170.7727886548298,99.26197516005153,97.4361629451454,95.36034254003187,3.219915264726444
WH-SO-1,2024-06-03,Southeast,7938,126.69991057576352,99.9440155252817,86.10020968445764,48.89214585227511,2.4496289878568414
WH-SO-3,2024-09-05,Southeast,2982,159.6673517347428,93.11298974057156,71.96066911966966,52.12817492009235,1.7757775787681527
WH-WE-1,2024-12-04,West,3881,225.02912627440742,80.81455075367964,85.78845755713435,80.73726597551178,2.7768256458923766
WH-NO-3,2023-04-15,Northeast,7715,201.42111910626926,97.50496874539479,87.13628215009172,66.10694383413124,3.592873949308022
WH-NO-3,2023-12-19,Northeast,4841,160.11921429857244,92.36965834105219,91.10081071131137,93.38668476647054,4.389625105387329
WH-SO-3,2023-06-21,Southeast,5993,237.12359699699368,92.63031739908322,79.62153086561601,91.0110522507938,3.5696693651971803
WH-WE-3,2023-05-19,West,4506,230.0299912826282,92.69703117040183,99.02195681644601,81.19266208636145,1.6566923334855308
WH-SO-3,2024-10-14,Southeast,6751,150.49619312504018,96.18748109607749,80.47542360989685,51.851860560248575,2.347888962362272
WH-WE-3,2024-05-27,West,3572,193.98113258705808,93.82324613436407,79.91487957087924,48.75279153243815,2.369037668853316
WH-WE-1,2023-05-12,West,8680,155.98103626202146,99.77251605096895,85.03668123563557,76.96210345084849,3.3641859120685926
WH-MI-4,2023-11-05,Midwest,5225,226.95040779243706,88.0002811418043,94.63952779400402,53.36489833260132,4.115157917836397
WH-SO-5,2024-03-28,Southeast,9151,241.359777330906,97.61358397924621,71.91487361357616,33.536334243481264,3.2448187437983753
WH-SO-4,2024-10-24,Southeast,3345,218.39803674540929,99.01877390515969,87.40090271994477,75.0992979753936,2.7039205924816723
WH-WE-2,2023-08-12,West,5459,262.9327241634712,98.31591527562522,81.67519907363481,46.40377816042947,3.180362046768875
WH-MI-3,2024-01-12,Midwest,4932,165.20172069140662,99.85410494675558,95.67533927617266,78.15649964288636,4.4145697498882575
WH-NO-1,2024-10-11,Northeast,3678,150.32157610798782,99.78281757544327,68.34388780102944,51.59453504123266,3.8083556814338015
WH-MI-3,2023-04-29,Midwest,5140,264.3301288324626,98.74070794983189,84.94192085832418,70.24014913361454,3.9037154805112575
WH-SO-4,2024-03-02,Southeast,6516,137.4778543029669,96.3478712673578,85.06899566921403,72.84981053544412,2.32104082169336
WH-WE-4,2024-02-25,West,7738,229.23726474537244,89.42257106657964,90.00037136352232,56.772042294133705,3.2415373850684253
WH-WE-1,2024-03-29,West,4254,166.71017214545168,94.8557440616382,84.78784170086696,47.20326008291741,2.1103803924719955
WH-SO-3,2024-02-12,Southeast,4921,144.86567205804278,99.32731032738415,78.2704964585443,69.86962285050305,3.561846324649895
WH-NO-5,2024-12-09,Northeast,5075,224.73768946567873,88.47077444869792,77.5137590840495,61.194617691067755,3.385760238120293
WH-SO-2,2024-04-19,Southeast,2907,135.56298242071514,88.43899989547894,98.69330066917547,75.44883740104272,4.025429496356586
WH-WE-3,2024-07-10,West,4832,224.82351695216357,90.09067599200156,85.48699473506531,39.59135611263081,2.9452643317518614
WH-NO-4,2024-08-18,Northeast,5328,203.4450885534274,96.50974553157442,87.24529195318551,45.77466968280376,1.9697981295524574
WH-NO-2,2023-03-12,Northeast,1903,222.1124730733691,95.81199380913996,94.3328123045532,48.58272635856135,4.273175045516476
WH-SO-1,2023-09-17,Southeast,3682,194.71128673719548,98.8772718543706,94.95721997992275,38.529369335093335,2.8901283100619244
WH-MI-2,2023-08-19,Midwest,3343,135.57746486532236,98.48945450181908,91.14742293483104,58.257540088652014,1.5594795273267663
WH-NO-3,2023-02-03,Northeast,6251,248.72306063632755,95.85632749266404,87.4403899152614,69.99286657204155,3.060051686310278
WH-WE-3,2024-12-22,West,6175,167.55374842782925,84.68160619949097,98.29633797200597,89.16932815232686,2.340689615946623
WH-WE-4,2024-03-06,West,4580,217.7047282559742,89.97143650103688,93.00585958355808,78.69221860260923,4.367278326718784
WH-MI-4,2023-04-29,Midwest,3140,156.02216761509132,97.23709910794078,86.4272082074372,84.16747472125847,3.5125326513418704
WH-NO-4,2024-02-20,Northeast,6310,259.7214510970994,98.0681354310324,88.95109944250194,73.01587353405968,3.2331573675352603
WH-NO-2,2023-04-07,Northeast,6466,193.77782220115628,92.36087166560077,97.03523450256199,85.87941302694672,2.2484763794512
WH-NO-3,2024-10-21,Northeast,4324,217.39268972635918,89.45541230899764,94.46031831232237,73.81691451059379,4.379573704510836
WH-SO-1,2023-05-20,Southeast,7155,144.37083765499398,94.85134450850009,88.15915478671663,67.57699210095853,2.141416700279505
WH-MI-5,2024-02-11,Midwest,6647,356.96524731028995,95.25116837881836,77.22538003163689,55.14803589780447,2.257136758408709
WH-MI-4,2024-04-09,Midwest,8245,144.80487672355028,92.50896114423752,92.49988754894748,65.59112631250403,4.042783009751487
WH-NO-3,2023-01-18,Northeast,6278,163.634837334607,82.15272682999142,87.59208805776693,61.43298495912121,4.4833538317784605
WH-SO-3,2023-12-04,Southeast,2994,238.64829258472983,91.4098246703811,95.68650841433475,41.66974591416671,3.5770847977003157
WH-NO-5,2024-12-27,Northeast,3778,115.8734410080506,96.19277773220041,91.62746890536813,70.69451492941478,2.042486803434437
WH-NO-1,2023-12-31,Northeast,5384,258.2439955305513,94.97257777924382,94.20758703586401,70.52895379212615,3.557117470863952
WH-SO-3,2024-04-23,Southeast,6746,196.23450177789238,88.57209709931993,89.64714834143396,56.036900187160775,2.0339007101694473
WH-NO-5,2023-10-24,Northeast,3524,249.93343953220574,96.87491579219142,91.75420222374487,75.7542920311277,3.715115671109782
WH-WE-5,2023-11-22,West,4114,92.29046294625975,95.7342932448621,98.30733858834651,69.22310669642371,3.843635624627115
WH-SO-1,2023-08-31,Southeast,2552,287.64586289767067,94.3300109525704,92.56672868849736,80.1653620289319,2.1034742505772956
WH-NO-5,2023-11-03,Northeast,3441,214.73645732654722,96.23516364466263,88.8167301005537,93.89401922166991,1.8160338692511708
WH-WE-3,2023-04-05,West,6065,135.9449609829216,99.91659709218175,88.79720467596522,50.916520892749325,1.640586415947486
WH-NO-5,2023-05-22,Northeast,7097,154.33307349396426,97.57650204712485,90.48127046834615,58.61790524859184,1.9393671960100238
WH-SO-4,2024-08-20,Southeast,5533,232.35749542812172,99.5577741091079,88.26971686177133,82.99369867781606,3.9132547441135275
WH-NO-5,2023-06-27,Northeast,5736,172.74105500367725,98.79416100297775,90.91969888665771,78.97877266921276,3.3935673096772363
WH-NO-3,2024-04-12,Northeast,5644,126.08141218640225,98.93167092918114,92.53468828766435,81.82462661078421,3.9092133088568897
WH-NO-5,2024-02-18,Northeast,8101,235.96047265494582,99.25709446473154,96.20665972837253,42.04692413587393,2.6479215508281726
WH-MI-2,2023-02-14,Midwest,7436,286.25339675059524,89.95718012137826,94.3506342744877,55.146338053986824,3.457100351433004
WH-SO-4,2024-09-30,Southeast,3291,180.72650341666127,99.31001034855488,82.96571953437918,57.121528889988724,2.7419003617817532
WH-MI-3,2024-09-26,Midwest,4405,198.4884940833025,98.49909296186583,97.14453745149441,43.9115561567201,2.898095047766625
WH-NO-3,2023-02-16,Northeast,4215,197.52577017312686,85.70132694875947,90.14971791155604,91.02665369242038,2.176282336049729
WH-NO-3,2023-09-11,Northeast,2157,233.034814692326,98.99463108845555,90.2470093556757,83.82066561780923,3.5425981007392635
WH-SO-1,2024-05-20,Southeast,5544,225.4193237033365,99.7940671385993,95.48148619162461,66.35368556240061,2.3176081294213438
WH-MI-2,2023-02-11,Midwest,4408,210.0993162427896,93.25801000945275,92.54747131496148,87.06511597101976,1.9486622957121187
WH-SO-5,2024-09-11,Southeast,925,204.15062683037922,92.01592980123098,95.69352317926572,76.67255033199376,3.9955038835865095
WH-SO-1,2023-02-27,Southeast,3119,146.14234093853597,97.28143019583139,95.21218637903816,79.08886450094536,4.280867451374778
WH-NO-5,2024-04-18,Northeast,3256,133.00918198203237,93.63409242637766,86.06608198215795,89.63288294448213,4.427839580517909
WH-MI-4,2024-07-18,Midwest,4662,210.8805138569368,96.9006549400816,96.89483170855779,71.36361304090981,1.5399105024327144
WH-NO-5,2024-05-26,Northeast,8973,239.847659736425,89.74682371591565,87.8539732368602,68.31226987772865,3.676095290918187
WH-NO-3,2024-05-27,Northeast,9695,152.93166956936187,88.1671962286684,77.80173214849364,58.73246670684947,2.5682285103362963
WH-NO-2,2023-12-21,Northeast,6229,179.9296940573658,98.99650591315543,81.77064312173938,57.0470298597042,3.27211359521472
WH-SO-5,2024-12-16,Southeast,4211,156.57516054125165,99.43851467762934,92.2730531015977,79.24166084165292,1.9797626454997534
WH-MI-2,2023-07-26,Midwest,4867,246.85964161690387,98.08026585175885,93.85566756675448,49.44709992294541,2.870267531477241
WH-MI-4,2023-04-05,Midwest,7224,185.00554122219907,95.67999619950413,72.99076146135036,82.39924424914538,4.345592368323345
WH-NO-1,2023-12-02,Northeast,5257,226.94435288757916,96.23072328910654,90.26923725105208,44.715026315835004,4.369147472405874
WH-SO-4,2023-08-30,Southeast,5502,192.815984562647,93.74681441669009,94.023237519497,68.34192422650742,2.054043971930737
WH-MI-5,2024-06-02,Midwest,7651,299.6818935320307,98.66233877277878,81.63680423201652,82.51942128959419,3.0270392518884925
WH-WE-1,2023-09-05,West,4463,234.0040810918684,97.94729739822195,88.05492695455334,40.63589821978929,3.613949618501164
WH-SO-3,2024-05-31,Southeast,5073,154.34593963940304,99.01156859420045,90.15079632130188,63.9139364910327,2.148804484920002
WH-MI-4,2023-03-11,Midwest,1384,146.2121313112595,87.68045669374038,91.9847845118213,79.15440166707116,3.3104804998427486
WH-NO-5,2024-08-06,Northeast,3408,303.32434222099147,88.2932226694343,90.36540753021778,46.80614822269454,3.607074334290699
WH-WE-4,2023-02-03,West,5901,305.90048534174935,96.71031706930438,61.64515968667522,56.95471776148241,2.891276219580227
WH-SO-3,2024-10-08,Southeast,4262,231.8534932883669,96.76477817303041,68.04575656291594,46.19865797341674,4.414325952476522
WH-NO-5,2023-06-06,Northeast,5318,147.41530366786444,98.23767029183624,86.14479254195537,88.00315961774334,2.5157353101803337
WH-SO-2,2023-01-18,Southeast,4596,276.04221849433,98.90107377967745,92.11508989513058,43.83184665714271,3.941344938156516
WH-WE-5,2023-01-22,West,4370,288.66808587673637,86.74038099214586,92.95711739947683,81.12205678100291,3.5636695536704153
WH-SO-4,2024-04-30,Southeast,4452,211.75176516992147,95.48564130197505,93.66343964117753,65.7433541063569,3.9014949298412205
WH-SO-3,2024-05-11,Southeast,5912,196.72884671520677,93.56050826952007,95.91250434483918,66.75448450656974,2.705358606789152
WH-SO-3,2024-02-11,Southeast,4258,226.9591430420636,79.58515369811478,90.5028253291688,82.03156154076308,2.69759666689854
WH-NO-4,2024-07-22,Northeast,4883,208.0151332265702,97.6366995982827,82.5718575074604,40.92576660173328,1.67745974573845
WH-MI-5,2024-03-14,Midwest,8064,241.19966191312164,81.21026997350683,98.32556470795154,85.18602015812134,4.246648924643422
WH-NO-1,2024-07-06,Northeast,4178,177.6490632847953,98.12692855319361,78.82715381055978,59.597979024982884,2.5722556645641994
WH-SO-3,2023-12-26,Southeast,6808,202.84283588294971,95.36816783092715,96.41945634786349,57.49564005064839,1.5430888056585934
WH-MI-1,2023-11-11,Midwest,4949,194.2149370295557,90.60852359277668,86.05519690443727,97.13499068771416,2.767342667195276
WH-NO-4,2023-08-08,Northeast,4435,208.79490625570787,93.84575901906932,92.41837626790121,53.59676728928919,3.878871476511318
WH-NO-4,2024-08-15,Northeast,4296,242.76131320468588,93.50980761924131,96.01191780664305,78.0950166366561,2.7812730425693544
WH-MI-4,2023-07-18,Midwest,4175,191.76641584412596,98.78119810227423,92.33499805794733,89.71446593248056,2.111792611265474
WH-NO-3,2023-06-23,Northeast,5531,244.32352141498973,89.57986494863434,73.8577067106047,56.16353363131829,4.493088330126438
WH-WE-2,2024-10-02,West,4757,174.83724695405272,97.7142836239259,94.56275669396311,62.199382981394265,2.644905990068724
WH-SO-2,2023-09-23,Southeast,4777,158.59981349138846,99.8878923133302,91.1255468442818,66.9839896576346,4.47443346733368
WH-SO-4,2023-03-30,Southeast,5934,263.71546248225854,90.46659162803529,94.54005819100159,77.89357737914922,3.4408057124781526
WH-MI-1,2024-01-26,Midwest,4522,160.304658855411,97.51023269257041,90.28697991640804,25.044444868560557,4.23246793244922
WH-WE-2,2023-09-06,West,2959,182.9830705976458,98.56724395052282,88.56989170783713,65.83231958154934,3.6217233926336467
WH-NO-5,2023-10-24,Northeast,2323,180.42253592687854,97.37174917732324,76.51394918170705,68.69572922384424,4.301046974285375
WH-WE-4,2023-09-18,West,4060,232.97121052343977,99.65902081113842,93.92411690959565,64.37890486296526,3.68305170360789
WH-SO-3,2023-04-02,Southeast,7982,237.18325063598905,99.75690428858032,96.30253294557531,64.95855711621292,1.532194095147474
WH-SO-1,2023-01-20,Southeast,3268,237.6037872335582,96.16833251291797,86.82200077795858,65.21059547113556,3.0199515221903575
WH-NO-2,2024-11-05,Northeast,2784,225.48013694420862,98.43289368156493,86.36044684868975,57.496732791541696,3.757075605910804
WH-MI-4,2024-03-26,Midwest,7435,333.5460556398269,96.69791646582578,75.8160694120453,63.371148519124965,2.345975623658308
WH-MI-5,2023-09-19,Midwest,5087,233.32117079880317,88.59468890123264,89.77622662907112,56.99724459638118,1.682883834862476
WH-SO-1,2023-04-08,Southeast,3903,274.46495142101026,99.02930152061984,77.42564491101443,59.97625210080789,3.9360610779365692
WH-MI-3,2024-11-23,Midwest,2432,196.00647726164462,99.72792342059574,94.14908726488099,77.48848143690873,2.9933273941189418
WH-WE-3,2023-11-27,West,4180,69.41818374433538,95.9056719380611,82.94436639673016,62.284234115839176,3.759868819741483
WH-MI-3,2023-04-08,Midwest,7101,89.05497499105506,82.00411627592531,83.76029478760292,50.253403382849584,2.4243005102375683
WH-NO-2,2023-06-24,Northeast,7104,181.09607967506992,98.9216748601501,96.27094969154152,45.961183239611366,4.119373792523593
WH-SO-2,2024-05-24,Southeast,5576,196.57455975625624,77.12227954293932,96.83141529473868,73.83220956241688,3.349964406055003
WH-NO-4,2023-12-28,Northeast,4837,196.0581907158235,99.15848356506451,78.69924696535888,92.44284838792217,4.286936359285781
WH-MI-1,2023-01-20,Midwest,3389,158.86098879754178,97.35957212762092,93.39320590102095,62.73090619873789,1.9689109353943173
WH-SO-1,2023-03-02,Southeast,6946,273.87174502590176,94.26011530923665,92.10630651721566,92.08981805227906,3.769846233610578
WH-SO-4,2023-12-07,Southeast,5153,168.74855430275187,90.4559890981765,64.75873128923514,69.25049188404053,3.054946134816948
WH-SO-5,2023-08-28,Southeast,4190,96.53417660819335,89.46576113937257,81.45726998504955,73.7394015453052,3.283567038232752
WH-NO-5,2024-06-29,Northeast,6629,211.95351988628607,97.28931382097507,91.33825033429122,65.35814292777437,4.187016691639113
WH-NO-4,2024-11-10,Northeast,2941,254.7323276538975,99.4619036445064,86.19294508402145,73.29489711925203,1.846925815640085
WH-NO-5,2023-12-28,Northeast,6261,255.92837284040803,89.04335660992959,77.0157615705136,63.91353551540341,3.1657305172195813
WH-SO-2,2024-05-19,Southeast,7205,211.78780187279705,99.70442325317363,83.19232125810045,76.79476320418685,1.6000708897524087
WH-WE-5,2024-12-18,West,6476,139.81023504268524,99.0276872667141,98.80716108443805,74.38670735813264,3.725188688952535
WH-NO-3,2023-08-09,Northeast,5154,259.8214505077719,94.56488211261693,86.236509228279,40.96794371236883,3.8093766206667192
WH-NO-2,2023-06-08,Northeast,2847,236.73023201682412,94.15001449334,78.72946685423004,65.82106208044473,4.117716222488267
WH-WE-2,2023-11-14,West,4826,203.5366370288874,95.70675786081782,83.6239715271787,50.350215363640174,4.258619016559802
WH-SO-4,2024-10-18,Southeast,5517,220.0386209661522,99.08158663955736,95.10132428655771,58.02162093738485,1.8321355159942785
WH-SO-2,2024-07-27,Southeast,4337,130.18783605845704,99.8263681078608,82.07300462253419,64.3749788365076,1.9542697479575348
WH-MI-4,2023-02-24,Midwest,7016,194.02445278378877,90.69383126339238,92.37597928306324,75.88397637018403,3.381656701339642
WH-NO-4,2023-10-23,Northeast,4411,125.51444656730942,90.84299248643225,91.24391340997305,50.50618805658633,1.9037416076042852
WH-NO-1,2024-02-25,Northeast,4814,184.5411983639027,87.74330217926254,88.5044580367728,57.18076234918578,2.2207387416236886
WH-NO-4,2024-05-19,Northeast,8195,282.7938412759475,78.13161552250848,92.57029777060211,70.69916269411502,2.7836447172573573
WH-WE-4,2023-03-27,West,8069,178.45232469870652,91.20394741344987,97.78221823727819,42.882441847312975,4.1210060474201775
WH-NO-1,2024-10-08,Northeast,4549,210.17412756245108,87.47660624178677,80.12670418373709,92.94140775924839,2.640162946491848
WH-WE-2,2024-03-31,West,10255,179.58508547314054,99.58828197978998,53.495483088030085,77.99928767743857,3.9624545934794173
WH-MI-5,2024-07-19,Midwest,5101,211.36900455354925,90.37702186920215,81.81690770836333,69.92894379056457,1.8523736962265904
WH-SO-5,2024-02-28,Southeast,8048,251.41238511151198,98.76394093017056,77.65964523201419,89.10282159609024,3.9573729575616206
WH-MI-4,2023-12-23,Midwest,7167,152.73707511524566,99.56013909153607,94.22649510049986,84.90914794005205,2.6403512963647904
WH-MI-4,2023-07-15,Midwest,3247,170.9399894778898,99.58493390483372,92.74605369124208,75.42149177443082,2.0158896431947864
WH-SO-5,2023-07-04,Southeast,5261,242.54246924185247,95.85753915550967,82.75609029801325,90.9736094563908,2.5946840320661932
WH-NO-5,2024-10-16,Northeast,4493,220.6721552111528,98.88161116638832,98.3077777828203,83.42991326238408,3.6768739776588926
WH-WE-4,2024-06-19,West,4996,136.21179553919188,99.14584764183026,95.64932490195778,61.66910406546261,4.091604998452293
WH-NO-5,2023-08-02,Northeast,3831,257.2021343921862,94.12986099503513,90.09323409255468,90.10916163354165,4.091044722891764
WH-SO-3,2024-07-07,Southeast,8446,120.13437720311173,97.81348264481706,77.1853906826287,55.663352151169796,3.4710029362881145
WH-MI-3,2024-09-22,Midwest,4568,243.720023266039,99.9498305740017,78.75385147088433,48.355497239789344,4.48502912811202
WH-WE-5,2023-07-14,West,6453,204.07151370023396,91.46223029236113,87.55434444640952,89.25903506087953,2.6971431529355208
WH-MI-2,2024-12-27,Midwest,4797,147.10068103910305,98.47254130668107,85.86545686507353,78.20296819772312,4.380725922945337
WH-NO-3,2023-01-22,Northeast,5114,246.30946931598803,98.06641200379408,92.01360617895973,77.49374145031108,4.038502162738923
WH-NO-1,2024-02-21,Northeast,4550,130.61968593176226,98.17479297195342,65.09205604825232,78.4834432447579,3.466235485624031
WH-SO-4,2023-05-24,Southeast,5908,159.03380553418575,93.7416040828184,90.62689849149564,79.49543564925595,2.669811693604986
WH-NO-3,2023-02-14,Northeast,5908,174.49551295203912,99.19753411564976,72.25526512237467,38.89617597390424,3.8987027739738145
WH-SO-3,2024-03-22,Southeast,8333,160.15565979369782,98.39055272246424,85.46552825257707,83.78150823848411,3.7813365793594302
WH-SO-4,2023-01-21,Southeast,3306,226.38531077102076,96.28294963984385,96.26198130070188,78.30462384208191,3.75254281061215
WH-WE-1,2024-08-21,West,4020,214.05299626253927,90.27319835382664,95.36802908372157,52.414256898560076,3.2510294733882095
WH-SO-5,2023-01-02,Southeast,4557,187.6241841486329,94.99382374995439,89.65641983777213,78.50359593062738,4.45459095429267
WH-NO-1,2023-05-30,Northeast,4479,154.32203346820597,96.54483695413936,92.9943027591548,80.6841311491882,3.7922052984618513
WH-SO-1,2024-06-10,Southeast,6856,184.01505736989006,97.22989951738714,86.17510922704564,71.97697040523303,2.967622477306706
WH-NO-2,2023-04-09,Northeast,6122,176.58463421431324,96.95290681278429,97.92245395985803,50.34273446249501,3.70569648334439
WH-WE-2,2023-06-26,West,4669,169.8202483586811,90.06971953300062,91.43318928854531,71.4152204184879,2.803530247010527
WH-SO-3,2024-05-11,Southeast,12477,225.3855819635012,99.26616210168227,95.87722009965857,60.96953492263894,1.855556353161931
WH-SO-2,2023-03-31,Southeast,6991,257.84776333397565,99.29366448335712,90.41505935539352,73.32246137395832,2.05453685570621
WH-WE-1,2023-11-12,West,4645,175.90196053742648,97.53730198978165,96.82156088533725,67.16002891509605,1.7841896082564
WH-MI-3,2023-11-11,Midwest,4433,184.8131712843069,85.71031394149203,85.71809652300065,60.98194332243615,3.5096712342984167
WH-NO-2,2023-12-01,Northeast,4783,219.27717198839468,92.29711166778742,89.49793271396497,81.90096690272021,1.7590333153250375
WH-WE-4,2023-04-12,West,7647,295.1686729188701,90.19097203346172,89.9115678265386,79.75067923350247,2.356513583616079
WH-NO-1,2024-07-09,Northeast,5415,203.55635989580907,98.51929094912758,83.50424999196903,76.52506825698518,4.157281502742026
WH-SO-1,2023-01-10,Southeast,6710,284.3947170352053,94.81543059452376,93.41781660562198,90.2747021471644,3.371579531964155
WH-NO-2,2024-04-23,Northeast,10638,141.21891759396496,97.29786335496142,90.28024393493727,81.4392523734901,4.224209954311493
WH-WE-4,2024-03-29,West,9793,141.79403188951724,81.9909581331721,92.3839193830684,78.15998830023746,3.0595038186406422
WH-SO-3,2023-02-02,Southeast,3352,116.70235012427156,99.20965975486692,89.31898292933654,55.538338026183695,2.5453148121824927
WH-SO-5,2024-10-25,Southeast,4066,251.4282392393349,98.25599664944404,77.66500472756671,46.81271313634541,4.229263928763732
WH-SO-3,2023-03-22,Southeast,9328,208.16042795144523,94.94460879668239,76.72107731452768,70.01532958963223,1.7455734225696875
WH-NO-3,2023-12-27,Northeast,5570,228.85743284449958,91.64919969756473,96.45494177696212,79.27107614574646,3.8684938419137813
WH-NO-5,2023-02-22,Northeast,7657,189.98979192538633,93.1757812661434,72.04778425582496,84.70797822558994,2.344580960385264
WH-NO-5,2024-10-17,Northeast,5201,248.98563610408127,99.6467134177202,92.37031087779913,61.685709268360014,3.815049555999039
WH-WE-1,2023-01-28,West,5971,180.29655289181738,94.13765552037836,75.80259909479683,91.0557000133885,3.163963397081224
WH-WE-4,2024-02-10,West,8559,165.18337096262417,97.62812261639769,75.23846306431453,84.87032090895457,2.4113333471702885
WH-SO-1,2023-04-22,Southeast,6561,236.09349054363918,98.90600248724894,97.36257082404165,37.14327298027173,3.007928324268179
WH-NO-5,2023-11-30,Northeast,5645,153.08439960568887,98.55854579679713,74.04331195904112,74.22485731669178,2.2890235121589857
WH-NO-2,2024-05-29,Northeast,6488,180.7669022005115,95.30228166070908,83.89067964168134,70.9829378788449,2.894323500368808
WH-SO-3,2024-11-08,Southeast,3607,233.7139310345705,92.96550201625732,80.17894169400648,45.99133926935046,2.084543828858174
WH-NO-5,2024-10-15,Northeast,2980,232.19429917357905,96.95691009817989,75.61047702651376,51.47197812276656,2.61096381440176
WH-WE-2,2024-08-16,West,4096,158.19479897298586,96.21609634572039,79.66683221299591,76.26851247517467,1.8174406041138036
WH-SO-2,2024-12-09,Southeast,5030,148.29730285089013,99.95970918150095,88.15447121098599,90.86398329970572,2.0450036833513696
WH-MI-3,2024-02-28,Midwest,5899,202.08554523405044,93.937709569868,94.51156779205475,78.96175190226018,1.8675382867908477
WH-WE-1,2023-05-17,West,6489,175.51724435861885,95.88988956969695,79.02748237326944,76.80491848521099,4.198910992581218
WH-WE-1,2023-06-07,West,5088,112.45227057180587,93.67763825419698,72.47183922857042,14.003157422285847,2.881400139260715
WH-NO-2,2023-08-19,Northeast,4464,63.43498340418549,97.29439295379724,73.11763048538383,60.86811816659407,1.7670714466789603
WH-SO-5,2024-12-09,Southeast,5649,237.52318838370374,94.48284893759374,82.0906272416538,53.725052795994344,3.755285091990116
WH-WE-1,2024-07-26,West,4265,225.97916450392927,99.70859933232315,92.9834333452558,81.32058319099367,3.266442443778279
WH-SO-4,2023-10-26,Southeast,2846,152.15246105756793,99.82385546475386,88.6991566167161,85.66037963605967,2.6980787029582673
WH-NO-3,2024-01-28,Northeast,5858,211.44855511923151,97.21299007546705,85.9698370693677,94.23948436558067,2.063584235117313
WH-WE-4,2023-04-29,West,6654,225.51352641014702,97.9062014025277,91.99332147631597,57.42894235792215,2.430020877462633
WH-NO-3,2023-04-26,Northeast,5269,154.96400569624697,85.34345841645667,95.74785393213308,80.1805265809871,2.3225046943266463
WH-SO-3,2023-06-10,Southeast,4608,155.43421786307997,99.24117299614011,70.37576327373405,36.80987212331453,3.62789999575459
WH-WE-4,2024-11-22,West,5095,153.10852222765243,98.155762473278,84.59968550977673,40.07129232990418,4.219837708985372
WH-SO-4,2023-01-05,Southeast,4731,207.8795295815197,91.4629659103568,78.59642508814828,55.973153871866685,2.9393454278019746
WH-NO-3,2024-08-12,Northeast,4203,184.277033131193,98.37620337987477,92.80702511770282,93.47967805633546,1.9446855541958694
WH-SO-1,2024-03-27,Southeast,6976,147.39044952812367,95.91910714162908,88.96092904346358,88.90146092314161,2.1865967304709177
WH-WE-4,2023-03-05,West,7619,200.15192887418957,90.22042798115044,92.24468158970063,65.88689609193756,4.148031967820386
WH-NO-5,2023-11-18,Northeast,2542,222.73784242851926,96.13019383268531,94.38904951332303,63.93930857277965,1.9988287214621532
WH-SO-3,2023-07-06,Southeast,4005,167.02460183169342,90.44887965398543,87.70279409246591,74.1332786299339,3.060134940261557
WH-SO-3,2023-11-16,Southeast,5186,259.812986904855,98.4706451882114,84.67141880067861,60.04776374787316,2.6145362329061563
WH-NO-3,2023-10-15,Northeast,3259,263.23525352294627,93.99620076617052,88.09392833287212,82.40099227767138,3.8735952927884676
WH-NO-4,2023-06-24,Northeast,7325,218.40638604997713,81.89549880622751,86.57304074136843,45.41894581608552,1.7765689292992592
WH-MI-3,2023-10-02,Midwest,2561,299.6994659678357,92.37091385706567,78.6676860103041,73.58189355333154,2.6844451465169175
WH-MI-3,2023-11-16,Midwest,4029,258.0979001774472,94.74052069764622,91.17353903371936,51.33906326622038,3.356846471412958
WH-SO-5,2023-07-02,Southeast,3348,192.8874191873881,98.85683285872443,87.224291874764,44.08854074326518,2.534500100165368
WH-SO-1,2024-12-11,Southeast,3037,247.75342498715747,94.81294021760327,87.89831189806154,68.61556380833616,2.076506295223875
WH-WE-3,2023-06-08,West,3573,229.03643378462684,96.55355577454894,82.82915932086212,77.88437981396183,3.2688419259555275
WH-NO-5,2024-03-26,Northeast,8291,108.28922708597867,98.15857712747605,84.08753716488854,57.11200252083381,2.6151079935064874
WH-MI-4,2023-11-08,Midwest,3324,202.03814545294952,97.80005131981862,91.40329777940043,59.875490522178445,4.434022754894844
WH-NO-1,2024-11-29,Northeast,4125,215.05502796796188,97.31952258804475,82.7146808831425,76.70419706006325,3.706584662861774
WH-WE-2,2024-10-13,West,5263,153.46545265971017,93.21671124837574,90.63055074965405,66.23756329875005,2.1923015358463314
WH-MI-2,2023-02-28,Midwest,6262,195.4921126619979,97.27876635832617,85.08298703827288,69.33876674415083,3.0954380784178013
WH-NO-1,2023-03-23,Northeast,8182,268.87522625189456,86.54115749917918,66.29467343476267,53.15911044976723,2.798816375360033
WH-NO-4,2023-01-24,Northeast,6929,201.88542700130745,98.98322172612129,94.69395172363812,57.89820886684952,3.0351093289091233
WH-SO-5,2023-08-02,Southeast,5601,200.07737364573686,97.43606976294352,96.11733757073031,45.859486616829315,2.1660465125124064
WH-SO-5,2023-04-26,Southeast,9119,93.60778133310804,98.31726650941596,90.58071565658167,78.31758318215934,2.949416749569509
WH-WE-5,2023-09-19,West,2124,125.5396970161278,99.09720283011964,93.78760894176703,85.82698846029592,3.9588773373354655
WH-SO-2,2024-02-27,Southeast,3029,213.48737134430053,92.8368968349884,84.45881359726108,84.30648605242017,2.2221323570789155
WH-NO-4,2024-04-11,Northeast,11168,156.70034160490982,97.60419540496211,92.1405434341114,65.80395510916614,1.8005962527795027
WH-MI-1,2023-01-23,Midwest,7913,310.8915591623598,92.55678451976837,90.04042678328929,66.0587798534992,3.7024306257137463
WH-NO-3,2024-07-03,Northeast,6748,172.97875414193098,98.77943415333583,93.13096479285934,48.021532474721795,4.289112406353251
WH-SO-2,2023-07-03,Southeast,7261,263.316569058929,98.86123386386618,89.76238529542701,76.83952568255027,2.2375787401734875
WH-NO-2,2023-12-09,Northeast,4669,192.34785159010372,92.1341978808543,93.24422381325894,30.942620855945062,2.8519885130857436
WH-WE-3,2023-04-23,West,1022,170.91419452268542,91.79541301520887,86.3408814301045,75.62779737516769,2.6869255440691187
WH-WE-3,2023-07-29,West,5428,227.11897383115917,98.70682863710539,85.37222512222617,96.71083955776353,2.214207459737939
WH-SO-2,2023-08-18,Southeast,6254,139.07613217494975,93.72680826298453,88.63863336828504,51.76081013361634,2.5650818900154824
WH-NO-1,2023-03-08,Northeast,5154,268.5201488648197,93.7047463402132,93.52364358086253,84.08017473400211,2.7080455123618923
WH-NO-4,2024-07-15,Northeast,2106,228.77006062249643,97.16987486896616,80.26085007122472,63.200575671371304,2.3477851748904413
WH-SO-2,2024-06-26,Southeast,4765,113.77486590329214,90.90965605489278,94.99972073421537,44.95950750170976,3.7072452790612087
WH-NO-1,2023-06-26,Northeast,8598,178.4888638435935,91.97862468221021,78.25479404086818,44.29488721219937,1.6291071297903321
WH-WE-2,2024-07-06,West,2205,240.63655695837275,98.03237182323097,79.0699473710737,69.19669209277971,2.8941621125873156
WH-SO-3,2024-02-19,Southeast,7858,227.5670200437232,97.36912514381098,96.84310000740814,80.06286202866687,2.956142708667775
WH-NO-1,2023-01-06,Northeast,4139,228.95792352985495,98.3809994649059,89.20109944505668,61.547654516522066,1.9575761118138835
WH-SO-5,2024-02-09,Southeast,6812,177.1471088719643,85.71135731302508,90.53800824713764,80.8995858642413,2.2739361351348166
WH-NO-1,2024-08-24,Northeast,2446,208.96723377623778,97.38230816629748,92.4823010029012,72.3780961513656,3.9593086217217994
WH-SO-1,2023-08-07,Southeast,3752,249.38324475789844,94.03805402056115,73.77422566585925,41.54220328818947,2.809635510008779
WH-WE-1,2023-07-16,West,5683,147.39646577245037,98.72184881569173,94.11243293836364,72.64952288533163,2.699405369164687
WH-NO-4,2023-06-08,Northeast,6887,152.26997256286734,99.32809674247251,88.1705976432333,69.73741691709156,2.5030218635395745
WH-SO-1,2023-05-28,Southeast,4390,248.19594993001493,95.97233478899709,98.89683407699596,85.42124744646006,2.7773503345094914
WH-WE-5,2023-05-16,West,6067,261.22885813797524,97.15743888138772,88.78287853447968,87.79405073002131,2.2447354511530806
WH-MI-5,2024-07-29,Midwest,2924,136.07210160144666,97.79613225239514,95.58527908826946,84.69289148674729,3.2746058229054027
WH-NO-4,2023-09-09,Northeast,4486,190.70270408038658,99.904691033898,91.51186350715307,75.04787470888269,2.5655885289701414
WH-SO-3,2024-03-24,Southeast,8870,232.9204669912067,99.86521678863357,77.94164046414089,40.916599308442066,4.347688111109855
WH-WE-2,2024-01-18,West,6897,186.18451789393367,98.76163984969988,74.00526220423642,69.32721761929011,1.691614101654059
WH-SO-2,2023-12-01,Southeast,4103,163.99910309045683,89.60653118626234,89.00290448781125,52.91455497199016,3.3458620312928073
WH-NO-1,2023-10-09,Northeast,3127,198.46964132382803,94.81546717871264,82.74300635658638,37.08161870593055,3.7426555747474826
WH-SO-5,2024-04-25,Southeast,5917,153.93247843753718,95.80767532709763,78.69710612653685,53.900839740013396,3.00012557158591
WH-NO-1,2023-10-11,Northeast,4237,225.63518476949668,89.46474755955444,92.91325924734276,55.06168019746449,3.7006016941630495
WH-SO-5,2024-05-08,Southeast,4068,224.91007052076958,97.25168973615294,89.76517820508853,57.20692313992773,3.9234456706877863
WH-SO-5,2024-05-07,Southeast,5758,246.15034848208393,93.93579006499667,81.29072781992942,57.80614444749468,4.462723294434044
WH-SO-4,2024-03-16,Southeast,6657,189.30640451606652,94.1545193358985,95.4508284409932,82.96290264608281,2.9206485111939653
WH-SO-4,2024-03-22,Southeast,3092,99.14785020316323,92.0161445387698,96.91701989986666,75.49999625242998,3.4352046226017903
WH-MI-3,2024-04-26,Midwest,7511,180.13572513668475,99.70555927630002,87.23930952585299,52.49360209603188,1.681811588268948
WH-NO-4,2023-02-15,Northeast,3695,200.7815306372662,94.09455907184893,85.29336626837309,55.89359858035778,3.378330351459309
WH-SO-4,2023-02-09,Southeast,7941,200.7187613156048,91.68332638624575,92.4223305898061,70.59004511647476,2.4699264854747938
WH-NO-3,2023-08-19,Northeast,4678,149.32771401400214,97.99749732027918,86.07884153168082,93.68345120653623,2.196615825663765
WH-SO-5,2024-01-10,Southeast,4614,303.1529221180976,93.92127752974928,93.9967506804861,53.08978339438182,2.252811929145517
WH-SO-1,2024-03-13,Southeast,8971,233.73960148260838,94.97166362592704,98.38606071235334,79.59626487764126,3.1843283090265784
WH-SO-2,2023-09-10,Southeast,4503,161.59716852637013,90.28268078234782,92.72785857060099,78.09366483755323,2.150715984373538
WH-SO-2,2024-03-02,Southeast,3095,211.3085824599754,96.59633309741,75.13018117094265,76.1885631622859,2.8468035383785018
WH-NO-4,2023-08-06,Northeast,6347,121.3135025797504,97.5038343984237,93.84158428603958,48.5867913546654,4.093821717970753
WH-WE-4,2023-04-10,West,4780,221.38045429801184,99.59651622267394,90.19201443820648,72.00859288274926,3.216264148482824
WH-SO-1,2023-07-26,Southeast,3071,149.17574293146927,98.13560200310509,95.12027086983078,37.46889395961544,4.19442716280399
WH-WE-2,2024-03-29,West,10158,224.83836249747094,80.40658850412098,90.82524131532713,60.314168844701754,3.5400747568289597
WH-SO-3,2024-05-01,Southeast,7679,136.43971915036485,95.17466056814605,97.15658550594351,86.74500210065625,3.18273489279853
WH-MI-4,2023-01-26,Midwest,5215,167.858539944842,99.92831977617087,94.53799688452162,78.56551946941799,1.9027543571277716
WH-NO-2,2023-03-11,Northeast,8702,192.00060216192375,95.61423312627795,87.03294901567168,90.6741497463058,2.849140467763661
WH-SO-2,2023-11-03,Southeast,3959,183.18351680586068,96.60020021878067,63.712820248017636,46.264890110167975,4.181854556786417
WH-SO-5,2024-06-05,Southeast,3597,223.6963936460695,94.91193510853903,95.71115197607536,59.31584526373182,2.5048509409038395
WH-SO-2,2024-07-11,Southeast,5604,190.6582257036511,99.37512308416284,88.37868800242238,81.4952006612778,3.200596357477402
WH-NO-2,2023-06-20,Northeast,6563,225.61495631208555,81.47048725557869,95.4220353216939,74.74877473787001,3.424099631346558
WH-SO-2,2024-11-25,Southeast,3672,159.37286330808456,92.05634927596333,94.3870320981327,60.380760203356445,2.7534646865618235
WH-SO-2,2024-03-07,Southeast,6395,197.5510342228897,98.19951367473692,87.8088595365955,52.420898549959205,3.631172804099014
WH-WE-3,2024-05-14,West,5532,178.5268505540259,97.29908802992793,85.97139842729901,73.61304374234308,1.5383097012884779
WH-SO-3,2023-05-07,Southeast,9428,185.84707943698274,98.29836736513862,87.38870658121006,48.744222682121254,3.802502125856282
WH-NO-2,2024-06-20,Northeast,4116,289.2677856690613,94.74283466442259,84.51365695983017,68.47921424861626,3.2217652946591775
WH-SO-3,2024-09-30,Southeast,2573,168.83156109065118,98.20957492653237,94.12648879023646,71.58281473205447,3.278120975786368
WH-SO-1,2023-07-13,Southeast,2397,212.21859359502184,95.72168020161448,95.30252678025992,71.40702555421588,1.8555655298303928
WH-NO-5,2024-09-29,Northeast,2542,158.14619984176773,99.67909278124704,91.1643633853251,66.39149102677554,3.7838313192463096
WH-NO-3,2023-07-06,Northeast,4454,196.38646465381453,96.1030619547035,93.95869297938711,59.22831224462072,3.6848249327744393
WH-SO-5,2023-02-01,Southeast,7044,150.13065959507583,89.26112956987687,58.896343725823655,55.303818910663495,4.396969109764285
WH-NO-5,2024-11-10,Northeast,3467,243.405415416844,96.86962835687463,87.09401937620976,57.83749440185404,3.2848436738461455
WH-NO-5,2023-01-27,Northeast,5632,143.11984839453328,99.34231713444062,97.83970186946773,76.5460233075271,4.34030519665137
WH-MI-4,2024-08-24,Midwest,4153,215.00247327903986,99.8865910975928,93.62052345056347,52.830108986905145,1.7200840080033555
WH-WE-5,2024-07-28,West,2086,162.85095132122302,97.62405272161239,84.35611243985434,58.82100884778361,1.6041094845091068
WH-SO-5,2023-04-25,Southeast,2986,199.90348639163554,99.76446412391633,88.8325822641814,68.75956423389198,2.312056425855597
WH-MI-4,2023-10-04,Midwest,2700,209.36371122112777,93.57808167815705,96.25097539361472,47.27048170128044,3.6074217660083363
WH-WE-5,2023-07-04,West,4025,166.45233597225905,97.86736616788258,90.30238428278321,58.935900108521935,3.054939210697374
WH-WE-4,2024-12-29,West,2597,238.932175594932,98.71502115421434,86.76221648692601,38.69878441009954,2.402481774011256
WH-NO-5,2024-10-08,Northeast,3377,197.31795321801374,99.79185343566542,96.16583228439123,60.931689287580404,2.0137794148475674
WH-SO-3,2023-09-20,Southeast,4331,267.8356165757583,92.85022388291509,92.95005014394914,73.90516190188625,1.754076117194698
WH-NO-3,2023-08-18,Northeast,3135,227.27368606186852,99.69640675781083,86.02711597801748,69.7651596828897,1.770686457355876
WH-SO-4,2024-09-15,Southeast,4246,265.3892727249708,88.2187078386754,98.53955435687695,65.8599303174266,2.2267872837193967
WH-MI-5,2023-08-21,Midwest,3254,86.51508175640375,95.1312028924086,91.66701901762603,62.75506330376995,1.9675034087959529
WH-NO-2,2024-02-06,Northeast,5211,255.4950929635681,98.59301410251571,90.82086913879806,50.4574619314884,2.6022014835482965
WH-SO-3,2023-07-03,Southeast,1762,243.67510020229008,86.71956002440676,86.20949836756677,78.49112928742925,1.7218035106369387
WH-WE-2,2023-01-14,West,4163,231.30989799001526,96.16475852826187,79.0550452001493,46.49677142432026,1.501285321274206
WH-SO-1,2023-11-30,Southeast,2518,270.2077259422397,99.00402801453357,86.77746144445217,68.31334661742046,1.5872360714361524
WH-MI-5,2024-08-21,Midwest,3427,100.34322022146871,95.58756881090869,77.92804901060674,50.952200750198465,2.1681069459442126
WH-WE-4,2023-02-22,West,4080,230.99566478581482,96.99830397403578,96.98404459122462,51.95018526510474,1.9933126295647612
WH-WE-2,2023-10-26,West,6784,169.38117030873556,96.98131170976804,77.81364677381023,74.35626730711688,2.0140097112511364
WH-SO-1,2024-04-22,Southeast,5885,225.89966384618157,92.40033871513337,70.90740590218327,57.93312282219064,2.03696637975479
WH-SO-1,2024-05-14,Southeast,6919,308.16898063358906,91.31290727526229,94.20125959397103,57.82041243468776,2.4067525767515012
WH-MI-4,2024-01-22,Midwest,5780,188.5174180624751,84.54322199206494,84.1444487197742,67.88840237556207,1.586766602272025
WH-WE-5,2023-01-11,West,7530,197.70625612950056,87.37796229448908,75.12470175399999,38.21738827476023,3.274354668156353
WH-SO-3,2023-06-04,Southeast,5713,199.4451645551863,91.1949443685904,95.27383319304312,40.37161765521039,2.5836663763444547
WH-SO-3,2023-01-14,Southeast,4080,160.5310531798588,96.14172197844613,86.52561679897201,58.77066901970716,3.9603648782448735
WH-NO-4,2024-11-06,Northeast,3722,230.92093566619974,99.15302110477681,80.17470538228328,79.42205412055559,3.8108464808768083
WH-WE-4,2023-02-28,West,6603,183.85050673402785,96.65515690641239,97.934909131092,95.62648888955016,1.6685449341195437
WH-SO-4,2023-07-09,Southeast,5465,149.62727911523677,95.53858134455531,80.8493778454563,62.45119617899122,1.946388041868396
WH-SO-4,2023-06-25,Southeast,7008,214.0074172208854,99.45391058614015,83.29611051150675,49.27993371741928,4.03318870341408
WH-MI-2,2024-06-04,Midwest,7904,269.7270372211747,96.95838246911563,98.00094927327343,66.92228788900168,1.8767339314625229
WH-MI-3,2024-08-10,Midwest,5067,248.9070952886768,95.97879542821772,82.6848700662045,85.68636389258319,2.745310041134865
WH-NO-1,2023-01-11,Northeast,4093,150.73766339082408,93.19089206679108,95.88135129465772,51.62127868164641,3.1000305381578124
WH-SO-5,2024-01-11,Southeast,5516,227.68139248696156,98.20511149928643,82.29670502129332,93.31109529133813,2.8869045133681084
WH-MI-5,2024-02-23,Midwest,3220,251.01070680500297,97.4260931951801,88.76047580042597,77.94702512485094,3.465168953769343
WH-MI-2,2024-02-13,Midwest,6256,258.39089929004774,82.09528608815634,86.76350575099204,33.11681170846267,1.817201974528884
WH-WE-5,2023-11-10,West,4825,188.5109416886552,92.15186050857966,88.69701399232423,79.2601946677878,1.8577206332946201
WH-MI-3,2023-05-26,Midwest,2312,133.5598932392004,98.80564723886674,90.61422994226453,73.48034110664025,2.5782610674900743
WH-SO-4,2023-03-28,Southeast,5664,124.52009840710629,95.9156017090364,94.8626733191021,75.64625323029206,3.2983819005905355
WH-MI-3,2024-10-05,Midwest,4806,215.72201775189137,98.88972538226874,92.93625702877604,79.01289229217488,1.7990085968781782
WH-SO-2,2024-12-01,Southeast,4908,246.06278902369885,98.93846848497459,87.8696945666379,65.23265610364814,3.389867629951272
WH-SO-2,2024-11-13,Southeast,4147,202.26326334982681,91.68416730124379,78.2965888057998,34.8087434009682,3.6972523756030142
WH-MI-5,2024-07-23,Midwest,4628,303.47692426995803,99.02991848245784,70.20252392638632,77.56485224627751,3.2569834054866194
WH-WE-5,2023-09-13,West,4107,324.55825121596365,99.18172950926666,83.85754245221403,87.0261954787877,3.19319142609283
WH-SO-5,2023-12-18,Southeast,8041,129.10418382344093,98.74893771964646,95.80608052225811,80.72436599904448,2.841816257914301
WH-MI-2,2023-07-30,Midwest,5145,210.63696164950085,99.91003269351538,89.92228547576255,48.664490600858514,2.861157583793148
WH-NO-4,2024-07-04,Northeast,5371,173.12567959137314,93.0237672420098,91.11339390124009,29.67499601744981,1.904488533950821
WH-NO-2,2024-10-07,Northeast,2111,237.0067653987456,81.25367292393499,98.297377368599,55.76708613719884,2.8406714294215294
WH-NO-3,2023-02-22,Northeast,7212,159.47499844539252,95.12094260685092,72.82809680200695,79.44880955800778,1.6973784301309824
WH-WE-1,2023-04-25,West,7825,236.19537094938465,99.43630839680142,92.16192932447377,69.78224063685946,2.874605399318876
WH-SO-4,2023-04-23,Southeast,8042,215.18796626278535,98.0506338119999,75.86452426996073,79.07016701207151,3.1234446808318914
WH-NO-3,2023-03-18,Northeast,7955,227.80820189301826,97.09330957482445,76.68275024987938,78.54108763098574,2.538111564377395
WH-NO-4,2024-04-16,Northeast,4590,213.7105399587638,98.58434799211635,86.03095290628985,67.01341735460443,1.8482979831411277
WH-SO-5,2024-06-14,Southeast,5642,216.343607561304,97.71819051807381,98.310756262685,85.11965322632439,2.3263007207218
WH-MI-4,2023-09-26,Midwest,4157,167.96065251060838,98.97151683037545,97.12740604521836,68.6604311021825,3.54907815830262
WH-NO-2,2023-04-06,Northeast,7807,96.74068407124265,95.51197600647205,96.64808912370782,84.78432006608755,1.7575805747282898
WH-MI-4,2024-01-26,Midwest,3991,188.294721379472,73.44040955096348,93.13603934554207,50.22112013074438,4.210958028741232
WH-WE-2,2024-07-15,West,3682,259.9676367705948,99.2901938780188,90.38770759768441,62.053798801675,2.431341049409754
WH-NO-2,2023-12-05,Northeast,845,159.8372684897085,97.84968559992312,94.01274271083524,82.15638427700924,2.4465433520486264
WH-NO-4,2023-10-05,Northeast,5702,146.9044940087699,94.66347913523063,93.4638452131649,84.98052862521818,4.4473117829277005
WH-NO-2,2024-12-07,Northeast,3212,295.9029439432472,99.50356925303268,80.33434715562882,45.448371952682805,3.724643403733687
WH-NO-1,2024-07-17,Northeast,5137,152.76432287686094,86.52694751116104,92.74856199609115,50.02059686326451,1.7447616896630456
WH-NO-5,2024-02-18,Northeast,8649,182.07199574829968,99.0826169045976,95.6079650801358,55.37618527730545,3.094448946676923
WH-NO-3,2023-12-27,Northeast,2730,244.11896837837418,96.23169433424198,89.82353464238354,72.49454076059662,3.2842221010693042
WH-NO-3,2023-02-08,Northeast,2601,184.98256158807476,85.854281574358,90.57927542391606,61.7637599006643,2.7779006933756616
WH-NO-3,2024-11-21,Northeast,5649,195.5503697987271,86.9993224120555,80.678548853444,84.32669683796983,1.8086369450077089
WH-NO-1,2023-06-25,Northeast,3340,160.20316952137742,98.44151810042638,94.67480186967117,80.97488346867738,1.956610801740522
WH-WE-5,2023-06-14,West,4531,202.95024006918476,98.21262364218855,87.4674365727381,66.7752138464374,3.431004561000412
WH-WE-1,2023-08-11,West,2327,224.96828351532596,97.05441584761134,98.60243027266243,66.08399553440425,2.394710759052921
WH-WE-2,2024-03-25,West,6006,231.0479090240467,97.93778699228247,90.61864979032907,50.99774859489536,2.6270930343599925
WH-MI-4,2024-07-11,Midwest,6716,150.17628553010246,97.69721089512176,81.09071747565403,95.31295897425531,2.832411079209783
WH-SO-4,2023-05-15,Southeast,4579,166.6318862238021,97.29211443304094,75.6248496022537,55.51783681995498,2.23151801366499
WH-SO-1,2024-05-25,Southeast,5107,218.12898344311463,99.48390126493155,88.25444554017028,62.70730184105041,2.9951160004349138
WH-MI-1,2024-04-13,Midwest,7089,172.5715551603179,85.66960018427031,95.95658700258325,73.06277266594317,3.623100006268241
WH-WE-4,2023-10-04,West,1705,195.3363791210736,97.18656700923736,94.41674364699088,61.5816654639464,2.636370893598508
WH-WE-5,2024-11-23,West,2183,137.28595871827974,81.93931605876853,92.33961761595316,83.64661924620876,3.7195464911467893
WH-NO-2,2024-10-21,Northeast,5043,130.7791392107634,99.31812133070224,87.28189370631002,58.200857881092524,3.328802850511948
WH-SO-3,2023-08-18,Southeast,3439,198.97287531937735,89.80053568364904,92.68824564785744,60.722794951453416,3.551374206236274
WH-NO-4,2023-12-08,Northeast,6282,104.44359955553423,99.59404122084317,74.86776936954533,54.583058759799776,3.393647358204267
WH-NO-1,2024-12-11,Northeast,5766,182.55761956851282,99.28301577879208,82.95719757471065,81.11440987580907,2.155116551310489
WH-WE-3,2024-06-13,West,5307,194.94953721318336,99.27171337310814,82.15085824262961,49.393368480134946,2.030676199110958
WH-NO-2,2023-08-03,Northeast,1590,122.09760030750903,97.58425324917897,91.04292043910952,55.00061318825249,4.07541489173469
WH-MI-1,2024-04-16,Midwest,2276,236.58066142632313,98.28508836758726,77.6296049729861,64.19927030447266,4.113478683618165
WH-MI-5,2024-09-27,Midwest,3754,144.05136664476709,95.09895077169462,70.62421405985185,70.34915758881552,4.497394964728928
WH-WE-1,2024-08-17,West,4338,222.90444930619697,97.76674794289177,95.97848741148152,54.35318979671804,1.6638209201673637
WH-SO-1,2023-12-12,Southeast,6118,136.8386788074764,98.5974123464329,86.15907744959779,95.05827671914003,1.7597272121518772
WH-SO-5,2023-10-09,Southeast,4036,144.66632716950332,89.1497365977443,83.98695929019438,59.21013433873827,3.497333714838858
WH-MI-4,2023-03-19,Midwest,6058,217.4341590971401,94.11664255981405,98.5697520460474,73.22462733178835,1.958250553857912
WH-NO-3,2024-03-04,Northeast,5648,129.4712558148958,99.36248985469406,79.92093965979127,66.73529873428062,3.4356116858453216
WH-SO-1,2024-12-12,Southeast,2677,174.64274372759922,94.6914545911938,85.04118121754578,55.69823933364646,4.324004771559869
WH-MI-2,2024-03-17,Midwest,5485,119.74513202067611,96.7623600969328,95.66250990103597,73.13228518868769,1.9642507442025083
WH-SO-1,2023-03-25,Southeast,7140,206.99290866181568,99.22650313330212,92.9320662038976,83.76374335067351,2.367465003850935
WH-NO-2,2024-01-16,Northeast,5197,240.96006670077458,93.4907191746495,80.8260483663625,67.524693570027,3.9382122484716797
WH-NO-1,2024-01-31,Northeast,6308,218.44210300149626,93.21095685097715,93.73540225031964,45.05745656758243,3.725665297820821
WH-NO-5,2023-05-20,Northeast,4916,148.45237186539674,98.43245903921924,93.41586717680883,74.47646325663558,3.1470144379133815
WH-MI-1,2024-02-19,Midwest,8574,231.48757391628465,91.53901649314666,75.67691999642615,55.04045266260501,1.8577405867515573
WH-SO-2,2023-01-28,Southeast,3318,199.8736633737261,92.87435735802877,95.48006445268656,71.72147854021489,3.3969969151178954
WH-SO-4,2024-02-02,Southeast,1523,192.09036956263344,95.78597874055421,87.75207465262744,61.08758498151585,3.1501819966830764
WH-NO-5,2024-03-11,Northeast,5033,263.581468180515,98.89377672798781,95.28048028738984,58.71577033278782,2.2954239660171916
WH-SO-1,2024-07-17,Southeast,5936,304.00570275868085,90.690912468641,86.88881901496129,76.57672728630716,3.2948299197750788
WH-NO-5,2024-03-21,Northeast,3842,187.18410627425308,99.17046536733145,97.14513851577543,68.93917152487083,3.0576795368395646
WH-SO-2,2023-10-24,Southeast,3683,209.86462284129507,94.57782747467594,66.95631904354205,45.75453245435842,3.1188580946835227
WH-WE-5,2024-01-22,West,4444,184.030652599667,97.71838012113122,90.87836976669095,71.48504409579765,3.225424920613563
WH-SO-5,2024-01-15,Southeast,5425,175.2324403636348,96.0934050279871,91.37883089191438,45.83450600712526,3.521701563304985
WH-WE-5,2024-07-27,West,3674,243.69570881750298,93.00682144692428,78.20645852928713,70.79446816543232,3.6685847941274643
WH-NO-4,2023-09-09,Northeast,5021,192.0808421370327,98.67080966446417,97.57933433437327,51.001659097765554,1.939011187738045
WH-NO-1,2024-02-18,Northeast,7868,165.95233362865213,99.94468696681501,95.33327567816514,95.20408010867504,3.2541642146720813
WH-SO-4,2024-02-19,Southeast,5019,171.37683041213543,90.71678754688074,75.66253285421051,79.80685164302706,2.844399233062215
WH-SO-5,2023-11-04,Southeast,4867,213.0534155375326,91.93870687200805,88.5517707100424,41.49204200839794,2.002272335088068
WH-NO-4,2024-06-30,Northeast,3046,163.66045463007663,99.78978547234891,91.61586847524276,73.1745878654529,2.630298871439881
WH-NO-3,2023-02-14,Northeast,4447,157.24573107650542,95.83662807285863,91.1777164724442,90.21589190037172,3.578006443235368
WH-SO-5,2023-06-29,Southeast,6863,147.16342536806934,99.2887306941406,94.68695137558392,54.22922158257627,1.7608057121008915
WH-WE-4,2024-02-25,West,2616,158.61823115369384,99.34410506325291,90.0825583902653,80.12155120278942,3.5434575859313977
WH-SO-5,2024-09-05,Southeast,2421,260.359710223958,99.77009045424377,90.61431583318411,66.58462788139904,2.3471211178682942
WH-NO-2,2023-11-01,Northeast,2639,284.44925450057156,94.4850798845308,88.10964175170352,88.45064331801267,2.3248137718399313
WH-NO-5,2024-12-27,Northeast,5170,207.32400073876448,95.24774715687869,94.66814229262643,55.01720705124269,2.1740583778976728
WH-MI-4,2023-09-04,Midwest,2781,167.69077161299936,96.55715429316838,96.52030120940186,86.48818844343175,1.5993539966989814
WH-NO-4,2023-05-22,Northeast,4227,207.22971118694238,96.69462993311566,91.27333898045458,73.00263225646448,1.815133414696771
WH-SO-2,2024-01-30,Southeast,5447,221.95208786373402,98.53286151427353,98.30684654124732,47.52090570510808,1.7050615915026548
WH-SO-5,2023-09-06,Southeast,1833,118.75850803488484,99.49072869939344,91.44335217029268,75.181873546584,3.0250099807383526
WH-NO-4,2024-01-20,Northeast,5585,224.5630846514028,99.49228532508755,81.0904682411754,73.67472398427579,4.21615189507453
WH-NO-5,2023-05-22,Northeast,6982,135.04336662458817,88.82421481678641,86.21520819242225,54.123070690047584,3.944362374404135
WH-NO-1,2023-05-04,Northeast,5629,225.4482165835429,96.77010056414494,97.59048125698757,70.17007319954433,3.901088064357125
WH-NO-5,2023-11-19,Northeast,4397,116.22793257707082,97.21389063651667,89.0200401012597,48.721457434469286,3.1048469146610467
WH-SO-2,2024-12-06,Southeast,5074,198.91416452727168,98.53796834795158,88.05816712764334,64.58707403432544,3.285965473468811
WH-NO-2,2023-03-08,Northeast,7326,338.4465401929566,93.68606333588211,97.39611076087863,61.30781158566815,3.045419808503044
WH-WE-2,2023-02-21,West,4228,262.66544568013495,97.27961319504143,88.26143047837675,55.31753005374272,4.285704506001565
WH-NO-4,2023-04-20,Northeast,5374,190.7922284679776,98.81341176053594,85.39908296327812,35.014775511697046,2.8656629082898943
WH-SO-4,2023-10-10,Southeast,4084,139.91880016443068,85.29860811974123,69.76527449847433,83.1960233683281,3.0069152230087157
WH-NO-4,2023-02-08,Northeast,5797,191.42294640169223,99.66033292915324,88.73321635112629,47.361273173244975,4.3528558865528435
WH-NO-2,2023-02-10,Northeast,6092,225.57289035588866,97.4662075569943,88.78916663816547,64.63146381259254,1.6452878329565062
WH-SO-2,2024-04-02,Southeast,7541,245.37748348536527,99.51078698859006,76.17636913946747,65.52209522606546,2.6731940208603704
WH-SO-1,2023-09-24,Southeast,2083,239.14657616964098,95.81358684734897,66.6826021573964,78.08498655738009,3.042335879999074
WH-SO-5,2023-08-09,Southeast,3684,209.51152070522446,99.41351816362112,89.01923270906275,48.189115151882625,1.851747439779959
WH-WE-3,2023-06-27,West,8689,257.18028451842997,98.10270554379633,79.5983878866028,34.047889515648976,2.758334649206427
WH-NO-1,2024-10-23,Northeast,4021,240.06641910100555,98.68746720790838,76.47630962591232,81.25116296806824,1.8449181735494968
WH-NO-1,2023-08-21,Northeast,3482,157.20726322042745,93.46062763131292,93.56472486563585,74.5674295550738,2.689032196250355
WH-MI-1,2023-05-31,Midwest,7799,154.4861956423517,96.26420301844537,87.92996556605878,75.42079370999468,1.5017729159516366
WH-SO-5,2023-11-22,Southeast,5734,216.71404172601927,97.81790729540499,80.73611971110394,84.07096579766447,1.9996506252928965
WH-MI-5,2024-11-01,Midwest,3946,265.51538099896493,97.58921538641967,84.78602201801839,73.84438394841118,3.3430563139111693
WH-MI-4,2023-11-13,Midwest,4066,186.98125255535663,98.73613228690664,80.75768017361139,52.40902439654829,2.241151702274364
WH-SO-4,2024-01-17,Southeast,6006,151.82534966530733,91.64959672798378,93.77239488095555,68.14758233644599,3.569572409350766
WH-WE-1,2024-02-09,West,5729,214.1826620302413,96.61379420577514,95.11704180217502,67.15051342215627,2.191963697176005
WH-SO-2,2023-10-04,Southeast,3840,262.69978158349636,96.88051648170276,77.67373066990169,40.979810052130546,3.870622507997765
WH-SO-3,2024-06-30,Southeast,5196,251.58514129061012,98.15699924833025,92.18541825997252,94.14385755574804,3.2917702177297383
WH-SO-5,2024-03-19,Southeast,5933,233.9358423345665,93.95768354975934,96.85857719563185,68.25872784646934,1.8467347822433346
WH-NO-5,2024-02-18,Northeast,5426,257.6639022503077,95.3727415771925,86.04302029403995,65.45506123135807,2.0902390425207615
WH-SO-5,2024-02-02,Southeast,2673,234.3459534751346,94.15266925707833,93.10443504821235,85.47356507021185,3.21783747431626
WH-WE-2,2023-02-02,West,4633,196.16590078683333,99.62751922646557,97.40353453376996,35.8570876509245,2.513964598890979
WH-NO-3,2023-02-02,Northeast,6717,112.87216132934348,91.66539974617477,98.85980836571603,75.33001692009556,2.960084589883538
WH-NO-1,2024-08-13,Northeast,4369,132.1076254168617,97.80231135884338,87.90581967670462,54.83857583207893,3.2501104605162245
WH-SO-4,2024-02-01,Southeast,4656,170.18205374010392,80.01036743297523,93.38024507604513,65.1731086102562,2.0791070259160707
WH-NO-2,2024-05-08,Northeast,6202,200.50343079808061,94.8561755231284,98.33438011863906,93.01208194981434,2.1384002018698762
WH-MI-2,2023-04-05,Midwest,6207,177.05791494294425,94.03153307231462,95.30322119370899,66.69616259669442,3.918966514969611
WH-WE-5,2023-05-23,West,7581,258.67532828746954,98.76426938546233,85.06716205673415,45.06752995020701,2.6330725798069325
WH-SO-3,2024-01-20,Southeast,6034,271.2686127951953,94.68541652344224,86.85110420656999,85.51808223450273,2.8286781007982387
WH-SO-1,2023-03-17,Southeast,5235,135.51080296697336,88.31882457067583,90.24233564632411,59.432485783635315,3.0958778744399718
WH-MI-3,2023-01-16,Midwest,6031,236.43036082896901,97.84197200543126,97.62995890326344,54.6255379751147,3.5000901185955957
WH-NO-4,2024-02-16,Northeast,6271,266.23531547417366,98.88680979918408,91.78985922256912,58.20379437632314,3.9920205388768775
WH-MI-1,2023-03-27,Midwest,9097,205.10195495487534,93.6903294839545,70.61706031388265,66.06077680439331,4.413555328354054
WH-NO-4,2023-06-13,Northeast,5572,244.5227112276845,81.9450170545679,89.49372259528054,31.18173284996233,2.1368239631937924
WH-MI-3,2024-07-13,Midwest,3918,123.67982529952151,84.29341862653158,86.47538083014936,78.23031737864623,2.4360379700043646
WH-NO-3,2023-09-16,Northeast,3378,238.23504077879346,83.46812853045279,82.71962162993367,88.8768102139884,2.6170500273629296
WH-NO-2,2023-05-09,Northeast,3807,183.93305221639324,96.1414685892787,82.9579525889541,49.48542911687776,4.152072761934079
WH-SO-2,2023-02-23,Southeast,6424,144.31727701588724,93.45848938420586,92.18887782047892,66.14827176439397,4.295331794263358
WH-MI-4,2023-05-07,Midwest,5748,195.98485572595538,78.9183140600833,83.04862605857777,53.31545716081183,3.4114601119726204
WH-SO-3,2023-07-08,Southeast,6286,226.6023175703671,98.03005437687247,73.40825165718849,85.68433232232195,2.0619293173452213
WH-SO-5,2023-03-17,Southeast,7121,284.7436182055536,99.4163747794704,86.91157916852646,73.9939955329994,1.732378781880524
WH-NO-1,2024-12-17,Northeast,5259,92.51875500063105,96.48844905281332,90.29727987506496,24.852392448795317,3.7110150777636126
WH-SO-4,2023-03-04,Southeast,5159,193.02476456420243,84.82666740537681,81.20444405706311,70.21954117136922,4.196419039588834
WH-SO-2,2023-10-04,Southeast,4039,176.30914065264764,93.50766292047538,96.30496999203433,50.86509987493817,4.116930248045946
WH-WE-1,2023-09-22,West,3737,260.05836750498224,93.48468464009993,96.1514962364963,59.40512018251527,3.999823078640767
WH-WE-2,2023-03-16,West,7651,143.70124213962447,87.01076528676207,91.65164232377255,59.81770772964784,1.8480623280698043
WH-WE-3,2023-11-06,West,5568,217.13422098345723,85.35177396529562,91.45768011466943,75.89057816760881,2.0640436224362193
WH-WE-5,2024-02-25,West,7360,258.1528414002379,98.59977439190874,89.05709917311349,60.035488222188974,3.9199250750654584
WH-WE-3,2024-11-01,West,4619,264.1863145034351,86.64910937274534,83.85839003658087,50.084576055626364,3.698809374102256
WH-WE-2,2024-06-30,West,6430,184.72212830108728,93.20051000720963,95.07711067630973,91.59403307854703,3.9261979501392936
WH-MI-3,2024-04-26,Midwest,7479,246.19993654017492,73.79080737006049,85.74033399943782,70.00530614272866,3.8469574850312362
WH-NO-1,2023-09-23,Northeast,3218,253.2226093683044,98.20725734803278,83.04008898497442,52.66301231707053,3.721481373588944
WH-NO-4,2023-12-26,Northeast,6267,243.58137250223658,98.49072441783866,90.58940278484536,69.50182423485158,2.1972152058695915
WH-WE-1,2024-02-21,West,2165,181.98524880741402,98.01893306221852,87.8364979531506,60.23243765387289,4.402788669865344
WH-SO-2,2023-03-26,Southeast,8061,253.2972153209076,98.87013056894958,89.45293857884262,75.03507356610012,2.4235854915985247
WH-NO-3,2024-06-04,Northeast,6239,196.91951975113037,99.3610129258426,97.0678275134518,78.62854816494637,3.886054110953438
WH-WE-4,2024-12-17,West,6088,254.1889932316194,99.00436149401799,94.96394175645848,69.86560666381175,2.207744106909068
WH-MI-4,2024-07-18,Midwest,3041,102.5688997953175,99.85598166463741,81.14154048786396,75.40470823933846,2.6739973132781496
WH-SO-5,2023-08-24,Southeast,1915,162.7813431942075,99.91911119567422,93.84428410194103,97.26175658972402,4.024909683663898
WH-WE-2,2023-11-19,West,5254,197.95046701344273,97.16045295460478,92.11770248328544,46.18046379485871,2.954577658099838
WH-SO-4,2023-05-07,Southeast,5744,262.6478465296419,98.96889386132443,84.4134842957843,94.073019484387,3.5893830036073946
WH-SO-2,2024-12-10,Southeast,5410,194.1133060589901,99.64751791867191,68.19180390897805,52.56654058388533,3.997873006617481
WH-MI-2,2024-03-04,Midwest,8868,206.15656873853248,93.97224276254657,85.16109424734441,84.35018414351772,3.6380246203482844
WH-NO-5,2024-07-04,Northeast,2538,158.00683257577205,98.17076638758948,82.88273346782194,77.57768607760254,3.1012037982224205
WH-WE-5,2024-11-18,West,2773,240.99386877003639,99.03848433002098,81.95051981328504,45.36900206197978,3.3536451895705808
WH-WE-2,2024-04-16,West,7117,248.39535219591085,96.38477923665172,94.55927485890857,52.264938199094836,2.402680217908654
WH-SO-3,2024-12-08,Southeast,6702,137.28657420198954,96.36086913923488,96.6503334880603,32.738116070566974,3.9591158560940856
WH-WE-1,2023-08-24,West,3255,263.2482438950416,97.06574156016383,97.97604426461723,50.98589110394932,2.6810321280737632
WH-MI-4,2024-05-23,Midwest,4215,195.12894623176635,87.36322942677207,92.40107662805337,56.0009661430359,2.208978680076502
WH-NO-3,2024-09-18,Northeast,3121,209.41930885429133,91.98403933726631,97.18006675178326,62.2979316174436,4.060940095453985
WH-MI-4,2023-03-06,Midwest,4354,278.7639956987006,97.08428053834174,90.96920032185929,88.46561957506403,3.891801628199376
WH-SO-5,2024-07-01,Southeast,5752,265.0379274728621,99.86060121439571,86.32569059973832,68.03135231729735,2.494490575007624
WH-MI-1,2024-10-21,Midwest,3247,206.13322055821058,90.74545000227391,86.51130035317502,73.74497063855064,4.095047473654713
WH-SO-3,2023-05-17,Southeast,7113,272.8402855145803,97.66485606045129,86.32705302793414,57.189314621670064,2.538802682551939
WH-SO-2,2024-11-29,Southeast,5049,229.2542807458341,95.85447994973259,74.9615605262394,77.47997201497977,3.118235954018245
WH-NO-4,2024-09-29,Northeast,3592,145.85284515887278,90.74594825716255,82.95834277945207,80.11886341629938,3.461076231224955
WH-MI-5,2024-05-09,Midwest,3799,154.60137114856042,96.42291069237294,65.69230062974192,79.48570073538241,1.5806159560875859
WH-NO-5,2024-05-06,Northeast,5982,170.72336103074073,95.65303387299434,81.40615323244954,51.430082889079785,2.9515734172080315
WH-NO-3,2024-05-11,Northeast,8329,279.2083715877433,96.26729029947751,88.02124091185811,70.3158649540566,3.627779144029098
WH-SO-4,2024-08-03,Southeast,2217,202.63083910197452,99.10188896594511,94.13681408098029,83.13949817193595,2.492633835394396
WH-SO-4,2023-12-26,Southeast,4675,327.49220787847094,98.7555691391197,83.45679367738218,54.06456941852984,1.725918599019805
WH-WE-3,2024-11-14,West,2869,190.35173462225953,98.22119400723001,93.80439718241448,85.91994545217013,1.629800262845821
WH-NO-2,2023-02-25,Northeast,6308,167.58861462602474,87.55922574499017,87.95125391380998,54.34154584363282,3.7311211899135817
WH-SO-2,2024-01-07,Southeast,1830,134.84952804661543,92.68657944822264,80.92522243165241,49.65092041854141,2.2582836542348073
WH-SO-5,2024-08-15,Southeast,2705,189.8471466709627,96.60706744206523,91.04664696812421,73.99747833995774,2.568243202495185
WH-WE-1,2024-04-24,West,6535,271.0973056935828,99.8265526393358,96.49472897482633,61.990557553562574,1.642638434152134
WH-NO-2,2023-01-26,Northeast,7319,209.0166896735063,93.13544589757831,88.29221505415425,49.86897849471403,3.8865732162272755
WH-SO-5,2024-06-06,Southeast,6014,161.28965994657509,99.52132967711314,84.90663331844019,82.79872025131655,3.4892325750711617
WH-SO-2,2024-09-23,Southeast,3010,133.36491078257444,99.67265215625066,93.39136957094351,76.67484673796537,3.506943308713282
WH-MI-5,2024-12-07,Midwest,6573,191.6995233383509,99.57085843365451,86.1243007888551,67.66100157280864,2.030292330712337
WH-MI-4,2023-06-25,Midwest,8156,84.35537435716934,92.6206168047447,92.75996994758671,46.658578794498354,1.9425887459178233
WH-SO-4,2023-02-18,Southeast,6616,255.49448515783286,84.42952664284378,91.44277250540812,68.1329413966554,4.479658847083421
WH-WE-3,2024-02-07,West,7406,195.3281020503788,73.27655141915184,70.30098925173836,71.76044852832858,3.6763150030774674
WH-NO-3,2024-11-03,Northeast,3864,178.93810878712566,99.54522603615644,92.5556486753178,86.89710514908238,2.074848630379324
WH-MI-4,2023-07-02,Midwest,5674,190.6424334265769,99.09835579433764,82.76296570104519,33.4196914173695,1.814349576921932
WH-SO-4,2024-01-15,Southeast,5245,229.76796675514575,95.0144842380787,94.748522584041,68.66521598373096,3.3639313548720104
WH-WE-5,2023-02-13,West,7253,225.6990244974085,99.50662733020778,90.86253930655427,85.0639906900224,2.1617496233790416
WH-WE-3,2024-11-16,West,5042,139.23096246435404,93.05863967662943,93.9665924235523,59.474446454786424,3.454620851746452
WH-WE-5,2024-01-25,West,11125,195.90980890429165,82.6313679396074,80.87814096062206,59.20562820257622,3.9394214422200675
WH-NO-1,2024-07-01,Northeast,3681,244.73479797016228,85.42729005981398,97.55624764579179,73.42357698445086,3.822991507105201
WH-SO-5,2024-07-14,Southeast,4801,177.9522599622506,98.16636158520839,98.24498529157441,81.68384422730396,1.648766934957853
WH-SO-4,2024-10-31,Southeast,4061,253.0927241946653,92.91109949324317,91.66438052504417,70.90843609353948,2.3424245206552827
WH-MI-2,2023-10-28,Midwest,2194,119.96387706047246,98.32330228142648,73.8821890032203,58.26106577294531,2.2807525670122013
WH-WE-3,2024-02-21,West,7154,236.30183540115644,90.94087785212659,94.2096591104501,91.55268212736651,3.162905884586219
WH-SO-1,2023-03-22,Southeast,6078,292.4100729738607,86.98230507213438,88.84488371264419,77.67286611323179,1.5744396680451476
WH-NO-1,2023-10-27,Northeast,3478,211.0484014877017,95.00933848764166,87.88768792531056,69.02075483265187,1.5787575965014544
WH-NO-1,2023-08-17,Northeast,4202,188.2720124624153,96.4138845505058,87.12041647824462,69.68906549190531,2.717013321756348
WH-NO-4,2024-06-08,Northeast,6400,273.10793351841124,97.91101405754084,96.65027094441379,76.21142659958369,3.0195166114274627
WH-WE-1,2023-06-03,West,8191,141.25515811259527,88.08643535006043,98.66246755063798,88.71861301742395,2.853176805619258
WH-MI-3,2024-02-17,Midwest,5453,266.68794315656635,99.9184380412812,97.80518838339889,43.126391377077795,2.969862534940581
WH-SO-3,2023-06-06,Southeast,6968,181.0888371136984,98.74174241642497,89.61282730914563,73.55759027900454,1.6356348630437858
WH-WE-3,2024-10-05,West,4895,166.29665928251316,92.6909275094897,92.07598369662566,77.95227287572384,3.7373212905318107
WH-NO-2,2023-01-29,Northeast,2301,198.29670768878287,99.50253280107133,93.8368426811045,32.741315401986355,4.306204128342126
WH-MI-4,2023-10-05,Midwest,4956,170.07013200568463,89.20922127094875,82.84218730089606,76.01445931428513,2.7912518512748785
WH-WE-1,2023-04-18,West,6299,195.5830345101102,99.91536676878025,69.16374040207846,66.68979269468922,4.495763169754596
WH-WE-3,2024-12-16,West,7454,112.36007423286163,97.71141874346223,96.25270970755143,82.20106888989164,2.8497629404637723
WH-SO-4,2023-12-23,Southeast,4349,228.29554178194718,81.07881265018321,84.32802281142067,64.16589598464824,3.843608537777018
WH-WE-2,2024-09-23,West,3988,213.00427592816607,99.86833684834852,86.1764032853202,77.97784239671903,1.9283518482182023
WH-MI-1,2023-12-17,Midwest,3904,194.36895198231696,94.81751729504727,87.11690913892521,71.27774903902956,2.314715689830033
WH-NO-2,2023-07-24,Northeast,4833,197.50788684272956,68.16720503013283,92.15597820253001,65.99515757513188,3.1352460100950412
WH-NO-5,2023-12-06,Northeast,4957,206.0684552370598,97.93275068663752,91.64606103088599,62.40173820959545,4.05729686795728
WH-WE-5,2023-02-16,West,4657,218.53284121477108,91.98199339940814,94.23478151417044,87.43032858169741,3.891311183143374
WH-SO-1,2024-08-23,Southeast,3080,215.93989522534767,98.0717323528039,94.93258379521356,84.71173491137742,4.135583428094136
WH-MI-2,2024-07-31,Midwest,3647,128.0836123225449,98.50810695258268,73.70062768605304,77.42291323119028,3.438759450318149
WH-MI-1,2024-05-27,Midwest,4964,222.69216677320415,98.56148666177215,79.78936376719773,87.63271875241816,1.9179914697778875
WH-SO-2,2023-04-16,Southeast,6229,135.60523337917118,94.77361112245181,92.14362509959986,43.70967306368287,2.0063264297904873
WH-SO-1,2023-11-26,Southeast,4908,223.75418200947752,92.92937755911886,79.69761120984566,79.93725740633978,2.7658476453674483
WH-MI-5,2024-08-08,Midwest,6407,128.757717419038,96.3782733956829,91.25938142834484,90.41382048333546,3.850632595894873
WH-WE-2,2023-09-28,West,4675,191.04853501958831,82.95419109024857,88.25244686293321,60.53060582064169,1.7821480068575228
WH-WE-2,2023-05-16,West,5983,172.931753585977,95.37258193547926,91.86049373750765,71.03735269424963,3.241852798116705
WH-NO-4,2023-01-12,Northeast,5803,135.79236951281996,99.00122949182145,87.06626286261702,68.29813689429055,3.2796180663911514
WH-NO-2,2024-09-16,Northeast,3629,111.83753294048083,98.64668732937511,77.1356083515811,73.79034864911314,2.8043860786183754
WH-SO-5,2023-05-12,Southeast,6893,125.44556578169541,99.8819141289826,85.29577481654464,79.67453468820203,3.0232708836712803
WH-SO-2,2023-07-31,Southeast,3299,152.299063598099,88.98396945796011,89.98593542283793,76.15907503029649,3.334580309936973
WH-NO-3,2023-12-06,Northeast,3010,173.67575090875215,94.45613722549349,96.87231514011016,84.20769943567022,3.96072486118493
WH-SO-1,2023-06-27,Southeast,5938,213.8794914133637,97.09903639289917,92.22921905935398,36.78733617241154,1.7103262538253694
WH-NO-5,2024-06-14,Northeast,4485,186.39605858032914,99.06187663960989,93.10029959182829,93.15730127156023,4.351915282709399
WH-NO-3,2023-08-02,Northeast,5491,252.97366263056432,98.38111206981213,94.28527633979947,87.65797990384199,3.8474677394855714
WH-NO-2,2024-10-03,Northeast,4724,216.04841288436572,93.23278963606909,93.07911672687077,61.74957532667739,3.247580124775409
WH-SO-1,2023-10-26,Southeast,2585,125.55535982200412,95.17370621401975,78.45295998817974,66.4222185777256,2.4091358053433662
WH-NO-1,2024-06-17,Northeast,4596,165.6430630079426,97.45537645594794,88.60296888338813,92.00121513033697,3.237820424284311
WH-NO-5,2024-03-30,Northeast,5544,210.47233406030082,91.16685319605773,95.60280517810524,38.33137251056642,3.621809143254831
WH-NO-3,2024-07-21,Northeast,3652,76.97876835847104,91.72853997849707,88.37934322369144,54.21431975954896,2.5345593822082817
WH-NO-5,2024-08-19,Northeast,1879,157.31108379784786,88.51182110609058,97.51031908330175,48.805880014480294,3.800938294882086
WH-MI-3,2024-01-24,Midwest,5772,243.07149231443816,87.06681835319927,97.49526570705004,39.79808971190602,3.719487723002545
WH-NO-4,2024-07-19,Northeast,6454,135.24622667100016,99.65328529800654,86.9965909288802,43.6871151242409,2.6705113501430757
WH-SO-3,2024-08-10,Southeast,2703,165.7480027253415,97.06737475241253,96.18431820744698,71.69076979572434,4.372237508013014
WH-SO-1,2023-11-07,Southeast,3851,181.3744921934517,98.77990785442903,98.86253079562593,51.6772944342988,4.4830452744384335
WH-SO-4,2024-08-08,Southeast,3944,268.2516474222059,99.53525933340012,98.98263720483367,79.59006214354908,3.9807360429062983
WH-SO-4,2024-07-03,Southeast,5266,228.24280442032938,98.48415288375028,83.88735438672616,77.29910135739793,3.503056676459807
WH-NO-4,2023-02-27,Northeast,3367,189.28193015996007,99.0822736350468,90.65576515439496,81.23055527745662,2.0905825138448653
WH-NO-5,2024-07-11,Northeast,7208,218.20428888343736,86.9440863778558,84.01031468483507,67.89624245721674,2.098870236292816
WH-MI-2,2023-10-28,Midwest,1244,123.5817058129635,89.80995440297819,87.33931198009981,61.90359031864857,4.259368419908331
WH-WE-1,2023-10-19,West,2723,174.96905177308545,98.94730972811607,92.62402308111865,69.77398198985225,2.863101481472653
WH-NO-2,2024-02-25,Northeast,5507,215.81569865495814,97.23445939428352,94.41817551462672,50.48124575505932,2.6717228308574135
WH-NO-5,2023-10-03,Northeast,2353,227.12349757871704,93.33015900821326,88.99308012711676,63.04310519682088,1.8562746937645316
WH-SO-4,2024-02-04,Southeast,6707,196.22925902007822,88.28889592612262,88.82206135241017,27.786897754715632,3.4709914063978995
WH-SO-2,2024-02-04,Southeast,5803,214.57262006208128,91.84955679697133,69.58810367290363,68.51478387182011,1.61169388624911
WH-NO-4,2023-09-22,Northeast,3340,183.14376498669353,95.89836771975956,82.93992986248779,38.73095682178929,4.2364660194624
WH-MI-2,2023-04-08,Midwest,5517,237.1906599685099,76.55883091803352,81.86988499446144,81.26537623400894,2.1582426444115645
WH-WE-4,2023-11-19,West,2480,144.65667216373032,98.28460197459627,84.0094612085702,65.57907282028187,4.237174258253864
WH-WE-4,2023-07-22,West,3533,246.64337986330395,98.61303981157317,86.90413195645336,53.330720177363354,3.5695820194594985
WH-SO-4,2024-02-17,Southeast,7148,210.7400476946184,94.59706581197196,75.5080823903334,43.3725564867297,2.0471276737415938
WH-NO-5,2023-03-21,Northeast,9392,193.02236298589483,94.1248773480238,82.49297409082746,67.60526769477256,3.7268131388428998
WH-WE-1,2023-10-31,West,3429,182.64166370896976,97.63492183560433,97.09529467071451,80.63201990514011,3.914573812576009
WH-WE-2,2024-02-27,West,6022,231.27203738732936,98.64470568551383,85.26123985486728,50.98267307813749,2.5383493864253492
WH-NO-4,2023-11-16,Northeast,4282,172.7115868227869,96.46491043857536,87.87431747899953,77.2464829291075,3.407902734729722
WH-NO-2,2024-09-04,Northeast,4597,179.22304478915754,93.56931545737453,96.70570437071987,76.42068798387636,2.245246809072948
WH-NO-5,2024-12-20,Northeast,4209,223.49141159053238,93.0844324557203,82.05546602867628,57.47753475659172,1.5117560775935635
WH-SO-3,2023-01-29,Southeast,6406,186.49288739043024,97.20990623874744,95.44834479191547,87.09117095923105,3.2590747123650607
WH-NO-1,2024-10-07,Northeast,3824,191.61641388183708,95.01250954608447,94.00991198215345,79.41552707113243,2.860990892709355
WH-WE-2,2023-06-10,West,6706,139.71742479799843,83.06396760829813,91.86221494478912,74.86172605244208,4.261883710366725
WH-MI-5,2023-07-28,Midwest,3315,306.6806134588926,95.76584055757024,78.52857358506132,44.03650953864183,4.28160143919758
WH-NO-1,2023-02-14,Northeast,5283,321.96052365610547,96.45812401734261,89.12342670252914,78.35721967309465,1.7356733566191775
WH-MI-5,2023-03-31,Midwest,9911,136.17705639642094,99.72931051688387,88.378719148243,71.68284881605854,1.5348822804276945
WH-NO-4,2023-01-31,Northeast,6712,186.20164196670777,99.76789500305364,96.07775901141828,80.89658729555009,3.7415182415534387
WH-NO-1,2023-03-08,Northeast,7066,171.60688091961543,95.5799241414448,85.40894253107601,75.29709063200615,2.0871735636041393
WH-NO-3,2023-07-03,Northeast,5668,262.55688206168634,98.42745835242752,91.63425040632663,45.927442457634385,3.907516791222494
WH-WE-2,2023-03-22,West,4250,205.63452466210768,93.88158119946452,91.15986225525083,68.77219265420503,3.9682154922159345
WH-WE-5,2024-02-11,West,7523,107.53415517681245,93.09522924451421,89.78382765744874,59.31257624630044,4.007932297910694
WH-NO-4,2024-03-23,Northeast,8216,209.59110130389578,95.39351251564209,93.23857800470117,48.86657072934386,2.1322976584448234
WH-SO-1,2024-12-15,Southeast,4146,151.73566473929648,97.68070074159071,74.10141775190198,73.65859010766235,3.8643753382866244
WH-SO-5,2023-08-24,Southeast,4205,98.86004818335161,92.15159040910825,97.18782906129229,80.89732501034759,3.404180453471835
WH-SO-2,2024-01-03,Southeast,6411,200.2066440605643,97.0841464732559,93.81934942439929,80.22011807765557,4.401385307812092
WH-SO-5,2024-08-20,Southeast,4864,122.65872882032308,95.44148080595201,97.32316829749679,66.64019511584434,3.005382503325385
WH-MI-1,2023-05-10,Midwest,4849,168.36888336275754,93.38042600225187,94.05498711119671,73.66512756996816,1.8644183046736758
WH-WE-4,2023-03-28,West,6104,149.10967358196646,93.48091048169516,89.54387628854873,42.09348156027267,4.1751612105948706
WH-NO-4,2023-06-19,Northeast,6517,249.6803975732529,94.21285271398507,98.26623371260024,75.73818492193857,2.7298681721755305
WH-SO-5,2024-12-03,Southeast,2069,160.11984183759887,99.09195658553992,94.66804521079662,62.075345042620775,3.8858284504573817
WH-WE-2,2024-03-24,West,6642,220.69817595580298,97.50828769733464,88.62306976560407,59.12958102139621,4.2346880086853265
WH-SO-5,2023-06-15,Southeast,4595,222.6574533105256,99.9533017998298,98.53934079478131,67.02129782445135,4.14568567262994
WH-WE-3,2024-02-20,West,6853,162.37422936068677,84.98082177263414,82.35311853985584,89.68882059186225,2.974101563547839
WH-SO-5,2024-07-26,Southeast,3044,150.20187384189165,97.30838092828814,75.02245595200375,88.8793186727334,3.0764499677649133
WH-MI-5,2024-04-20,Midwest,4979,71.13392954289029,98.9163219292765,88.113222192747,72.31664812238598,2.1390434179861124
WH-MI-1,2024-11-07,Midwest,3249,159.4603679554961,91.41246265833944,92.56412104828642,80.29256126885146,4.238562772229121
WH-NO-5,2024-08-02,Northeast,4864,224.90969392889394,95.41576423277274,89.86163542094573,60.120213531783506,2.453879876464958
WH-SO-3,2024-06-20,Southeast,5338,189.6401592583001,92.78305120867503,81.6968933667903,52.69772847982891,3.5094306631603605
WH-SO-3,2023-05-29,Southeast,7542,227.5251429846652,98.35247680299362,77.73487763367399,56.305564539973794,1.7869687057732204
WH-NO-2,2023-09-04,Northeast,5514,204.02732385519457,99.36640436328939,91.43429704471065,59.40454268094461,1.8051950413079814
WH-NO-5,2024-07-23,Northeast,3089,146.40454575518538,94.68268878603763,98.05846947943544,53.21596941148461,3.8200302781506092
WH-NO-1,2023-07-18,Northeast,4302,171.75892437166198,98.95686687936764,86.64258052097277,84.52146367308355,4.408534789914205
WH-NO-4,2023-04-30,Northeast,2509,238.7865621996118,98.10813795443786,85.71595439357684,60.561918101252076,3.170414295987727
WH-SO-3,2024-11-20,Southeast,3169,268.4036133923194,97.65783144329802,85.58331824735515,46.70995367249675,2.601264520918306
WH-NO-1,2024-01-31,Northeast,7944,266.8339505297415,93.70134415491383,88.57015795716029,62.02846891672452,2.002125862455903
WH-WE-2,2024-08-11,West,3118,93.04447604559702,99.13386140150622,84.42400246292269,69.05177015853923,2.7432855510980008
WH-WE-1,2023-04-21,West,4664,236.4065749479598,92.51574769532223,97.22780934455304,50.38576462633849,1.9741739614318017
WH-WE-5,2024-01-08,West,3566,209.31816377097616,93.49561030893314,93.62608637449193,54.47725799047307,2.7435299996273548
WH-WE-3,2023-07-09,West,557,90.83164075884562,95.10247199181774,96.09856479095149,39.9960908914808,3.690998953516165
WH-NO-4,2023-03-10,Northeast,7902,127.22350556972856,88.05104280010607,91.95340006482338,70.95717923688687,4.323832461652253
WH-SO-2,2024-12-26,Southeast,5988,168.81914909938695,98.71190000152743,96.41284839216534,70.36295946110938,3.9216671731129287
WH-NO-1,2024-08-01,Northeast,3388,203.47982595867535,97.58244469732861,92.24189201224286,82.68319017678584,1.8448787699620104
WH-NO-3,2024-04-23,Northeast,5024,139.04499396107468,94.6741969009047,92.07488631037086,64.43840767192506,1.784716058690523
WH-SO-4,2024-08-23,Southeast,2857,275.11242934314544,97.80247579785598,92.79127244961417,83.23104740220771,2.3820752039254938
WH-SO-3,2024-04-28,Southeast,4748,213.69866335785116,89.36517510627057,86.68714695989381,86.00993056165599,2.6520797865660297
WH-MI-4,2023-08-17,Midwest,4124,157.6079810639357,99.14307759764245,84.46654389324215,61.961398784145125,3.500989979173662
WH-NO-5,2023-10-31,Northeast,3906,128.2950837712355,99.51298422288619,61.82797644464236,77.4890862269023,2.3710188270990633
WH-NO-5,2023-05-31,Northeast,5610,137.17472434655582,99.60885245578213,91.25995040862162,92.87335351000216,1.9487212710485764
WH-NO-2,2024-01-01,Northeast,3981,203.48693009768598,98.56758383821852,94.03491581563738,70.31693541244437,2.9203119885626445
WH-SO-1,2024-08-03,Southeast,4479,248.55100038225908,95.56131148523097,94.18881659539564,71.00457526795275,4.3452300379308255
WH-MI-1,2024-07-14,Midwest,3434,215.7344408797977,94.4382820457818,93.76948144438863,61.076309830414985,1.8419513970976196
WH-SO-2,2024-07-12,Southeast,6519,191.4153568597435,98.35643675680491,81.01244101512815,79.2244429213937,2.647991653301068
WH-NO-5,2023-12-17,Northeast,4418,205.6147305157771,89.1016076525546,90.2579738119622,68.8176501934734,3.2176307176897216
WH-SO-3,2024-06-09,Southeast,6653,210.52805267630964,96.93358390511284,94.19998001451822,39.026376575386315,2.9549460318193828
WH-WE-4,2024-02-12,West,6652,221.6262634974196,98.90157868198845,97.2083910913622,95.03307898463422,2.030718920632958
WH-WE-2,2023-07-30,West,4344,203.12217132285497,90.14689480740215,92.84602300374073,78.79077789554366,3.6436048249022885
WH-NO-3,2023-09-29,Northeast,3751,227.63594004613634,97.89693240819003,84.32054042696518,46.1828805680191,3.2860823134160726
WH-SO-2,2024-10-22,Southeast,3101,150.26787410264072,96.52630757702121,89.55725589460161,53.17836729744714,4.016566996017497
WH-MI-5,2023-05-04,Midwest,6663,184.4995457556051,90.28440478482909,76.63281060865303,59.40097230965047,2.1348704821917814
WH-SO-2,2024-05-13,Southeast,4371,69.58209610332574,95.96296373017853,98.20224684188703,66.56228044090072,2.407635285566074
WH-NO-1,2023-09-12,Northeast,5323,214.12407455322702,98.21566760202019,80.51049489220026,39.120491249974606,3.5897635579424407
WH-SO-4,2023-12-04,Southeast,4677,149.15941057877473,92.01438371338948,98.24035577607988,60.143264234993275,3.769007879163351
WH-SO-2,2024-10-10,Southeast,3326,184.7480431596211,81.1129459769623,94.2868775195559,71.8797915248389,3.733318689372445
WH-NO-1,2024-10-19,Northeast,2139,63.16971102920269,99.84461766857054,93.15035930907743,82.85503121717372,2.460102075449417
WH-MI-5,2023-09-08,Midwest,2962,291.3726261266403,91.60107795395078,88.79976825502752,75.12606472237835,1.6943317163280778
WH-MI-5,2023-03-09,Midwest,9379,270.4713202817365,92.21724552656295,85.76319878549234,76.44426805400568,3.554751975220202
WH-SO-1,2023-09-08,Southeast,2338,142.527672690951,97.6860019724724,77.35099835618196,48.702746016230655,3.081583393739535
WH-NO-1,2023-01-14,Northeast,6509,88.05225465297177,94.49024066564536,92.8428723553198,63.00632527637396,3.964233105975539
WH-SO-1,2024-01-02,Southeast,2507,272.98919922053676,98.91760574274329,94.6954960888939,57.775773792892714,4.481205810265607
WH-MI-2,2024-05-07,Midwest,6580,158.88744887688114,96.0440043338547,98.4299040685916,80.08051618580426,3.8930272171232847
WH-MI-3,2024-09-06,Midwest,3712,239.29012665498232,93.61852521740893,92.83275811866108,83.43560049611827,2.1611437021672706
WH-WE-1,2024-07-01,West,4741,240.469745934256,93.5874856031752,72.79889084524723,54.23988489551217,1.5765268164060746
WH-WE-4,2024-10-25,West,3900,269.3338244699375,93.8489971699764,89.23182755453017,52.26039349717681,3.382256297616942
WH-NO-5,2024-11-09,Northeast,2822,146.73263018528877,97.26957071276708,94.06050399619203,33.25456078570601,2.593772474011508
WH-SO-5,2024-09-12,Southeast,3333,176.42569551090784,97.46404158773532,88.90869172781123,86.82886305983136,4.080867360912107
WH-NO-4,2023-02-13,Northeast,5640,235.1021927559845,99.12111908997316,93.73012831894869,60.70628179673163,2.2083452128688257
WH-NO-4,2023-02-22,Northeast,3857,220.60756171641654,98.14333672084516,95.16155361983554,48.24061434715399,1.8821429016375482
WH-WE-3,2023-10-25,West,4055,114.93384264912933,94.76964985410883,78.67160344955163,64.56341119739831,1.886072134384058
WH-NO-3,2023-03-17,Northeast,7125,201.24510291935204,94.97582210032374,73.55005156747293,43.496107387879036,4.167017280146114
WH-NO-2,2023-07-29,Northeast,5116,169.24620167878322,93.2841065314162,92.30768550939152,68.9099479979101,3.411580419593851
WH-MI-1,2023-03-20,Midwest,8259,137.2384226971198,99.38919363939989,83.39811216293275,67.29040523516291,3.438083732307777
WH-SO-2,2023-05-27,Southeast,5523,195.65642052834326,90.31075988331398,90.47673017935452,88.95558186948068,2.3670914296264436
WH-SO-5,2024-09-23,Southeast,4297,220.38743114283008,95.01174839041377,94.82406603197316,55.256164114627005,2.561585579891474
WH-SO-2,2024-10-11,Southeast,4466,145.67366023546836,97.51741892989317,77.1055659152864,66.12599041802515,4.220970116041608
WH-NO-1,2023-12-30,Northeast,2341,156.4202859544988,97.71888660980217,98.84110456207115,55.14370316842341,3.833888944858763
WH-SO-2,2024-03-20,Southeast,6608,243.1039225783125,98.75897959193331,98.14813797537754,34.71285770581131,2.8495216109973533
WH-MI-2,2023-02-22,Midwest,7826,173.64228096993597,99.88380444037404,98.52254979221846,55.845288669623336,3.650641183347093
WH-SO-3,2024-08-07,Southeast,3942,140.28160208961447,94.62969852655107,83.53912424283195,69.95271120003234,1.7834999990673612
WH-SO-2,2024-06-06,Southeast,7427,168.23961835099956,96.22949993837055,85.63590074094269,72.05866061449626,2.1038026711638977
WH-MI-2,2024-02-09,Midwest,4728,188.04398783654574,98.65804372825562,77.6100846289946,43.60903018169171,1.984014917972924
WH-WE-4,2024-05-11,West,7049,96.22564080755308,96.67226309011792,78.74904714033126,73.39999764470684,3.7782201900405727
WH-MI-5,2024-09-14,Midwest,3329,253.27985309792922,98.49336283144441,97.52333946995283,73.11891911968146,3.090185060024822
WH-SO-2,2024-06-02,Southeast,7804,321.3551755202004,99.62442297260716,93.87780895709639,47.34712308964027,2.6758879942967697
WH-MI-2,2023-01-04,Midwest,3300,223.2410210982394,90.76736534848689,86.02585276710597,54.59702568812786,3.743505788187609
WH-NO-3,2023-12-16,Northeast,4480,223.74098783310978,98.13059309475365,68.01453250962388,56.239357892497225,3.623752531020191
WH-SO-4,2024-05-19,Southeast,7135,185.32750408166007,98.84409472059394,80.19480024357865,50.590631440898825,1.538152846630275
WH-NO-3,2023-09-24,Northeast,3173,228.5385175280956,98.91336182671353,94.86605765892274,73.29741742603578,2.7786422994490314
WH-SO-4,2023-09-13,Southeast,3724,346.97580829722585,99.65694615441191,83.12289876464628,83.25942198189964,4.343180233888312
WH-WE-1,2023-04-28,West,4143,289.50776632222875,96.23658096354153,92.36756161648407,75.93012559265819,3.9204770007088707
WH-MI-3,2024-11-02,Midwest,4222,99.32857083085949,95.71758339348905,86.72924547276448,88.93895867603025,3.6854265990874446
WH-SO-2,2023-02-11,Southeast,5011,130.50500542799122,98.56521593152608,95.36898863308659,36.96437175153999,2.6866454081951705
WH-WE-4,2023-11-27,West,3084,189.4577614902728,96.59144672709884,99.2720021338405,58.705476683442605,2.973704302258282
WH-NO-5,2024-12-13,Northeast,7202,194.42771101486983,99.32331963821036,86.34008287024616,79.29566937644468,1.5517333826701454
WH-NO-5,2024-11-27,Northeast,4074,212.5469724448131,92.86719552741678,91.74733538814428,63.522559740524585,2.570009067867796
WH-SO-5,2024-04-05,Southeast,5232,174.3638216101758,95.5619820813828,95.03656326044567,46.762022564802095,3.8789119314845633
WH-SO-2,2023-09-28,Southeast,5379,260.8449035133625,97.75870895380352,60.71260221325397,60.49938330938751,3.7036045320279687
WH-SO-1,2023-02-11,Southeast,6503,171.46047629599883,96.16930450087928,90.77820644427649,78.2793204190277,3.489540912268824
WH-MI-3,2023-07-06,Midwest,6536,170.4770975814395,83.45568156671142,90.98057435666746,52.687075205778896,3.142583165288512
WH-SO-3,2024-10-19,Southeast,3252,131.85628630122113,95.26641077390909,91.05384143167716,46.64818446961842,1.8941375178532567
WH-WE-4,2024-11-02,West,4769,294.84979161724596,97.94776015218325,97.04753319085741,82.16305417818177,1.871419914490591
WH-SO-5,2024-09-29,Southeast,4400,260.0489112390426,99.69083784912117,96.46580881199634,58.108752743500645,3.2120135737852555
WH-SO-2,2024-05-16,Southeast,6419,191.56109854296335,91.15505263574761,98.97540210901957,67.85263133720171,2.21320184691014
WH-MI-1,2023-10-15,Midwest,2497,146.17137862907023,94.66010885169088,93.09849764326393,87.33210996512332,3.0773722799729977
WH-MI-3,2024-01-09,Midwest,6391,224.47128011220985,93.87897882106596,70.81017975867093,72.51893187299015,1.5563357261360538
WH-SO-5,2024-07-03,Southeast,3173,134.19220439029698,86.53780468323565,88.87273523192641,81.42124695030813,3.5488445827258954
WH-NO-1,2023-09-01,Northeast,2680,153.282593143182,99.31174552065579,94.00049893383687,55.32301307483205,2.572929521034463
WH-NO-2,2024-04-03,Northeast,6483,184.79975320778846,99.86921023851654,84.32944823963973,39.396667452642994,3.3448505783877707
WH-SO-1,2024-10-30,Southeast,3900,130.25336791870393,98.70021962262241,89.68081735536111,64.41174466604214,1.896019505605226
WH-MI-2,2023-03-03,Midwest,7461,151.4307635762528,92.01965485886106,91.49648232986092,48.458414782956375,2.47801250836347
WH-SO-4,2023-03-01,Southeast,3848,165.71291203565903,98.37029843269602,95.01200889573428,90.23655281206474,2.0185248656928203
WH-NO-4,2023-11-13,Northeast,3648,174.28913453168676,99.98266995207172,81.73316990580165,49.33170178618999,2.4121866392820577
WH-NO-4,2023-05-05,Northeast,5094,261.0435875017177,99.39450445454409,91.63989990387331,38.3925139738354,4.0217204516564244
WH-WE-5,2023-11-18,West,4594,189.35218322487,93.47063529492551,94.92830547890287,69.12634405830752,1.6289902564508942
WH-NO-1,2023-07-14,Northeast,5523,151.82131189256518,93.46149762617503,79.38245502480633,70.23404705223787,3.234695209236362
WH-WE-3,2024-04-18,West,10492,177.2069637203124,99.42589037443521,94.41914856005734,78.36998239873108,2.705818367030291
WH-NO-3,2023-09-08,Northeast,4495,231.61932996410118,92.05569474261392,89.24835521966239,72.9281018028897,4.430929957957826
WH-WE-3,2023-03-01,West,6200,291.1467838597779,98.85333594468642,93.6990205196224,69.56641799383428,2.842151892927366
WH-SO-4,2023-12-20,Southeast,5011,234.48637667900982,87.71851992343606,94.43045061536492,74.98839062257872,1.670302820446804
WH-NO-4,2023-07-05,Northeast,3274,265.2468826037918,93.09926579245632,92.93081078760794,69.98325424304818,2.9060883106659277
WH-SO-4,2024-07-30,Southeast,5881,144.02810081083237,90.40414934266123,86.41642669816531,71.33470481075275,3.230857475512863
WH-WE-5,2024-01-06,West,3314,169.90505801155098,84.26214083020702,95.1547629355787,67.79463577950399,3.660226500765152
WH-WE-3,2023-02-10,West,6631,205.08453530472636,96.89515500376996,82.16341121629333,82.43039152970488,3.1958721454885364
WH-NO-5,2023-11-10,Northeast,6283,224.80666944448052,99.95414604633143,92.92351208840033,68.22533448003841,4.289437280614397
WH-SO-3,2024-11-23,Southeast,1470,144.6028960003533,97.73357931623866,92.19383902210218,93.72908591529881,3.384028896193932
WH-NO-5,2024-12-25,Northeast,5535,146.8640242506181,94.02495971860193,86.65459417673898,63.67340926139845,2.3069882471437544
WH-MI-4,2024-10-15,Midwest,500,275.40674708508845,93.5042375579254,95.03665352832772,76.14258048905882,1.5297838713802818
WH-SO-2,2023-03-21,Southeast,4287,249.6469784945045,98.33865378585486,83.81411197230227,77.39180122701208,3.6511778942585362
WH-NO-5,2023-02-21,Northeast,3875,218.02675755722956,95.33269481143154,90.12822636524496,42.66845491557113,3.017560719164737
WH-SO-1,2024-09-19,Southeast,4359,254.72450714452518,99.64536715139855,90.04945718012023,37.4359413833599,4.4846362654995
WH-SO-1,2023-10-01,Southeast,2582,217.28587526668625,95.5476602849211,89.23335437729526,68.69995451271087,4.065201488826415
WH-WE-3,2023-01-22,West,4901,262.5821709405387,87.96627464909227,85.72239661668473,83.01757664282854,3.8720221988994696
WH-SO-2,2024-10-19,Southeast,4070,191.6490342209354,96.10437967742106,89.46389535171606,59.73368617331825,3.36180473532619
WH-SO-3,2023-12-27,Southeast,5478,236.53802848409958,95.99190795573675,84.09478737635412,60.4173430084074,1.653619587594346
WH-MI-4,2024-03-14,Midwest,7319,188.32696375984094,99.67499514235891,88.7921753612112,85.42589232423335,4.232464185763204
WH-NO-4,2024-07-14,Northeast,3591,240.50051853463626,99.52746476551403,66.82837724014806,75.55586978119372,4.140862248221203
WH-WE-1,2024-07-23,West,5148,212.92601702243977,90.00852634864567,86.71840491154117,39.69669033233449,3.132134712535777
WH-SO-5,2023-11-13,Southeast,3708,157.4000914982887,94.80922472290992,98.71789438873299,67.88694087525802,2.141868334477252
WH-NO-1,2023-12-03,Northeast,2766,152.812560519452,79.62656379735006,95.03038480197127,38.355574963751565,2.76159418395493
WH-SO-5,2024-02-18,Southeast,9079,120.66022949932102,97.8034340988344,97.58674332888212,78.6662693813535,4.046268312279675
WH-SO-4,2023-05-14,Southeast,6357,204.27320648033867,98.67234602142901,92.19035710032527,87.0216414282887,3.728162244060538
WH-NO-4,2023-10-01,Northeast,2401,140.81327996580495,96.77699646819016,85.1269644439108,80.78027397438434,4.305998794514922
WH-MI-4,2024-05-23,Midwest,4073,153.36218010826755,98.06995724480105,86.7123776614137,63.51050954958728,2.900463823883526
WH-NO-1,2024-11-01,Northeast,3073,223.97453548690788,96.66582683230325,97.1184015697707,74.2453746495167,3.1614508426135997
WH-WE-1,2024-08-22,West,6150,205.8485155971493,99.19053072404398,97.28377098803081,67.99138004609998,3.26709041529558
WH-SO-3,2023-05-29,Southeast,4949,201.84012271717498,97.874807877889,97.68882763616162,52.71076303436636,2.8294758483297477
WH-SO-5,2023-03-10,Southeast,5797,203.6251056646768,97.1502723564524,89.28081379658937,49.97067517893565,2.933334345914508
WH-SO-3,2023-09-23,Southeast,3583,227.25888567004762,97.07234748552548,88.44781591773483,80.65521225713178,3.0280674473380214
WH-SO-5,2024-11-25,Southeast,5063,163.2061801742547,97.40935074140461,81.44884368375969,67.3569585414374,4.465998677171928
WH-NO-3,2024-11-02,Northeast,2961,239.917852047657,99.90797296175302,70.60238621372876,81.57966475642368,1.612513956483817
WH-NO-5,2024-08-30,Northeast,3890,193.0250070606158,98.57928223586707,84.85458698752355,80.73504597243048,3.1932936408620893
WH-NO-2,2023-03-11,Northeast,7951,230.17036359487344,93.80205524429068,76.95397179100857,53.157073879008024,2.471078391221776
WH-NO-4,2023-02-09,Northeast,3829,93.29362005567626,99.84198492559666,89.21711595893854,65.33710167441916,4.09479963519356
WH-NO-4,2024-07-09,Northeast,4358,242.4526779314877,92.3680064085207,77.38075156426417,72.21720505889665,2.584159503876708
WH-SO-5,2024-04-02,Southeast,1871,150.27329369170664,94.45177841367874,80.8322419282228,67.26396231234965,2.0776942439688018
WH-NO-2,2023-10-17,Northeast,1648,234.89678841875627,95.30849969206332,92.83814271132304,53.25289848441713,2.373906179443355
WH-SO-3,2024-11-05,Southeast,4067,171.10553640916183,97.26530316048687,74.88209938200947,51.982754343390916,2.546208510513908
WH-SO-2,2023-04-30,Southeast,5627,137.31437774139548,98.89099715099262,96.32150574198938,72.27765830294638,2.3054990905920945
WH-SO-5,2023-09-08,Southeast,3822,61.34764661100198,97.09904507435829,88.1334715815143,73.00598473448864,2.322000709583822
WH-WE-3,2023-08-13,West,4004,183.8016032474801,99.53382360203776,88.17655009797255,82.27538580689775,1.929331607307268
WH-SO-1,2023-08-25,Southeast,4132,182.44638886629352,98.23992223738499,78.68578584310316,59.06447513888812,2.562804309688264
WH-SO-1,2023-03-28,Southeast,7092,120.80627059988865,99.14680627340874,83.62541750508873,68.88908794910992,3.8119314481385693
WH-WE-1,2023-02-14,West,7341,235.30844483738133,98.74803641202531,92.52123307581621,72.88088388647608,4.382647548334785
WH-NO-3,2023-11-15,Northeast,3412,349.9865329181374,86.39222678784851,87.24884701466155,44.13525069615433,4.05311380747811
WH-NO-2,2024-06-20,Northeast,5515,271.44185600466517,99.79049503445998,90.39841007014519,70.0650122256573,3.79829785298727
WH-MI-1,2024-09-11,Midwest,3915,129.7920044567593,97.72495880425237,87.69001911145659,89.88468821148082,2.035580815387906
WH-MI-5,2023-12-13,Midwest,2329,210.1788467023853,99.97864351466241,95.16341118849962,64.00638617840893,2.0617983157358237
WH-NO-3,2023-06-07,Northeast,6717,235.5210158498954,91.19490264130827,70.00125883650192,68.32345748639112,2.3049274434461537
WH-NO-5,2024-02-24,Northeast,5715,236.62172864041773,94.15862318322307,97.94120451839004,57.60769385768947,2.847810488673528
WH-SO-2,2023-01-23,Southeast,5813,236.22552892723553,97.81169671652755,79.68290860077424,88.1360759569032,4.318391128554583
WH-NO-2,2024-03-26,Northeast,5830,231.19600514350492,94.73722825862076,85.73197231836399,75.59013249597436,1.8572299039282858
WH-SO-4,2023-06-18,Southeast,6324,192.5984348844176,99.89209232918337,90.9948250471582,60.83516524114094,3.6215935804920267
WH-NO-1,2024-02-25,Northeast,2024,215.5514990488927,90.88229411352802,90.3125678081832,67.45719574691319,1.7304872226072177
WH-NO-4,2024-11-08,Northeast,2458,148.8499300025194,98.61160138470066,79.5109226813156,73.40790723780806,4.47521573843193
WH-MI-1,2024-05-23,Midwest,6060,153.87024839754832,99.26643382837325,89.49029742240228,61.76773134354953,2.1111693964688705
WH-MI-1,2024-09-27,Midwest,2098,152.78635324190572,94.82462637113208,94.2283618476182,54.20280552388525,2.541300882754101
WH-MI-4,2023-05-25,Midwest,8471,252.83919981900596,96.67510531669265,65.46450789390263,54.66681778596332,3.549396526688727
WH-SO-3,2024-02-18,Southeast,6056,148.71853162647528,84.07450020506293,96.11272391099594,47.99312873884175,2.2026829685058575
WH-NO-1,2023-04-04,Northeast,7227,174.98181135213997,95.28821936446734,90.97817989366573,57.99727475140774,2.4905142778456364
WH-MI-2,2024-07-20,Midwest,1413,211.14029271231428,88.08306975493953,81.35406669007452,73.52640638607204,2.3647303763832097
WH-SO-4,2023-08-02,Southeast,3120,217.83187612527917,85.58483379863073,86.28867813560977,27.322147444462775,1.6463933552560643
WH-NO-1,2023-09-04,Northeast,2668,214.89055522429385,90.12271783053765,90.04364047861657,66.12919223092253,2.8582399146420276
WH-MI-4,2024-11-27,Midwest,4812,129.09133014308202,90.80583971815226,70.10219181905293,80.77222054962587,1.7041905950008347
WH-NO-4,2024-02-17,Northeast,6588,192.67312499028915,92.88861829326935,90.4132278154986,60.55141820213269,3.4636241945556367
WH-NO-2,2023-02-17,Northeast,9441,155.8753011754406,95.95840093270357,73.15162917998154,61.09979966165716,4.467650360368188
WH-MI-5,2023-01-15,Midwest,5732,125.26204941074708,90.20846981736871,93.02327995937966,87.06943556227739,4.267298967761473
WH-NO-2,2023-03-27,Northeast,4119,243.42390543562624,99.1177568830026,96.66133782979877,58.90132674335028,1.8668676600899787
WH-NO-4,2023-09-12,Northeast,4353,336.08992243873723,86.14023008598784,94.70343672965062,56.720821691322996,2.886034797329223
WH-NO-1,2023-01-03,Northeast,8024,191.19553153248515,92.20563611482666,92.90394120561677,88.4227083378945,3.9335023891777583
WH-NO-2,2023-12-30,Northeast,4719,144.2645714909253,94.77978380019172,95.38546532000736,85.65803701398683,2.1438179732945137
WH-MI-1,2024-03-11,Midwest,6832,163.74567956900336,99.69504745526805,87.29612886228286,89.21571370065263,2.245912912813902
WH-SO-4,2023-11-15,Southeast,4830,221.4865066975822,86.36881942716205,81.79677580537034,62.44496467248544,2.858729961938587
WH-SO-4,2023-01-28,Southeast,7066,171.32776218714812,98.88803251496158,95.33367283589813,46.286154407947805,2.8966960081564928
WH-NO-5,2024-04-06,Northeast,7565,207.51377860931254,99.9561595370591,93.50400729940137,52.232354497744204,1.764931361573863
WH-SO-3,2023-07-07,Southeast,7354,252.9309304449066,97.56330624526474,85.342607792794,58.81930892942672,3.0108860013101473
WH-WE-3,2024-06-01,West,4529,198.02294878906807,93.02854950778472,91.39425944632796,73.9736752127273,2.1108239682242838
WH-MI-4,2023-06-05,Midwest,5089,238.79892474323947,99.7586191064558,95.2751313876289,56.28402432668058,3.328525860258142
WH-SO-3,2023-08-15,Southeast,3977,199.55053132779338,84.61230152557152,86.73379006708227,71.35537818657235,3.0779086579580173
WH-SO-4,2024-06-08,Southeast,10253,145.75304589804938,99.18890146655416,98.8911365210866,64.2951419405864,4.245333144190218
WH-NO-3,2023-03-23,Northeast,6045,251.25261562556096,95.26031097948294,88.11091527636714,72.53046163084792,2.947322940793134
WH-NO-2,2024-07-07,Northeast,6196,207.74650998864382,99.40418905972814,84.74644919302175,63.9792201234885,1.679321013064441
WH-SO-5,2024-10-14,Southeast,3360,162.12184231028397,99.78153057026026,65.3808859233689,69.16704102878593,1.5890416622112675
WH-WE-5,2024-10-15,West,3440,170.27967624045797,90.90629394211915,92.85014189106272,45.56745693161462,2.4825038783337714
WH-SO-1,2023-11-18,Southeast,4096,187.51842156752488,95.14949866557521,94.28744973607004,75.98962260642931,1.6594761868754335
WH-SO-3,2024-10-06,Southeast,3763,253.15270445584332,89.24277139500734,71.56560270535975,49.78548155352193,2.1344810173985636
WH-WE-1,2023-09-06,West,6342,243.30047712591391,97.9710518618744,91.38039074808961,74.15944038894924,4.028161708975015
WH-NO-5,2023-10-07,Northeast,3364,217.5397516356826,99.30442819160757,84.65015038546443,31.921639449971302,2.376486032208203
WH-MI-5,2024-12-14,Midwest,4446,244.2326137701467,96.87864914755535,85.39058969693082,30.798304852816894,3.300361071850248
WH-SO-5,2023-10-01,Southeast,4847,144.83829749144675,99.28126540477794,88.83178050999922,69.7304139479351,3.0700091568264956
WH-NO-5,2024-07-17,Northeast,3704,155.36279780822645,95.15107227920879,95.57853799226575,56.88863713132123,4.481908878252304
WH-NO-2,2023-01-24,Northeast,949,196.38542424909318,96.17779117928816,89.09841317529043,62.35038219472928,1.7601472266531148
WH-MI-2,2023-01-15,Midwest,5617,320.9984977802184,93.48672761514601,84.28649682988954,57.64515995129528,3.7636509533068514
WH-SO-2,2023-04-23,Southeast,7654,277.65580641288295,96.49056890591396,89.74873325361882,64.27515406776759,4.090954040047576
WH-WE-2,2024-07-19,West,3953,206.5201427954545,99.89582729715534,86.44862388510538,50.04089691463412,2.2729946550988984
WH-MI-4,2023-07-19,Midwest,5574,231.12211148012656,92.23366107535826,86.0615823721386,63.20406729783059,2.7326890180168473
WH-WE-3,2023-11-08,West,3935,152.0057878399503,97.93131302059162,93.0095330228845,47.599783568413514,3.9015088882215805
WH-NO-1,2023-07-24,Northeast,2374,184.48958892659545,91.90666962841175,98.00972460165778,63.13775782343316,3.954364361421111
WH-NO-3,2023-08-07,Northeast,6209,225.17923143519357,98.74943524046046,82.54967092222672,87.97294136999189,3.22384181217039
WH-NO-4,2024-02-16,Northeast,5471,302.94872979389754,99.06331659981618,86.9550946800294,85.08983696710737,4.18629319515487
WH-WE-2,2024-07-16,West,4981,178.64347994450904,98.51428651456004,96.58712815127669,61.71440708331465,3.8501308389322535
WH-MI-3,2023-07-04,Midwest,6525,215.62908816689554,97.58683315575273,86.24845479483042,79.98976390768088,4.318338207097481
WH-SO-4,2024-04-30,Southeast,9807,110.14689841788,97.65708840348559,87.83230760425536,80.92157140494552,1.8530922372236374
WH-NO-1,2023-10-08,Northeast,2907,215.74124739390408,97.52256794530985,82.14194607325788,58.325521341847065,2.345321026541118
WH-WE-2,2023-11-11,West,2220,237.90723924328762,97.977812546955,92.2510227191034,65.96365774929815,2.7879569396888177
WH-WE-3,2023-10-06,West,5064,160.79324769687196,98.85253020940172,79.56276296875126,67.75494062283212,3.7466068890708364
WH-WE-3,2023-03-09,West,2653,220.0295000777943,89.87804330732314,89.43615124213784,18.974287287222374,3.5209058234976762
WH-SO-4,2023-02-27,Southeast,6000,207.99394326551365,91.37931019919534,86.44362829003236,62.90366317575135,2.5852768994047004
WH-SO-1,2024-10-04,Southeast,2297,161.53401773900305,90.81872041144251,77.1246848467583,82.91393592278638,2.3935695127886274
WH-SO-2,2023-10-03,Southeast,4059,188.12231584762168,98.25246194875945,81.18570170289277,46.86501701939429,3.5882339716611
WH-MI-3,2023-06-22,Midwest,3991,265.8431638212501,98.00806367431619,86.02699194551727,76.40752827575545,4.445326556360332
WH-NO-5,2024-03-09,Northeast,5357,111.5347279869928,93.21387051223357,91.88992129741551,59.93610377763583,1.529985720790356
WH-SO-4,2023-03-08,Southeast,8364,282.20006971295,94.04953371768684,80.67664598290675,73.42728131247051,2.84683422266875
WH-MI-2,2023-02-10,Midwest,10018,272.0696446020027,89.32431870001263,88.97933102612778,46.541218535636375,1.609508273924055
WH-WE-5,2023-03-28,West,11139,138.48436685203626,96.26256540447025,81.30144840568948,50.6341534923899,3.7424129674792477
WH-NO-1,2024-08-24,Northeast,5487,164.61857607331726,93.10342578139465,77.14939137961821,73.44962024486034,2.8004739500183637
WH-MI-2,2024-10-29,Midwest,4640,213.90521246274238,95.30013207607156,72.7480203362298,73.32273963411102,1.661715204059528
WH-NO-3,2024-03-13,Northeast,5123,179.3436230180696,94.89375118530032,92.48130128687639,48.14530433778174,2.156337049999472
WH-SO-3,2024-04-01,Southeast,5669,169.700195836067,97.60318040942994,74.39355033132263,46.734120432541225,3.9787902588596573
WH-MI-4,2024-05-30,Midwest,3612,176.1808818501612,92.68617120649613,82.9793534475066,87.08185546655083,3.9684424430842284
WH-NO-4,2023-11-12,Northeast,2781,143.6805083253208,99.86636910047584,62.650614108556546,57.085618091154814,4.420057656874351
WH-NO-5,2023-12-03,Northeast,3009,216.23959925048771,89.58202148030976,78.40698869579197,72.65533602757293,2.7022359094170425
WH-NO-4,2023-12-12,Northeast,6158,183.61672038403424,99.75225457708461,74.63089192704732,72.49332152491169,4.456895722336517
WH-SO-4,2024-12-07,Southeast,4015,276.8066007259111,96.1404765603188,89.7538951202521,72.60869790304292,3.154630136574456
WH-MI-2,2024-04-01,Midwest,8316,227.68145689293976,86.07692442301911,75.34305752262756,86.4409626805544,4.05265382038071
WH-SO-4,2023-12-27,Southeast,6127,127.38030276335616,99.88571241139039,82.77672868135375,68.85879147661757,3.7193239939792337
WH-NO-3,2023-02-23,Northeast,6610,147.81030088476143,92.66307611728134,82.16539972409781,70.47474886820905,2.670337516839187
WH-NO-3,2024-06-02,Northeast,7163,193.6711054580739,99.42784393963723,88.26512078886904,56.86888876249321,3.3772066852046345
WH-MI-1,2024-12-14,Midwest,4541,224.4525357913613,89.16530543927286,72.08259747786744,57.51606807264991,1.963082873644027
WH-NO-3,2023-09-23,Northeast,3804,179.21603226676805,96.00883778264466,89.62920537769179,66.30656036555492,4.328660282288879
WH-NO-2,2023-08-21,Northeast,4119,239.04064331026342,97.22413999414869,62.89135741697607,85.22265682929144,1.8668889904775938
WH-NO-1,2023-12-31,Northeast,4283,206.55262290825908,98.57680341217545,93.5580470546522,83.32541411319058,2.9356352967777655
WH-SO-4,2023-10-16,Southeast,3930,174.25329281401008,96.03416456652508,99.77364154442809,70.49039509696998,1.8716989194053586
WH-SO-4,2023-06-07,Southeast,5509,128.31209866608216,96.21106817226332,78.96926870213898,30.949616490924864,3.785091537730893
WH-MI-3,2023-05-28,Midwest,6879,283.10221102451914,97.67425656714636,86.40390218690433,80.5158140199531,3.0299378775158905
WH-SO-2,2023-03-10,Southeast,8947,244.8485521513019,94.9732079328475,74.07649152438974,71.80657612847213,3.670824434592013
WH-MI-3,2023-04-04,Midwest,3677,150.85343244439824,98.69070843330036,92.50147074527014,66.94990688233676,3.108224029373197
WH-NO-5,2023-06-19,Northeast,5843,168.852646721044,99.30592466082993,92.44271407369298,44.61018484039899,1.7039893687028917
WH-SO-1,2023-11-26,Southeast,5536,224.57616661934827,99.10657879903026,92.05495055266134,41.5799737318436,2.5423149869536603
WH-NO-3,2023-04-09,Northeast,8114,132.6607684839823,98.65559299055327,89.11539550128079,67.74252565248614,3.511025903121877
WH-NO-3,2024-05-24,Northeast,7674,245.35390475100226,92.80984014750392,93.90249451822476,89.26861648073653,3.9040846083940504
WH-WE-1,2023-04-09,West,4555,248.16738726835473,95.60784936735814,89.88664459719745,72.54875710488223,1.8902921454505994
WH-SO-1,2024-06-09,Southeast,1361,258.06135599784403,99.42319880512869,89.78699987561176,73.72065304262631,3.7174953556191195
WH-SO-1,2024-04-06,Southeast,5875,60.53500385903601,99.544070061368,75.36243282709788,33.584075216993824,3.26929344895541
WH-WE-1,2024-01-30,West,4782,172.58077154103358,95.28591001885741,86.57587978480166,66.45487792644408,2.2914615152015854
WH-MI-5,2024-08-28,Midwest,5047,282.0471479051583,89.64237415803555,87.02563741787868,77.10916537300237,2.6039332995524647
WH-NO-4,2024-09-29,Northeast,2568,273.1107043309071,95.6646591266445,66.06130628797429,72.37833895771276,3.2208423064982865
WH-NO-1,2024-04-20,Northeast,8404,243.8175256733559,87.1211580447469,95.16583574554053,62.78294073180671,2.569914966304899
WH-NO-4,2024-02-07,Northeast,5346,176.40045134112478,99.03916757913619,89.68454931343192,98.47950202574422,2.9814839984998263
WH-NO-2,2023-10-31,Northeast,3035,249.6638354718348,92.62519101653487,90.35844012806899,46.500765385016415,3.0451391966231913
WH-MI-3,2024-04-21,Midwest,5500,210.2244222393202,97.77900590734212,94.40762495763744,48.158171257522035,2.590934879472739
WH-WE-1,2024-11-11,West,3705,221.40378064967683,97.91887464419933,95.05428651376725,83.21375375641512,2.566114280181087
WH-WE-1,2024-03-26,West,7211,264.302509481202,93.88152570801576,87.38742173144476,63.39217262381588,3.9615924395226627
WH-SO-1,2023-12-19,Southeast,3388,203.5640879690581,89.33735366504445,97.11091236133993,66.57035952223889,3.8032848270189095
WH-SO-5,2024-11-05,Southeast,3184,194.93754886378784,94.31342110853784,79.10283440947818,48.23463667518663,3.8893441657062064
WH-MI-3,2023-11-02,Midwest,4673,317.32566025693825,93.18818288558126,99.09684598001432,71.12570602426881,2.4835200249136893
WH-WE-4,2023-03-23,West,4310,207.79214396068986,97.21077797278618,83.6630254009302,74.84014086627589,3.367478515706613
WH-SO-5,2023-01-12,Southeast,5972,219.017236847802,88.68619234593412,97.56464564871614,85.56836701647757,1.7267306569323848
WH-MI-3,2023-01-20,Midwest,5846,282.9984848726916,99.53134493057705,96.39119827126339,61.74066279018678,2.2324895062158023
WH-NO-5,2023-05-12,Northeast,7278,91.27481577825425,98.3518027035733,60.6283613430751,54.388936887037445,2.4476786114207014
WH-MI-5,2024-10-22,Midwest,3216,234.2526814875251,94.1937941284142,85.06569440535814,78.32837437480784,3.906952468298544
WH-SO-3,2023-07-24,Southeast,3124,163.23335665085185,91.65993233036518,85.5927451422506,87.54701645060806,3.7909019004001143
WH-SO-3,2023-07-07,Southeast,4471,139.01899644971417,94.24036712478653,87.28956358823596,34.84066300226903,2.619264719540188
WH-NO-4,2024-11-15,Northeast,3116,185.97789963554922,95.05484675035146,88.44043479545671,72.7280443032626,2.0831885838229285
WH-WE-4,2023-12-19,West,2533,164.596650536452,99.66331441574516,84.13548423134301,53.09212193731335,1.5456594153984309
WH-SO-3,2023-05-05,Southeast,7410,304.3664039585359,74.89386691591416,79.32584431531781,67.63376904330015,2.30101966646357
WH-SO-4,2023-03-23,Southeast,5408,195.72767521034876,95.44148073024974,97.64970820888885,37.35042706393837,3.5560507069996694
WH-NO-1,2023-02-13,Northeast,5650,267.8856620556603,98.75294708516921,94.25476181223554,81.74341534398366,3.5946787376427007
WH-SO-4,2023-05-29,Southeast,8177,173.66385612344314,94.79177061973245,81.91351265164897,59.63340887778054,2.6529153572399604
WH-SO-2,2023-03-13,Southeast,5634,312.2119832605546,97.40908047705935,95.31064417031646,85.11895160185122,2.8832836336998184
WH-SO-3,2024-11-04,Southeast,3976,201.15477727477298,97.19997486705415,88.47873951079349,45.566273601338224,3.6891361758996797
WH-MI-4,2023-07-29,Midwest,5006,140.7417734460966,98.14325079795309,87.72080557584371,67.59831934212343,3.7366422023957266
WH-NO-1,2024-08-25,Northeast,2750,216.76398699943456,96.97380496230764,97.78857032802559,77.32957715016421,3.6962243321932737
WH-WE-5,2023-06-02,West,3047,244.07754109949107,96.85846402200872,90.56519212956725,46.50844714444513,3.84729347207999
WH-WE-4,2023-05-08,West,7475,211.0444854928504,95.92385813288377,92.31324822740122,72.24149724627087,3.702251319857983
WH-SO-3,2023-01-30,Southeast,3240,239.8194161424272,98.79511048769463,92.82356899803467,50.124947996352944,2.0477683164606946
WH-SO-3,2024-04-11,Southeast,9485,209.14203694181626,99.21401947121376,93.46914948757671,85.96260476680932,3.0837910303122946
WH-NO-5,2023-11-23,Northeast,4040,191.71674014341045,99.82557745468942,87.83348900804967,56.32284295342237,3.091372131010817
WH-SO-1,2023-01-21,Southeast,7361,233.3247946272743,90.61557529779719,88.76299942215138,80.58379965739151,4.0920462527515316
WH-SO-1,2023-06-20,Southeast,3819,253.30576320634827,89.03243692533776,92.41079260891608,93.00465293390121,4.302961839919334
WH-MI-4,2024-06-05,Midwest,5087,259.31181722146675,96.47913788212504,94.78864819415163,64.79499566962666,2.3657231367683322
WH-SO-2,2023-03-27,Southeast,5508,257.01451707196577,90.11891017684692,92.00141663112667,66.29115315494981,1.5687805069959395
WH-WE-1,2023-12-17,West,4109,219.51816124140728,97.58117172522462,91.73229135909263,49.445519370983774,2.077577544586374
WH-WE-4,2024-11-25,West,5544,102.59390458103127,97.45933936216802,95.43894386016689,68.27402185305635,3.421980291601982
WH-SO-1,2024-04-06,Southeast,6472,193.3594904182002,98.720215576382,85.16334655239808,75.27725060583812,3.450414286229205
WH-NO-2,2023-07-21,Northeast,3227,211.67972319048656,94.09396075938078,94.4938906198037,59.54355415119057,3.212397967922212
WH-NO-1,2023-07-13,Northeast,6288,159.1766399013718,98.50916642885467,83.4860755949691,62.67425039406279,3.5059969564165563
WH-WE-5,2024-12-12,West,4991,199.69257555260165,97.80069637084613,92.42844936632999,87.61305594448075,1.8593547970090425
WH-NO-3,2023-11-04,Northeast,3760,100.9782044649373,93.55587496890973,68.27033683918354,42.49090984311582,2.83487403536896
WH-SO-3,2024-09-27,Southeast,3553,230.86145558672197,99.3250086774065,88.03634145020825,71.97929459501518,3.514296618769088
WH-MI-5,2023-08-05,Midwest,3425,176.11301836881643,77.72879351465201,95.81954102317202,80.07253936086637,3.1370400269042116
WH-SO-1,2023-02-07,Southeast,7252,116.95447204006581,89.78196612119321,93.67917905062656,43.64016434360064,1.6360687305811434
WH-SO-3,2023-01-01,Southeast,4698,235.17962651033113,93.20366629453046,82.92940436872603,46.139554905091565,2.2400842664084486
WH-SO-5,2023-05-09,Southeast,6106,257.8843002572374,90.52603138204579,72.94472328973967,77.26638688896652,2.5889182894307696
WH-NO-3,2024-01-22,Northeast,8311,236.45417607658771,99.92635478724638,79.31116892492727,72.24769990438186,2.4166008474040535
WH-SO-3,2024-07-28,Southeast,5405,242.31599625097624,99.8735799865612,89.7053784156572,74.19652774999801,3.7942119990815257
WH-MI-5,2024-07-07,Midwest,5011,270.00897126437883,97.78631762162271,73.90433681907848,69.12727890766429,2.834591033296014
WH-MI-5,2023-08-13,Midwest,2051,164.68602827750965,97.1414702172134,75.86650270834001,90.9577892996026,2.69807250146854
WH-SO-2,2023-11-03,Southeast,3015,347.2020606388745,92.30131681012698,92.89939840879622,65.99394097202756,4.193664839217556
WH-NO-5,2024-06-22,Northeast,4510,103.90827094635844,99.05876380170042,96.3984561241754,71.38363052170054,1.6012617430482368
WH-WE-4,2024-03-14,West,7453,169.82562193771656,98.08272478258264,99.19056252794617,74.00029656659518,3.1098082743198843
WH-MI-1,2024-10-16,Midwest,4206,201.62546038727655,98.55978258096866,88.51941550009586,81.74958879764243,4.291135949474274
WH-NO-4,2023-10-08,Northeast,2477,190.59177575401998,99.68968167830835,95.92731695681859,70.82207526133028,3.543288233044682
WH-NO-1,2023-01-29,Northeast,8421,235.43978803476176,95.28329628802268,90.06793670992977,75.44411806225504,1.6960022223029099
WH-NO-4,2023-01-28,Northeast,7657,245.8657936265918,96.22028160564447,95.68525073549232,69.25112400416171,3.3167811156502958
WH-MI-3,2023-02-19,Midwest,5935,278.7732291069844,93.76638225471096,92.02786778194742,85.04948976420906,3.993478627261188
WH-WE-5,2023-06-08,West,3622,231.49672866641535,98.62934290496926,81.96133796111924,77.05281734303068,1.7613325905917199
WH-NO-3,2024-07-18,Northeast,6271,209.33338254033993,95.86067464878123,91.99384200619296,66.97207536772883,3.1300164702871793
WH-NO-5,2024-11-04,Northeast,2922,215.3254686597008,95.72275541962453,88.68284734044477,71.18964349884105,2.5151595504441477
WH-WE-3,2023-01-17,West,4639,266.58229993538646,93.7798333668715,93.28146568063512,90.2788932180784,3.5484824842080296
WH-SO-2,2024-05-01,Southeast,3212,241.67835608719423,92.48724946314672,96.89304548313106,83.00745277481458,1.5212371884751255
WH-MI-3,2023-11-17,Midwest,4600,222.81728435326124,97.54972481413498,97.89091037204793,86.0535820585022,2.8719890152480603
WH-SO-3,2023-10-27,Southeast,3882,223.1047084393427,98.37451413732128,82.81303293586419,83.65051378369138,3.7876778648435385
WH-SO-1,2023-07-24,Southeast,1349,167.11133500773585,96.81307535168207,92.02415486690873,49.4913234521729,3.733957493607025
WH-MI-4,2023-09-12,Midwest,2820,201.37784916061693,94.6305524882332,96.23759598710015,75.65033003875565,2.4473002320905324
WH-SO-3,2024-08-27,Southeast,3824,197.27825565040558,97.91847237769628,94.20791156579,78.87999441702802,1.5690139550876379
WH-WE-1,2024-06-16,West,5022,191.70849918952518,93.49420259826083,98.85230789580578,50.3936194724603,2.8123641408438
WH-SO-1,2023-10-11,Southeast,2427,321.9742547622816,94.87205797915662,92.91574317465901,47.415592811924554,2.2212812969123488
WH-MI-5,2023-12-05,Midwest,4293,187.36294956850205,95.5822083977372,98.73847205873496,61.75892740293328,4.386516659369612
WH-NO-3,2023-12-16,Northeast,3582,176.7337205132995,92.33879912198537,88.66837153633115,61.30985558145207,4.372949316620323
WH-NO-3,2023-11-09,Northeast,5088,224.02319575708333,96.80162455124655,96.4039058019377,76.4227981729225,4.161261348530418
WH-NO-1,2023-05-04,Northeast,9590,156.3898483534278,96.89022498281668,94.4015703868896,34.12285582310497,2.527221194381446
WH-NO-4,2023-12-23,Northeast,4166,155.50270305083893,95.98223250918909,97.74332265860801,78.28979213250479,1.6720539919191824
WH-SO-5,2023-11-28,Southeast,4251,127.54288109967534,99.2262975857832,93.11040017499388,71.26070696489852,1.524037639723351
WH-WE-2,2023-04-09,West,7175,169.10819028814984,99.12596377455036,94.66859924415701,69.74564688430345,2.806836916875932
WH-MI-2,2023-05-20,Midwest,6725,209.02871239145875,84.94154504111201,90.21004477547926,93.7293312153687,3.2361271046017546
WH-SO-4,2023-08-23,Southeast,4829,287.14693429206415,89.23436674862708,98.37142246689355,73.6609890529051,2.630131649487227
WH-MI-1,2023-10-27,Midwest,3748,131.7238235865002,87.97608835380662,87.86318158491716,79.29889124379896,3.638294021800022
WH-SO-3,2024-08-14,Southeast,1346,213.74635713692808,97.90079051875163,93.20373998401206,57.81399632384455,2.038788997602922
WH-MI-4,2024-10-18,Midwest,4094,146.54991197677037,99.95431683293769,92.01719950691283,72.02888504691168,3.8338763383746226
WH-SO-1,2023-01-27,Southeast,7916,195.4305484941393,96.27155773115965,89.96066269116828,62.051267024685096,2.192687987122369
WH-NO-2,2024-05-20,Northeast,4628,108.52701062560737,99.01327455465835,92.8843276356987,75.39712582163524,4.231381074181738
WH-SO-5,2024-10-31,Southeast,2335,232.45633536474622,97.02368380890917,77.72016332461223,44.573407351610214,2.7171417751307123
WH-MI-4,2023-09-28,Midwest,3880,237.94041757316006,99.78259232229382,99.14404530533866,46.928829811730395,3.3446928756430454
WH-SO-4,2024-09-07,Southeast,3812,94.53468465471981,98.198363572515,83.78592591529194,54.83549349317901,2.082714579138346
WH-SO-2,2023-12-25,Southeast,2650,238.35466575993155,99.72498430102051,88.80840478960495,68.16924302267341,4.09429222377223
WH-SO-2,2024-04-14,Southeast,5168,276.74699269341033,93.98078713592835,80.10050798747598,82.380010914085,3.200441041495109
WH-NO-4,2023-03-07,Northeast,6461,129.1978474784948,90.28746668641399,76.04039008549412,62.10014972972828,1.6404763703241685
WH-NO-3,2024-08-04,Northeast,6067,92.64836265103284,97.37285841857901,86.47179119292761,44.99870787745349,2.4622815649396665
WH-SO-3,2023-11-09,Southeast,3342,149.46064716631773,99.09661201463042,96.9233429440689,66.234227984683,3.6081676335957305
WH-SO-5,2024-01-25,Southeast,5722,147.32392401408146,99.23551498036717,83.33659672295924,68.60152478743117,3.00289667370979
WH-NO-1,2023-06-01,Northeast,4914,291.9504567094642,92.80378114045425,98.24609758424346,71.27279922163203,3.8855577075807055
WH-MI-3,2024-03-03,Midwest,5255,252.7800408936963,97.03217127343478,95.33275470109963,89.17098808412288,3.161174847785464
WH-MI-2,2024-11-09,Midwest,3888,183.77675983281313,96.19026169367822,77.12742436426677,52.15168583061443,3.9417757636344426
WH-NO-2,2023-07-25,Northeast,5486,163.90248373377705,95.5312903869371,81.49450162719005,89.55966129379671,2.9790555183524425
WH-NO-5,2024-05-10,Northeast,3858,142.76062670830066,96.70589378823969,83.56873548595203,79.52473248297176,2.55455262528862
WH-NO-5,2024-08-06,Northeast,5354,163.3538004250766,95.14588791932552,94.1842073374276,59.7522061174155,3.4224838596298137
WH-WE-2,2023-10-29,West,4114,97.77857110255042,97.84356089649121,98.3332394830996,81.29434581347887,4.086402412587732
WH-SO-3,2023-09-07,Southeast,4166,294.16989442401746,89.64589102737405,83.21178954092294,61.21636080158358,2.7765508009470974
WH-WE-4,2024-04-17,West,7632,173.5024669634586,95.98106032711314,93.52689536814727,64.68962259694665,3.2623346756704805
WH-SO-2,2024-06-06,Southeast,5553,249.0721312082075,91.90294100520215,86.12620505820388,70.20154947549871,3.33770243854828
WH-NO-1,2023-06-16,Northeast,5788,211.754457080304,96.03581774366855,96.91244757775497,44.98463150235496,1.8074948371738428
WH-SO-2,2023-08-31,Southeast,1509,146.38324158746454,99.67393105679008,81.11372540196294,78.16077412052933,2.315736634248577
WH-SO-5,2024-09-13,Southeast,1548,171.91090273174427,99.14767178550086,93.50981081382109,80.07969867428017,3.8704570944253334
WH-WE-2,2023-09-19,West,2346,241.2281181048411,99.63434988544586,85.46109012365832,59.77537258746543,3.342253394473586
WH-NO-5,2024-10-10,Northeast,2182,197.17906734489017,99.88756918957083,62.392116726979495,69.81123489831508,4.097761008071078
WH-WE-4,2024-09-25,West,1819,207.6615083253997,86.6231870930736,79.26048922930794,47.17328220490115,2.1465500025010935
WH-NO-4,2023-06-12,Northeast,4935,271.94244310834625,96.65518539318154,76.96977349078479,61.29300273058382,2.6962323795317613
WH-NO-1,2024-12-14,Northeast,4168,235.23265038906618,92.32946584197077,85.44093990049123,80.79998717471274,2.963802278307087
WH-NO-3,2023-08-05,Northeast,5566,124.57009921196142,92.2001836808069,77.48982355438062,57.208874223878006,2.564685296780554
WH-WE-1,2023-05-25,West,9984,210.0691644648978,89.56997243820773,91.9046335675736,55.83487283337395,2.4894032960853147
WH-NO-5,2023-08-11,Northeast,1846,139.57209311870324,97.9321823586437,91.61211556259668,75.59220660219934,1.6987730204273042
WH-SO-1,2023-10-07,Southeast,4949,212.20082682769876,99.06592065462301,92.9459961694283,66.3229043540048,4.102297495606592
WH-MI-4,2023-05-05,Midwest,7162,260.4373461429128,90.92141436303461,85.76403525255397,56.20665076511221,2.3159985619251153
WH-SO-1,2023-11-10,Southeast,4824,234.5552903736338,91.9267948558763,96.60222767685156,88.9958521306401,1.9856708345929532
WH-MI-5,2024-08-28,Midwest,2321,199.66191122091627,98.08147456991156,96.7294572738644,70.93310513546966,2.183872771224279
WH-NO-2,2024-04-10,Northeast,5791,188.16100697407552,97.63829243454914,82.50597955125495,76.97011075336326,3.5263830570354715
WH-SO-5,2023-05-06,Southeast,7356,232.30025066324276,93.36205167035384,87.56851838811512,73.32640416339832,3.554379932802089
WH-NO-5,2023-04-28,Northeast,7378,154.33847907858427,98.48066278913657,92.94142756238087,78.8157883011872,3.3961426527903176
WH-MI-1,2024-05-31,Midwest,4962,188.58560855888723,95.48031455395574,69.54371837162874,95.12863764739666,1.9123265937348595
WH-NO-2,2023-06-17,Northeast,3903,221.3460790121709,79.444727927426,89.9222855012901,77.73164333655929,3.6594469407697416
WH-NO-3,2024-08-04,Northeast,6118,194.16639504998304,98.30056153342454,88.86349159158193,83.39780727845314,3.8679775175987188
WH-SO-4,2023-07-15,Southeast,5400,264.41195612162545,97.47282201725255,90.69156657185428,68.51507655460495,4.1589839328806555
WH-SO-4,2024-12-04,Southeast,5147,227.62603206376048,94.24998068339943,97.30533069921027,43.36578012303653,2.706100544354655
WH-NO-4,2024-01-29,Northeast,5020,174.53325577270303,99.94470886060483,85.67216221551385,69.51466280766645,2.780189567716789
WH-SO-5,2023-11-19,Southeast,3682,210.07089764390454,99.26207968261757,95.7231917846789,93.97158723433688,2.34622419561162
WH-WE-5,2023-10-31,West,3718,184.1367791534999,89.02593405870022,94.93276711568285,76.77335323120087,2.1550067243987234
WH-NO-4,2024-12-21,Northeast,2770,224.69713862590174,90.63686834548524,94.85038948711427,65.43443263979928,2.961306865386629
WH-WE-5,2023-12-07,West,2552,242.35325863995695,99.68088969830312,92.57658854616771,71.20243396630207,2.1812531077960533
WH-NO-5,2024-08-07,Northeast,3439,234.9671068582477,99.06037661329034,91.50164943169736,65.46070573684939,2.6779817709103195
WH-SO-2,2024-06-25,Southeast,5310,209.07285256368874,93.39032071391323,96.18481890505159,69.22791987380783,3.531356163315893
WH-SO-3,2024-10-13,Southeast,4128,319.2992637926145,99.11930685005561,66.42825493411996,35.073585884711136,3.6050211514664885
WH-WE-5,2024-09-07,West,2392,188.39789933884498,85.6600454277487,93.8029977900109,62.08082976004386,2.9296521314350157
WH-NO-5,2024-10-25,Northeast,4666,139.71369637994192,96.40260705978763,89.4724282988306,74.47424345878252,1.6999457098051014
WH-SO-4,2023-07-20,Southeast,3578,240.65400859294806,95.96980948385027,95.77742669103098,76.15354734084035,3.3931571230106554
WH-NO-1,2023-03-28,Northeast,3475,115.93776653161913,95.70816408193271,93.0238968728921,62.96067042517334,3.419320585580422
WH-WE-5,2024-03-09,West,7393,222.61528192391287,97.73011910747395,90.04360314272304,61.536335911579286,1.897498511061377
WH-WE-2,2024-01-30,West,6641,264.91157073540865,99.39186157913731,77.43264916033581,49.35027227659191,3.817222264804645
WH-NO-3,2023-03-15,Northeast,1211,242.6182486521538,99.54541224497359,93.88887075876696,37.532413954891084,4.493043441841285
WH-NO-2,2023-04-30,Northeast,7646,233.88212328406763,94.83938629870273,91.97327448141253,33.929120000639394,2.677165059034259
WH-NO-3,2023-12-08,Northeast,3189,174.27652293165212,98.64898538764665,84.41506833570547,82.20662786719333,3.1656471138481397
WH-NO-1,2024-03-15,Northeast,7870,211.8416451908778,99.40964604964141,82.42766121690863,70.29709746357253,2.0805042236704083
WH-NO-3,2023-08-01,Northeast,2065,238.9981339468424,97.26485296945427,91.18786800202497,62.172475656653724,2.5043444342242838
WH-MI-3,2023-11-07,Midwest,3887,164.87009586729187,86.68833612954408,95.596836851108,70.5262415300341,3.3923555549256816
WH-NO-4,2023-02-23,Northeast,9827,241.05886670488883,98.0439893196986,83.65333697789258,85.91116480927808,1.6731834031212292
WH-NO-1,2023-02-18,Northeast,4543,211.33343197506494,89.34693105169266,73.15694211669631,37.50772543456476,2.938059894673467
WH-SO-4,2024-08-07,Southeast,4283,168.03467693327678,97.94598986694446,92.48865543293775,86.8100717755946,2.8682876950520777
WH-MI-4,2023-05-20,Midwest,4467,134.93513695034613,92.55285425331158,91.03430857453877,89.72058035412086,3.290825213422867
WH-WE-4,2024-08-12,West,3929,230.60996712712517,96.6242604462963,89.05513360461467,80.79007452670439,1.7060292703131954
WH-WE-1,2023-12-19,West,6042,98.06456419865437,94.3824570201533,91.34672601404303,73.23751983872485,2.4352239290836497
WH-MI-1,2024-09-22,Midwest,3048,150.72561046753663,85.64591598823331,84.16345627680974,63.38757129074148,3.0572696873498466
WH-SO-4,2023-07-23,Southeast,2780,182.37801689219575,97.25184063452254,96.42329479656806,78.41087135956879,4.329519558146197
WH-WE-2,2024-11-16,West,5862,209.77927838109196,94.29798544649043,75.31430002326917,57.04170471913951,4.206494621626899
WH-NO-3,2023-06-02,Northeast,4254,182.84873508215972,97.0472802912616,89.27693541307924,43.37797353282126,4.189310685667111
WH-SO-1,2023-02-26,Southeast,5892,298.05554032638946,96.07487229552218,97.1918152161896,62.06589403635855,3.5448710217822903
WH-SO-1,2024-04-11,Southeast,8300,135.85274950405952,99.17448660562664,80.79621859648081,59.92496025091872,3.2392295880554314
WH-WE-1,2023-11-19,West,3725,195.7341050642747,96.34064870105364,90.851160710476,44.3722427826183,3.6396218793153685
WH-NO-2,2023-12-03,Northeast,6369,217.45597953181405,99.95090710762123,97.31747057198913,61.84418945182607,3.640557794411061
WH-NO-4,2024-05-03,Northeast,7151,229.53704769387252,98.5385575334725,86.55889619888929,79.6796111893899,1.9123657770727243
WH-NO-3,2024-08-08,Northeast,2970,198.097979942689,87.12769421499793,78.95147139193514,82.6674510767739,4.339777986286796
WH-MI-4,2024-06-03,Midwest,8072,196.26015557821256,99.46810587596376,95.69039546037162,71.58359064028457,2.5537809665921722
WH-SO-4,2023-05-17,Southeast,5171,190.82621340771442,89.13787228694262,92.17893564074119,85.58832448180405,3.8607797689357075
WH-NO-3,2024-08-15,Northeast,4955,127.93507668186508,95.95542980637988,89.57675929100681,72.04365970595737,1.9772197464361825
WH-NO-1,2024-10-11,Northeast,3943,224.26173971388405,99.42025702388788,93.76186853551523,53.80189206870274,3.1505667924650673
WH-SO-5,2023-10-03,Southeast,3961,126.96846229329519,96.11555849374543,87.65564553515847,53.870222916876976,2.6407946224992274
WH-MI-4,2023-11-23,Midwest,5900,310.9917528287757,87.8222810105673,95.6812158149129,51.97145384485808,3.7088801354514067
WH-NO-3,2024-08-24,Northeast,4432,249.7589407969942,92.3394255063311,92.29603657844805,62.79903509568675,1.9165018521774786
WH-SO-3,2024-04-22,Southeast,4751,176.72114874353275,99.43108098274651,92.01563393919297,85.95568779004303,2.9143981118737994
WH-NO-2,2024-07-23,Northeast,3990,208.44340205487816,99.98614472890569,81.51841236916381,46.92451952812536,2.0384887259415807
WH-SO-2,2023-01-24,Southeast,8042,175.6917611702871,99.71056346386064,91.57637986212484,75.36047564764202,2.865927469049856
WH-NO-4,2024-11-01,Northeast,3022,128.28590537581277,99.29774042892076,73.48704579218642,65.57873106943315,2.2007446377470523
WH-MI-1,2023-03-30,Midwest,3346,245.2880873004906,97.13353807063781,86.39610894955995,65.13572743495264,2.3625108867533458
WH-SO-3,2024-06-08,Southeast,4774,181.7967046816843,91.31394787387148,86.48311836614049,77.54437435878972,2.032761126308287
WH-NO-2,2024-03-22,Northeast,3772,111.88765467670048,98.02524399587631,92.53012702956306,60.554493929612384,3.045920595643961
WH-MI-3,2024-07-28,Midwest,4333,203.2626428715217,96.43465064553311,97.7480444409555,74.82646629024363,2.6130274983915864
WH-WE-4,2023-10-11,West,2371,214.141748452495,94.52986397502386,95.82579836582232,35.96381931577913,4.0844427196628
WH-SO-4,2024-04-28,Southeast,7008,195.14141067834805,99.61490343926108,95.17048906400191,63.40878882677939,2.0622200801320543
WH-MI-1,2024-03-21,Midwest,7314,236.16618093019952,94.84129796731345,86.08576617985176,72.12426412379006,3.3705792248141453
WH-WE-2,2024-02-26,West,9744,233.61809692618806,94.15178433378227,75.65736322032438,86.78869130217558,2.6061061753629113
WH-SO-3,2023-05-02,Southeast,5262,260.2576841155104,91.75828486910612,88.66629841187775,87.5276583388456,1.6872658716042888
WH-SO-3,2023-01-11,Southeast,6982,211.2953981564842,95.32205521975371,91.47136747754406,57.40373489380072,2.179023462632135
WH-NO-3,2024-03-22,Northeast,4129,224.1680285401502,95.38714295994244,86.1508839977097,63.7329835233116,1.565031228726426
WH-WE-5,2024-02-24,West,4233,240.02802067173434,98.1744401356397,94.0525525713342,29.01111163222762,2.7534476987173293
WH-WE-4,2023-04-10,West,5523,242.672801180527,90.52062384826831,85.92994460453605,70.84123093843235,1.6923782895931092
WH-SO-3,2023-04-08,Southeast,5808,139.83448210655828,94.9348165929466,95.3199982599742,57.290332448254134,3.6337666025330795
WH-MI-2,2023-03-28,Midwest,9254,137.55890779050563,97.71133928480141,79.96264138052243,56.197857574194344,2.4505368242765453
WH-MI-5,2023-10-05,Midwest,6266,199.87936524819625,98.90545388033907,93.26734840254174,66.47110851586615,3.396023908534712
WH-SO-3,2023-12-02,Southeast,1653,172.1025912565004,99.88747064712629,79.3729926028876,72.76485572290484,4.058358353673461
WH-WE-2,2023-12-16,West,3361,231.61460281012734,99.58779009813956,96.99108810100388,70.29724427847759,4.3014140230994915
WH-MI-5,2023-06-08,Midwest,4448,183.53097143283762,97.71237215877571,87.77129609447465,76.5031038959043,1.59171572760224
WH-WE-1,2023-01-01,West,6372,157.7910946960472,96.97731574793076,93.63703542383365,75.28291336239663,2.7448546261862035
WH-SO-2,2023-09-01,Southeast,5246,257.0979867752407,99.64029965138002,90.72404668661571,73.88897217932198,3.8068885498768723
WH-SO-4,2023-12-12,Southeast,6958,288.7736509447127,99.30825040256292,96.03044111437352,58.900177499135275,2.2466428127817264
WH-MI-4,2023-11-02,Midwest,3887,189.715279473648,90.37629180460624,82.27630497443134,59.88647265663401,4.410018213792341
WH-SO-1,2024-11-27,Southeast,3686,201.93823927767514,95.72252456121629,85.30570044649724,80.55752077415269,4.339918463991635
WH-NO-5,2024-04-29,Northeast,6957,209.43318768622677,97.15438618882295,85.92099045712236,90.73423414809564,1.5452469799045503
WH-SO-2,2024-09-17,Southeast,3716,152.97188605663234,94.03671030829037,83.18389100739613,89.82703287241972,1.8734970582692125
WH-SO-2,2023-07-30,Southeast,3194,279.696983648093,96.6885491944627,92.04971913311512,90.10059341729367,2.752807973077953
WH-NO-2,2023-07-16,Northeast,6412,213.56198588548898,95.49292107375662,76.48386264407122,39.802154316018914,3.3923726634778513
WH-MI-1,2024-07-13,Midwest,2257,206.2552184653109,97.67409969712459,98.74407027453273,44.47074117968495,2.347956969905068
WH-WE-3,2023-04-28,West,2892,262.2648570789487,98.21172672480353,91.21143559387711,79.12991302748921,1.9271692731370362
WH-MI-5,2024-02-04,Midwest,5587,246.15551030985472,98.76690478275471,91.42743879462216,67.63401336197906,4.0858418429719165
WH-SO-4,2024-10-27,Southeast,2497,130.3997071895544,95.67238951726105,94.9190056950643,68.78897899079597,1.8076771329688412
WH-NO-5,2023-11-10,Northeast,4902,161.49442521352583,95.2891288513281,91.87601205536319,65.58800467334926,3.816445017148928
WH-SO-2,2024-09-12,Southeast,3040,204.94852406813285,99.4242869877186,86.64780488212205,46.16831573046778,1.6756808804955146
WH-SO-2,2023-09-22,Southeast,3787,140.19254017084586,98.99792596097447,78.85547461292676,65.55763511206001,3.5669930301251562
WH-MI-1,2023-10-05,Midwest,4987,169.145411835624,98.86407818825579,87.177128983614,52.6589895309591,3.5125154067070707
WH-MI-5,2024-02-11,Midwest,6018,187.2901839847,98.41729120397075,91.60996802296145,83.2326095888449,3.9372378986331595
WH-NO-5,2024-01-09,Northeast,7452,210.7178200972736,85.86779423450459,95.17629036605551,68.63237589074006,4.308236943313381
WH-SO-1,2024-03-28,Southeast,3744,246.81169471617838,98.22053295741921,95.57907944921595,81.3164710411909,4.047352412545248
WH-MI-2,2023-05-23,Midwest,5150,182.45052398443136,86.63171936501716,83.97155916017581,64.52762632143224,2.28855714790476
WH-SO-5,2024-08-25,Southeast,4184,228.24172261097368,96.29999972814785,92.08714432721258,66.68193924658891,4.015782727333384
WH-SO-2,2024-01-16,Southeast,6120,198.2381018602603,95.19729057257804,82.68353002519902,72.25002174315716,4.097900457949302
WH-SO-4,2024-01-01,Southeast,6662,215.48719458616324,98.16743828043671,95.7100762068149,57.218626673998465,2.061164520271268
WH-SO-1,2023-07-01,Southeast,4462,173.93594069528064,97.67650385834128,94.74722092492947,37.40534525127583,2.3817617269963653
WH-NO-1,2024-01-14,Northeast,9498,308.4897263324552,99.83527596837531,90.43547333402297,82.96118198900473,4.28126207752257
WH-WE-2,2023-08-06,West,3545,126.7061238706595,94.75623873197343,72.3328960445507,45.110084158597694,1.6532905621035108
WH-WE-5,2023-06-24,West,5882,233.0394646594936,98.90184912353175,80.30650200798485,95.93861495331713,2.7782782043090095
WH-WE-3,2024-12-06,West,3920,166.33305888265375,94.68707171139921,82.43901233700176,58.033829349982135,2.986055889842868
WH-NO-3,2023-02-02,Northeast,7500,173.05654329230796,99.85722035289743,94.69632795077597,81.55781999815233,1.6225490239331632
WH-WE-3,2023-10-09,West,4140,228.27958002043675,88.30380438921253,80.91221380916791,70.27334149857055,1.5127715977627214
WH-NO-3,2023-03-06,Northeast,5076,229.5302974622458,96.51103458603563,98.21255072938155,24.27672668220254,4.420896815480177
WH-SO-4,2024-08-05,Southeast,4022,170.47742404962375,98.95096552154656,89.25796424856551,67.80221795353515,3.741956413488461
WH-SO-4,2023-08-14,Southeast,4305,261.89967175303155,91.59283353518116,78.35121981469109,73.28157582029189,3.4790327578413685
WH-NO-1,2024-05-10,Northeast,3567,190.49827645514975,86.93311260763146,89.50812660956159,52.81953734995627,3.3803094481106917
WH-NO-1,2023-03-17,Northeast,6455,218.3383116083475,97.25691573133317,93.77190302892274,77.68022436580354,1.8343409329691145
WH-SO-4,2024-05-02,Southeast,7489,175.33317694833733,98.90964906665117,90.67426226430034,50.661330254886124,3.888752344876999
WH-NO-2,2023-01-08,Northeast,5240,266.1546492958862,98.93211546836457,94.56747858049404,85.72688586894502,4.465215606818261
WH-MI-3,2023-04-18,Midwest,7485,221.93828967893336,99.81825532329245,69.19351046852242,69.30759073260916,4.165351429964625
WH-NO-2,2024-07-04,Northeast,5053,235.117450337869,99.87017176782643,91.29266340455044,62.66621290103648,4.175096442831341
WH-NO-4,2024-12-26,Northeast,4859,183.15003624557045,92.8642817921834,89.5893530577657,59.35910784886153,3.9292250104842497
WH-MI-2,2024-06-30,Midwest,3900,231.04729787408684,93.58479364640377,79.84808037271168,59.06958980481818,4.124527825404957
WH-NO-1,2024-09-17,Northeast,3299,137.7404140519152,97.76643821687152,88.50665179109961,59.41533551937221,3.418068137934295
WH-SO-3,2024-05-21,Southeast,5412,225.89203539141403,98.21002770954057,85.21526381332343,63.84423125386576,1.5967461326723316
WH-SO-2,2023-07-25,Southeast,3735,210.41430300166516,92.14111344063062,95.35630699616038,53.93143501246248,3.306698751874337
WH-WE-1,2023-02-02,West,6998,99.2604524392338,95.17828037826632,84.32746122865085,49.289249625362885,2.248362690700009
WH-NO-1,2024-12-25,Northeast,3917,240.68458296200282,97.97807776086077,90.45950826319394,65.36582647333219,3.5687667522088047
WH-WE-1,2023-05-22,West,4092,152.47437728928418,94.11090599457287,59.14358561602915,50.23519634718213,3.843516574298111
WH-NO-5,2024-03-11,Northeast,9008,278.3401147954404,98.7716097510069,78.82071914555861,71.73917295824907,4.111735349778799
WH-MI-2,2024-01-03,Midwest,6087,234.07007108656154,90.48492146588602,80.86301401163179,76.57914393118325,3.5022151166141877
WH-SO-4,2024-03-03,Southeast,6637,215.45776844794267,85.64985076618171,93.94623303775053,88.24985238336947,3.822076319104234
WH-SO-3,2023-02-15,Southeast,8466,128.75508760940045,96.9352842978995,80.55435499016464,39.980509038994846,2.055785402020598
WH-SO-2,2024-06-22,Southeast,4998,200.40077570865475,94.06260768423856,81.32842375296043,48.78755031421655,1.7375817226967156
WH-NO-2,2024-04-14,Northeast,5175,100.90957240042403,98.37215734398181,89.6314373752065,80.2439317788873,2.3868441791347967
WH-SO-1,2024-10-21,Southeast,4374,160.51345947654806,99.45626538198314,90.35715967871246,80.72779182760013,3.119625830098305
WH-SO-5,2023-10-06,Southeast,3164,198.14983780689204,96.58723293677099,91.49809996402426,85.11123664980327,3.8362440549704093
WH-NO-2,2024-03-05,Northeast,7523,271.7855897761928,98.58263634144349,92.77863140726018,33.430784675068175,4.310480510382904
WH-NO-3,2024-02-04,Northeast,5268,299.838443058229,87.18429602953111,91.10725170251737,74.0518102235883,1.8653255432743754
WH-WE-2,2023-05-21,West,4522,155.2705975579662,99.12105569693587,81.45922689698178,77.51698796073482,4.40086166997638
WH-NO-5,2023-06-27,Northeast,6794,149.41305248560565,95.37518101470603,95.78787112334517,73.63944370154613,3.815594558261581
WH-WE-5,2023-04-24,West,8887,193.76957392659787,98.93082297721085,92.50034310252224,81.84581844972361,4.360312354171528
WH-SO-5,2023-06-22,Southeast,3468,249.69314307621852,97.80765117370363,92.01306698545147,30.697312577145087,1.8165592985691292
WH-WE-5,2023-07-17,West,4754,132.23608516254814,98.46514938562682,85.7555074708182,56.28947056351328,2.8995774726945367
WH-SO-1,2023-09-20,Southeast,2736,173.87782209454596,97.47079755916519,94.1642014479696,60.42026433535942,4.384239594241043
WH-NO-2,2023-06-23,Northeast,3529,286.9877318800722,99.72464673213291,74.1233956643335,73.28278550929545,3.6876219096217464
WH-SO-5,2023-11-16,Southeast,3050,159.87285009452617,94.07280604652145,90.33482089171889,66.88550783510927,3.883007701602896
WH-MI-3,2024-04-10,Midwest,12447,203.88419474066197,97.01726847643064,74.3518102041952,65.00961172365774,4.347213080203333
WH-WE-4,2024-01-15,West,7042,181.3627976142231,96.2503441313202,87.2750284027523,38.99922123390789,4.273392978686843
WH-SO-5,2023-06-11,Southeast,6743,242.09907219290403,85.43781377856905,91.53556094816881,82.41317481988956,2.782789134832439
WH-NO-5,2023-06-14,Northeast,5231,310.57502356354564,93.281172364215,94.4776484614833,66.47757452293034,3.2021556697967704
WH-SO-4,2024-10-08,Southeast,4835,151.7610663073936,98.55439345062244,80.52353417292677,22.35887191466889,3.7473619892084127
WH-NO-4,2023-04-30,Northeast,7693,255.1476059455687,95.14242530741087,84.15613180004016,69.08310919744227,1.6011369094418917
WH-NO-1,2024-05-21,Northeast,9464,185.76733066158604,99.45227791027193,93.89445391513708,82.51776915195099,3.43010240526634
WH-MI-5,2023-08-23,Midwest,4255,193.91258504036512,96.54229283550185,75.70138405390577,61.48217972896123,2.742391340648067
WH-MI-3,2023-06-30,Midwest,5269,240.00201431487608,94.78135948355609,97.0666658013304,66.48191439766249,3.0776309259060954
WH-NO-2,2023-02-19,Northeast,6462,161.99209127360703,96.89821611073414,86.86367482985473,77.89979703389179,4.0200064226497965
WH-SO-1,2023-06-11,Southeast,7258,107.34284628964039,94.44536698266765,76.06505668657269,49.649834626476746,1.6509740704925202
WH-NO-4,2023-07-26,Northeast,4619,272.35756954208654,72.57559022300947,95.9278313805474,84.45959715060474,2.9747146862397296
WH-SO-4,2023-02-17,Southeast,6860,197.0882454453955,99.17234276055514,96.49833751930018,91.40583702518681,1.5611373132109372
WH-NO-1,2023-04-14,Northeast,5856,293.6251453277722,96.3260532156409,98.0194574759861,62.22842839593146,2.1986198443324283
WH-MI-1,2024-01-30,Midwest,6449,201.66404636358706,83.19679081249981,86.52804642788185,72.09337263385325,4.341401796114965
WH-WE-3,2024-10-31,West,2719,199.80418389920442,98.86185919013671,96.42361943685178,76.89768607014061,3.1893837001099055
WH-NO-5,2024-02-03,Northeast,4611,46.83240920766033,99.47574319099631,86.25631442686303,84.73253136897257,2.4941906883355447
WH-SO-2,2023-08-14,Southeast,4018,128.66103513778756,82.9055149950239,92.30530978724055,58.13577522201774,2.142862252091943
WH-NO-4,2024-04-14,Northeast,3219,156.72730440044128,94.44608118949117,90.53775794687041,76.24317834006773,4.443063455189394
WH-WE-1,2024-05-11,West,5638,190.02927690970455,96.84081758217464,94.08586584959112,65.04995182077529,3.4009756392855155
WH-NO-1,2024-06-10,Northeast,7013,214.64253604302627,96.6657961066685,92.00299215370336,47.106279602621676,1.9159021874896915
WH-MI-5,2023-06-02,Midwest,5149,95.18939723474634,98.75573778619713,80.5184410638188,52.03810535489557,1.544829475529812
WH-NO-2,2024-10-13,Northeast,1331,102.88685098376419,97.5594117404126,83.89474114846087,73.35037145295877,3.5381472763266646
WH-SO-3,2023-07-27,Southeast,3003,240.72131923060232,97.96010995870003,93.41142495337832,53.05979031467955,2.272717597705777
WH-WE-5,2024-11-12,West,2648,204.54492130991167,98.65307841998279,92.06505425082419,59.126902425715954,3.393204558940542
WH-MI-3,2024-03-14,Midwest,5059,150.25232573101837,99.04832285500352,94.56358792108436,76.20127577520489,3.5142940851795768
WH-MI-3,2023-07-07,Midwest,3801,294.6835469541864,98.23446544404769,81.61298975739764,88.6354244279252,3.8615862324980674
WH-NO-1,2023-12-31,Northeast,4283,96.09729699157539,98.83514610410101,86.13907666533481,36.7976880562547,2.3158305641073795
WH-WE-5,2024-04-05,West,5593,310.39825168519644,83.91383013817577,88.61835660580356,58.78827440798151,2.463896001133108
WH-NO-1,2024-11-29,Northeast,2562,183.27633374116706,99.36808056823425,97.10979276689817,56.557621051777296,2.5940214813049645
WH-SO-3,2023-02-12,Southeast,6206,184.21591178902844,95.37911147067099,88.38711846760562,85.78582108112572,3.3909522701964834
WH-WE-1,2023-12-25,West,4336,188.72703147875902,98.11677002318666,92.30479180431679,86.65286483009493,3.737077283576703
WH-SO-4,2024-12-21,Southeast,3515,208.97510685170732,93.39492230580755,80.8063255895452,64.06825217337875,2.22281039347981
WH-NO-1,2024-05-28,Northeast,6429,187.58224811608787,70.35764167952821,90.51811458755765,58.802601418607544,2.6354668361592655
WH-NO-3,2024-12-10,Northeast,2700,271.9273761002397,93.72580899114745,94.45918554709621,78.53877029297406,2.0899403421715146
WH-WE-5,2024-11-19,West,2777,124.44503371432873,81.22619394626032,90.01799350805591,52.633636075234755,3.1829993797940244
WH-NO-2,2023-10-16,Northeast,3209,184.7535982117164,97.21874969076654,86.87193274127522,70.4087922937269,3.1258687767901474
WH-WE-3,2024-09-19,West,3202,114.31871696506172,93.08145640888242,94.16979874501035,76.43400368173387,3.802080676134708
WH-NO-3,2023-09-29,Northeast,3765,155.99361439837145,98.62621759223524,91.61334749774589,74.38620460457585,4.0862246608616335
WH-WE-4,2024-07-06,West,5699,294.0753944156829,94.1969608926989,97.54483635137824,48.81951342986216,2.1401102252251754
WH-NO-1,2024-08-08,Northeast,2223,225.01691373409568,99.98151335219725,88.93293144125258,66.16925923712974,4.226492004765088
WH-NO-4,2024-10-17,Northeast,3643,207.3811711409912,99.10649777724957,89.26190510244615,73.5634764246868,1.823820881297316
WH-NO-5,2023-03-03,Northeast,4103,179.3152575453269,94.74426195048673,90.04360795836017,53.0473357583363,2.314878114978125
WH-SO-4,2023-03-20,Southeast,7145,174.52207742258517,98.55441697225487,83.85277161715665,68.81152749507137,3.77472920974306
WH-SO-2,2023-02-09,Southeast,2036,101.45239953126622,94.3422229085178,96.52172706686953,70.93230579959388,3.955570059079448
WH-SO-4,2024-12-24,Southeast,3149,245.24765264086307,99.32553600052965,95.68460420168438,70.16624788667063,3.932282908175851
WH-SO-5,2024-08-22,Southeast,2089,200.77007085656422,88.93245133506487,77.06148752414438,93.89924084560438,2.774112145822474
WH-MI-4,2024-07-15,Midwest,3621,173.99894889332714,94.90224013817648,88.73887955772638,87.24209436515812,2.1275107945408482
WH-NO-3,2023-03-20,Northeast,6254,260.5057646130475,99.64760878428699,96.08959119324237,79.69249232356506,1.5982060861818497
WH-NO-2,2023-12-16,Northeast,5507,175.57358831329645,91.576769006062,81.95067959594199,56.12925910925186,1.778508673521781
WH-WE-5,2023-08-24,West,2585,222.49875332223644,76.14533498978685,94.54208294595712,69.43209431199617,3.7627127404474203
WH-SO-4,2024-03-01,Southeast,4815,248.7729361162255,97.81674155023966,88.09891955510055,57.44712093377945,3.435073654398215
WH-MI-1,2023-03-24,Midwest,6639,226.93973093931083,99.23491269764834,65.49511509744413,70.2740407358812,3.9304217524957634
WH-SO-3,2023-08-23,Southeast,4176,168.4909121633736,99.08835870723146,79.66644308202612,55.96501215810047,3.4286689571749385
WH-NO-4,2024-09-20,Northeast,4393,168.70971620108486,95.37714074711002,94.1761813712691,39.14687662707021,2.513809136537386
WH-NO-5,2024-07-22,Northeast,6892,163.65269088854384,94.75933580099317,91.20064164530483,85.25732435277891,4.383390782827562
WH-NO-2,2024-12-28,Northeast,6673,166.9097069858498,98.28299946805657,89.34980348018775,86.52362306720367,4.3466011270516205
WH-SO-4,2024-10-28,Southeast,4900,197.4719051917295,90.71396463431638,76.12300345208502,74.72165943479186,3.662209005844448
WH-WE-2,2023-02-19,West,6169,216.1119120111599,88.00691437438618,78.54472506798861,75.77114785121795,3.0520494450495272
WH-WE-1,2024-09-29,West,2373,268.48476821718214,95.30660254830666,94.2668940234195,66.45332375570142,4.408218161536207
WH-SO-1,2024-05-07,Southeast,7273,229.12227312110844,97.53210617745908,78.2435217456835,88.2256743561193,3.2242125177896965
WH-NO-1,2023-05-11,Northeast,5428,194.41987577727835,97.55479575174658,77.0776186959376,85.76570312728475,2.533880076864443
WH-SO-1,2024-04-22,Southeast,6987,248.91638671615186,88.60928817996832,99.2869724695589,79.4109730784076,3.6138876245116056
WH-MI-2,2023-07-24,Midwest,6248,177.42661986348227,98.54574874575175,88.06955823063129,27.411949363006364,2.080823361718487
WH-MI-5,2024-06-01,Midwest,4359,193.0930547659611,98.31019524772368,84.70076259805211,59.96590704060382,4.106995063423222
WH-SO-5,2024-02-27,Southeast,7084,193.96249499337733,91.2503556935979,92.5069908052442,79.59319144048925,2.0360675462058384
WH-WE-4,2023-01-01,West,3703,120.41790032844087,93.83745868049856,75.22494215341388,67.76135474953796,2.840604505230647
WH-SO-3,2024-10-07,Southeast,4038,206.55649924287633,98.3902717544867,90.00617068070105,47.99870619247111,2.193153876881315
WH-WE-1,2024-09-07,West,3198,135.01785874033197,99.67596312893089,79.81260643909485,69.72628080094083,1.7488153951223961
WH-WE-3,2024-05-29,West,5176,122.67451006925356,99.71722245745806,80.21459232356275,54.63828655542883,1.6622254306873214
WH-NO-2,2024-02-08,Northeast,6729,188.1598678653498,92.6923127914633,79.46636621603092,83.01303392472046,1.6510160457459853
WH-NO-5,2023-09-16,Northeast,2203,199.52920008913168,93.76098428290643,66.29046258110901,60.16862945897474,2.3452092326022713
WH-SO-3,2024-09-15,Southeast,2858,145.809417646936,96.06521988069584,90.5613512168666,58.99819464922748,3.60821548566317
WH-NO-4,2023-08-03,Northeast,3116,147.40090484602285,99.24484705689342,83.19983176237149,57.6441261579716,2.775835847532697
WH-NO-3,2024-03-29,Northeast,7971,248.0689338920957,99.83361863385689,90.52604465738592,86.62489293169253,3.1933102859451448
WH-NO-2,2023-02-14,Northeast,4917,276.606940396723,99.80090023405424,84.79897753639071,54.94613671747772,2.8335671621527685
WH-SO-1,2023-07-07,Southeast,3739,197.24026714950145,97.11826033209918,96.02938875102964,78.59975108928565,3.5869397110391725
WH-NO-4,2023-07-10,Northeast,3406,220.70171912563677,96.28669708598002,97.59443204106681,65.66960903452092,4.10107577662654
WH-NO-1,2024-05-18,Northeast,6562,220.80573485836535,94.69162800540607,95.85348560450797,69.21430144105581,2.8091499559182327
WH-WE-2,2023-01-29,West,7379,194.92868631855933,99.99159677830663,91.46704205561907,72.5793916248343,2.282447242944288
WH-WE-4,2023-09-10,West,5223,177.67408233425584,98.73941564160971,88.68324123371349,87.74932920832462,3.078687966153643
WH-NO-3,2023-03-01,Northeast,5794,225.9634019955105,95.94434453677559,88.27880812340683,72.07763002734404,2.0594073096112258
WH-WE-3,2024-01-21,West,3503,274.82288134409526,91.37791442653,82.96186447937725,78.94932218997492,3.706262062443143
WH-SO-3,2024-03-02,Southeast,6810,204.72349934054125,95.29617958527012,74.05180022659283,88.2832110508253,2.6403337466652537
WH-SO-2,2024-05-15,Southeast,5257,242.88436476423558,92.55717323325847,79.44413700845519,68.64831025311551,2.9643443867026216
WH-SO-4,2024-05-27,Southeast,4880,123.8933776374324,95.24318983437674,90.36202117091698,66.42032637589674,4.333961889628656
WH-WE-2,2024-04-20,West,2345,193.7804541196049,99.64863607842925,86.39424014541697,48.055673748592824,3.918390097371339
WH-MI-5,2024-04-19,Midwest,5380,188.542234318367,98.66471706584004,86.48793355349467,83.23280684113074,2.1100778369386592
WH-NO-5,2024-09-03,Northeast,3806,219.14521309811272,99.77867319680014,91.95145455914688,63.994281461693745,2.704053111107228
WH-SO-2,2023-03-28,Southeast,10271,221.52212735660248,74.21311354982406,89.00265204278581,51.74342542186676,3.063964050965442
WH-SO-4,2023-11-02,Southeast,3616,157.17304936498434,96.418354557907,89.45935338208841,61.623394798023725,3.3249470562673276
WH-SO-5,2023-10-17,Southeast,4109,207.20927203039713,99.46202970627007,97.14461158380982,27.164234941859473,2.5649504458190497
WH-NO-1,2023-03-20,Northeast,8597,263.72332487441736,99.59650547155626,94.43915361881987,35.60068962867392,2.48065360846125
WH-SO-3,2024-08-24,Southeast,5001,115.22536970026042,98.42384783634618,75.70836366844289,51.242327671856934,1.932491670701135
WH-WE-4,2023-06-10,West,4733,215.1307211811313,99.59651213505758,95.70145580418246,68.79507314205807,3.66310516567189
WH-SO-3,2024-08-14,Southeast,4299,171.02660640744708,91.40695485682647,95.61949427139128,79.06544494556363,4.445809667568829
WH-SO-1,2023-06-27,Southeast,3442,217.9938437687224,81.37029594143118,95.8460535205239,29.86293779776358,3.922996261919922
WH-SO-2,2024-07-20,Southeast,5748,156.1087697994888,91.8581451227679,79.98992869718901,43.42755794119754,2.7736837331595945
WH-SO-3,2024-09-05,Southeast,3581,190.75755722197042,98.12738826166981,89.88588388946535,88.15558091343725,2.007682979769646
WH-WE-2,2023-02-11,West,4969,215.13639557879182,75.14618988550802,99.13948596137516,89.0090710811872,4.071235280164873
WH-SO-4,2024-10-13,Southeast,2520,201.1577126003979,89.34082594716006,92.37500063010764,34.12229120035822,3.159411435493266
WH-NO-3,2023-10-19,Northeast,2236,182.5007834046524,93.4858086280291,84.24938529999181,41.881862267164365,3.9267181590330615
WH-WE-2,2023-11-24,West,6034,197.54706527234256,98.9727618835945,91.17424536242672,41.09590461530897,3.5075818148549702
WH-NO-3,2024-07-12,Northeast,6929,128.01820567746324,94.35555304277635,91.43760398112649,49.350717615464184,4.055705998600478
WH-MI-2,2024-03-02,Midwest,4798,235.43130408328304,96.48020352358444,86.22437599336726,93.39655426317343,1.709036737102924
WH-SO-5,2024-09-02,Southeast,3865,200.8413646948257,94.95602737210584,65.8768609410422,62.37657607728918,1.7223949869304154
WH-WE-3,2024-10-14,West,2587,217.30321753722168,87.26421177567562,71.35374445964267,64.64487167219345,2.653021531970395
WH-SO-1,2023-05-06,Southeast,8181,338.3273330751715,77.1709885540515,99.40258698688883,67.24702503461619,2.006991242374508
WH-NO-2,2023-02-27,Northeast,7891,164.3406888567108,99.74900493440185,79.67956092063935,77.12118920551364,3.8356654148068596
WH-SO-4,2023-07-22,Southeast,4777,177.54901430119628,99.37504334585861,92.11538651795144,74.90025137732313,1.950254537880657
WH-NO-5,2024-05-07,Northeast,6207,140.54616717632823,99.06349027712147,90.17940604977551,56.310694537304826,1.8309747586188179
WH-NO-4,2023-05-05,Northeast,6148,156.76538472956022,74.82779927205362,83.47988649266546,70.71883750230776,2.870987618573792
WH-MI-4,2024-06-29,Midwest,4807,180.19208917894431,98.66385288331705,90.37825275057662,56.359662993572314,3.358827057962502
WH-NO-1,2023-04-22,Northeast,6248,259.2830495908083,98.80955242379443,90.71482045418765,83.08940576640408,2.3108276171245414
WH-SO-4,2024-07-03,Southeast,6775,284.6562884934354,99.81331486906355,88.79895386125939,87.94048107549219,2.5712393621253202
WH-SO-4,2024-09-05,Southeast,4088,188.6355899404673,95.34364073261887,95.47380495986712,63.14425651530185,3.764480649719551
WH-MI-3,2024-06-05,Midwest,7002,196.50637559422066,91.86723560631407,90.81908123485208,47.818901788902515,2.14612954209165
WH-WE-5,2023-02-10,West,7268,283.2740501742741,97.18948388040668,99.3076722460703,84.7207918977885,4.120302781169196
WH-NO-1,2023-04-18,Northeast,5706,199.7799970097835,91.98880236795156,86.46928121334908,73.02854979115074,4.168962659905245
WH-SO-4,2024-06-27,Southeast,5363,216.1872995691385,95.19724589897042,87.78292363780163,32.66897125003703,1.8723705520056833
WH-MI-1,2023-09-21,Midwest,1767,227.78702950548515,90.92313747374423,84.00097860304159,81.48794852477586,3.3029697668805587
WH-SO-2,2024-09-08,Southeast,4840,234.22036686117244,99.02745528402374,95.36239112948707,62.80234050901586,2.601284644120944
WH-SO-3,2023-06-11,Southeast,6249,136.16475954818313,78.99732507956702,82.50089443439619,63.27266757424541,2.0472670227038683
WH-MI-2,2024-04-04,Midwest,7110,190.3189053497552,95.61265733133678,95.68208348766606,70.52230351045743,2.2178540742760715
WH-NO-1,2023-05-11,Northeast,9473,191.98859245573763,99.65324192150923,80.71378475454934,75.51655000692745,3.9104797125774335
WH-NO-3,2024-08-20,Northeast,3131,227.33518653723448,89.96478429775519,88.96498127911805,70.48003431145202,2.0599523494936287
WH-WE-4,2023-09-25,West,2759,226.94727040291465,97.31095770943955,77.86658903767795,70.1503812809507,2.777268359690606
WH-SO-1,2024-06-01,Southeast,5343,216.86991595717245,99.41517962034922,78.67090589245268,74.14455775757887,2.25296805131668
WH-NO-1,2024-08-07,Northeast,4425,201.83968021825768,84.73232692262906,92.49858561374944,76.76292569057867,2.6000149947291122
WH-NO-5,2024-02-26,Northeast,3020,142.35426218002928,95.46207051401517,95.07001585235521,67.57802395958768,4.07868660596002
WH-SO-1,2023-09-28,Southeast,4424,221.021433225036,97.26256617576016,91.90180459897861,71.49786792362573,1.7049799689317022
WH-WE-3,2024-11-10,West,3483,174.11882257782187,92.61072107630149,57.191616854557225,72.87735555860505,2.7883165873536475
WH-NO-4,2024-12-28,Northeast,6507,241.666386576822,94.40237985953351,78.65025614287941,76.3322345505155,2.0090129193142294
WH-WE-5,2024-03-17,West,5904,159.96574332066376,99.72018595088691,72.41211338309662,69.81627860577245,1.5000261263929402
WH-SO-4,2024-03-06,Southeast,6621,170.40027252759697,96.61229847585818,92.06679646423781,63.42295092918386,2.2354621318781103
WH-SO-3,2024-02-25,Southeast,6565,131.1320329080827,99.65631460071236,89.85702112928094,87.5345247812546,2.95471441951153
WH-MI-4,2023-07-30,Midwest,3370,216.6743614934742,84.03967072258091,85.96850077035998,68.20435207902223,1.5391017581668733
WH-WE-2,2023-09-11,West,4202,128.87701927661152,95.29087207822606,83.67473214197625,58.348601141551114,3.354499759219255
WH-NO-2,2023-07-26,Northeast,3927,151.74310310958134,92.98655992192535,86.22234608792938,90.30807433350256,2.9838204217812443
WH-SO-4,2023-03-28,Southeast,2226,290.65274534032216,90.65378297497877,98.08655623111159,76.79857967000109,3.2381717284313645
WH-NO-2,2023-01-21,Northeast,7120,296.90329285503594,99.78553729211335,92.1282639634715,60.668673486697436,2.8735726003299398
WH-WE-3,2023-12-27,West,5229,243.79055306419127,94.08155704909905,93.07554262539908,90.50029305542496,3.4545840705612862
WH-SO-5,2024-07-20,Southeast,6642,287.3531508631586,96.4623792658329,79.66339949790535,53.60760960659101,4.040603909804496
WH-SO-3,2023-04-21,Southeast,3646,208.285352816174,90.73886301329298,95.04668507088292,59.99298085090309,4.3609433736582295
WH-SO-1,2024-03-30,Southeast,9139,160.85871937664206,96.92477707210341,97.15134039742249,61.30211256114865,1.6374435843682265
WH-SO-3,2023-05-05,Southeast,6806,324.61925669989523,97.17647148509336,96.51440596209713,74.78430360153632,4.193388195843963
WH-SO-3,2023-12-19,Southeast,8783,137.11080610056314,99.9265222681793,88.02686227860283,76.47799269165134,4.371629285565289
WH-MI-4,2023-07-22,Midwest,5011,226.9036478669551,98.47211796777556,95.37779021939242,61.39558028313479,4.26878340617924
WH-SO-5,2024-06-11,Southeast,6089,120.18221217110711,95.78847358374442,88.13046658569085,78.59818593430984,3.3704765849170126
WH-SO-3,2023-04-10,Southeast,7579,249.1340620379841,92.2384388097655,91.76855987808021,45.99149353911832,1.519756859972034
WH-MI-4,2023-11-02,Midwest,3600,157.951026725879,98.95177772369762,98.43761379571117,79.62858515144866,3.603698776658431
WH-NO-2,2023-02-23,Northeast,4493,130.23465615630926,95.39038960819809,96.23360108616164,70.86785757827276,2.59478696197655
WH-MI-2,2023-10-23,Midwest,4226,149.1992754540731,88.7310336285402,66.09498763027382,60.64528614151,3.0883349805966533
WH-MI-5,2024-10-30,Midwest,5051,230.53340684674833,94.44484503755793,88.15944155190506,62.23059140057935,2.750458619470291
WH-MI-1,2024-05-18,Midwest,8038,176.96434934384519,95.01744600307612,89.23341742214225,47.19438578270831,3.4365834363607757
WH-NO-2,2024-11-16,Northeast,5958,226.58027971749252,91.39296336504242,91.71606327266045,60.75343971144651,4.289587639382903
WH-WE-3,2023-05-08,West,5566,183.27631017358715,80.54225889552706,79.38686500886358,75.22149491896522,2.7548048877942
WH-WE-5,2023-06-28,West,6100,162.9868686393743,94.4657230084474,95.82441627113712,86.70631862720298,4.053903462873805
WH-WE-1,2023-03-10,West,8160,192.42332032925117,95.80886582824357,87.80449404874506,69.32250223197148,1.522420244081116
WH-SO-1,2024-01-14,Southeast,6167,208.57478707355926,97.00880597589178,82.46327254415239,23.517379221436407,3.9259475774499752
WH-SO-4,2023-07-27,Southeast,4532,150.4946304282659,96.85267506596026,92.55595579740005,62.45574815613673,3.4861746197671586
WH-NO-3,2024-05-13,Northeast,6185,221.32689739781102,98.85609087858245,75.67271054112342,69.55417490165243,3.5589772829561968
WH-SO-5,2024-09-04,Southeast,3535,279.7467026336753,78.89330227643205,85.10413955676157,36.85213935031985,2.068442526071644
WH-WE-2,2024-11-06,West,3873,181.00743784644177,86.68390149952994,92.26541587022176,42.82038558118935,3.8238957625945367
WH-SO-3,2024-03-12,Southeast,4983,204.55224990025627,94.41631789856166,80.72480163543406,85.68228030034038,2.273669984144779
WH-NO-2,2023-12-25,Northeast,5356,155.75335293417794,99.60962267630093,93.45869789269015,80.95051780869362,2.3650698424743326
WH-MI-4,2023-10-16,Midwest,2834,190.8585573213872,92.97491077247076,96.32557818454171,78.79952771417872,3.2517302375581445
WH-SO-4,2023-07-20,Southeast,3914,304.09200337071786,99.69377215994851,95.73343143009977,93.33497236507066,4.491937319850465
WH-SO-3,2024-04-11,Southeast,8213,297.4270475856177,94.58799645713569,88.63680787212317,94.72992262048764,2.811108698843288
WH-SO-5,2024-10-18,Southeast,5653,120.37955812742337,91.41587057738452,85.63833439234806,57.035065905130935,3.2666060835299238
WH-NO-2,2023-06-06,Northeast,7628,174.44836140506513,90.29712504303752,94.87969619474444,52.92265724501996,2.20408466507452
WH-NO-3,2024-01-24,Northeast,6914,206.65265748287814,89.99188439835059,85.08786601228421,30.711868323480264,1.9300009748468552
WH-NO-3,2023-12-15,Northeast,7635,217.83472695437578,95.75643311009475,96.75116018497664,75.06868211019396,2.7559339218649694
WH-WE-5,2023-05-16,West,8781,196.6890622119976,99.64017738969535,85.55281857039083,63.65875218201139,1.5884318961309267
WH-SO-5,2024-12-27,Southeast,1182,193.89811929219982,96.99685620116443,79.23316767764365,71.32051958583844,3.893465959052686
WH-NO-2,2024-04-06,Northeast,9473,174.5653724998474,93.48988105570238,92.79029859635625,79.18930651577008,2.355379012840633
WH-MI-5,2024-05-22,Midwest,5123,262.96881918067555,94.94167527844814,96.31095231101273,38.3307490659557,4.017187604846922
WH-SO-2,2023-07-26,Southeast,2384,213.10972112505277,98.5152321769781,92.16523847035461,45.36612978220143,2.461584819632896
WH-SO-3,2023-01-15,Southeast,8711,185.35370141493271,96.7105334299984,96.24118381163933,74.52972929056826,1.5280742552683049
WH-MI-4,2024-04-21,Midwest,5183,107.08070793360639,84.38176313590058,96.85199943353999,74.26470875617078,2.364417697587634
WH-SO-2,2023-05-09,Southeast,6076,213.8817177361242,97.67408221517141,85.00141542937331,76.5490716830305,2.1740833776260313
WH-NO-1,2024-11-10,Northeast,4312,256.1125819223188,99.44867116670785,94.71638191315317,75.61055051539297,4.24300785343366
WH-NO-5,2023-03-27,Northeast,7020,211.56016169783567,97.95342497509516,83.98668639075018,25.399408849249223,4.478714354308005
WH-WE-3,2023-06-06,West,5082,269.74523903641386,92.97377374351015,86.54197481948934,54.35429484355575,4.436232407752668
WH-WE-5,2023-03-20,West,4811,156.97953037746677,94.35934967594143,96.38208863186254,61.12499565220622,2.5743881282029286
WH-SO-3,2023-05-04,Southeast,4712,212.53007128435527,96.29028781498943,95.91369288138259,45.678212301108026,3.7897730338744218
WH-SO-4,2023-10-09,Southeast,2088,97.74343613407068,98.23380312437077,95.46913994610765,82.27487651956005,2.9123106362949636
WH-NO-5,2024-08-15,Northeast,3159,135.637795789907,87.6111731642192,80.98652695620514,63.95198562994,1.6292943178526995
WH-NO-2,2023-01-10,Northeast,4876,148.70156428875953,99.01753300957917,87.03083851412617,72.87411084497457,1.8294943036213969
WH-NO-1,2023-04-20,Northeast,6853,215.7908611233649,99.06862731157324,95.11191694373005,90.21311382887332,2.5753134591471305
WH-MI-1,2024-01-09,Midwest,6728,153.72119147169033,97.92160605379439,97.32782806926372,63.30101962207095,3.4957347448329763
WH-SO-5,2023-07-28,Southeast,2623,147.97454588353557,99.00164282914454,94.64157721408607,87.22815635447996,1.6286512865356968
WH-SO-3,2024-04-05,Southeast,3355,220.8754307202429,95.2709913115413,94.75286780953711,53.7710213875775,2.4241911906670595
WH-NO-5,2024-11-12,Northeast,4663,186.29648501581727,98.71291765316764,89.74694467875001,75.67076235186106,2.519403019134924
WH-SO-2,2024-03-15,Southeast,6258,205.94200567775644,90.4727728186801,85.74082249066008,59.5564695260574,4.401623587613188
WH-NO-3,2024-08-13,Northeast,3695,131.60801059635412,98.86359947256439,85.74582873879008,59.40418660091028,1.5741073682753774
WH-NO-5,2024-07-24,Northeast,2770,191.09423437160285,98.23485424577419,97.23977432088316,66.82627536862803,4.329792610690552
WH-SO-5,2024-05-17,Southeast,6894,255.48614575653227,99.36115487832949,95.40103806971739,48.19668484670295,4.050737184880366
WH-NO-2,2024-12-01,Northeast,4995,197.84321513551598,93.41976311354317,86.56718493132426,81.24573962960355,3.874301796664385
WH-MI-4,2024-01-10,Midwest,4355,246.0845909752619,97.68022664369693,90.67159332691845,71.47903744517505,4.241727799026144
WH-WE-4,2023-01-02,West,4751,179.098467752921,98.6876857443545,89.22896783793672,78.6445597590198,3.7576957520746994
WH-SO-2,2023-08-04,Southeast,2780,186.59612314814433,86.2380689545889,81.97526650828365,82.32053218497254,4.056951570502665
WH-NO-4,2023-05-18,Northeast,6149,200.7781018727407,98.73572839303108,97.67957198138224,76.23754968080412,4.359306695865994
WH-MI-5,2024-05-18,Midwest,9445,187.12607531486734,94.96911720373717,76.3874008878767,53.790872162702726,2.8272719268962923
WH-SO-2,2024-10-29,Southeast,1588,270.63704007476423,94.15420651456502,95.83076755098968,69.51890735220645,2.229082739415518
WH-WE-4,2023-05-12,West,8351,228.42500768749682,91.89075037625946,70.01535703457678,88.92721388041261,4.439014048981656
WH-SO-5,2023-11-14,Southeast,5964,149.96511617165373,99.14223094236708,94.53180850725545,94.22729171965167,3.0194159886882037
WH-WE-2,2024-06-27,West,4342,92.31913881662726,99.56883633811725,83.64784543533936,67.15989312286239,3.8794788554648827
WH-SO-3,2023-05-12,Southeast,6514,252.73996075600488,85.73563815286299,89.34186191039768,86.96374423845651,4.1008508830367205
WH-WE-1,2024-05-23,West,9616,181.28637875399824,94.81207931707972,87.71345283621042,69.26381803017678,2.76148421863669
WH-WE-1,2024-01-13,West,6562,243.88248492867808,98.89329005306946,90.8543578271033,77.85650836853853,3.87670909463131
WH-SO-2,2023-06-30,Southeast,3054,185.80049831189004,90.04726687331062,87.78246421461733,69.964784767345,2.9713147234391317
WH-SO-4,2023-01-22,Southeast,4243,172.70914805674252,96.440162804114,93.35128311455132,52.35319447021063,2.1998146885255596
WH-WE-1,2023-04-22,West,6694,174.59245154929303,89.23719785692629,86.01729581479647,82.10803728291569,1.723159563794642
WH-SO-1,2024-02-13,Southeast,5271,285.2944905262009,89.76675162929355,90.97960361508478,74.03984802904074,2.208833063299578
WH-MI-1,2024-08-10,Midwest,2524,137.32206472640758,94.86829409593017,88.0285368559607,78.9779631276901,1.9335721216509651
WH-SO-1,2023-09-28,Southeast,3780,235.16213493584286,95.81257209805662,94.79454484071543,55.92767292862608,1.816625961900699
WH-MI-4,2024-06-09,Midwest,5679,268.717772651318,94.46644116655818,88.71474551364143,70.85396487229633,2.269982769621307
WH-SO-3,2023-01-03,Southeast,4920,248.53577977358066,97.42075198504132,87.72650206844477,87.78396370814474,2.513002877054729
WH-MI-3,2023-02-09,Midwest,5083,321.77193045364544,93.96836650867472,90.4013943044003,83.21176409551492,1.7652171241735926
WH-NO-2,2023-12-27,Northeast,5479,71.37192178468257,99.33812982849804,79.09617230031948,66.63873507599362,1.5260758068300628
WH-SO-3,2024-09-29,Southeast,3556,208.64043755122196,97.71744400206191,82.27260078954552,40.56343757695254,2.8838653702556347
WH-MI-2,2024-02-01,Midwest,6382,227.26941394234524,83.1540176351687,95.62483758487286,59.42826344704913,2.6473713670024868
WH-SO-2,2024-07-31,Southeast,3133,182.8860500046092,98.30928281880672,90.94627061738933,69.65135756140965,4.075127455547978
WH-NO-1,2023-06-22,Northeast,5251,296.23068976887527,99.13261082673756,83.27028195556369,86.01287480903203,3.6061998754165954
WH-NO-2,2024-01-26,Northeast,5685,200.89108381259248,99.81707934491534,98.30423660005738,77.36214161329917,4.389394639615347
WH-NO-5,2023-09-09,Northeast,3359,199.13105782405682,97.10725064566888,92.67318047491314,91.24213103721033,2.6879907818366773
WH-NO-4,2023-09-09,Northeast,3123,206.8205045655996,99.3337940835151,91.8874263048762,70.4374933271774,4.251012706951094
WH-WE-1,2023-02-23,West,6597,231.73316612729994,99.96449890986727,85.0709566590546,34.21520492399471,2.7852766601265726
WH-MI-2,2023-01-05,Midwest,6144,189.71451772201553,98.8401316540879,88.5576417265326,69.261807033364,2.6092564430665948
WH-NO-1,2024-04-21,Northeast,4107,204.26428576997967,94.70342347197494,93.15833362684715,75.9951831378312,2.4899893737093963
WH-SO-3,2023-06-29,Southeast,2903,225.57694084433416,98.86838740611185,89.60612320608877,76.33612452833209,3.424058033475347
WH-NO-3,2023-01-31,Northeast,4215,242.88040886800474,93.2886420843189,96.92575749455322,58.07204428682267,4.446229558652423
WH-NO-1,2023-12-16,Northeast,4442,188.2282667666375,99.06746827826863,92.25679992574578,70.21199357546,2.852220259698902
WH-NO-5,2024-09-12,Northeast,3665,183.13093098526582,94.19321557201488,81.68169775619127,67.14142131596564,4.053761675357588
WH-SO-3,2024-04-18,Southeast,7511,253.04478784416042,96.43456438781021,92.46187511863457,91.65535587332688,3.5644132791889063
WH-NO-2,2024-01-19,Northeast,8870,138.98778983417998,99.54058214770384,81.68152009982865,55.450538657421056,4.072081295475298
WH-MI-4,2023-06-22,Midwest,5948,268.12933009871125,97.23902031048151,97.15819260824458,83.29474118745449,2.3833725469867755
WH-NO-3,2023-07-04,Northeast,7139,173.59525089292043,95.1918875580784,92.57022782964816,65.07484684597972,4.486688566687176
WH-SO-1,2023-05-28,Southeast,6675,254.27626560624753,98.55499159387085,90.34549296614985,41.776222837279754,2.542979614106991
WH-NO-1,2023-12-20,Northeast,4954,217.13057981937473,92.08853257029065,98.57988223994603,73.34973846683523,3.859977484137662
WH-SO-1,2023-02-11,Southeast,5642,187.06802102444684,99.19940422855468,84.12263986941865,92.85062598769136,3.5199092047407774
WH-NO-5,2024-07-09,Northeast,5432,201.32520689137093,94.63619068964873,82.69998124266678,45.639893575147326,4.446806148325781
WH-SO-5,2023-11-08,Southeast,4441,162.98532176726107,94.78374575936512,98.58670019108035,88.0094392001255,3.6254247418107974
WH-NO-1,2023-03-30,Northeast,3905,332.39345209660155,94.79012452255388,86.98276540881658,85.76314106005117,2.9460644583347717
WH-WE-3,2024-12-02,West,1302,140.84277773508242,91.36127623817738,91.58038223341478,61.09992733950945,3.1854230343304244
WH-NO-2,2023-05-15,Northeast,6727,211.86797236326018,95.53353424705269,84.06527863864383,63.63482683284564,1.5391896693027827
WH-NO-1,2023-07-17,Northeast,4999,226.89810026801985,97.44576917652282,68.56671409774572,88.38305037742256,2.8667874198474923
WH-SO-3,2024-02-02,Southeast,6209,197.8024588619098,96.64315684768431,68.81310921815417,71.82970136258912,4.236238370223918
WH-SO-3,2024-11-20,Southeast,4436,166.52703216186342,99.41513481952822,88.19935460357546,61.247116699139696,3.9479679262947975
WH-NO-4,2023-01-20,Northeast,6112,233.6293844695852,93.03572448112519,82.38742616869908,65.44960350489997,3.349651523585867
WH-MI-2,2024-06-11,Midwest,6462,175.30402741829704,99.06109627603811,68.97333078804625,78.40224689413886,3.6991954710862496
WH-WE-5,2024-08-08,West,4771,242.2189057297741,98.57390491326439,93.38715358879128,59.68568140531224,2.8911071483419937
WH-MI-5,2024-03-14,Midwest,4493,194.37589186345002,97.3277720401213,95.39688812000627,51.48947834954593,3.0509621150447193
WH-MI-1,2024-10-16,Midwest,1842,242.71777510213462,94.7984023538128,92.93082447321012,68.4427021985872,3.083133516642682
WH-NO-4,2024-10-27,Northeast,3746,180.22417226891707,96.97527247717632,96.98837874294722,53.3082464748132,3.195788225354562
WH-MI-4,2023-11-09,Midwest,3691,100.68162182106519,95.24123805367802,82.63192959247951,70.64887645172317,4.4658037734557645
WH-MI-1,2023-05-23,Midwest,5096,221.78267377375383,91.85115226869863,92.73471022912922,68.27931634043225,2.931354661309456
WH-NO-5,2023-05-15,Northeast,6534,205.23938180804592,94.63400010028835,97.26641260145155,78.29112756614765,2.597087040986267
WH-NO-3,2024-01-26,Northeast,5725,284.62189127888394,93.96565345005664,81.82164553432219,83.00459307916456,2.0980782038620527
WH-SO-5,2023-05-13,Southeast,4927,355.4311625406316,80.24944629902694,92.05874448795927,56.18171424664238,2.153008917773306
WH-NO-1,2023-07-28,Northeast,3115,276.86366120929534,87.77749225973972,92.57268762425305,71.45644414958028,3.511254007342327
WH-NO-3,2024-10-02,Northeast,5573,305.0645579474789,88.39136014699625,91.56606091918428,70.50449605783258,4.317632867220989
WH-MI-4,2024-07-29,Midwest,4534,273.43566086958515,95.49669200400265,75.28788976634047,98.11396625588978,3.131614399893855
WH-WE-5,2024-06-23,West,7850,267.91473315676103,98.20415330579839,95.79190578516305,65.81106403604534,1.9847444824630553
WH-SO-5,2024-03-07,Southeast,6834,164.87083756099352,98.07074988890973,85.38165223161917,80.55800396551975,3.5226218314114504
WH-NO-2,2023-07-11,Northeast,6028,187.94471764986616,84.19660166235981,97.53346519416041,41.19092071660231,2.759032927268851
WH-SO-3,2023-04-08,Southeast,6341,220.79252469371303,97.907407818799,80.07275913600083,63.73588294763548,2.1366515567596345
WH-WE-1,2023-03-23,West,7184,100.87543261916248,94.58045150976186,94.90400196418338,69.96261143506226,2.2785192922891246
WH-WE-5,2023-08-20,West,4057,121.4547246590802,89.90978574939824,88.62774559869911,53.41735967112453,1.685554223009976
WH-NO-2,2023-11-11,Northeast,3517,135.03403206258758,98.81057621337806,89.0701208271712,63.88977561246166,3.6658443022230163
WH-SO-4,2023-12-09,Southeast,5522,144.14016484185683,98.61302772934164,91.16831344630221,65.68212616521876,3.257702478738014
WH-WE-2,2024-03-30,West,6721,218.274402969126,98.435145915374,96.39305728456063,43.81119077319439,4.496534560339862
WH-MI-5,2023-05-29,Midwest,5849,181.8030561861568,98.17760988709279,83.23365738276183,83.22954427688208,4.1813573001362805
WH-NO-2,2024-02-21,Northeast,6487,197.26492647439224,99.77729925016112,91.92369235026081,55.70771335966261,3.2996916332465216
WH-NO-3,2024-07-21,Northeast,4093,150.6152865568962,94.9631889010426,94.38039556929613,61.0657266810791,1.8686831489856202
WH-SO-2,2023-10-26,Southeast,3579,330.436682706063,99.72936481309,89.10665861799824,77.1592965468491,2.2276391443462393
WH-SO-3,2023-10-01,Southeast,3076,211.38636285190196,97.96787254055343,88.862747283448,84.7621043188713,3.844549109987787
WH-NO-2,2023-02-09,Northeast,7124,169.90362195198057,91.26059469056173,92.55072227628112,66.52379690291737,2.940265633888787
WH-WE-2,2023-11-26,West,2674,142.51605467006954,95.48204882239295,95.54304441923597,60.48484514588232,3.0693116915696637
WH-SO-5,2023-07-18,Southeast,3389,251.80848313873912,99.4834121725038,86.7884609194757,49.0014618801749,2.4870503323632027
WH-NO-3,2024-02-22,Northeast,11326,205.54867129859178,94.99483978403511,83.66878635383574,75.45525707778667,2.0128190845186116
WH-WE-4,2024-12-18,West,2360,178.10711464312942,99.37868979353867,95.79240515589771,84.15051449124566,3.754375208761564
WH-NO-3,2024-07-25,Northeast,4759,207.95663655806197,97.98391124360133,95.05747800060955,64.74528844826112,3.9516417868868223
WH-NO-4,2023-02-09,Northeast,6814,255.58618860849776,79.35897703053074,94.27857829199459,81.73054725377104,3.16094000913047
WH-SO-1,2023-01-26,Southeast,4846,199.05817458180812,96.10119937604676,96.15907526848645,84.59888165135125,4.045921834369958
WH-NO-1,2024-07-22,Northeast,4976,225.32160577040986,88.6287120352959,84.11685617878504,32.56051477148631,3.159482465164212
WH-MI-5,2023-08-16,Midwest,3807,242.7052345321581,78.0341300983731,86.98924911672617,58.05602515469697,1.8597631120204419
WH-WE-2,2024-10-08,West,2866,239.1988415619254,99.21352585193685,86.55815238011081,74.73960821052754,4.43622513853988
WH-SO-3,2024-07-11,Southeast,4086,203.3794624794727,90.4232009760675,81.38730407216859,69.61464079754194,3.1960721117368247
WH-WE-4,2024-02-18,West,7959,157.42204895275208,96.33806762893147,80.21583559975748,76.41643178108592,2.1895074336246263
WH-NO-5,2023-09-20,Northeast,3355,191.88222551749192,98.24543009017769,83.86120496248819,59.29282541275624,2.8556988646664547
WH-WE-2,2023-08-09,West,2985,145.20474866593787,97.09635486845401,90.83274899535797,64.51937642719108,4.39077930460545
WH-WE-3,2024-02-07,West,8229,185.007893782611,84.2692979167736,98.3520860734512,62.47395155697105,2.4753507131752333
WH-WE-1,2023-03-24,West,6346,165.38119602076597,93.88567735700725,88.54245757331432,89.03028794007551,3.710767754433918
WH-WE-4,2024-06-15,West,6979,166.36568496055696,99.5882941458717,94.52800701969714,47.19587678184125,1.8837874200260525
WH-SO-4,2024-06-07,Southeast,7001,143.88626171112057,99.80973584757457,72.66758199116853,53.72413217968804,3.674991388612467
WH-NO-4,2023-01-03,Northeast,8125,214.8277579108946,98.7859773213525,83.45231824711121,89.12670343682375,1.8694763718266907
WH-SO-4,2023-03-17,Southeast,7273,304.18857427670434,99.0698919979241,93.03640498965555,90.6702346000739,4.320246712749509
WH-MI-3,2024-10-04,Midwest,4163,152.19249493343614,97.06825449547462,81.30639739620088,60.41205133026178,2.95591700178757
WH-MI-3,2024-10-23,Midwest,3698,257.2738526842547,98.4783815387502,94.02613314168097,65.41943546844341,1.999139078114014
WH-WE-1,2023-07-28,West,3129,157.81167222144617,99.39965532192238,83.67612799830513,84.06279851491942,3.403971064084944
WH-NO-2,2023-11-27,Northeast,3665,183.1053811840623,98.05931993169341,98.61256748603473,72.95952722413469,4.391064520286388
WH-MI-5,2023-05-23,Midwest,3004,140.99068330806423,96.08034519934495,98.03226168074525,71.75073026828545,3.591070609583935
WH-SO-5,2023-06-12,Southeast,3051,222.3633615265931,86.86997663295458,89.46856488878984,35.866551980622965,2.4394434766841675
WH-NO-2,2023-05-27,Northeast,3711,223.56199584657884,99.28562016347453,97.99074287791278,57.92347071001197,4.066385176501958
WH-SO-5,2024-04-04,Southeast,10071,185.08375853018018,85.87501622286884,86.80990890172525,75.69754111303281,2.9265298667803252
WH-SO-3,2024-10-06,Southeast,4562,203.55379888483446,95.39178707792087,84.81550322250365,76.45521340743187,4.490977545791713
WH-MI-4,2023-07-03,Midwest,2366,188.46918908250606,98.91421918934714,96.24226962600292,62.50364580807716,2.798651458432604
WH-SO-4,2024-07-28,Southeast,5141,123.15783471920476,94.80570993914341,95.73532145131843,92.99762515485985,2.497891636498765
WH-NO-5,2023-06-23,Northeast,6483,242.2746215521132,92.54788925504633,85.0907486453497,41.73688322758095,1.619275330561263
WH-SO-2,2024-01-25,Southeast,6518,150.83606989704333,92.77361872790985,67.16069750735191,70.17065753180712,1.6473489761553002
WH-NO-4,2023-02-23,Northeast,6932,186.48743036669202,93.45968242725225,94.95146553496359,59.74740813932332,3.791997029549962
WH-NO-2,2023-04-01,Northeast,8924,229.1789132726717,98.73575696168017,91.82522627340758,68.13745383261492,2.2349081569970086
WH-SO-5,2023-04-02,Southeast,4823,224.83586774181092,99.26155353885456,95.08198590004491,63.77565983511779,3.0635522863698164
WH-WE-2,2024-01-30,West,4702,345.53082079165733,99.56156552342851,91.11371794207221,72.2520063130634,1.6423731623848534
WH-SO-5,2024-12-21,Southeast,4624,183.7659669353014,97.2951238458065,96.46543022542636,47.29162383089145,3.9785544735489236
WH-WE-5,2023-06-20,West,7887,204.46342958206714,84.63353592923295,93.0390278261231,64.23967487229876,3.775412436915042
WH-SO-4,2024-05-11,Southeast,4959,206.75080623512665,98.13841517469419,83.13866650027634,76.05011832399184,1.5175910411027735
WH-NO-1,2023-12-14,Northeast,2839,243.92486079939712,96.96040083137434,74.35906943257687,80.66761586713913,2.2850643489651263
WH-SO-5,2023-12-21,Southeast,7347,194.79387313567798,99.36886466922068,95.82560627830415,57.65491322221193,2.502059061472206
WH-MI-2,2023-09-12,Midwest,2743,161.45418748236963,96.90536639680487,94.86165289906346,74.07656485903935,3.9275899592599623
WH-SO-1,2023-04-28,Southeast,9647,225.31638790806116,96.66992816740425,95.93328428359521,76.37139916416574,1.868174835008376
WH-NO-4,2024-04-01,Northeast,2605,211.09147162133556,94.86412667691236,82.39623930189408,49.07112542751515,2.9910240605271583
WH-SO-1,2023-01-10,Southeast,5189,151.4607596560074,99.72504822185539,85.31057875592067,76.67574100645773,3.1272031360581143
WH-WE-4,2023-01-27,West,5789,139.37354889448665,95.47044977877391,86.21696998943082,74.73706098118952,3.1003375520442717
WH-NO-3,2023-10-07,Northeast,5138,317.0101132008467,92.53865015792626,80.54768138558771,49.24348205417713,3.6546950042145268
WH-NO-3,2023-11-17,Northeast,5469,224.8679409462661,89.54057462434056,87.40671659275895,84.7119485427425,2.932226174788487
WH-WE-1,2023-08-30,West,3407,110.30469323764146,93.6697254605243,93.42599623051534,54.86769830974782,4.408723140427316
WH-NO-1,2024-01-14,Northeast,4546,217.41659818930736,92.23142074060125,84.08844644452891,50.4814197513017,3.5946431510094126
WH-NO-3,2023-08-02,Northeast,4234,190.93638489808345,95.58056185738747,86.81799943390841,50.92217076392524,2.027932998926123
WH-SO-4,2023-03-20,Southeast,3371,231.5050926207052,91.81181961165467,92.47608061405518,80.17715286070484,4.464510974767849
WH-NO-1,2024-05-05,Northeast,7956,224.74962787766975,95.72687981137071,93.42845115078056,65.79057853668714,1.7788874636890348
WH-SO-5,2023-01-23,Southeast,7632,289.13525446053893,97.23420743815666,91.29788756699483,84.87824364451332,3.962847267989438
WH-SO-5,2023-01-16,Southeast,5691,167.82071431390628,99.64644557700525,88.17262587438147,40.764445885203955,3.036331740139182
WH-MI-5,2023-03-29,Midwest,11378,208.72010056772345,99.61587303468093,96.43259955200641,86.88862951515063,3.4919873488491837
WH-NO-2,2023-07-16,Northeast,3308,229.12679230098695,96.02529967694096,71.1101022100647,65.30002078022481,3.629947191892147
WH-NO-3,2023-01-02,Northeast,7836,194.1730767326492,75.74672631093576,94.43911199050534,69.66148912474148,1.6777961958115117
WH-NO-5,2024-08-26,Northeast,3532,124.50733210248018,92.56023935493312,81.92161474400594,47.04751814001839,4.031381548732908
WH-MI-3,2023-06-18,Midwest,7601,219.2502253227361,99.31620077968304,79.32694953127285,54.32864371652282,3.2382361565496125
WH-NO-1,2024-03-02,Northeast,4222,260.13268474413877,94.24954145770033,93.75915358058589,75.61581730854579,3.040688062744037
WH-NO-3,2023-11-02,Northeast,3952,230.62913537105644,92.00706525358335,88.99828885226736,64.22964785990861,4.174336369003695
WH-SO-4,2023-07-27,Southeast,3346,200.65778841433917,97.00430013390991,91.05676189480207,82.44609762520916,4.446790929198945
WH-NO-2,2023-02-15,Northeast,5501,335.2467090369715,96.31509539637352,95.92071392190506,59.338564045993614,3.3100677083593
WH-SO-1,2024-07-19,Southeast,6174,107.11070669860354,93.37750778539102,78.0826630055054,90.0457512258431,1.7404849393039765
WH-SO-3,2024-07-15,Southeast,5687,110.50577109530741,97.99721353750049,97.88423614641611,89.21162129715941,2.6200945475501953
WH-NO-4,2023-05-03,Northeast,8902,181.75354698514255,88.81513949581878,95.25036319164246,60.36937214584833,2.8521034407528534
WH-SO-5,2023-01-21,Southeast,5821,208.09526783782394,97.72546965819078,94.77455235668093,38.9370075022981,1.7884772640111128
WH-NO-2,2023-01-07,Northeast,4044,241.55553121906047,95.15922234334872,86.46023359975655,65.2549668291367,3.148723895376011
WH-NO-2,2024-04-11,Northeast,8008,154.59832896263148,97.0159527789925,95.19239141557327,58.7629378962461,2.77168103352383
WH-WE-4,2023-03-03,West,6413,240.00365019739667,93.33886990143276,87.73226855765218,61.286653998084816,3.9355078538301616
WH-NO-5,2023-11-27,Northeast,3979,257.36675555681495,98.67668254692829,81.12140644376385,66.03398038837653,3.73460105060371
WH-NO-1,2023-12-03,Northeast,3647,178.54394022370988,91.3644541319618,93.60747743094004,53.426960539013834,2.99758517297247
WH-WE-2,2023-05-15,West,3114,165.2566583398745,85.95595192461248,87.96868237934164,64.22180976603377,2.341394081545977
WH-SO-2,2024-04-18,Southeast,10466,210.93395953237237,73.22857494319229,93.40329884346379,68.20649936301481,3.1838489472186504
WH-SO-3,2023-01-25,Southeast,6399,180.73310711993,95.82192641025433,85.02185436539636,55.12490957706885,1.9683504859347822
WH-SO-3,2024-04-13,Southeast,4451,210.73670906422345,94.27603302699029,90.71321080403007,89.86281820830537,3.7725887778930605
WH-SO-4,2023-08-21,Southeast,4130,249.17758976615002,90.58687339491719,90.4687369161109,71.73478655451062,3.417587797266759
WH-NO-5,2024-02-11,Northeast,5685,137.91231336230942,94.88896983397598,83.93040815142919,76.1957265324525,2.5763861464922124
WH-WE-4,2024-06-16,West,6524,157.87329049718232,94.66764007903615,89.69510281031313,83.92365613709758,2.266730719538907
WH-SO-1,2024-01-02,Southeast,6397,113.968325474652,96.58702639333184,84.77538279638755,78.39234199592217,2.577605268842644
WH-WE-5,2023-09-10,West,3744,168.43945652012968,93.14597387834095,92.94636332785878,66.88631786384887,3.1754755386247173
WH-NO-3,2024-09-13,Northeast,3588,224.4826751568226,86.66633794762608,86.74417793358526,54.77985595123578,1.7347385288730608
WH-MI-4,2024-01-24,Midwest,5738,205.793596848567,76.66292763986037,79.9802351819842,66.78253162022179,2.3558427020015076
WH-MI-5,2024-07-17,Midwest,6104,238.57626462271284,93.94710429691139,94.18042024924648,69.29674467043779,3.1855773612516627
WH-NO-1,2024-05-13,Northeast,6154,239.69417087567467,99.89169075209682,86.12017535356115,84.52072537999562,2.0170073450929658
WH-MI-5,2024-10-07,Midwest,3940,267.41039494338673,92.64749128475277,96.26482831580535,58.38510625447606,2.8500889519100294
WH-NO-5,2023-11-04,Northeast,5917,242.4890031450256,96.20855580439631,98.9535512481878,90.75108701998866,4.441708947275177
WH-WE-3,2024-08-31,West,2519,215.0070176006176,99.60331283739146,89.39285025515656,88.08651175953935,1.7747013758205776
WH-SO-4,2024-10-04,Southeast,3346,223.3576098291905,98.67912030014494,94.7650262567028,74.67210309077745,1.9334650219957499
WH-NO-1,2023-02-20,Northeast,3665,229.43230787271298,97.87159525322483,92.80308068696081,67.32082337074505,2.200744797862623
WH-WE-4,2023-04-20,West,10517,255.0111884503652,90.36752870033517,85.18891100726445,67.68199145320195,1.8046019625360947
WH-WE-4,2023-10-24,West,2636,161.0627679716382,98.3002909214027,95.53622679577023,44.44998906816271,4.069819252484182
WH-NO-2,2024-03-09,Northeast,5927,165.22458295830876,93.57420813417164,93.29240393021759,34.75401788936902,1.9329527223196636
WH-SO-3,2024-07-04,Southeast,4765,172.671562021301,90.12285323901716,83.52552998882886,49.72471399056356,2.974193827226401
WH-MI-5,2024-03-08,Midwest,7495,185.12588522670686,99.32864093795408,80.29196447943083,54.935491689152904,3.7300934357387687
WH-SO-1,2023-01-04,Southeast,6486,144.49518791878484,98.00928274710611,82.88123639657523,33.937234768162156,2.686375374886409
WH-SO-3,2024-11-02,Southeast,3201,142.00119536047995,80.11375633738577,83.63437745879231,33.93730239555314,3.8441963156139716
WH-NO-2,2023-07-11,Northeast,4539,220.4547845684006,81.26665191211765,62.848634660130784,94.78285124685422,2.2215624823435736
WH-NO-4,2023-03-15,Northeast,6693,120.91134377189185,99.0014276099409,81.9687875035349,55.37023402042111,4.236968509854956
WH-SO-1,2024-07-24,Southeast,6947,132.3422481007676,99.6395922820609,97.81229895632438,75.58042760496393,2.197397865745142
WH-SO-4,2023-05-04,Southeast,3743,143.99463279778632,83.16957546765462,81.99543509195749,65.5631817589285,1.7673937894754572
WH-NO-1,2023-03-01,Northeast,4631,201.51022285773064,96.17253566518829,95.8556748744043,89.70704623177195,4.494230325748651
WH-WE-2,2023-02-13,West,2709,154.79628075093913,95.49844741673898,89.36458183332545,61.782061199704216,2.1570048742162125
WH-NO-5,2023-03-05,Northeast,8131,220.58229472116315,98.63013793677295,90.47859241923254,49.22348134518735,2.3181171310754833
WH-NO-4,2023-08-12,Northeast,4082,201.55836158318206,91.34504818588692,61.85353338699452,73.6835037748695,2.8346258636790838
WH-NO-4,2023-12-25,Northeast,5727,198.7920030532729,98.36308676874118,84.76841656324332,51.852209923127525,1.7243304431865991
WH-MI-1,2023-12-25,Midwest,5759,235.03722459798888,97.42485782898349,83.27758230959051,70.07501125337974,3.670283395712196
WH-WE-3,2024-12-07,West,4876,116.11875388004302,91.2437556372888,97.02002895082363,59.92066016321944,3.401579327874039
WH-NO-1,2024-03-10,Northeast,9901,168.7109741010065,91.94476460133113,97.57851500448994,62.01918682096862,4.185475928823351
WH-NO-4,2023-03-06,Northeast,7544,85.87948151278688,99.25645842197885,82.74020830454599,64.17427994219949,2.799754001511022
WH-SO-4,2023-10-13,Southeast,2353,201.74598498371122,94.22400067972147,87.4616669444719,85.96004338483729,2.289746118846793
WH-WE-3,2024-05-10,West,3743,188.85580485000008,97.30139992869968,94.93077085743302,76.94932050476216,2.937194905439409
WH-MI-5,2024-07-14,Midwest,5048,195.51527015683916,93.430040866635,75.85241879999381,74.36996587688984,4.2279759428583965
WH-NO-5,2023-10-25,Northeast,2713,236.0490897266605,90.61743734332362,99.74744898272799,79.43771308589233,1.704905872855186
WH-MI-5,2024-08-30,Midwest,3879,146.22427874044777,98.47105121958218,65.121552490247,61.72827438994166,1.9852156639031038
WH-NO-1,2024-01-26,Northeast,4695,161.5605488931708,97.85349700433879,92.9253465646769,50.950902444826255,2.9733268585179395
WH-WE-5,2023-03-11,West,6558,215.69662788797675,91.97200950034042,86.71355947846604,38.41688936924635,4.419935893890241
WH-WE-5,2024-12-18,West,4370,225.00708341743152,79.06699370139609,97.51432878742247,81.94301908445998,1.839557200890391
WH-SO-3,2024-01-12,Southeast,5722,179.01561297356676,97.7878630106081,89.91749901923384,78.13400708342611,2.772680414469727
WH-NO-4,2023-04-12,Northeast,3701,216.4086355981935,97.15380497107466,91.17482173443491,57.05998575954973,2.245350306589853
WH-MI-4,2023-08-24,Midwest,5033,212.39966935601143,96.91843364294309,79.42083912726281,67.02727615977123,2.020104701956844
WH-NO-4,2024-03-04,Northeast,10581,242.36758105464645,98.45627512894802,88.36265550628595,86.49516463704352,2.7924940926278445
WH-SO-4,2024-05-22,Southeast,8304,209.5741844637769,98.99402137352206,69.6428974021784,74.41450306960178,1.7351376294416996
WH-NO-5,2024-09-15,Northeast,2922,165.22389147317568,84.92257200477103,80.70958526459164,75.67547353247286,1.5948246422376844
WH-SO-4,2024-07-21,Southeast,3093,305.4445582113792,91.68334367120713,90.97696045032377,67.05194689752696,2.945115400343394
WH-SO-1,2023-12-08,Southeast,3655,200.7250332640147,93.8422582375852,98.88117594844972,58.18703399073312,4.498766664858279
WH-SO-1,2024-11-15,Southeast,2639,183.9871689461122,97.64171776977093,84.66035716715625,75.10034937709659,3.9824293008116225
WH-SO-4,2024-05-23,Southeast,6343,282.35773382355353,99.3642519712431,94.99697621493608,81.7035974659698,3.8630079533640913
WH-NO-2,2024-03-08,Northeast,8601,196.4721768344576,92.62590035116745,85.44650719249229,55.393429511856816,2.3334504973278962
WH-NO-3,2024-07-26,Northeast,6140,228.828102126832,88.98619071114034,91.18161465417268,66.58868952117587,3.5388271689395596
WH-NO-4,2023-03-10,Northeast,8186,293.54777594535483,95.61502504902474,97.22585349141247,80.40253762684155,3.77841972951239
WH-NO-4,2024-02-23,Northeast,5054,262.9958737875901,96.71719070402904,82.78070290566264,53.062392137321424,3.0106188829361473
WH-SO-4,2023-10-24,Southeast,4771,207.86620801470897,88.69852410270207,84.39965935889128,75.17633251827274,4.109301451531767
WH-NO-3,2023-01-17,Northeast,7344,262.77816875511445,99.30806923924504,93.67497396716664,72.66851889157665,1.6897384533109585
WH-SO-2,2024-08-10,Southeast,4330,269.20486155786847,97.19935087386567,89.40926540076578,76.79019197955589,4.234021351246269
WH-NO-2,2023-05-12,Northeast,5425,87.00681833233814,95.50810280921488,92.37658164003308,89.98818981966346,2.1533785769907077
WH-MI-3,2023-08-26,Midwest,3884,218.7841476565848,90.89291699439161,78.2705432024872,82.81348819303199,4.145838422510563
WH-SO-4,2024-05-06,Southeast,4686,117.05838508737718,91.19373559359741,81.4349553542162,59.59450230269391,2.031263348805169
WH-NO-5,2023-08-27,Northeast,4780,217.19890848664332,95.71080234507423,64.3907133643066,78.62242545125238,3.0171812541400347
WH-NO-4,2024-06-22,Northeast,4551,239.30136874598827,99.99287056273332,82.96133219843964,66.30285805712856,3.209174908486351
WH-WE-1,2023-04-07,West,6609,173.10163516936177,96.01661139276614,88.11301014236564,69.05491167910684,1.5563753134991096
WH-NO-2,2023-05-18,Northeast,6834,143.85488301103436,99.20134160770591,94.69059239784319,50.622301843967875,4.19811298302789
WH-SO-4,2024-01-17,Southeast,4660,239.89887932840023,85.5194279561342,86.24902916114375,71.36631520628688,2.9717921045852296
WH-NO-5,2023-03-24,Northeast,8244,252.88614245597074,93.68395349627193,89.8874650019103,45.023701166999764,1.8206212101906463
WH-SO-5,2024-05-13,Southeast,9326,118.73738073098238,99.23464371425845,80.36372070048924,77.59035789837237,2.2844631319792637
WH-WE-2,2023-02-24,West,4973,195.90103029148116,95.03809389676093,93.7419351325389,91.39133318767395,3.3592772054073254
WH-NO-1,2023-11-26,Northeast,4511,207.26949666738744,97.24207543981068,95.08325999166888,49.93972572737426,3.3818517784985676
WH-NO-1,2023-10-09,Northeast,2280,246.84717966867674,95.56142543617706,82.78881166460216,64.24659045801322,2.0001404298858163
WH-WE-5,2024-11-02,West,3256,266.2769838702669,92.87959763836996,88.27489798042545,48.96046802841032,3.97097018472396
WH-SO-4,2024-04-11,Southeast,5596,155.4440560776613,80.14597626431748,89.47165328206971,63.28964254598035,3.7513161143180405
WH-SO-3,2024-10-14,Southeast,3645,187.39109106701733,97.38664176631828,93.81504877465817,88.18855056897826,2.630750528031741
WH-SO-4,2024-02-06,Southeast,7459,169.79026536873826,89.69831454524508,82.55025897540968,75.51524122804615,3.347379939959005
WH-NO-2,2024-10-05,Northeast,4543,147.79206658677654,99.61305405715875,86.71009289565744,89.27194379826751,2.1087386561827284
WH-SO-3,2023-06-09,Southeast,4687,223.53235109583125,91.12983900884669,76.23408353753649,91.65781036970094,1.942075316119936
WH-SO-3,2023-09-07,Southeast,4389,178.08408698523604,93.17353158769411,82.75026075016626,73.71073882436545,3.510058169911302
WH-NO-4,2023-05-09,Northeast,5108,315.0018645114675,89.25930024487877,92.43700818200983,39.38372239157777,3.140279354437296
WH-SO-4,2024-01-20,Southeast,5994,168.68068275469895,96.23424792159824,80.30539990036743,44.12224556589472,2.887168709588023
WH-NO-3,2023-04-03,Northeast,2552,196.30250182403168,97.14441524060659,97.06969908014639,57.47934964021578,3.8832113414028413
WH-NO-1,2024-08-23,Northeast,2697,193.97644002811316,96.61579021273643,93.03007227902047,64.37989413639541,3.5652783555944794
WH-MI-2,2023-07-18,Midwest,5264,216.65191354540417,95.47207018480121,79.49506647817185,60.73261038293624,3.417712655238709
WH-MI-1,2023-05-04,Midwest,7125,185.0136833466944,96.48707522325212,84.5229053589224,57.52310481243116,3.640592349247111
WH-NO-4,2023-04-22,Northeast,8141,276.96540522201985,99.41135549288617,98.33336628351259,73.79131033115335,2.95089863083311
WH-WE-1,2023-01-07,West,3889,216.91009978446294,91.22886271093601,97.56798932726267,64.35173134426869,4.367272013753732
WH-NO-5,2023-05-28,Northeast,3708,233.75324002812903,88.48754742634837,85.15507657279258,59.951735739633406,1.5509516331518354
WH-SO-2,2024-10-02,Southeast,2436,265.4574767567764,99.93310043762006,97.70937214783804,79.96774988414695,2.467773871090462
WH-SO-5,2024-06-08,Southeast,2523,264.75151637773564,91.17954521700857,82.65892340797004,55.571238953236545,2.4133123997484818
WH-NO-2,2024-08-11,Northeast,4099,189.7019039199109,88.31995411380052,90.2310673463951,81.88124022302473,3.8055179436852735
WH-NO-3,2024-12-12,Northeast,6341,199.58455284849646,97.659408308312,95.53040204528477,72.16683068119099,3.7271124118395678
WH-WE-4,2024-11-05,West,2035,229.44072000207782,98.77961439303631,88.60390918282647,69.35970089969902,2.8890095175914445
WH-NO-4,2023-11-02,Northeast,3922,237.29508619561784,96.53183353053475,77.12222530226089,87.45419115304274,2.956295348211837
WH-NO-4,2023-06-20,Northeast,4678,189.06596063511466,99.8185622407392,83.81485447269407,47.48557532811377,2.374046062953191
WH-MI-2,2024-09-04,Midwest,2312,226.8939636448687,98.44224173420184,82.95698222507721,61.26690245085547,3.7157055564350756
WH-SO-3,2024-04-30,Southeast,9224,266.64385560241993,91.65824378542763,79.77059966023738,86.25206911659068,2.422381723865067
WH-NO-3,2023-09-09,Northeast,3900,193.1591147940891,99.50012676980975,95.04379078958404,51.1528676383927,1.7852969144923532
WH-NO-2,2024-08-07,Northeast,2177,226.9147943525696,87.79558171902612,96.60337237321005,49.9924866133831,2.5100669559607693
WH-NO-5,2023-04-15,Northeast,6238,214.06848574214263,99.85776955331029,89.0077823902946,76.05798567560554,3.715449847042956
WH-SO-5,2024-12-02,Southeast,5581,179.91905773844098,80.4164256937268,92.42252827874586,62.27313189355902,3.5732299992055987
WH-NO-4,2024-04-02,Northeast,11071,87.86810725659879,99.92479319654261,84.53324609700735,84.40756484207215,2.5807486189088937
WH-SO-1,2023-11-10,Southeast,2657,103.02813636479993,96.257159225594,78.64841060030201,85.7646970645099,2.8578545254024923
WH-NO-4,2024-04-17,Northeast,6690,235.8375385313741,98.20236379683678,85.35089403576114,49.16626751503681,1.8125381821907867
WH-SO-2,2023-08-18,Southeast,2522,225.2029831933305,99.09603310448712,95.22171798628928,78.25531781300373,3.34523119417319
WH-NO-1,2024-12-10,Northeast,4662,259.3284500002706,99.18139588522374,90.51941933239311,64.28030605964827,2.166506981466451
WH-WE-1,2024-03-17,West,6811,202.32760643491585,93.2863678604185,85.15349983093469,57.91345891801717,2.2046845714671806
WH-SO-1,2023-03-31,Southeast,6681,191.39312739079168,92.04176090473473,98.20070017385804,86.08834172301894,2.080101248046465
WH-NO-4,2023-08-24,Northeast,3150,237.18678597871093,91.96583811243931,94.18141833211988,70.84986980003964,3.276551263699481
WH-NO-5,2024-03-03,Northeast,4465,242.66191358065146,99.21624909185566,77.06109913448313,93.41440176236762,3.2986588030012847
WH-WE-5,2024-08-21,West,4607,314.18912005514005,90.13227583009648,92.92349321684024,67.87086262805664,1.8218857352803681
WH-WE-4,2023-08-28,West,3475,195.5424786285268,98.98767267653383,94.75277031717745,74.26888026186069,2.9329366974642803
WH-SO-4,2023-05-22,Southeast,8378,240.9610648776238,99.30621875591767,92.46555041794856,79.22681646113443,2.106517354647394
WH-SO-4,2024-03-25,Southeast,6433,199.28900927505643,94.78393616614859,67.51145507185656,59.23546838813709,4.328047163452673
WH-SO-2,2023-02-26,Southeast,8704,267.94585839709583,98.19261204264235,85.14369737531227,62.048480937816905,2.859674035525861
WH-MI-3,2023-03-16,Midwest,4527,264.7301315923696,99.76848746433778,94.26773027748767,55.369890848358324,4.147685626351439
WH-MI-5,2024-02-27,Midwest,8037,277.37065610072403,89.28599696868883,85.20454471326264,69.93278985739113,4.1550563394576105
WH-MI-1,2024-08-20,Midwest,4985,194.25121699115877,99.95724057621118,97.9739340053414,86.25647409383585,1.8663546343569515
WH-NO-5,2024-03-31,Northeast,6318,155.8098408466974,98.81323416896272,94.82395170562502,55.882634578402644,2.2779355981157745
WH-WE-5,2024-09-03,West,3287,164.49966048091687,95.77891547598504,66.08409669434589,41.7214979844416,1.877494769548473
WH-NO-1,2024-04-10,Northeast,5239,118.5351871381226,98.14197796964514,96.12917261963862,91.5451160451912,3.336835252911179
WH-NO-5,2023-02-07,Northeast,8697,180.3336626803635,96.25512813289629,88.55888023085629,58.42843085817946,3.852574453038897
WH-SO-2,2024-04-24,Southeast,6441,179.06258610129953,97.30665140221035,89.5361511015337,78.18489878505888,2.5561380960491435
WH-SO-4,2023-11-09,Southeast,3675,170.73286215249647,82.51592358995772,95.57299394511998,73.66086747741596,3.5439020981474
WH-MI-5,2023-08-11,Midwest,500,213.59128989797875,99.05928615383569,88.8515260596208,72.5541429579739,3.2640633372453456
WH-NO-2,2023-04-09,Northeast,4037,149.99035670212345,99.8703817028338,94.40188601415518,72.37170259896085,1.5761659819628173
WH-SO-3,2024-07-26,Southeast,5293,151.940108992707,97.9844782103712,97.22938876522939,38.92690587183478,1.7891799302750735
WH-NO-1,2024-08-08,Northeast,5153,154.02702106409347,97.99184419314729,92.5933172085875,78.80900020925561,2.6531817937221938
WH-SO-4,2024-09-29,Southeast,3688,271.5135646949958,89.55812281855611,86.25137218574717,60.69102176005142,3.1174365236828723
WH-NO-3,2023-05-28,Northeast,1218,254.15107492704047,99.21897080218697,96.68660205862818,61.74665498779872,2.6850911909969852
WH-WE-4,2023-07-01,West,7718,288.86972005761623,95.73397464306366,94.32681681274917,35.272206011415264,2.111217948041999
WH-SO-4,2024-02-03,Southeast,6171,276.15800737452815,99.52127773844809,87.47909523759752,83.18307962440326,3.2334078018591526
WH-SO-2,2024-08-15,Southeast,4740,220.71935566099663,95.12638242555383,84.25390244249186,47.70939190133517,4.095376907489158
WH-MI-4,2024-06-08,Midwest,6813,253.5989243190361,89.04306171148643,88.2060543035813,88.54212286646003,2.840334243957939
WH-WE-2,2024-05-08,West,6484,148.55919233224344,99.76074503500723,88.96500121774812,90.10376316784513,2.331774232854806
WH-MI-4,2023-09-09,Midwest,4384,198.42967207356156,99.59461360923851,91.56442450535779,82.76316043796011,3.3379837031007322
WH-NO-1,2023-05-15,Northeast,6484,285.5858479154624,96.2973460883275,82.6835363676919,72.64642025978183,4.3144947847574295
WH-NO-5,2024-03-17,Northeast,4930,217.07134411336347,90.3889810030407,89.6063455213844,73.10944744029433,3.5715980956009807
WH-NO-5,2024-06-04,Northeast,5387,211.88713804058506,95.74168754416345,93.83037326731205,78.25566365015484,1.911603333445921
WH-SO-2,2023-02-16,Southeast,6234,179.11997948510106,98.89242088927264,83.46849648350957,45.53428469530543,3.4404372403394543
WH-WE-2,2023-08-30,West,4417,181.1024800526803,99.21343192229598,89.16634946833032,51.68180154625786,3.507275822724633
WH-WE-2,2024-09-12,West,3331,231.24708788416473,99.36047935353443,92.80141572863062,46.95040952236994,1.9433164991000962
WH-SO-4,2024-03-26,Southeast,9510,105.833134933594,79.60189867345315,87.55045266581999,75.58169713960842,4.462201368066019
WH-NO-2,2024-10-13,Northeast,796,188.7675410192898,97.22856845557737,94.27548248555568,60.87183584644376,3.3059358713123066
WH-SO-1,2023-06-18,Southeast,4972,254.35585158924968,98.14510362032127,61.83361079705416,58.708356349401924,2.470702483325562
WH-SO-1,2023-03-23,Southeast,7004,256.90834943694296,98.72195464285932,97.80281831351057,72.84058431190972,2.582166475006515
WH-SO-4,2023-09-16,Southeast,3743,97.61360975334998,91.83822033420734,94.3043421969046,93.11755342877113,2.056799560348624
WH-WE-2,2023-05-01,West,4860,167.55084225532923,86.31978449047543,91.7781704202064,64.75797866247306,2.5188419674948146
WH-WE-4,2024-02-25,West,5632,143.86270546460423,98.12507257387803,85.3479120833439,72.08590278141294,2.0985850901679073
WH-SO-3,2024-06-21,Southeast,4111,206.03944507567238,92.37860748671172,88.09149828155954,52.54176930117668,2.354810980031657
WH-MI-4,2023-11-20,Midwest,4984,138.55760929726094,96.39001479443236,86.4835633065325,56.58529845686333,1.844515093972851
WH-SO-1,2023-04-03,Southeast,7978,245.45167306219133,98.02737146327877,94.15269876564261,84.1031070091023,3.6201612440458084
WH-SO-2,2024-02-04,Southeast,6937,220.29371480537318,96.97294702875237,89.76589694148974,91.22255007528832,4.256773295962526
WH-SO-4,2023-11-04,Southeast,1730,178.0053634423296,80.30464257290588,85.3786491955463,26.530295550905546,3.2763381708784114
WH-SO-2,2023-05-20,Southeast,7423,82.76341266211675,98.51076965750649,97.44722109963467,67.36551360322528,3.016152669637049
WH-NO-3,2024-04-29,Northeast,10736,204.8785828245671,70.07674623826334,88.2127952308419,88.77796365744312,4.034981298755828
WH-NO-2,2023-04-07,Northeast,3121,127.01137758000255,98.46866930488814,91.700358682018,35.99125007386158,4.27824359661943
WH-NO-4,2024-09-15,Northeast,3802,226.6891789151033,73.15098994195445,75.76593344049701,69.0310009035303,4.356713691791525
WH-MI-4,2024-08-12,Midwest,2800,163.5243623096658,94.41920810315648,92.09754523378754,73.04339252238191,4.387087563422882
WH-NO-3,2024-11-27,Northeast,6170,139.92123651068417,90.832439950365,88.92959351883864,81.18050584177858,1.6163391459477388
WH-MI-4,2023-02-24,Midwest,5579,192.7780063371481,98.86175982967742,89.89996637706165,70.87551299767779,2.193239721025119
WH-SO-1,2024-06-19,Southeast,2599,215.40242987066506,93.68374108900682,96.61449824872402,82.81167628252216,3.583948267633323
WH-WE-5,2024-07-21,West,4517,226.99463995748732,98.47505387851587,99.62579567454709,75.19923884057903,2.3711216996970754
WH-SO-3,2024-09-07,Southeast,4018,249.7358677559388,98.84589344956512,84.01665090918253,77.48340151195711,3.005021510488184
WH-WE-2,2023-01-10,West,5319,101.80894438440949,96.72301390301732,92.17393019692737,64.21878127547849,2.4130112926997134
WH-SO-1,2023-10-18,Southeast,2240,218.679695956179,97.96580318860315,94.9270015207763,86.91341221807205,2.0134788816208884
WH-WE-3,2023-09-10,West,4543,214.20452796212055,98.23251397653773,90.85467926080156,69.23114535165324,4.069522085540163
WH-WE-1,2023-04-09,West,8846,272.29137266326853,97.68155999690418,90.53068034713692,83.81887017609805,3.409746280129913
WH-NO-4,2024-03-25,Northeast,4954,125.20741211693735,99.09524670245477,85.18105883593422,69.9550819456219,3.823755654590983
WH-SO-1,2024-05-23,Southeast,8598,86.81906640799943,97.83301607049067,90.6750846415901,85.68243411795298,2.667598206955317
WH-SO-4,2024-03-04,Southeast,5565,158.8871450842734,98.93988947198694,80.53131330714083,46.6637032495157,3.9214738207947972
WH-NO-5,2024-11-30,Northeast,3141,217.17291679262587,97.08210897373702,78.76502550421374,80.84971688448954,3.472891409859485
WH-WE-3,2023-03-09,West,4575,159.45391711473752,96.00268999094226,96.46776938777786,62.405285931856056,3.5137004267042857
WH-SO-5,2023-09-02,Southeast,4276,133.74220175030754,88.91217541919463,86.14534009827639,86.07638219757263,1.8771770868957278
WH-SO-2,2023-07-14,Southeast,7661,105.1526803354925,98.1973518233846,92.8662746338049,72.0680934076029,3.841464791032243
WH-MI-1,2024-08-09,Midwest,1919,138.5359207091173,90.30020637641923,88.51209301938587,54.33472508546839,2.63746706825725
